scenario_id,mode,route_id,total_distance_m,total_travel_time_minutes,segment_count,static_exposure_index,airpath_exposure_index,oracle_exposure_index,absolute_exposure_difference_airpath_minus_static,percentage_exposure_difference_airpath_vs_static,edge_jaccard_with_fastest,edge_difference_fraction_from_fastest,evaluation_label,forecaster,exposure_framework_b,departure_time,forecasting_origin,clock_time
od_01,walking,walking-1,3333.8306473718903,40.00596776846269,111,1089.8318364090449,1063.1261857939526,1243.519308231538,-26.70565061509228,-2.450437739375132,1.0,0.0,development_exploratory_not_untouched_final,C_xgboost_current_pm,hourly_forecast_bucket_aware_arrival_time_exposure,2022-02-27T06:00:00,2022-02-27T05:00:00,06:00
od_01,walking,walking-2,3462.8236191283786,41.55388342954054,105,1140.8982523111283,1110.3527911150172,1299.263779209978,-30.54546119611109,-2.677316853999457,0.0140845070422535,0.9859154929577464,development_exploratory_not_untouched_final,C_xgboost_current_pm,hourly_forecast_bucket_aware_arrival_time_exposure,2022-02-27T06:00:00,2022-02-27T05:00:00,06:00
od_01,walking,walking-3,3879.232303808173,46.55078764569807,143,1290.8465786141462,1252.5664416822233,1466.5786857614405,-38.280136931922925,-2.965506324773352,0.0119521912350597,0.9880478087649402,development_exploratory_not_untouched_final,C_xgboost_current_pm,hourly_forecast_bucket_aware_arrival_time_exposure,2022-02-27T06:00:00,2022-02-27T05:00:00,06:00
od_01,walking,walking-4,4290.157666544244,51.48189199853094,191,1385.0230883768047,1356.2120689758071,1585.2547824976125,-28.81101940099757,-2.0801833299950983,0.0272108843537414,0.9727891156462584,development_exploratory_not_untouched_final,C_xgboost_current_pm,hourly_forecast_bucket_aware_arrival_time_exposure,2022-02-27T06:00:00,2022-02-27T05:00:00,06:00
od_01,walking,walking-5,4479.890669998318,53.758688039979816,215,1484.8031827625728,1443.565283037841,1687.4712141227883,-41.23789972473173,-2.777331043162633,0.0584415584415584,0.9415584415584416,development_exploratory_not_untouched_final,C_xgboost_current_pm,hourly_forecast_bucket_aware_arrival_time_exposure,2022-02-27T06:00:00,2022-02-27T05:00:00,06:00
od_01,walking,walking-6,3940.520850847591,47.2862502101711,135,1294.9218874832436,1260.1617100478925,1476.5510604316676,-34.76017743535135,-2.684345501558383,0.28125,0.71875,development_exploratory_not_untouched_final,C_xgboost_current_pm,hourly_forecast_bucket_aware_arrival_time_exposure,2022-02-27T06:00:00,2022-02-27T05:00:00,06:00
od_01,walking,walking-7,3334.877228844938,40.01852674613926,111,1090.1723181033403,1063.458992359443,1243.9078305164871,-26.713325743897254,-2.4503764496949034,0.9473684210526316,0.0526315789473684,development_exploratory_not_untouched_final,C_xgboost_current_pm,hourly_forecast_bucket_aware_arrival_time_exposure,2022-02-27T06:00:00,2022-02-27T05:00:00,06:00
od_01,walking,walking-8,3337.200169121715,40.04640202946059,114,1090.9271686223774,1064.202507480864,1244.7647319962605,-26.72466114151325,-2.4497200097474106,0.9565217391304348,0.0434782608695651,development_exploratory_not_untouched_final,C_xgboost_current_pm,hourly_forecast_bucket_aware_arrival_time_exposure,2022-02-27T06:00:00,2022-02-27T05:00:00,06:00
od_01,motorbike,motorbike-1,3429.2941499099547,8.230305959783891,119,224.2990751091312,218.8209977249184,255.8722659604621,-5.478077384212838,-2.4423093949663044,1.0,0.0,development_exploratory_not_untouched_final,C_xgboost_current_pm,hourly_forecast_bucket_aware_arrival_time_exposure,2022-02-27T06:00:00,2022-02-27T05:00:00,06:00
od_01,motorbike,motorbike-2,3720.545172132016,8.92930841311684,139,247.1838176463644,240.0551281573613,280.8890254447325,-7.128689489003079,-2.883962856824956,0.0117647058823529,0.9882352941176472,development_exploratory_not_untouched_final,C_xgboost_current_pm,hourly_forecast_bucket_aware_arrival_time_exposure,2022-02-27T06:00:00,2022-02-27T05:00:00,06:00
od_01,motorbike,motorbike-3,4368.011727860995,10.483228146866388,203,280.53198512483425,275.1278552497849,321.5137054659457,-5.404129875049364,-1.926386352217404,0.0769230769230769,0.9230769230769232,development_exploratory_not_untouched_final,C_xgboost_current_pm,hourly_forecast_bucket_aware_arrival_time_exposure,2022-02-27T06:00:00,2022-02-27T05:00:00,06:00
od_01,motorbike,motorbike-4,4957.587299606684,11.898209519056042,237,339.65128182634123,326.697162978665,383.28067049237967,-12.954118847676227,-3.813946697925162,0.0,1.0,development_exploratory_not_untouched_final,C_xgboost_current_pm,hourly_forecast_bucket_aware_arrival_time_exposure,2022-02-27T06:00:00,2022-02-27T05:00:00,06:00
od_01,motorbike,motorbike-5,4883.279133582821,11.71986992059877,218,310.7634216363223,305.64269372318523,356.99143006292314,-5.120727913137046,-1.6477897836797826,0.012012012012012,0.987987987987988,development_exploratory_not_untouched_final,C_xgboost_current_pm,hourly_forecast_bucket_aware_arrival_time_exposure,2022-02-27T06:00:00,2022-02-27T05:00:00,06:00
od_01,motorbike,motorbike-6,5990.124200785455,14.376298081885093,272,386.885578920209,378.7019077280572,443.1005332111099,-8.183671192151849,-2.115269122977479,0.0,1.0,development_exploratory_not_untouched_final,C_xgboost_current_pm,hourly_forecast_bucket_aware_arrival_time_exposure,2022-02-27T06:00:00,2022-02-27T05:00:00,06:00
od_01,motorbike,motorbike-7,5350.426005528613,12.841022413268671,207,354.8192290553642,344.5918107917092,403.6934413700637,-10.22741826365501,-2.8824306650131346,0.0251572327044025,0.9748427672955976,development_exploratory_not_untouched_final,C_xgboost_current_pm,hourly_forecast_bucket_aware_arrival_time_exposure,2022-02-27T06:00:00,2022-02-27T05:00:00,06:00
od_01,motorbike,motorbike-8,7908.227114304611,18.979745074331063,368,503.7198649490782,495.3425716369673,578.8791384670816,-8.377293312110965,-1.6630857536178043,0.0041237113402061,0.9958762886597938,development_exploratory_not_untouched_final,C_xgboost_current_pm,hourly_forecast_bucket_aware_arrival_time_exposure,2022-02-27T06:00:00,2022-02-27T05:00:00,06:00
od_02,walking,walking-1,4031.174773347975,48.3740972801757,136,1488.95252460271,1375.1816453007968,1675.402929805511,-113.77087930191328,-7.641001134825988,1.0,0.0,development_exploratory_not_untouched_final,C_xgboost_current_pm,hourly_forecast_bucket_aware_arrival_time_exposure,2022-02-27T06:00:00,2022-02-27T05:00:00,06:00
od_02,walking,walking-2,4179.665283735303,50.15598340482364,132,1460.7905356833116,1374.3701020422425,1660.5023742497783,-86.42043364106917,-5.916004487299367,0.0307692307692307,0.9692307692307692,development_exploratory_not_untouched_final,C_xgboost_current_pm,hourly_forecast_bucket_aware_arrival_time_exposure,2022-02-27T06:00:00,2022-02-27T05:00:00,06:00
od_02,walking,walking-3,4203.115373844201,50.43738448613041,118,1528.752639563189,1419.3533812710446,1724.664041879906,-109.3992582921444,-7.1561124711060575,0.0495867768595041,0.9504132231404958,development_exploratory_not_untouched_final,C_xgboost_current_pm,hourly_forecast_bucket_aware_arrival_time_exposure,2022-02-27T06:00:00,2022-02-27T05:00:00,06:00
od_02,walking,walking-4,4798.739244471271,57.58487093365526,200,1713.1140910998113,1600.8012385843167,1938.8712046374044,-112.31285251549455,-6.556063784601189,0.009009009009009,0.990990990990991,development_exploratory_not_untouched_final,C_xgboost_current_pm,hourly_forecast_bucket_aware_arrival_time_exposure,2022-02-27T06:00:00,2022-02-27T05:00:00,06:00
od_02,walking,walking-5,4768.99194159527,57.22790329914324,156,1751.0276690388173,1620.2776256456812,1972.6740928204697,-130.75004339313614,-7.467046106981741,0.0391459074733096,0.9608540925266904,development_exploratory_not_untouched_final,C_xgboost_current_pm,hourly_forecast_bucket_aware_arrival_time_exposure,2022-02-27T06:00:00,2022-02-27T05:00:00,06:00
od_02,walking,walking-6,4882.431836484403,58.58918203781283,186,1842.9258530670331,1689.2536462378937,2067.048725845185,-153.67220682913967,-8.338491023575115,0.032051282051282,0.967948717948718,development_exploratory_not_untouched_final,C_xgboost_current_pm,hourly_forecast_bucket_aware_arrival_time_exposure,2022-02-27T06:00:00,2022-02-27T05:00:00,06:00
od_02,walking,walking-7,5247.301907237375,62.9676228868485,143,1939.83946591356,1787.2089818067657,2173.404688887288,-152.6304841067947,-7.868201817149543,0.0856031128404669,0.914396887159533,development_exploratory_not_untouched_final,C_xgboost_current_pm,hourly_forecast_bucket_aware_arrival_time_exposure,2022-02-27T06:00:00,2022-02-27T05:00:00,06:00
od_02,walking,walking-8,4032.874831255277,48.39449797506333,134,1492.2048687660476,1377.3427880741324,1678.6008116658654,-114.86208069191524,-7.697473925741739,0.656441717791411,0.3435582822085889,development_exploratory_not_untouched_final,C_xgboost_current_pm,hourly_forecast_bucket_aware_arrival_time_exposure,2022-02-27T06:00:00,2022-02-27T05:00:00,06:00
od_02,motorbike,motorbike-1,4031.174773347975,9.67481945603514,136,297.79050492054216,275.0363290601593,335.0805859611023,-22.754175860382876,-7.641001134826058,1.0,0.0,development_exploratory_not_untouched_final,C_xgboost_current_pm,hourly_forecast_bucket_aware_arrival_time_exposure,2022-02-27T06:00:00,2022-02-27T05:00:00,06:00
od_02,motorbike,motorbike-2,4179.665283735303,10.031196680964728,132,292.15810713666235,274.87402040844853,332.1004748499557,-17.284086728213822,-5.916004487299362,0.0307692307692307,0.9692307692307692,development_exploratory_not_untouched_final,C_xgboost_current_pm,hourly_forecast_bucket_aware_arrival_time_exposure,2022-02-27T06:00:00,2022-02-27T05:00:00,06:00
od_02,motorbike,motorbike-3,4206.177077687737,10.094824986450568,116,305.9610309237875,284.070242756258,345.17215260707724,-21.890788167529536,-7.154763500905564,0.05,0.95,development_exploratory_not_untouched_final,C_xgboost_current_pm,hourly_forecast_bucket_aware_arrival_time_exposure,2022-02-27T06:00:00,2022-02-27T05:00:00,06:00
od_02,motorbike,motorbike-4,4662.852950896125,11.190847082150698,153,328.11999367560566,308.11612961645807,372.3580026610861,-20.00386405914759,-6.096508729950885,0.0104895104895104,0.9895104895104896,development_exploratory_not_untouched_final,C_xgboost_current_pm,hourly_forecast_bucket_aware_arrival_time_exposure,2022-02-27T06:00:00,2022-02-27T05:00:00,06:00
od_02,motorbike,motorbike-5,4794.898408301863,11.507756179924469,170,352.5454706140688,326.07812050406875,397.097508036408,-26.46735011000004,-7.507499689018506,0.0372881355932203,0.9627118644067796,development_exploratory_not_untouched_final,C_xgboost_current_pm,hourly_forecast_bucket_aware_arrival_time_exposure,2022-02-27T06:00:00,2022-02-27T05:00:00,06:00
od_02,motorbike,motorbike-6,5404.728891443751,12.971349339465004,211,382.8458525622062,358.82699436452407,433.75414450182393,-24.018858197682107,-6.273767375808109,0.0087209302325581,0.9912790697674418,development_exploratory_not_untouched_final,C_xgboost_current_pm,hourly_forecast_bucket_aware_arrival_time_exposure,2022-02-27T06:00:00,2022-02-27T05:00:00,06:00
od_02,motorbike,motorbike-7,5018.097801026264,12.043434722463036,172,384.4268115015858,350.53577415782894,430.3403313147576,-33.891037343756864,-8.81599210299021,0.0335570469798657,0.9664429530201344,development_exploratory_not_untouched_final,C_xgboost_current_pm,hourly_forecast_bucket_aware_arrival_time_exposure,2022-02-27T06:00:00,2022-02-27T05:00:00,06:00
od_02,motorbike,motorbike-8,6275.567685737707,15.061362445770497,241,431.9299353434944,408.6982697570692,492.2219066565805,-23.23166558642521,-5.378572700211231,0.0053333333333333,0.9946666666666668,development_exploratory_not_untouched_final,C_xgboost_current_pm,hourly_forecast_bucket_aware_arrival_time_exposure,2022-02-27T06:00:00,2022-02-27T05:00:00,06:00
od_03,walking,walking-1,2868.5704745351272,34.422845694421525,187,906.7909093656032,879.5624445080053,1057.0217973896242,-27.228464857597828,-3.002728035357902,1.0,0.0,development_exploratory_not_untouched_final,C_xgboost_current_pm,hourly_forecast_bucket_aware_arrival_time_exposure,2022-02-27T06:00:00,2022-02-27T05:00:00,06:00
od_03,walking,walking-2,2948.851636448961,35.386219637387526,139,932.102293068659,908.0101009562682,1081.036503656086,-24.09219211239088,-2.584715464337586,0.0,1.0,development_exploratory_not_untouched_final,C_xgboost_current_pm,hourly_forecast_bucket_aware_arrival_time_exposure,2022-02-27T06:00:00,2022-02-27T05:00:00,06:00
od_03,walking,walking-3,3018.080756930005,36.21696908316007,126,955.144564713449,928.331913831943,1109.911639733962,-26.812650881505988,-2.8071824802301,0.0296052631578947,0.9703947368421052,development_exploratory_not_untouched_final,C_xgboost_current_pm,hourly_forecast_bucket_aware_arrival_time_exposure,2022-02-27T06:00:00,2022-02-27T05:00:00,06:00
od_03,walking,walking-4,3502.8060662306657,42.03367279476799,151,1106.7128377444674,1072.196161656054,1292.3230181705208,-34.516676088413305,-3.1188466340338032,0.0180722891566265,0.9819277108433736,development_exploratory_not_untouched_final,C_xgboost_current_pm,hourly_forecast_bucket_aware_arrival_time_exposure,2022-02-27T06:00:00,2022-02-27T05:00:00,06:00
od_03,walking,walking-5,3439.206865857348,41.27048239028817,156,1087.1257407309286,1059.27151666431,1260.4660280664705,-27.8542240666186,-2.5621897286592463,0.014792899408284,0.985207100591716,development_exploratory_not_untouched_final,C_xgboost_current_pm,hourly_forecast_bucket_aware_arrival_time_exposure,2022-02-27T06:00:00,2022-02-27T05:00:00,06:00
od_03,walking,walking-6,3671.8372304681416,44.0620467656177,159,1156.2945832086589,1125.1686397881783,1345.9688548124018,-31.12594342048033,-2.691869690689669,0.0,1.0,development_exploratory_not_untouched_final,C_xgboost_current_pm,hourly_forecast_bucket_aware_arrival_time_exposure,2022-02-27T06:00:00,2022-02-27T05:00:00,06:00
od_03,walking,walking-7,4047.1230223139096,48.56547626776692,194,1278.1094590398284,1242.943607601292,1486.1838601680208,-35.165851438536265,-2.75139591447468,0.1140350877192982,0.8859649122807017,development_exploratory_not_untouched_final,C_xgboost_current_pm,hourly_forecast_bucket_aware_arrival_time_exposure,2022-02-27T06:00:00,2022-02-27T05:00:00,06:00
od_03,walking,walking-8,3757.112562960388,45.08535075552466,160,1187.3294990075965,1155.1002106289905,1379.428140953125,-32.229288378605816,-2.714435075145018,0.0146198830409356,0.9853801169590644,development_exploratory_not_untouched_final,C_xgboost_current_pm,hourly_forecast_bucket_aware_arrival_time_exposure,2022-02-27T06:00:00,2022-02-27T05:00:00,06:00
od_03,motorbike,motorbike-1,2879.1708152343526,6.910009956562447,177,181.99319190865563,176.53640749611074,212.1590349781832,-5.456784412544891,-2.998345353096346,1.0,0.0,development_exploratory_not_untouched_final,C_xgboost_current_pm,hourly_forecast_bucket_aware_arrival_time_exposure,2022-02-27T06:00:00,2022-02-27T05:00:00,06:00
od_03,motorbike,motorbike-2,2965.050267630812,7.116120642313948,147,187.44505603513971,182.60237732700844,217.39218441187612,-4.842678708131302,-2.583519037825922,0.0,1.0,development_exploratory_not_untouched_final,C_xgboost_current_pm,hourly_forecast_bucket_aware_arrival_time_exposure,2022-02-27T06:00:00,2022-02-27T05:00:00,06:00
od_03,motorbike,motorbike-3,3037.969810029627,7.291127544071104,132,192.254237178262,186.8736761602481,223.40753736584384,-5.380561018013879,-2.7986696662632795,0.047457627118644,0.952542372881356,development_exploratory_not_untouched_final,C_xgboost_current_pm,hourly_forecast_bucket_aware_arrival_time_exposure,2022-02-27T06:00:00,2022-02-27T05:00:00,06:00
od_03,motorbike,motorbike-4,3730.3427598280064,8.952822623587215,186,236.4369034510893,229.45161116999583,275.00140995448083,-6.98529228109345,-2.954400171519108,0.0,1.0,development_exploratory_not_untouched_final,C_xgboost_current_pm,hourly_forecast_bucket_aware_arrival_time_exposure,2022-02-27T06:00:00,2022-02-27T05:00:00,06:00
od_03,motorbike,motorbike-5,3722.69973823452,8.934479371762848,146,234.89912684038885,228.7085830274853,272.91862169173925,-6.190543812903542,-2.6354052040005844,0.0157232704402515,0.9842767295597484,development_exploratory_not_untouched_final,C_xgboost_current_pm,hourly_forecast_bucket_aware_arrival_time_exposure,2022-02-27T06:00:00,2022-02-27T05:00:00,06:00
od_03,motorbike,motorbike-6,4226.954621077359,10.144691090585662,221,267.1290726231065,260.4995162938642,309.49316781683643,-6.629556329242291,-2.4817801612316304,0.0,1.0,development_exploratory_not_untouched_final,C_xgboost_current_pm,hourly_forecast_bucket_aware_arrival_time_exposure,2022-02-27T06:00:00,2022-02-27T05:00:00,06:00
od_03,motorbike,motorbike-7,4796.108130375025,11.51065951290006,224,305.42416055998183,295.3632480780312,355.6678624257761,-10.060912481950652,-3.29407878653228,0.007537688442211,0.992462311557789,development_exploratory_not_untouched_final,C_xgboost_current_pm,hourly_forecast_bucket_aware_arrival_time_exposure,2022-02-27T06:00:00,2022-02-27T05:00:00,06:00
od_03,motorbike,motorbike-8,5295.943269727383,12.710263847345718,208,334.37516204761846,326.770339166576,386.68115994796847,-7.60482288104248,-2.2743384509999807,0.0052219321148825,0.9947780678851176,development_exploratory_not_untouched_final,C_xgboost_current_pm,hourly_forecast_bucket_aware_arrival_time_exposure,2022-02-27T06:00:00,2022-02-27T05:00:00,06:00
od_04,walking,walking-1,5520.488372880517,66.24586047456621,193,1839.571616634508,1763.2542754994552,2079.897575023483,-76.31734113505308,-4.148647459275082,1.0,0.0,development_exploratory_not_untouched_final,C_xgboost_current_pm,hourly_forecast_bucket_aware_arrival_time_exposure,2022-02-27T06:00:00,2022-02-27T05:00:00,06:00
od_04,walking,walking-2,5675.2072322679305,68.10248678721517,179,1907.820810089624,1821.8733558117756,2148.152910012817,-85.94745427784846,-4.505006645451724,0.0391061452513966,0.9608938547486032,development_exploratory_not_untouched_final,C_xgboost_current_pm,hourly_forecast_bucket_aware_arrival_time_exposure,2022-02-27T06:00:00,2022-02-27T05:00:00,06:00
od_04,walking,walking-3,5963.507083947719,71.56208500737262,180,1972.7517483660924,1892.2168610975743,2219.591091418874,-80.5348872685181,-4.08236299043811,0.0448179271708683,0.9551820728291316,development_exploratory_not_untouched_final,C_xgboost_current_pm,hourly_forecast_bucket_aware_arrival_time_exposure,2022-02-27T06:00:00,2022-02-27T05:00:00,06:00
od_04,walking,walking-4,6502.696264260247,78.03235517112297,245,2107.413156944526,2031.5292513693412,2363.3156737411628,-75.88390557518437,-3.6008081910813416,0.0068965517241379,0.993103448275862,development_exploratory_not_untouched_final,C_xgboost_current_pm,hourly_forecast_bucket_aware_arrival_time_exposure,2022-02-27T06:00:00,2022-02-27T05:00:00,06:00
od_04,walking,walking-5,6661.096289052556,79.93315546863067,201,2255.9035791343117,2137.898457883095,2504.602766333589,-118.00512125121622,-5.230947029061408,0.2468354430379747,0.7531645569620253,development_exploratory_not_untouched_final,C_xgboost_current_pm,hourly_forecast_bucket_aware_arrival_time_exposure,2022-02-27T06:00:00,2022-02-27T05:00:00,06:00
od_04,walking,walking-6,5521.552651906517,66.2586318228782,193,1839.9333116899488,1763.5993424377175,2080.308731644741,-76.3339692522311,-4.148735650756798,0.9693877551020408,0.0306122448979592,development_exploratory_not_untouched_final,C_xgboost_current_pm,hourly_forecast_bucket_aware_arrival_time_exposure,2022-02-27T06:00:00,2022-02-27T05:00:00,06:00
od_04,walking,walking-7,5522.649405426444,66.27179286511733,193,1840.3277324361768,1763.9679174043874,2080.7530643277955,-76.35981503178914,-4.149250901669892,0.9794871794871794,0.0205128205128205,development_exploratory_not_untouched_final,C_xgboost_current_pm,hourly_forecast_bucket_aware_arrival_time_exposure,2022-02-27T06:00:00,2022-02-27T05:00:00,06:00
od_04,walking,walking-8,5522.945180980105,66.27534217176127,195,1840.0421236120292,1763.853872166607,2080.430769770736,-76.18825144542234,-4.140571048224901,0.9595959595959596,0.0404040404040404,development_exploratory_not_untouched_final,C_xgboost_current_pm,hourly_forecast_bucket_aware_arrival_time_exposure,2022-02-27T06:00:00,2022-02-27T05:00:00,06:00
od_04,motorbike,motorbike-1,5531.617742970435,13.27588258312904,172,370.6710153005749,355.54898931963083,422.497581952061,-15.122025980944043,-4.07963540625956,1.0,0.0,development_exploratory_not_untouched_final,C_xgboost_current_pm,hourly_forecast_bucket_aware_arrival_time_exposure,2022-02-27T06:00:00,2022-02-27T05:00:00,06:00
od_04,motorbike,motorbike-2,5675.2072322679305,13.620497357443034,179,381.5641620179248,365.5855564623421,434.63146725507806,-15.978605555582648,-4.187658890991973,0.0415430267062314,0.9584569732937686,development_exploratory_not_untouched_final,C_xgboost_current_pm,hourly_forecast_bucket_aware_arrival_time_exposure,2022-02-27T06:00:00,2022-02-27T05:00:00,06:00
od_04,motorbike,motorbike-3,5934.702314462292,14.2432855547095,192,391.3374592811668,377.482647508974,447.5537437992201,-13.85481177219276,-3.5403745395705664,0.0196078431372549,0.9803921568627452,development_exploratory_not_untouched_final,C_xgboost_current_pm,hourly_forecast_bucket_aware_arrival_time_exposure,2022-02-27T06:00:00,2022-02-27T05:00:00,06:00
od_04,motorbike,motorbike-4,6507.253056448894,15.617407335477344,243,421.8101845949736,409.2550608663812,484.2592056408615,-12.555123728592434,-2.976486625292841,0.0097323600973236,0.9902676399026764,development_exploratory_not_untouched_final,C_xgboost_current_pm,hourly_forecast_bucket_aware_arrival_time_exposure,2022-02-27T06:00:00,2022-02-27T05:00:00,06:00
od_04,motorbike,motorbike-5,7455.686349722729,17.89364723933455,237,480.5344370572972,467.1160680953281,552.4347806879557,-13.418368961969122,-2.7923844634612864,0.0073891625615763,0.9926108374384236,development_exploratory_not_untouched_final,C_xgboost_current_pm,hourly_forecast_bucket_aware_arrival_time_exposure,2022-02-27T06:00:00,2022-02-27T05:00:00,06:00
od_04,motorbike,motorbike-6,8308.739262503555,19.94097423000853,286,540.2504678372328,524.167694527814,619.1219635225656,-16.082773309418826,-2.9769105751638625,0.0065934065934065,0.9934065934065934,development_exploratory_not_untouched_final,C_xgboost_current_pm,hourly_forecast_bucket_aware_arrival_time_exposure,2022-02-27T06:00:00,2022-02-27T05:00:00,06:00
od_04,motorbike,motorbike-7,9058.58434508862,21.74060242821269,409,576.725161706553,562.0747453947519,666.0784642188213,-14.65041631180111,-2.5402769437785477,0.0069324090121317,0.9930675909878682,development_exploratory_not_untouched_final,C_xgboost_current_pm,hourly_forecast_bucket_aware_arrival_time_exposure,2022-02-27T06:00:00,2022-02-27T05:00:00,06:00
od_04,motorbike,motorbike-8,10551.5949527706,25.32382788664944,393,669.6699984818088,654.8378218748767,772.2022421939225,-14.83217660693208,-2.2148486031265726,0.0053380782918149,0.994661921708185,development_exploratory_not_untouched_final,C_xgboost_current_pm,hourly_forecast_bucket_aware_arrival_time_exposure,2022-02-27T06:00:00,2022-02-27T05:00:00,06:00
od_05,walking,walking-1,6599.1173935056095,79.18940872206731,249,1977.7473414486544,1954.6187514742944,2247.342378393426,-23.12858997436001,-1.169441085301566,1.0,0.0,development_exploratory_not_untouched_final,C_xgboost_current_pm,hourly_forecast_bucket_aware_arrival_time_exposure,2022-02-27T06:00:00,2022-02-27T05:00:00,06:00
od_05,walking,walking-2,6784.464022663192,81.41356827195831,246,2033.7378320828127,2007.7782442836492,2304.466786312595,-25.959587799163277,-1.2764471108145374,0.0164271047227926,0.9835728952772074,development_exploratory_not_untouched_final,C_xgboost_current_pm,hourly_forecast_bucket_aware_arrival_time_exposure,2022-02-27T06:00:00,2022-02-27T05:00:00,06:00
od_05,walking,walking-3,7136.549089395779,85.63858907274934,298,2151.8990347364647,2110.8639131479795,2436.5356682094266,-41.03512158848525,-1.9069259721802272,0.0148423005565862,0.9851576994434136,development_exploratory_not_untouched_final,C_xgboost_current_pm,hourly_forecast_bucket_aware_arrival_time_exposure,2022-02-27T06:00:00,2022-02-27T05:00:00,06:00
od_05,walking,walking-4,7697.826013392555,92.37391216071067,308,2279.70064026413,2256.113375791639,2556.467823022022,-23.587264472490915,-1.0346649931088343,0.0182815356489945,0.9817184643510056,development_exploratory_not_untouched_final,C_xgboost_current_pm,hourly_forecast_bucket_aware_arrival_time_exposure,2022-02-27T06:00:00,2022-02-27T05:00:00,06:00
od_05,walking,walking-5,6599.228133870036,79.19073760644044,249,1977.76688929698,1954.6464081856984,2247.3639590678986,-23.120481111280924,-1.1690195258299307,0.9840637450199204,0.0159362549800796,development_exploratory_not_untouched_final,C_xgboost_current_pm,hourly_forecast_bucket_aware_arrival_time_exposure,2022-02-27T06:00:00,2022-02-27T05:00:00,06:00
od_05,walking,walking-6,6599.491968275206,79.19390361930249,249,1977.8799407233896,1954.7347663000908,2247.504923157783,-23.14517442329884,-1.1702011809085706,0.9840637450199204,0.0159362549800796,development_exploratory_not_untouched_final,C_xgboost_current_pm,hourly_forecast_bucket_aware_arrival_time_exposure,2022-02-27T06:00:00,2022-02-27T05:00:00,06:00
od_05,walking,walking-7,6599.6027086396325,79.1952325036756,249,1977.8994885717143,1954.762423011495,2247.526503832256,-23.1370655602193,-1.1697796421863222,0.9683794466403162,0.0316205533596838,development_exploratory_not_untouched_final,C_xgboost_current_pm,hourly_forecast_bucket_aware_arrival_time_exposure,2022-02-27T06:00:00,2022-02-27T05:00:00,06:00
od_05,walking,walking-8,6599.613248653397,79.19535898384078,249,1977.8962818421087,1954.763452434756,2247.495250214104,-23.132829407353483,-1.1695673640585833,0.9840637450199204,0.0159362549800796,development_exploratory_not_untouched_final,C_xgboost_current_pm,hourly_forecast_bucket_aware_arrival_time_exposure,2022-02-27T06:00:00,2022-02-27T05:00:00,06:00
od_05,motorbike,motorbike-1,6445.369478954613,15.468886749491071,243,386.4824119906571,384.9904802044483,451.7004624351972,-1.491931786208795,-0.3860283779860237,1.0,0.0,development_exploratory_not_untouched_final,C_xgboost_current_pm,hourly_forecast_bucket_aware_arrival_time_exposure,2022-02-27T06:00:00,2022-02-27T05:00:00,06:00
od_05,motorbike,motorbike-2,6846.172276292444,16.430813463101863,284,412.97367483570434,408.9637019965858,484.2293002339979,-4.009972839118518,-0.9709996262386044,0.0518962075848303,0.9481037924151696,development_exploratory_not_untouched_final,C_xgboost_current_pm,hourly_forecast_bucket_aware_arrival_time_exposure,2022-02-27T06:00:00,2022-02-27T05:00:00,06:00
od_05,motorbike,motorbike-3,7383.760810561117,17.721025945346682,281,443.39090990797695,441.4933274697796,517.984166818683,-1.8975824381973323,-0.4279705325017069,0.048,0.952,development_exploratory_not_untouched_final,C_xgboost_current_pm,hourly_forecast_bucket_aware_arrival_time_exposure,2022-02-27T06:00:00,2022-02-27T05:00:00,06:00
od_05,motorbike,motorbike-4,8052.100580253528,19.325041392608465,300,483.6713133069362,478.6153457755453,569.2778197726524,-5.055967531390877,-1.0453312802081312,0.0422264875239923,0.9577735124760076,development_exploratory_not_untouched_final,C_xgboost_current_pm,hourly_forecast_bucket_aware_arrival_time_exposure,2022-02-27T06:00:00,2022-02-27T05:00:00,06:00
od_05,motorbike,motorbike-5,8792.392827452573,21.101742785886177,339,530.8237158760505,522.992721902796,625.9423478524608,-7.830993973254522,-1.4752532223113954,0.0086655112651646,0.9913344887348352,development_exploratory_not_untouched_final,C_xgboost_current_pm,hourly_forecast_bucket_aware_arrival_time_exposure,2022-02-27T06:00:00,2022-02-27T05:00:00,06:00
od_05,motorbike,motorbike-6,10106.789805542736,24.25629553330257,404,610.4800219106096,605.1416390142509,714.2955330505541,-5.338382896358667,-0.87445660869478,0.001547987616099,0.9984520123839008,development_exploratory_not_untouched_final,C_xgboost_current_pm,hourly_forecast_bucket_aware_arrival_time_exposure,2022-02-27T06:00:00,2022-02-27T05:00:00,06:00
od_05,motorbike,motorbike-7,11003.54809635794,26.40851543125905,431,682.3750290069621,669.3823053583806,794.9492463875474,-12.992723648581546,-1.9040444178459208,0.0044709388971684,0.9955290611028316,development_exploratory_not_untouched_final,C_xgboost_current_pm,hourly_forecast_bucket_aware_arrival_time_exposure,2022-02-27T06:00:00,2022-02-27T05:00:00,06:00
od_05,motorbike,motorbike-8,12618.001043919245,30.28320250540618,497,759.1927118231112,751.5703479134781,892.112615846027,-7.622363909633009,-1.0040090995247843,0.0013531799729364,0.9986468200270636,development_exploratory_not_untouched_final,C_xgboost_current_pm,hourly_forecast_bucket_aware_arrival_time_exposure,2022-02-27T06:00:00,2022-02-27T05:00:00,06:00
od_06,walking,walking-1,3537.365189594572,42.44838227513487,148,1084.3844520531886,1056.7772633784657,1282.9875320799783,-27.607188674723147,-2.5458856978677,1.0,0.0,development_exploratory_not_untouched_final,C_xgboost_current_pm,hourly_forecast_bucket_aware_arrival_time_exposure,2022-02-27T06:00:00,2022-02-27T05:00:00,06:00
od_06,walking,walking-2,3644.4912539881616,43.733895047857935,180,1127.257581920852,1097.0168843791434,1328.4184306324296,-30.24069754170841,-2.6826785667015103,0.0649350649350649,0.935064935064935,development_exploratory_not_untouched_final,C_xgboost_current_pm,hourly_forecast_bucket_aware_arrival_time_exposure,2022-02-27T06:00:00,2022-02-27T05:00:00,06:00
od_06,walking,walking-3,3861.827773806514,46.34193328567817,201,1202.841268800388,1169.0342816030495,1413.4419936166585,-33.80698719733823,-2.8105942217175883,0.0294985250737463,0.9705014749262536,development_exploratory_not_untouched_final,C_xgboost_current_pm,hourly_forecast_bucket_aware_arrival_time_exposure,2022-02-27T06:00:00,2022-02-27T05:00:00,06:00
od_06,walking,walking-4,4270.552599826714,51.24663119792057,181,1285.2630604071298,1256.401480372163,1532.9087185942683,-28.86158003496689,-2.2455776505258367,0.0030487804878048,0.9969512195121952,development_exploratory_not_untouched_final,C_xgboost_current_pm,hourly_forecast_bucket_aware_arrival_time_exposure,2022-02-27T06:00:00,2022-02-27T05:00:00,06:00
od_06,walking,walking-5,4555.358741668228,54.664304900018735,235,1449.1140694246878,1402.9794375453257,1688.3370427821194,-46.13463187936213,-3.1836439140831767,0.0,1.0,development_exploratory_not_untouched_final,C_xgboost_current_pm,hourly_forecast_bucket_aware_arrival_time_exposure,2022-02-27T06:00:00,2022-02-27T05:00:00,06:00
od_06,walking,walking-6,3537.459356155005,42.44951227386006,148,1084.4197099722223,1056.809800008285,1283.0271746351668,-27.609909963937294,-2.546053867339292,0.9473684210526316,0.0526315789473684,development_exploratory_not_untouched_final,C_xgboost_current_pm,hourly_forecast_bucket_aware_arrival_time_exposure,2022-02-27T06:00:00,2022-02-27T05:00:00,06:00
od_06,walking,walking-7,3538.2918404593456,42.45950208551215,148,1084.7023836397118,1057.081034889518,1283.347219194536,-27.621348750193874,-2.546444920450033,0.9733333333333334,0.0266666666666666,development_exploratory_not_untouched_final,C_xgboost_current_pm,hourly_forecast_bucket_aware_arrival_time_exposure,2022-02-27T06:00:00,2022-02-27T05:00:00,06:00
od_06,walking,walking-8,3538.386007019779,42.46063208423735,148,1084.7376415587453,1057.1135715193377,1283.3868617497246,-27.6240700394078,-2.546613022455143,0.922077922077922,0.0779220779220779,development_exploratory_not_untouched_final,C_xgboost_current_pm,hourly_forecast_bucket_aware_arrival_time_exposure,2022-02-27T06:00:00,2022-02-27T05:00:00,06:00
od_06,motorbike,motorbike-1,3664.907543438789,8.795778104253094,177,224.88916758358263,219.1665461661276,265.9379945404964,-5.722621417455059,-2.5446407574647547,1.0,0.0,development_exploratory_not_untouched_final,C_xgboost_current_pm,hourly_forecast_bucket_aware_arrival_time_exposure,2022-02-27T06:00:00,2022-02-27T05:00:00,06:00
od_06,motorbike,motorbike-2,3713.55208690206,8.912525008564945,192,229.88919084527197,223.6916550877164,270.8351265934677,-6.197535757555585,-2.6958795821448023,0.1941747572815534,0.8058252427184466,development_exploratory_not_untouched_final,C_xgboost_current_pm,hourly_forecast_bucket_aware_arrival_time_exposure,2022-02-27T06:00:00,2022-02-27T05:00:00,06:00
od_06,motorbike,motorbike-3,4055.6641293022394,9.733593910325371,183,248.786617373846,242.8678757657748,293.6471710178493,-5.918741608071144,-2.379043402956513,0.0285714285714285,0.9714285714285714,development_exploratory_not_untouched_final,C_xgboost_current_pm,hourly_forecast_bucket_aware_arrival_time_exposure,2022-02-27T06:00:00,2022-02-27T05:00:00,06:00
od_06,motorbike,motorbike-4,4627.731482063553,11.106555556952523,244,294.18524712043205,284.8457840250975,342.88463018672303,-9.339463095334564,-3.174687781509052,0.0,1.0,development_exploratory_not_untouched_final,C_xgboost_current_pm,hourly_forecast_bucket_aware_arrival_time_exposure,2022-02-27T06:00:00,2022-02-27T05:00:00,06:00
od_06,motorbike,motorbike-5,4511.935414416441,10.82864499459946,194,272.0957452812856,266.0876218884897,323.99172235610894,-6.008123392795881,-2.2080916357530094,0.0136612021857923,0.9863387978142076,development_exploratory_not_untouched_final,C_xgboost_current_pm,hourly_forecast_bucket_aware_arrival_time_exposure,2022-02-27T06:00:00,2022-02-27T05:00:00,06:00
od_06,motorbike,motorbike-6,5290.044003739078,12.696105608973786,227,342.54351336731213,330.44135534233266,396.5107379893115,-12.102158024979474,-3.5330279373885656,0.0024813895781637,0.9975186104218362,development_exploratory_not_untouched_final,C_xgboost_current_pm,hourly_forecast_bucket_aware_arrival_time_exposure,2022-02-27T06:00:00,2022-02-27T05:00:00,06:00
od_06,motorbike,motorbike-7,5777.694021722921,13.86646565213501,240,343.51399295679704,337.8838010865504,410.0423834758007,-5.6301918702466764,-1.6389992797046764,0.0,1.0,development_exploratory_not_untouched_final,C_xgboost_current_pm,hourly_forecast_bucket_aware_arrival_time_exposure,2022-02-27T06:00:00,2022-02-27T05:00:00,06:00
od_06,motorbike,motorbike-8,6403.564913596633,15.36855579263192,267,419.8668586373663,404.2929045015596,483.5207099125636,-15.573954135806616,-3.7092601655558735,0.0,1.0,development_exploratory_not_untouched_final,C_xgboost_current_pm,hourly_forecast_bucket_aware_arrival_time_exposure,2022-02-27T06:00:00,2022-02-27T05:00:00,06:00
od_07,walking,walking-1,3010.078469087085,36.12094162904502,119,1061.6127524186036,992.594986183469,1209.82781813975,-69.01776623513456,-6.501218648503972,1.0,0.0,development_exploratory_not_untouched_final,C_xgboost_current_pm,hourly_forecast_bucket_aware_arrival_time_exposure,2022-02-27T06:00:00,2022-02-27T05:00:00,06:00
od_07,walking,walking-2,3052.1049210734086,36.62525905288091,128,1076.7435864273057,1006.6471803335934,1227.008878028851,-70.09640609371229,-6.510037020633297,0.0646551724137931,0.9353448275862069,development_exploratory_not_untouched_final,C_xgboost_current_pm,hourly_forecast_bucket_aware_arrival_time_exposure,2022-02-27T06:00:00,2022-02-27T05:00:00,06:00
od_07,walking,walking-3,3868.7068261117006,46.42448191334041,178,1357.1772350915774,1270.549883601455,1548.9967183941626,-86.62735149012246,-6.38290631836874,0.0067796610169491,0.9932203389830508,development_exploratory_not_untouched_final,C_xgboost_current_pm,hourly_forecast_bucket_aware_arrival_time_exposure,2022-02-27T06:00:00,2022-02-27T05:00:00,06:00
od_07,walking,walking-4,4012.041591928652,48.14449910314382,170,1426.8969944245182,1333.2056517465237,1620.1834224257934,-93.6913426779945,-6.566090127324234,0.0140350877192982,0.9859649122807016,development_exploratory_not_untouched_final,C_xgboost_current_pm,hourly_forecast_bucket_aware_arrival_time_exposure,2022-02-27T06:00:00,2022-02-27T05:00:00,06:00
od_07,walking,walking-5,3962.97612968166,47.55571355617992,212,1399.894303689595,1309.3936207748825,1593.4295201115867,-90.5006829147128,-6.4648225709746105,0.0122324159021406,0.9877675840978594,development_exploratory_not_untouched_final,C_xgboost_current_pm,hourly_forecast_bucket_aware_arrival_time_exposure,2022-02-27T06:00:00,2022-02-27T05:00:00,06:00
od_07,walking,walking-6,4080.9006073865394,48.97080728863848,190,1422.1033727452827,1334.580814273471,1625.0247156845935,-87.52255847181141,-6.154444195069625,0.2213438735177865,0.7786561264822134,development_exploratory_not_untouched_final,C_xgboost_current_pm,hourly_forecast_bucket_aware_arrival_time_exposure,2022-02-27T06:00:00,2022-02-27T05:00:00,06:00
od_07,walking,walking-7,3015.7407748952337,36.1888892987428,120,1063.471045540581,994.3729066394584,1211.9804662188155,-69.09813890112241,-6.497416097116083,0.8968253968253969,0.1031746031746031,development_exploratory_not_untouched_final,C_xgboost_current_pm,hourly_forecast_bucket_aware_arrival_time_exposure,2022-02-27T06:00:00,2022-02-27T05:00:00,06:00
od_07,walking,walking-8,3015.8570403392914,36.19028448407151,120,1063.506269655129,994.4072200866946,1212.0224577114468,-69.09904956843445,-6.497286526655054,0.912,0.0879999999999999,development_exploratory_not_untouched_final,C_xgboost_current_pm,hourly_forecast_bucket_aware_arrival_time_exposure,2022-02-27T06:00:00,2022-02-27T05:00:00,06:00
od_07,motorbike,motorbike-1,3627.865375012017,8.70687690002884,138,253.594262419928,237.7671519862124,289.5906188057829,-15.827110433715577,-6.241115348070212,1.0,0.0,development_exploratory_not_untouched_final,C_xgboost_current_pm,hourly_forecast_bucket_aware_arrival_time_exposure,2022-02-27T06:00:00,2022-02-27T05:00:00,06:00
od_07,motorbike,motorbike-2,3687.334379690573,8.849602511257377,163,258.70938063505264,242.2121990732404,295.25743481463064,-16.497181561812283,-6.376723380233346,0.2541666666666666,0.7458333333333333,development_exploratory_not_untouched_final,C_xgboost_current_pm,hourly_forecast_bucket_aware_arrival_time_exposure,2022-02-27T06:00:00,2022-02-27T05:00:00,06:00
od_07,motorbike,motorbike-3,3876.8683445495967,9.304484026919033,202,273.211360032932,255.72206296964515,311.1821616864582,-17.489297063286813,-6.401379891809299,0.1074918566775244,0.8925081433224755,development_exploratory_not_untouched_final,C_xgboost_current_pm,hourly_forecast_bucket_aware_arrival_time_exposure,2022-02-27T06:00:00,2022-02-27T05:00:00,06:00
od_07,motorbike,motorbike-4,4415.441329392981,10.597059190543154,208,303.5140596913005,285.4997743710907,348.6162595814678,-18.01428532020975,-5.935239157794471,0.0028985507246376,0.9971014492753624,development_exploratory_not_untouched_final,C_xgboost_current_pm,hourly_forecast_bucket_aware_arrival_time_exposure,2022-02-27T06:00:00,2022-02-27T05:00:00,06:00
od_07,motorbike,motorbike-5,5170.4619718541535,12.409108732449967,191,376.7704206219333,349.08621758159563,426.04535644835096,-27.684203040337707,-7.347764454183932,0.0,1.0,development_exploratory_not_untouched_final,C_xgboost_current_pm,hourly_forecast_bucket_aware_arrival_time_exposure,2022-02-27T06:00:00,2022-02-27T05:00:00,06:00
od_07,motorbike,motorbike-6,5317.2180673122,12.761323361549278,202,367.50672814498586,344.9527167159768,421.8033174157615,-22.55401142900905,-6.137033611017652,0.0029498525073746,0.9970501474926252,development_exploratory_not_untouched_final,C_xgboost_current_pm,hourly_forecast_bucket_aware_arrival_time_exposure,2022-02-27T06:00:00,2022-02-27T05:00:00,06:00
od_07,motorbike,motorbike-7,5942.755175528985,14.262612421269564,256,403.74608889049927,380.874042294394,465.36705970930814,-22.87204659610529,-5.664958057911606,0.0025445292620865,0.9974554707379136,development_exploratory_not_untouched_final,C_xgboost_current_pm,hourly_forecast_bucket_aware_arrival_time_exposure,2022-02-27T06:00:00,2022-02-27T05:00:00,06:00
od_07,motorbike,motorbike-8,6766.400071842087,16.239360172421005,240,471.92601980233786,441.8242905796685,540.3155069304979,-30.10172922266935,-6.378484753876719,0.008,0.992,development_exploratory_not_untouched_final,C_xgboost_current_pm,hourly_forecast_bucket_aware_arrival_time_exposure,2022-02-27T06:00:00,2022-02-27T05:00:00,06:00
od_08,walking,walking-1,6870.356216816323,82.44427460179587,346,2126.7892629310463,2064.112399229733,2399.855433479701,-62.67686370131287,-2.947018061156393,1.0,0.0,development_exploratory_not_untouched_final,C_xgboost_current_pm,hourly_forecast_bucket_aware_arrival_time_exposure,2022-02-27T06:00:00,2022-02-27T05:00:00,06:00
od_08,walking,walking-2,7066.552712232213,84.79863254678656,281,2288.324959515282,2192.8603045219115,2546.437460298937,-95.46465499337046,-4.171813736349403,0.0096618357487922,0.9903381642512076,development_exploratory_not_untouched_final,C_xgboost_current_pm,hourly_forecast_bucket_aware_arrival_time_exposure,2022-02-27T06:00:00,2022-02-27T05:00:00,06:00
od_08,walking,walking-3,7181.705333275932,86.18046399931119,299,2203.008231694043,2141.440043180397,2481.2864118683465,-61.56818851364597,-2.7947325673995325,0.0369774919614147,0.9630225080385852,development_exploratory_not_untouched_final,C_xgboost_current_pm,hourly_forecast_bucket_aware_arrival_time_exposure,2022-02-27T06:00:00,2022-02-27T05:00:00,06:00
od_08,walking,walking-4,7442.834681192636,89.31401617431165,308,2357.677925713024,2268.4911359268613,2624.779153103375,-89.18678978616208,-3.782823294627474,0.0077041602465331,0.9922958397534668,development_exploratory_not_untouched_final,C_xgboost_current_pm,hourly_forecast_bucket_aware_arrival_time_exposure,2022-02-27T06:00:00,2022-02-27T05:00:00,06:00
od_08,walking,walking-5,7891.429810836159,94.69715773003392,378,2517.1501262992106,2413.367330126803,2783.0550972612327,-103.78279617240742,-4.123027668794312,0.0041608876560332,0.9958391123439668,development_exploratory_not_untouched_final,C_xgboost_current_pm,hourly_forecast_bucket_aware_arrival_time_exposure,2022-02-27T06:00:00,2022-02-27T05:00:00,06:00
od_08,walking,walking-6,8097.506608513472,97.17007930216168,351,2514.0614826067726,2429.4049980162654,2790.781909663624,-84.65648459050726,-3.3673195813305608,0.0043227665706051,0.9956772334293948,development_exploratory_not_untouched_final,C_xgboost_current_pm,hourly_forecast_bucket_aware_arrival_time_exposure,2022-02-27T06:00:00,2022-02-27T05:00:00,06:00
od_08,walking,walking-7,6870.482093297512,82.44578511957015,346,2126.830185738864,2064.152818193811,2399.901807840247,-62.67736754505268,-2.9469850468234946,0.9438202247191012,0.0561797752808989,development_exploratory_not_untouched_final,C_xgboost_current_pm,hourly_forecast_bucket_aware_arrival_time_exposure,2022-02-27T06:00:00,2022-02-27T05:00:00,06:00
od_08,walking,walking-8,6871.282867681097,82.45539441217315,346,2127.107194517569,2064.4161707407857,2400.215120594258,-62.69102377678382,-2.9472432766136274,0.9885057471264368,0.0114942528735632,development_exploratory_not_untouched_final,C_xgboost_current_pm,hourly_forecast_bucket_aware_arrival_time_exposure,2022-02-27T06:00:00,2022-02-27T05:00:00,06:00
od_08,motorbike,motorbike-1,6958.727326352328,16.700945583245588,359,431.5239175580394,422.8656149084076,504.6095098044835,-8.658302649631821,-2.006447915709629,1.0,0.0,development_exploratory_not_untouched_final,C_xgboost_current_pm,hourly_forecast_bucket_aware_arrival_time_exposure,2022-02-27T06:00:00,2022-02-27T05:00:00,06:00
od_08,motorbike,motorbike-2,7215.548279104051,17.317315869849722,333,451.69828941806793,441.5553676794864,526.5827213879753,-10.142921738581547,-2.245508113756393,0.0484848484848484,0.9515151515151516,development_exploratory_not_untouched_final,C_xgboost_current_pm,hourly_forecast_bucket_aware_arrival_time_exposure,2022-02-27T06:00:00,2022-02-27T05:00:00,06:00
od_08,motorbike,motorbike-3,7573.324596391733,18.17597903134016,344,485.1849949247055,471.39926221845536,561.7104988924559,-13.785732706250144,-2.841335336099896,0.0014245014245014,0.9985754985754984,development_exploratory_not_untouched_final,C_xgboost_current_pm,hourly_forecast_bucket_aware_arrival_time_exposure,2022-02-27T06:00:00,2022-02-27T05:00:00,06:00
od_08,motorbike,motorbike-4,7575.277566997327,18.18066616079358,315,460.5049074322598,453.5514118890485,542.1378157546958,-6.953495543211318,-1.5099720830302283,0.0337423312883435,0.9662576687116564,development_exploratory_not_untouched_final,C_xgboost_current_pm,hourly_forecast_bucket_aware_arrival_time_exposure,2022-02-27T06:00:00,2022-02-27T05:00:00,06:00
od_08,motorbike,motorbike-5,8390.002444496451,20.13600586679148,363,548.383548332234,530.2960390080707,630.4699672505903,-18.087509324163307,-3.2983318662953627,0.0,1.0,development_exploratory_not_untouched_final,C_xgboost_current_pm,hourly_forecast_bucket_aware_arrival_time_exposure,2022-02-27T06:00:00,2022-02-27T05:00:00,06:00
od_08,motorbike,motorbike-6,8834.829668619339,21.20359120468641,427,523.6034066063447,523.6949555260788,615.1960867243564,0.091548919734123,0.0174844010904137,0.0,1.0,development_exploratory_not_untouched_final,C_xgboost_current_pm,hourly_forecast_bucket_aware_arrival_time_exposure,2022-02-27T06:00:00,2022-02-27T05:00:00,06:00
od_08,motorbike,motorbike-7,9392.556663716472,22.542135992919533,344,545.7119608032938,552.0534850823146,640.5277751968505,6.34152427902086,1.1620643736094896,0.0,1.0,development_exploratory_not_untouched_final,C_xgboost_current_pm,hourly_forecast_bucket_aware_arrival_time_exposure,2022-02-27T06:00:00,2022-02-27T05:00:00,06:00
od_08,motorbike,motorbike-8,9441.957784148508,22.66069868195642,437,613.1256659558318,594.10930448376,706.4217661033034,-19.01636147207182,-3.101543864164662,0.0012578616352201,0.99874213836478,development_exploratory_not_untouched_final,C_xgboost_current_pm,hourly_forecast_bucket_aware_arrival_time_exposure,2022-02-27T06:00:00,2022-02-27T05:00:00,06:00
od_09,walking,walking-1,3714.987884771448,44.57985461725738,100,983.6829197933494,1041.1001980948122,1167.0661758310964,57.41727830146283,5.8369701400858895,1.0,0.0,development_exploratory_not_untouched_final,C_xgboost_current_pm,hourly_forecast_bucket_aware_arrival_time_exposure,2022-02-27T06:00:00,2022-02-27T05:00:00,06:00
od_09,walking,walking-2,3994.581068018032,47.93497281621638,155,1089.869194899514,1138.335611480321,1286.362024446011,48.466416580806936,4.446993896847919,0.0944206008583691,0.9055793991416308,development_exploratory_not_untouched_final,C_xgboost_current_pm,hourly_forecast_bucket_aware_arrival_time_exposure,2022-02-27T06:00:00,2022-02-27T05:00:00,06:00
od_09,walking,walking-3,4409.140877200214,52.90969052640257,216,1253.6974985622326,1285.658167058216,1470.4828516056632,31.960668495983327,2.549312615893109,0.0095846645367412,0.9904153354632588,development_exploratory_not_untouched_final,C_xgboost_current_pm,hourly_forecast_bucket_aware_arrival_time_exposure,2022-02-27T06:00:00,2022-02-27T05:00:00,06:00
od_09,walking,walking-4,4384.315892491492,52.61179070989791,134,1165.742050440944,1232.557930080408,1381.1111731694798,66.8158796394639,5.731617866421708,0.054054054054054,0.945945945945946,development_exploratory_not_untouched_final,C_xgboost_current_pm,hourly_forecast_bucket_aware_arrival_time_exposure,2022-02-27T06:00:00,2022-02-27T05:00:00,06:00
od_09,walking,walking-5,4742.4154350489225,56.90898522058707,219,1355.4317165085308,1386.2710068185206,1589.216761763182,30.839290309989792,2.275237471160038,0.0063091482649842,0.9936908517350158,development_exploratory_not_untouched_final,C_xgboost_current_pm,hourly_forecast_bucket_aware_arrival_time_exposure,2022-02-27T06:00:00,2022-02-27T05:00:00,06:00
od_09,walking,walking-6,4802.7629451718985,57.63315534206278,171,1301.6055945426426,1364.8037190759278,1536.7240773429314,63.19812453328518,4.855397425937747,0.1731601731601731,0.8268398268398268,development_exploratory_not_untouched_final,C_xgboost_current_pm,hourly_forecast_bucket_aware_arrival_time_exposure,2022-02-27T06:00:00,2022-02-27T05:00:00,06:00
od_09,walking,walking-7,3715.863015697599,44.59035618837118,100,983.9671187925936,1041.3813936111355,1167.3880320864828,57.4142748185418,5.834979007123094,0.9607843137254902,0.0392156862745097,development_exploratory_not_untouched_final,C_xgboost_current_pm,hourly_forecast_bucket_aware_arrival_time_exposure,2022-02-27T06:00:00,2022-02-27T05:00:00,06:00
od_09,walking,walking-8,3715.984332991464,44.59181199589757,103,983.8136717124464,1041.3120656024005,1167.2404507472154,57.49839388995406,5.844439403842718,0.897196261682243,0.102803738317757,development_exploratory_not_untouched_final,C_xgboost_current_pm,hourly_forecast_bucket_aware_arrival_time_exposure,2022-02-27T06:00:00,2022-02-27T05:00:00,06:00
od_09,motorbike,motorbike-1,4134.123639767717,9.92189673544252,158,224.38014103313796,234.95697550159943,265.0560138030899,10.5768344684615,4.713801506568909,1.0,0.0,development_exploratory_not_untouched_final,C_xgboost_current_pm,hourly_forecast_bucket_aware_arrival_time_exposure,2022-02-27T06:00:00,2022-02-27T05:00:00,06:00
od_09,motorbike,motorbike-2,4538.957874153826,10.893498897969184,218,260.20772717498835,265.8402617152279,304.90997795670063,5.632534540239533,2.164630005953544,0.010752688172043,0.989247311827957,development_exploratory_not_untouched_final,C_xgboost_current_pm,hourly_forecast_bucket_aware_arrival_time_exposure,2022-02-27T06:00:00,2022-02-27T05:00:00,06:00
od_09,motorbike,motorbike-3,4554.583954733635,10.931001491360725,192,255.0808659144117,263.2721141201927,299.9364197331201,8.191248205781022,3.211235847274199,0.1363636363636363,0.8636363636363636,development_exploratory_not_untouched_final,C_xgboost_current_pm,hourly_forecast_bucket_aware_arrival_time_exposure,2022-02-27T06:00:00,2022-02-27T05:00:00,06:00
od_09,motorbike,motorbike-4,5284.244385537157,12.682186525289175,179,285.92658407133985,299.75820276229746,338.0387726823729,13.831618690957612,4.8374720860186144,0.053125,0.946875,development_exploratory_not_untouched_final,C_xgboost_current_pm,hourly_forecast_bucket_aware_arrival_time_exposure,2022-02-27T06:00:00,2022-02-27T05:00:00,06:00
od_09,motorbike,motorbike-5,6360.146358591584,15.2643512606198,284,379.5388629399029,380.120188498292,443.4309264377279,0.5813255583890395,0.1531662802291442,0.0045454545454545,0.9954545454545456,development_exploratory_not_untouched_final,C_xgboost_current_pm,hourly_forecast_bucket_aware_arrival_time_exposure,2022-02-27T06:00:00,2022-02-27T05:00:00,06:00
od_09,motorbike,motorbike-6,5752.129528566935,13.805110868560645,272,328.08906438470126,336.50989238581934,384.17618938860113,8.420828001118082,2.566628673500751,0.0023310023310023,0.9976689976689976,development_exploratory_not_untouched_final,C_xgboost_current_pm,hourly_forecast_bucket_aware_arrival_time_exposure,2022-02-27T06:00:00,2022-02-27T05:00:00,06:00
od_09,motorbike,motorbike-7,7766.043199904027,18.638503679769663,302,465.0160917584964,464.6069368891962,543.6501811247579,-0.4091548693001527,-0.0879872495923528,0.0109890109890109,0.989010989010989,development_exploratory_not_untouched_final,C_xgboost_current_pm,hourly_forecast_bucket_aware_arrival_time_exposure,2022-02-27T06:00:00,2022-02-27T05:00:00,06:00
od_09,motorbike,motorbike-8,9897.359620826115,23.75366308998268,417,590.6070240739372,587.5794206968209,694.925047430875,-3.027603377116293,-0.5126256975801344,0.0286225402504472,0.9713774597495528,development_exploratory_not_untouched_final,C_xgboost_current_pm,hourly_forecast_bucket_aware_arrival_time_exposure,2022-02-27T06:00:00,2022-02-27T05:00:00,06:00
od_10,walking,walking-1,4185.687637541589,50.22825165049906,164,1420.5950056919603,1346.4695327126965,1628.8863838475409,-74.12547297926403,-5.217917329165753,1.0,0.0,development_exploratory_not_untouched_final,C_xgboost_current_pm,hourly_forecast_bucket_aware_arrival_time_exposure,2022-02-27T06:00:00,2022-02-27T05:00:00,06:00
od_10,walking,walking-2,4395.999188223484,52.7519902586818,247,1522.0524955864885,1432.3094441113408,1739.2351194331911,-89.7430514751477,-5.896186349378655,0.0198511166253101,0.98014888337469,development_exploratory_not_untouched_final,C_xgboost_current_pm,hourly_forecast_bucket_aware_arrival_time_exposure,2022-02-27T06:00:00,2022-02-27T05:00:00,06:00
od_10,walking,walking-3,4422.248506346172,53.06698207615407,168,1505.6853240471864,1424.9529355096668,1726.1870220998694,-80.73238853751968,-5.3618367163542615,0.067524115755627,0.932475884244373,development_exploratory_not_untouched_final,C_xgboost_current_pm,hourly_forecast_bucket_aware_arrival_time_exposure,2022-02-27T06:00:00,2022-02-27T05:00:00,06:00
od_10,walking,walking-4,4671.923754688715,56.06308505626459,193,1562.917312607583,1487.2163613933606,1799.290556134518,-75.70095121422241,-4.843567257433625,0.0142045454545454,0.9857954545454546,development_exploratory_not_untouched_final,C_xgboost_current_pm,hourly_forecast_bucket_aware_arrival_time_exposure,2022-02-27T06:00:00,2022-02-27T05:00:00,06:00
od_10,walking,walking-5,5276.724061903826,63.32068874284592,204,1865.1478824799,1738.5627249930774,2113.391855531401,-126.58515748682248,-6.786869753111207,0.0082191780821917,0.9917808219178084,development_exploratory_not_untouched_final,C_xgboost_current_pm,hourly_forecast_bucket_aware_arrival_time_exposure,2022-02-27T06:00:00,2022-02-27T05:00:00,06:00
od_10,walking,walking-6,4188.220874538794,50.258650494465535,162,1421.4092084147787,1347.2538024309194,1629.833163954535,-74.15540598385928,-5.2170343026383525,0.963855421686747,0.036144578313253,development_exploratory_not_untouched_final,C_xgboost_current_pm,hourly_forecast_bucket_aware_arrival_time_exposure,2022-02-27T06:00:00,2022-02-27T05:00:00,06:00
od_10,walking,walking-7,4188.427303785825,50.26112764542989,161,1421.468605901429,1347.3134190151286,1629.9037380201946,-74.15518688630073,-5.216800890180402,0.9461077844311376,0.0538922155688622,development_exploratory_not_untouched_final,C_xgboost_current_pm,hourly_forecast_bucket_aware_arrival_time_exposure,2022-02-27T06:00:00,2022-02-27T05:00:00,06:00
od_10,walking,walking-8,4191.191762378216,50.294301148538594,171,1422.7302428245353,1348.4210416123574,1631.2587345411107,-74.30920121217787,-5.223000044242568,0.6666666666666666,0.3333333333333333,development_exploratory_not_untouched_final,C_xgboost_current_pm,hourly_forecast_bucket_aware_arrival_time_exposure,2022-02-27T06:00:00,2022-02-27T05:00:00,06:00
od_10,motorbike,motorbike-1,4185.687637541589,10.045650330099813,164,284.1190011383922,269.29390654253933,325.7772767695083,-14.825094595852876,-5.217917329165775,1.0,0.0,development_exploratory_not_untouched_final,C_xgboost_current_pm,hourly_forecast_bucket_aware_arrival_time_exposure,2022-02-27T06:00:00,2022-02-27T05:00:00,06:00
od_10,motorbike,motorbike-2,4394.830211426111,10.547592507422667,164,298.8109077166114,282.9417566312908,342.6705746930444,-15.869151085320595,-5.310767001976616,0.086092715231788,0.913907284768212,development_exploratory_not_untouched_final,C_xgboost_current_pm,hourly_forecast_bucket_aware_arrival_time_exposure,2022-02-27T06:00:00,2022-02-27T05:00:00,06:00
od_10,motorbike,motorbike-3,4654.755135099948,11.171412324239874,229,322.45896540645924,303.43842309876925,368.3949977000096,-19.020542307689997,-5.898593107409687,0.0261096605744125,0.9738903394255874,development_exploratory_not_untouched_final,C_xgboost_current_pm,hourly_forecast_bucket_aware_arrival_time_exposure,2022-02-27T06:00:00,2022-02-27T05:00:00,06:00
od_10,motorbike,motorbike-4,5386.858029237803,12.928459270170729,220,360.946007811841,343.53355400413324,415.06362010331287,-17.412453807707834,-4.824115915083023,0.0052356020942408,0.9947643979057592,development_exploratory_not_untouched_final,C_xgboost_current_pm,hourly_forecast_bucket_aware_arrival_time_exposure,2022-02-27T06:00:00,2022-02-27T05:00:00,06:00
od_10,motorbike,motorbike-5,5511.374478011498,13.227298747227591,208,390.8133547276457,364.9342675625303,444.462791183467,-25.87908716511538,-6.621853335372913,0.008130081300813,0.991869918699187,development_exploratory_not_untouched_final,C_xgboost_current_pm,hourly_forecast_bucket_aware_arrival_time_exposure,2022-02-27T06:00:00,2022-02-27T05:00:00,06:00
od_10,motorbike,motorbike-6,5634.416015636255,13.522598437527012,213,372.90971652712574,356.28429694148093,430.0992342967991,-16.625419585644806,-4.458296163606523,0.0272479564032697,0.9727520435967304,development_exploratory_not_untouched_final,C_xgboost_current_pm,hourly_forecast_bucket_aware_arrival_time_exposure,2022-02-27T06:00:00,2022-02-27T05:00:00,06:00
od_10,motorbike,motorbike-7,6236.241931359497,14.966980635262791,192,434.93501687826256,408.41754190326384,496.2102347757541,-26.51747497499872,-6.096882050410053,0.0028169014084507,0.9971830985915492,development_exploratory_not_untouched_final,C_xgboost_current_pm,hourly_forecast_bucket_aware_arrival_time_exposure,2022-02-27T06:00:00,2022-02-27T05:00:00,06:00
od_10,motorbike,motorbike-8,6017.043125469885,14.440903501127725,234,397.2094275902249,379.91378810100986,458.2592247965109,-17.295639489215034,-4.354287257012897,0.0101522842639593,0.9898477157360406,development_exploratory_not_untouched_final,C_xgboost_current_pm,hourly_forecast_bucket_aware_arrival_time_exposure,2022-02-27T06:00:00,2022-02-27T05:00:00,06:00
od_11,walking,walking-1,5799.7898826035935,69.59747859124312,184,2132.069424959243,1958.1083050898849,2382.758054629244,-173.9611198693583,-8.159261505881018,1.0,0.0,development_exploratory_not_untouched_final,C_xgboost_current_pm,hourly_forecast_bucket_aware_arrival_time_exposure,2022-02-27T06:00:00,2022-02-27T05:00:00,06:00
od_11,walking,walking-2,5899.73045264374,70.79676543172488,210,2166.6889205106127,1987.998214094536,2419.013443274082,-178.69070641607686,-8.247178666237225,0.2236024844720497,0.7763975155279503,development_exploratory_not_untouched_final,C_xgboost_current_pm,hourly_forecast_bucket_aware_arrival_time_exposure,2022-02-27T06:00:00,2022-02-27T05:00:00,06:00
od_11,walking,walking-3,6156.7707067981255,73.88124848157752,281,2272.7995081562744,2077.4988240531216,2529.1309098173565,-195.3006841031529,-8.59295698552766,0.0889929742388758,0.911007025761124,development_exploratory_not_untouched_final,C_xgboost_current_pm,hourly_forecast_bucket_aware_arrival_time_exposure,2022-02-27T06:00:00,2022-02-27T05:00:00,06:00
od_11,walking,walking-4,5799.932240963838,69.59918689156605,183,2132.130106848117,1958.162386664379,2382.82390279819,-173.9677201837385,-8.159338852023025,0.962566844919786,0.0374331550802139,development_exploratory_not_untouched_final,C_xgboost_current_pm,hourly_forecast_bucket_aware_arrival_time_exposure,2022-02-27T06:00:00,2022-02-27T05:00:00,06:00
od_11,walking,walking-5,5805.109540891901,69.66131449070281,183,2133.9057540915064,1959.8529227981544,2384.841805852395,-174.05283129335203,-8.156537886437897,0.952127659574468,0.0478723404255319,development_exploratory_not_untouched_final,C_xgboost_current_pm,hourly_forecast_bucket_aware_arrival_time_exposure,2022-02-27T06:00:00,2022-02-27T05:00:00,06:00
od_11,walking,walking-6,5805.251899252145,69.66302279102574,182,2133.966435980381,1959.9070043726488,2384.9076540213414,-174.05943160773222,-8.156615243471077,0.9162303664921466,0.0837696335078533,development_exploratory_not_untouched_final,C_xgboost_current_pm,hourly_forecast_bucket_aware_arrival_time_exposure,2022-02-27T06:00:00,2022-02-27T05:00:00,06:00
od_11,walking,walking-7,5805.359775307745,69.66431730369294,184,2134.237269096765,1960.074631542654,2385.17984278619,-174.16263755411092,-8.160415904826676,0.84,0.16,development_exploratory_not_untouched_final,C_xgboost_current_pm,hourly_forecast_bucket_aware_arrival_time_exposure,2022-02-27T06:00:00,2022-02-27T05:00:00,06:00
od_11,walking,walking-8,5805.502133667988,69.66602560401587,183,2134.2979509856395,1960.1287131171484,2385.2456909551365,-174.1692378684911,-8.160493139585224,0.8078817733990148,0.1921182266009852,development_exploratory_not_untouched_final,C_xgboost_current_pm,hourly_forecast_bucket_aware_arrival_time_exposure,2022-02-27T06:00:00,2022-02-27T05:00:00,06:00
od_11,motorbike,motorbike-1,7321.29135850387,17.571099260409287,245,533.577014182078,496.3664259467702,601.0347745536901,-37.21058823530774,-6.973798954279914,1.0,0.0,development_exploratory_not_untouched_final,C_xgboost_current_pm,hourly_forecast_bucket_aware_arrival_time_exposure,2022-02-27T06:00:00,2022-02-27T05:00:00,06:00
od_11,motorbike,motorbike-2,7633.162700227178,18.319590480545227,218,572.512501226464,527.8044622590132,641.2692657105887,-44.70803896745076,-7.809093927499405,0.1721518987341772,0.8278481012658228,development_exploratory_not_untouched_final,C_xgboost_current_pm,hourly_forecast_bucket_aware_arrival_time_exposure,2022-02-27T06:00:00,2022-02-27T05:00:00,06:00
od_11,motorbike,motorbike-3,7889.25327154217,18.93420785170121,304,567.3878964111326,529.7970059335438,641.0889124218975,-37.5908904775888,-6.625254207106001,0.1366459627329192,0.8633540372670807,development_exploratory_not_untouched_final,C_xgboost_current_pm,hourly_forecast_bucket_aware_arrival_time_exposure,2022-02-27T06:00:00,2022-02-27T05:00:00,06:00
od_11,motorbike,motorbike-4,9666.540510810522,23.199697225945258,375,687.9120633770528,645.1231310331599,778.3660915988187,-42.78893234389295,-6.220116584936211,0.0367892976588628,0.9632107023411371,development_exploratory_not_untouched_final,C_xgboost_current_pm,hourly_forecast_bucket_aware_arrival_time_exposure,2022-02-27T06:00:00,2022-02-27T05:00:00,06:00
od_11,motorbike,motorbike-5,11246.266961598392,26.99104070783614,398,785.5389739220526,741.6580137023254,891.9255746460941,-43.88096021972717,-5.586095875120944,0.0255183413078149,0.9744816586921852,development_exploratory_not_untouched_final,C_xgboost_current_pm,hourly_forecast_bucket_aware_arrival_time_exposure,2022-02-27T06:00:00,2022-02-27T05:00:00,06:00
od_11,motorbike,motorbike-6,13020.355584141242,31.24885340193898,484,897.8251022473868,851.9883107223047,1021.6939766098196,-45.83679152508205,-5.105314098519399,0.0267605633802816,0.9732394366197183,development_exploratory_not_untouched_final,C_xgboost_current_pm,hourly_forecast_bucket_aware_arrival_time_exposure,2022-02-27T06:00:00,2022-02-27T05:00:00,06:00
od_11,motorbike,motorbike-7,13564.85143099635,32.55564343439124,443,975.381238797228,909.845618983192,1103.3705467961747,-65.53561981403607,-6.718974817974766,0.0584615384615384,0.9415384615384615,development_exploratory_not_untouched_final,C_xgboost_current_pm,hourly_forecast_bucket_aware_arrival_time_exposure,2022-02-27T06:00:00,2022-02-27T05:00:00,06:00
od_11,motorbike,motorbike-8,11223.628499005668,26.9367083976136,354,817.2423506892989,760.2623379535524,920.7816595712936,-56.98001273574641,-6.972229558060337,0.0812274368231047,0.9187725631768952,development_exploratory_not_untouched_final,C_xgboost_current_pm,hourly_forecast_bucket_aware_arrival_time_exposure,2022-02-27T06:00:00,2022-02-27T05:00:00,06:00
od_12,walking,walking-1,4720.801672969871,56.64962007563846,184,1488.271302133105,1461.4839676546133,1719.9402423054405,-26.787334478492085,-1.7998959222084312,1.0,0.0,development_exploratory_not_untouched_final,C_xgboost_current_pm,hourly_forecast_bucket_aware_arrival_time_exposure,2022-02-27T06:00:00,2022-02-27T05:00:00,06:00
od_12,walking,walking-2,4873.757845553635,58.485094146643625,187,1540.618765818174,1510.8304036465836,1780.0188101540075,-29.788362171590503,-1.933532346386216,0.1630094043887147,0.8369905956112853,development_exploratory_not_untouched_final,C_xgboost_current_pm,hourly_forecast_bucket_aware_arrival_time_exposure,2022-02-27T06:00:00,2022-02-27T05:00:00,06:00
od_12,walking,walking-3,5545.213763066034,66.5425651567924,257,1776.97609272309,1709.154657460149,2035.1848169231655,-67.82143526294067,-3.816676855736935,0.0,1.0,development_exploratory_not_untouched_final,C_xgboost_current_pm,hourly_forecast_bucket_aware_arrival_time_exposure,2022-02-27T06:00:00,2022-02-27T05:00:00,06:00
od_12,walking,walking-4,5856.273320547576,70.27527984657091,240,1828.858183365904,1787.5314145077934,2064.048187174396,-41.32676885811043,-2.2597033074511543,0.0266343825665859,0.973365617433414,development_exploratory_not_untouched_final,C_xgboost_current_pm,hourly_forecast_bucket_aware_arrival_time_exposure,2022-02-27T06:00:00,2022-02-27T05:00:00,06:00
od_12,walking,walking-5,4720.822679411884,56.64987215294261,185,1488.2808067860358,1461.4917170570072,1719.9513469816272,-26.789089729028547,-1.8000023656073332,0.9627659574468084,0.0372340425531915,development_exploratory_not_untouched_final,C_xgboost_current_pm,hourly_forecast_bucket_aware_arrival_time_exposure,2022-02-27T06:00:00,2022-02-27T05:00:00,06:00
od_12,walking,walking-6,4721.126792606221,56.65352151127466,183,1488.3850782394145,1461.593439573763,1720.0673183341123,-26.79163866565136,-1.8000475184380873,0.9731182795698924,0.0268817204301075,development_exploratory_not_untouched_final,C_xgboost_current_pm,hourly_forecast_bucket_aware_arrival_time_exposure,2022-02-27T06:00:00,2022-02-27T05:00:00,06:00
od_12,walking,walking-7,4721.1477990482335,56.65377358857881,184,1488.3945828923447,1461.601188976157,1720.0784230102993,-26.793393916187824,-1.8001539527321555,0.936842105263158,0.063157894736842,development_exploratory_not_untouched_final,C_xgboost_current_pm,hourly_forecast_bucket_aware_arrival_time_exposure,2022-02-27T06:00:00,2022-02-27T05:00:00,06:00
od_12,walking,walking-8,4721.249689238599,56.6549962708632,182,1488.4005697130858,1461.5949579664486,1720.1118303712644,-26.80561174663717,-1.8009675817178974,0.8484848484848485,0.1515151515151515,development_exploratory_not_untouched_final,C_xgboost_current_pm,hourly_forecast_bucket_aware_arrival_time_exposure,2022-02-27T06:00:00,2022-02-27T05:00:00,06:00
od_12,motorbike,motorbike-1,4600.823120587895,11.041975489410948,168,288.7774531452532,283.8794717700284,334.2163606430104,-4.897981375224845,-1.696109347138397,1.0,0.0,development_exploratory_not_untouched_final,C_xgboost_current_pm,hourly_forecast_bucket_aware_arrival_time_exposure,2022-02-27T06:00:00,2022-02-27T05:00:00,06:00
od_12,motorbike,motorbike-2,4721.109525328519,11.330662860788443,166,296.38274806243305,291.3392064872503,343.0014926799955,-5.043541575182758,-1.7016987689581498,0.3413654618473896,0.6586345381526104,development_exploratory_not_untouched_final,C_xgboost_current_pm,hourly_forecast_bucket_aware_arrival_time_exposure,2022-02-27T06:00:00,2022-02-27T05:00:00,06:00
od_12,motorbike,motorbike-3,5580.281754562078,13.392676210948988,249,357.04033062765234,345.34806837196675,415.552386278708,-11.692262255685591,-3.274773534724046,0.0024038461538461,0.997596153846154,development_exploratory_not_untouched_final,C_xgboost_current_pm,hourly_forecast_bucket_aware_arrival_time_exposure,2022-02-27T06:00:00,2022-02-27T05:00:00,06:00
od_12,motorbike,motorbike-4,5904.804229009314,14.171530149622354,256,366.0339165381212,362.0746516361274,423.948594743844,-3.9592649019937767,-1.081666130679842,0.029126213592233,0.970873786407767,development_exploratory_not_untouched_final,C_xgboost_current_pm,hourly_forecast_bucket_aware_arrival_time_exposure,2022-02-27T06:00:00,2022-02-27T05:00:00,06:00
od_12,motorbike,motorbike-5,7008.213626047753,16.819712702514604,202,454.4035145949144,439.6299141069989,524.5817492492283,-14.77360048791553,-3.25120735500598,0.0054347826086956,0.9945652173913044,development_exploratory_not_untouched_final,C_xgboost_current_pm,hourly_forecast_bucket_aware_arrival_time_exposure,2022-02-27T06:00:00,2022-02-27T05:00:00,06:00
od_12,motorbike,motorbike-6,7262.316209679331,17.429558903230394,304,436.56951144586327,437.6499712220714,507.412755619281,1.0804597762081585,0.2474886009858571,0.0021231422505307,0.9978768577494692,development_exploratory_not_untouched_final,C_xgboost_current_pm,hourly_forecast_bucket_aware_arrival_time_exposure,2022-02-27T06:00:00,2022-02-27T05:00:00,06:00
od_12,motorbike,motorbike-7,6873.838377293402,16.497212105504165,281,442.6628888561018,426.58176234998274,515.2141061182164,-16.081126506119062,-3.6328156054994296,0.0022321428571428,0.9977678571428572,development_exploratory_not_untouched_final,C_xgboost_current_pm,hourly_forecast_bucket_aware_arrival_time_exposure,2022-02-27T06:00:00,2022-02-27T05:00:00,06:00
od_12,motorbike,motorbike-8,9113.20463170502,21.87169111609205,354,546.9265306288564,549.2062602081878,635.3693816327053,2.279729579331388,0.4168255609597423,0.0,1.0,development_exploratory_not_untouched_final,C_xgboost_current_pm,hourly_forecast_bucket_aware_arrival_time_exposure,2022-02-27T06:00:00,2022-02-27T05:00:00,06:00
od_13,walking,walking-1,6350.856943085906,76.21028331703089,223,2047.447211191406,1975.1914066367572,2255.8974647742366,-72.25580455464865,-3.529068010139471,1.0,0.0,development_exploratory_not_untouched_final,C_xgboost_current_pm,hourly_forecast_bucket_aware_arrival_time_exposure,2022-02-27T06:00:00,2022-02-27T05:00:00,06:00
od_13,walking,walking-2,6481.138228551883,77.77365874262259,245,2110.9378662277813,2028.7881530257407,2313.696337818484,-82.14971320204063,-3.891621563871091,0.125,0.875,development_exploratory_not_untouched_final,C_xgboost_current_pm,hourly_forecast_bucket_aware_arrival_time_exposure,2022-02-27T06:00:00,2022-02-27T05:00:00,06:00
od_13,walking,walking-3,6866.266206369937,82.39519447643924,329,2186.5589565477485,2111.8503304234896,2387.5054028428845,-74.7086261242589,-3.416721323728344,0.0147058823529411,0.9852941176470588,development_exploratory_not_untouched_final,C_xgboost_current_pm,hourly_forecast_bucket_aware_arrival_time_exposure,2022-02-27T06:00:00,2022-02-27T05:00:00,06:00
od_13,walking,walking-4,7212.11435750965,86.54537229011581,281,2166.7646572710505,2131.439630320061,2389.105445933405,-35.32502695098901,-1.6303121260746152,0.0019880715705765,0.9980119284294234,development_exploratory_not_untouched_final,C_xgboost_current_pm,hourly_forecast_bucket_aware_arrival_time_exposure,2022-02-27T06:00:00,2022-02-27T05:00:00,06:00
od_13,walking,walking-5,6351.157688633242,76.21389226359891,223,2047.5421034742824,1975.2829799056265,2256.0089188254774,-72.25912356865615,-3.529066554775426,0.9822222222222222,0.0177777777777777,development_exploratory_not_untouched_final,C_xgboost_current_pm,hourly_forecast_bucket_aware_arrival_time_exposure,2022-02-27T06:00:00,2022-02-27T05:00:00,06:00
od_13,walking,walking-6,6351.78359395068,76.22140312740817,223,2047.7651427779288,1975.49517814781,2256.2571518887944,-72.26996463011915,-3.5292115839065485,0.9822222222222222,0.0177777777777777,development_exploratory_not_untouched_final,C_xgboost_current_pm,hourly_forecast_bucket_aware_arrival_time_exposure,2022-02-27T06:00:00,2022-02-27T05:00:00,06:00
od_13,walking,walking-7,6351.903524558955,76.22284229470746,223,2047.7876928857013,1975.524213202248,2256.2859870591856,-72.2634796834534,-3.528856039837858,0.9734513274336284,0.0265486725663717,development_exploratory_not_untouched_final,C_xgboost_current_pm,hourly_forecast_bucket_aware_arrival_time_exposure,2022-02-27T06:00:00,2022-02-27T05:00:00,06:00
od_13,walking,walking-8,6352.084339498016,76.22501207397619,223,2047.8600350608056,1975.5867514166791,2256.368605940035,-72.27328364412665,-3.52921012211563,0.9647577092511012,0.0352422907488987,development_exploratory_not_untouched_final,C_xgboost_current_pm,hourly_forecast_bucket_aware_arrival_time_exposure,2022-02-27T06:00:00,2022-02-27T05:00:00,06:00
od_13,motorbike,motorbike-1,6555.777236469699,15.733865367527278,238,425.43209099150334,414.6945032382106,488.69562640885147,-10.737587753292756,-2.5239251999697423,1.0,0.0,development_exploratory_not_untouched_final,C_xgboost_current_pm,hourly_forecast_bucket_aware_arrival_time_exposure,2022-02-27T06:00:00,2022-02-27T05:00:00,06:00
od_13,motorbike,motorbike-2,6921.239270399785,16.610974248959483,313,438.03385493794536,430.50439554555913,506.0494344450698,-7.529459392386229,-1.7189217928036409,0.1108870967741935,0.8891129032258065,development_exploratory_not_untouched_final,C_xgboost_current_pm,hourly_forecast_bucket_aware_arrival_time_exposure,2022-02-27T06:00:00,2022-02-27T05:00:00,06:00
od_13,motorbike,motorbike-3,7392.918193668919,17.743003664805407,276,444.0017837345255,443.5501531611386,519.696434550423,-0.4516305733868648,-0.1017181889649571,0.0098231827111984,0.9901768172888016,development_exploratory_not_untouched_final,C_xgboost_current_pm,hourly_forecast_bucket_aware_arrival_time_exposure,2022-02-27T06:00:00,2022-02-27T05:00:00,06:00
od_13,motorbike,motorbike-4,7691.718911691466,18.46012538805952,295,512.84938759354,496.6972784437471,584.2847996395419,-16.15210914979292,-3.1494839499729137,0.0094696969696969,0.990530303030303,development_exploratory_not_untouched_final,C_xgboost_current_pm,hourly_forecast_bucket_aware_arrival_time_exposure,2022-02-27T06:00:00,2022-02-27T05:00:00,06:00
od_13,motorbike,motorbike-5,7740.785596864544,18.577885432474904,322,493.6542342807161,484.017403975304,569.0858992303924,-9.636830305412047,-1.952141729211234,0.0163339382940108,0.9836660617059892,development_exploratory_not_untouched_final,C_xgboost_current_pm,hourly_forecast_bucket_aware_arrival_time_exposure,2022-02-27T06:00:00,2022-02-27T05:00:00,06:00
od_13,motorbike,motorbike-6,8737.311283772979,20.96954708105515,346,539.5643808846041,534.0883839773701,628.0775432761692,-5.475996907234048,-1.0148922169873908,0.0017152658662092,0.9982847341337908,development_exploratory_not_untouched_final,C_xgboost_current_pm,hourly_forecast_bucket_aware_arrival_time_exposure,2022-02-27T06:00:00,2022-02-27T05:00:00,06:00
od_13,motorbike,motorbike-7,9053.865774029062,21.72927785766975,355,596.4946861029134,579.8503082542861,682.0637369485455,-16.6443778486273,-2.7903648157153307,0.0085034013605442,0.9914965986394558,development_exploratory_not_untouched_final,C_xgboost_current_pm,hourly_forecast_bucket_aware_arrival_time_exposure,2022-02-27T06:00:00,2022-02-27T05:00:00,06:00
od_13,motorbike,motorbike-8,9451.855458954313,22.684453101490345,393,562.1177722174178,564.0070227461829,658.5066052916143,1.8892505287650465,0.3360951427158072,0.0079872204472843,0.9920127795527156,development_exploratory_not_untouched_final,C_xgboost_current_pm,hourly_forecast_bucket_aware_arrival_time_exposure,2022-02-27T06:00:00,2022-02-27T05:00:00,06:00
od_14,walking,walking-1,3449.3464763882066,41.39215771665848,138,1221.115342742152,1178.2343085711616,1357.972576054405,-42.88103417099046,-3.511628481769484,1.0,0.0,development_exploratory_not_untouched_final,C_xgboost_current_pm,hourly_forecast_bucket_aware_arrival_time_exposure,2022-02-27T06:00:00,2022-02-27T05:00:00,06:00
od_14,walking,walking-2,3578.7470410233627,42.94496449228036,172,1284.9429624412896,1235.875550398864,1423.6927943144128,-49.06741204242576,-3.818645144310653,0.087719298245614,0.912280701754386,development_exploratory_not_untouched_final,C_xgboost_current_pm,hourly_forecast_bucket_aware_arrival_time_exposure,2022-02-27T06:00:00,2022-02-27T05:00:00,06:00
od_14,walking,walking-3,4058.601500731728,48.703218008780745,197,1433.4485062466024,1384.4182775870702,1594.954247270786,-49.03022865953221,-3.42043878422357,0.0806451612903225,0.9193548387096774,development_exploratory_not_untouched_final,C_xgboost_current_pm,hourly_forecast_bucket_aware_arrival_time_exposure,2022-02-27T06:00:00,2022-02-27T05:00:00,06:00
od_14,walking,walking-4,4395.024946910382,52.74029936292458,222,1589.3283770951296,1526.8390893629212,1758.0614870556492,-62.48928773220837,-3.9318046939061264,0.0285714285714285,0.9714285714285714,development_exploratory_not_untouched_final,C_xgboost_current_pm,hourly_forecast_bucket_aware_arrival_time_exposure,2022-02-27T06:00:00,2022-02-27T05:00:00,06:00
od_14,walking,walking-5,3910.353898415349,46.92424678098419,188,1394.8332036181469,1343.49609004666,1547.904583274034,-51.337113571486725,-3.680519895735211,0.2490421455938697,0.7509578544061303,development_exploratory_not_untouched_final,C_xgboost_current_pm,hourly_forecast_bucket_aware_arrival_time_exposure,2022-02-27T06:00:00,2022-02-27T05:00:00,06:00
od_14,walking,walking-6,4552.763815811306,54.63316578973567,212,1615.283303223271,1557.5376547249068,1795.502291475948,-57.74564849836429,-3.574954831956339,0.1182108626198083,0.8817891373801917,development_exploratory_not_untouched_final,C_xgboost_current_pm,hourly_forecast_bucket_aware_arrival_time_exposure,2022-02-27T06:00:00,2022-02-27T05:00:00,06:00
od_14,walking,walking-7,3900.035635440011,46.80042762528013,158,1382.9186086161403,1333.497629192668,1537.4039948397335,-49.42097942347255,-3.573672312713121,0.2282157676348547,0.7717842323651453,development_exploratory_not_untouched_final,C_xgboost_current_pm,hourly_forecast_bucket_aware_arrival_time_exposure,2022-02-27T06:00:00,2022-02-27T05:00:00,06:00
od_14,walking,walking-8,3455.264828217764,41.46317793861317,144,1222.72137351283,1179.9222489766737,1359.8799000134763,-42.79912453615634,-3.500317035695234,0.7961783439490446,0.2038216560509553,development_exploratory_not_untouched_final,C_xgboost_current_pm,hourly_forecast_bucket_aware_arrival_time_exposure,2022-02-27T06:00:00,2022-02-27T05:00:00,06:00
od_14,motorbike,motorbike-1,3010.5441753969367,7.225306020952647,145,216.22758921041813,208.20259501677316,239.46171906255685,-8.024994193645,-3.711364596418645,1.0,0.0,development_exploratory_not_untouched_final,C_xgboost_current_pm,hourly_forecast_bucket_aware_arrival_time_exposure,2022-02-27T06:00:00,2022-02-27T05:00:00,06:00
od_14,motorbike,motorbike-2,3091.7023158472634,7.420085558033432,154,222.09032563854495,213.8665429317151,245.93811307911471,-8.223782706829894,-3.7029000174524542,0.430622009569378,0.569377990430622,development_exploratory_not_untouched_final,C_xgboost_current_pm,hourly_forecast_bucket_aware_arrival_time_exposure,2022-02-27T06:00:00,2022-02-27T05:00:00,06:00
od_14,motorbike,motorbike-3,3322.57627571959,7.974183061727015,159,239.42955048244363,230.33246920953923,264.94985376520606,-9.097081272904404,-3.7994814151277687,0.2063492063492063,0.7936507936507937,development_exploratory_not_untouched_final,C_xgboost_current_pm,hourly_forecast_bucket_aware_arrival_time_exposure,2022-02-27T06:00:00,2022-02-27T05:00:00,06:00
od_14,motorbike,motorbike-4,4154.239272164568,9.970174253194964,172,293.8963190945059,283.6681120309026,326.90777383652227,-10.228207063603293,-3.480209311609068,0.016025641025641,0.983974358974359,development_exploratory_not_untouched_final,C_xgboost_current_pm,hourly_forecast_bucket_aware_arrival_time_exposure,2022-02-27T06:00:00,2022-02-27T05:00:00,06:00
od_14,motorbike,motorbike-5,5029.718254103979,12.07132380984955,165,352.0093841849667,341.06686165146385,392.4535183627808,-10.942522533502824,-3.108588300518992,0.009771986970684,0.990228013029316,development_exploratory_not_untouched_final,C_xgboost_current_pm,hourly_forecast_bucket_aware_arrival_time_exposure,2022-02-27T06:00:00,2022-02-27T05:00:00,06:00
od_14,motorbike,motorbike-6,4517.9290852875,10.84302980469,182,320.6779808762072,309.82432106411915,356.1026188247564,-10.85365981208804,-3.384597777007312,0.0792079207920792,0.9207920792079208,development_exploratory_not_untouched_final,C_xgboost_current_pm,hourly_forecast_bucket_aware_arrival_time_exposure,2022-02-27T06:00:00,2022-02-27T05:00:00,06:00
od_14,motorbike,motorbike-7,6936.376700045968,16.647304080110324,323,492.41387609434287,473.63705836296,547.9396006105188,-18.77681773138289,-3.813218644509805,0.0588235294117647,0.9411764705882352,development_exploratory_not_untouched_final,C_xgboost_current_pm,hourly_forecast_bucket_aware_arrival_time_exposure,2022-02-27T06:00:00,2022-02-27T05:00:00,06:00
od_14,motorbike,motorbike-8,7290.831731815147,17.49799615635635,360,521.488483384357,503.50828420441377,578.0633199521598,-17.980199179943213,-3.447861218958333,0.0631578947368421,0.936842105263158,development_exploratory_not_untouched_final,C_xgboost_current_pm,hourly_forecast_bucket_aware_arrival_time_exposure,2022-02-27T06:00:00,2022-02-27T05:00:00,06:00
od_15,walking,walking-1,5536.69386072246,66.44032632866953,186,1959.4614532963608,1828.633086692868,2200.8050594224965,-130.82836660349335,-6.6767512258740025,1.0,0.0,development_exploratory_not_untouched_final,C_xgboost_current_pm,hourly_forecast_bucket_aware_arrival_time_exposure,2022-02-27T06:00:00,2022-02-27T05:00:00,06:00
od_15,walking,walking-2,5564.73083435787,66.77677001229445,194,1970.6415345043088,1838.6799807872876,2213.0386687109385,-131.9615537170214,-6.696375338004572,0.1515151515151515,0.8484848484848485,development_exploratory_not_untouched_final,C_xgboost_current_pm,hourly_forecast_bucket_aware_arrival_time_exposure,2022-02-27T06:00:00,2022-02-27T05:00:00,06:00
od_15,walking,walking-3,6642.2980399657945,79.70757647958953,304,2315.640363535422,2159.7826665119005,2570.621363731653,-155.85769702352127,-6.730652111520648,0.012396694214876,0.987603305785124,development_exploratory_not_untouched_final,C_xgboost_current_pm,hourly_forecast_bucket_aware_arrival_time_exposure,2022-02-27T06:00:00,2022-02-27T05:00:00,06:00
od_15,walking,walking-4,5539.285393453677,66.47142472144414,189,1960.510918044925,1829.5714308649196,2201.97201566838,-130.93948718000524,-6.678845089553579,0.8656716417910447,0.1343283582089552,development_exploratory_not_untouched_final,C_xgboost_current_pm,hourly_forecast_bucket_aware_arrival_time_exposure,2022-02-27T06:00:00,2022-02-27T05:00:00,06:00
od_15,walking,walking-5,5540.419810345768,66.48503772414922,189,1960.671830607018,1829.8049232246497,2202.195358444561,-130.86690738236825,-6.67459517393343,0.9329896907216496,0.0670103092783505,development_exploratory_not_untouched_final,C_xgboost_current_pm,hourly_forecast_bucket_aware_arrival_time_exposure,2022-02-27T06:00:00,2022-02-27T05:00:00,06:00
od_15,walking,walking-6,5540.793403493031,66.48952084191637,195,1961.0392282994053,1830.0795676369032,2202.5544499283983,-130.95966066250207,-6.678074501144429,0.6008403361344538,0.3991596638655462,development_exploratory_not_untouched_final,C_xgboost_current_pm,hourly_forecast_bucket_aware_arrival_time_exposure,2022-02-27T06:00:00,2022-02-27T05:00:00,06:00
od_15,walking,walking-7,5540.837695520378,66.49005234624452,194,1961.059412354903,1830.09877951554,2202.573885943627,-130.96063283936314,-6.67805534163299,0.5767634854771784,0.4232365145228216,development_exploratory_not_untouched_final,C_xgboost_current_pm,hourly_forecast_bucket_aware_arrival_time_exposure,2022-02-27T06:00:00,2022-02-27T05:00:00,06:00
od_15,walking,walking-8,5540.979390083845,66.49175268100615,191,1961.160328443662,1830.185902012148,2202.6652802970184,-130.97442643151408,-6.678415045008217,0.47265625,0.52734375,development_exploratory_not_untouched_final,C_xgboost_current_pm,hourly_forecast_bucket_aware_arrival_time_exposure,2022-02-27T06:00:00,2022-02-27T05:00:00,06:00
od_15,motorbike,motorbike-1,6597.866213869733,15.834878913287358,206,477.4145658894945,443.6527687130174,539.8164374078318,-33.7617971764771,-7.071798723521106,1.0,0.0,development_exploratory_not_untouched_final,C_xgboost_current_pm,hourly_forecast_bucket_aware_arrival_time_exposure,2022-02-27T06:00:00,2022-02-27T05:00:00,06:00
od_15,motorbike,motorbike-2,7259.933104184688,17.423839450043253,284,518.6674083211171,483.7339829785677,588.2754038677745,-34.93342534254941,-6.735226617694368,0.0913140311804008,0.9086859688195992,development_exploratory_not_untouched_final,C_xgboost_current_pm,hourly_forecast_bucket_aware_arrival_time_exposure,2022-02-27T06:00:00,2022-02-27T05:00:00,06:00
od_15,motorbike,motorbike-3,8286.265009658548,19.88703602318051,288,612.559218845402,565.5259380675607,689.5339703431879,-47.03328077784136,-7.678160630166213,0.051063829787234,0.948936170212766,development_exploratory_not_untouched_final,C_xgboost_current_pm,hourly_forecast_bucket_aware_arrival_time_exposure,2022-02-27T06:00:00,2022-02-27T05:00:00,06:00
od_15,motorbike,motorbike-4,8479.19339785534,20.35006415485282,266,637.8642597864291,585.5013497492363,715.8722043205582,-52.36291003719282,-8.209099229783632,0.0442477876106194,0.9557522123893806,development_exploratory_not_untouched_final,C_xgboost_current_pm,hourly_forecast_bucket_aware_arrival_time_exposure,2022-02-27T06:00:00,2022-02-27T05:00:00,06:00
od_15,motorbike,motorbike-5,8534.445133326042,20.4826683199825,282,627.7668760137921,579.8721334160851,708.1696413648763,-47.89474259770691,-7.62938352240405,0.0494623655913978,0.9505376344086022,development_exploratory_not_untouched_final,C_xgboost_current_pm,hourly_forecast_bucket_aware_arrival_time_exposure,2022-02-27T06:00:00,2022-02-27T05:00:00,06:00
od_15,motorbike,motorbike-6,9231.543438768904,22.155704253045368,279,693.5953324611507,636.56254938573,779.0442471040576,-57.03278307542075,-8.222774924543662,0.0543478260869565,0.9456521739130436,development_exploratory_not_untouched_final,C_xgboost_current_pm,hourly_forecast_bucket_aware_arrival_time_exposure,2022-02-27T06:00:00,2022-02-27T05:00:00,06:00
od_15,motorbike,motorbike-7,9919.657394086717,23.807177745808115,469,700.3199995861332,655.4999313894792,796.4079420493467,-44.820068196654006,-6.399941201613725,0.0481366459627329,0.9518633540372672,development_exploratory_not_untouched_final,C_xgboost_current_pm,hourly_forecast_bucket_aware_arrival_time_exposure,2022-02-27T06:00:00,2022-02-27T05:00:00,06:00
od_15,motorbike,motorbike-8,11122.098007482558,26.693035217958137,533,791.9093257756821,738.0160184328168,900.7392667771162,-53.89330734286523,-6.805489667655608,0.0423131170662905,0.9576868829337094,development_exploratory_not_untouched_final,C_xgboost_current_pm,hourly_forecast_bucket_aware_arrival_time_exposure,2022-02-27T06:00:00,2022-02-27T05:00:00,06:00
od_16,walking,walking-1,3526.7526483840734,42.32103178060888,93,1351.313248654732,1231.835869412125,1512.7630627510548,-119.47737924260696,-8.84157536097199,1.0,0.0,development_exploratory_not_untouched_final,C_xgboost_current_pm,hourly_forecast_bucket_aware_arrival_time_exposure,2022-02-27T06:00:00,2022-02-27T05:00:00,06:00
od_16,walking,walking-2,3567.1582323977727,42.80589878877327,97,1367.280165097014,1246.4105644671208,1530.267221247703,-120.86960062989328,-8.840148765071648,0.1111111111111111,0.8888888888888888,development_exploratory_not_untouched_final,C_xgboost_current_pm,hourly_forecast_bucket_aware_arrival_time_exposure,2022-02-27T06:00:00,2022-02-27T05:00:00,06:00
od_16,walking,walking-3,3734.965631994319,44.81958758393183,103,1443.2295887487803,1311.4952663098957,1614.2708951884183,-131.73432243888487,-9.127745402801295,0.0155440414507772,0.9844559585492229,development_exploratory_not_untouched_final,C_xgboost_current_pm,hourly_forecast_bucket_aware_arrival_time_exposure,2022-02-27T06:00:00,2022-02-27T05:00:00,06:00
od_16,walking,walking-4,4130.93814370375,49.571257724445005,172,1603.777504763898,1454.1888253157167,1794.048184347488,-149.5886794481812,-9.327271333077034,0.0037878787878787,0.9962121212121212,development_exploratory_not_untouched_final,C_xgboost_current_pm,hourly_forecast_bucket_aware_arrival_time_exposure,2022-02-27T06:00:00,2022-02-27T05:00:00,06:00
od_16,walking,walking-5,4672.320754159965,56.06784904991958,178,1797.965904840322,1634.868104320238,2014.447924339511,-163.0978005200841,-9.071239898432273,0.0037037037037037,0.9962962962962963,development_exploratory_not_untouched_final,C_xgboost_current_pm,hourly_forecast_bucket_aware_arrival_time_exposure,2022-02-27T06:00:00,2022-02-27T05:00:00,06:00
od_16,walking,walking-6,4619.874164764931,55.43848997717917,117,1758.7980412108675,1607.1394199810609,1970.314842520601,-151.65862122980684,-8.622855932077083,0.0606060606060606,0.9393939393939394,development_exploratory_not_untouched_final,C_xgboost_current_pm,hourly_forecast_bucket_aware_arrival_time_exposure,2022-02-27T06:00:00,2022-02-27T05:00:00,06:00
od_16,walking,walking-7,4741.988775572993,56.90386530687592,141,1810.9662554285344,1652.133290699224,2029.261229234976,-158.8329647293101,-8.77061978671298,0.1142857142857142,0.8857142857142857,development_exploratory_not_untouched_final,C_xgboost_current_pm,hourly_forecast_bucket_aware_arrival_time_exposure,2022-02-27T06:00:00,2022-02-27T05:00:00,06:00
od_16,walking,walking-8,4638.060823025682,55.65672987630819,146,1770.4781590756922,1615.9176511892358,1983.2548767866333,-154.56050788645643,-8.729873740275188,0.0669642857142857,0.9330357142857144,development_exploratory_not_untouched_final,C_xgboost_current_pm,hourly_forecast_bucket_aware_arrival_time_exposure,2022-02-27T06:00:00,2022-02-27T05:00:00,06:00
od_16,motorbike,motorbike-1,3518.2726482470057,8.443854355792814,92,269.5275626350361,245.7251793995522,301.7413066668453,-23.802383235483887,-8.831149958386407,1.0,0.0,development_exploratory_not_untouched_final,C_xgboost_current_pm,hourly_forecast_bucket_aware_arrival_time_exposure,2022-02-27T06:00:00,2022-02-27T05:00:00,06:00
od_16,motorbike,motorbike-2,3558.917201928772,8.541401284629051,96,272.73845377741605,248.65579292699675,305.26266205004697,-24.082660850419305,-8.829946975527458,0.1058823529411764,0.8941176470588236,development_exploratory_not_untouched_final,C_xgboost_current_pm,hourly_forecast_bucket_aware_arrival_time_exposure,2022-02-27T06:00:00,2022-02-27T05:00:00,06:00
od_16,motorbike,motorbike-3,3730.253531844718,8.952608476427322,104,288.20812644516434,261.9154041631541,322.3893269899395,-26.29272228201023,-9.122824746932594,0.0103092783505154,0.9896907216494846,development_exploratory_not_untouched_final,C_xgboost_current_pm,hourly_forecast_bucket_aware_arrival_time_exposure,2022-02-27T06:00:00,2022-02-27T05:00:00,06:00
od_16,motorbike,motorbike-4,4315.9206768779495,10.35820962450708,171,334.84341472832256,303.6887315073334,374.6263571177804,-31.15468322098917,-9.3042544218069,0.0,1.0,development_exploratory_not_untouched_final,C_xgboost_current_pm,hourly_forecast_bucket_aware_arrival_time_exposure,2022-02-27T06:00:00,2022-02-27T05:00:00,06:00
od_16,motorbike,motorbike-5,4371.406174047021,10.49137481771285,167,335.9432363052355,305.64554795483303,376.4287887191283,-30.29768835040244,-9.018692765963054,0.0,1.0,development_exploratory_not_untouched_final,C_xgboost_current_pm,hourly_forecast_bucket_aware_arrival_time_exposure,2022-02-27T06:00:00,2022-02-27T05:00:00,06:00
od_16,motorbike,motorbike-6,5438.996656530225,13.053591975672536,174,422.7414981745957,383.2168884285401,472.78759210736894,-39.5246097460556,-9.34959305313613,0.0,1.0,development_exploratory_not_untouched_final,C_xgboost_current_pm,hourly_forecast_bucket_aware_arrival_time_exposure,2022-02-27T06:00:00,2022-02-27T05:00:00,06:00
od_16,motorbike,motorbike-7,5740.59407093733,13.777425770249591,216,442.2463804874464,401.8247742663029,495.7007452084956,-40.421606221143406,-9.14006490603507,0.0,1.0,development_exploratory_not_untouched_final,C_xgboost_current_pm,hourly_forecast_bucket_aware_arrival_time_exposure,2022-02-27T06:00:00,2022-02-27T05:00:00,06:00
od_16,motorbike,motorbike-8,4046.094071154421,9.71062577077061,111,310.95885032997177,283.24252587347456,347.86685596126813,-27.716324456497205,-8.913180772017334,0.0572916666666666,0.9427083333333334,development_exploratory_not_untouched_final,C_xgboost_current_pm,hourly_forecast_bucket_aware_arrival_time_exposure,2022-02-27T06:00:00,2022-02-27T05:00:00,06:00
od_17,walking,walking-1,2869.567443923257,34.43480932707909,109,1009.1664406349132,978.6248762410725,1122.586851017688,-30.541564393840872,-3.026414986077595,1.0,0.0,development_exploratory_not_untouched_final,C_xgboost_current_pm,hourly_forecast_bucket_aware_arrival_time_exposure,2022-02-27T06:00:00,2022-02-27T05:00:00,06:00
od_17,walking,walking-2,3117.1436411806258,37.40572369416751,127,1091.4131037500115,1060.262170768508,1215.0984512964824,-31.15093298150373,-2.8541835235871287,0.0305676855895196,0.9694323144104804,development_exploratory_not_untouched_final,C_xgboost_current_pm,hourly_forecast_bucket_aware_arrival_time_exposure,2022-02-27T06:00:00,2022-02-27T05:00:00,06:00
od_17,walking,walking-3,3492.8486766457945,41.91418411974953,138,1211.401120839417,1181.274953484643,1350.902187298209,-30.126167354774,-2.4868862044554367,0.0040650406504065,0.9959349593495936,development_exploratory_not_untouched_final,C_xgboost_current_pm,hourly_forecast_bucket_aware_arrival_time_exposure,2022-02-27T06:00:00,2022-02-27T05:00:00,06:00
od_17,walking,walking-4,3798.92964477752,45.58715573733024,189,1335.7125604886814,1293.253145541055,1486.6637598370355,-42.45941494762678,-3.178783834457067,0.0719424460431654,0.9280575539568344,development_exploratory_not_untouched_final,C_xgboost_current_pm,hourly_forecast_bucket_aware_arrival_time_exposure,2022-02-27T06:00:00,2022-02-27T05:00:00,06:00
od_17,walking,walking-5,3699.564317421375,44.3947718090565,171,1286.827128316696,1251.5799793821775,1434.985793477507,-35.247148934518464,-2.7390741272781067,0.0108303249097472,0.9891696750902528,development_exploratory_not_untouched_final,C_xgboost_current_pm,hourly_forecast_bucket_aware_arrival_time_exposure,2022-02-27T06:00:00,2022-02-27T05:00:00,06:00
od_17,walking,walking-6,4039.383924892288,48.47260709870746,189,1425.6344412870992,1381.6774576864666,1584.267523918538,-43.95698360063261,-3.083327838302442,0.1778656126482213,0.8221343873517787,development_exploratory_not_untouched_final,C_xgboost_current_pm,hourly_forecast_bucket_aware_arrival_time_exposure,2022-02-27T06:00:00,2022-02-27T05:00:00,06:00
od_17,walking,walking-7,3979.441860286413,47.75330232343696,175,1372.705437678322,1339.1335316959626,1533.003934843182,-33.57190598235934,-2.4456744368362107,0.0106761565836298,0.98932384341637,development_exploratory_not_untouched_final,C_xgboost_current_pm,hourly_forecast_bucket_aware_arrival_time_exposure,2022-02-27T06:00:00,2022-02-27T05:00:00,06:00
od_17,walking,walking-8,3406.846781900452,40.88216138280541,133,1191.624152304693,1158.4318923162402,1326.7904296179108,-33.19225998845309,-2.7854638498436515,0.0476190476190476,0.9523809523809524,development_exploratory_not_untouched_final,C_xgboost_current_pm,hourly_forecast_bucket_aware_arrival_time_exposure,2022-02-27T06:00:00,2022-02-27T05:00:00,06:00
od_17,motorbike,motorbike-1,3100.431544695214,7.441035707268513,123,216.9669459176548,210.57170985403647,241.68788672420916,-6.395236063618341,-2.947562374798564,1.0,0.0,development_exploratory_not_untouched_final,C_xgboost_current_pm,hourly_forecast_bucket_aware_arrival_time_exposure,2022-02-27T06:00:00,2022-02-27T05:00:00,06:00
od_17,motorbike,motorbike-2,3430.7028674671524,8.233686881921164,158,236.80473531681503,231.1389501737699,264.3800986277475,-5.665785143045127,-2.392597907919796,0.0035714285714285,0.9964285714285714,development_exploratory_not_untouched_final,C_xgboost_current_pm,hourly_forecast_bucket_aware_arrival_time_exposure,2022-02-27T06:00:00,2022-02-27T05:00:00,06:00
od_17,motorbike,motorbike-3,3598.669823020513,8.63680757524923,172,250.46111930705865,243.71612259725987,279.2210752421013,-6.744996709798755,-2.6930314487373868,0.0034013605442176,0.9965986394557824,development_exploratory_not_untouched_final,C_xgboost_current_pm,hourly_forecast_bucket_aware_arrival_time_exposure,2022-02-27T06:00:00,2022-02-27T05:00:00,06:00
od_17,motorbike,motorbike-4,3910.031297179511,9.384075113230828,207,274.33192296412267,265.77112990667905,305.47980490622933,-8.560793057443618,-3.120596744609706,0.0610932475884244,0.9389067524115756,development_exploratory_not_untouched_final,C_xgboost_current_pm,hourly_forecast_bucket_aware_arrival_time_exposure,2022-02-27T06:00:00,2022-02-27T05:00:00,06:00
od_17,motorbike,motorbike-5,4322.052827981246,10.37292678715499,179,296.597397357864,289.7887302817059,331.6597547008476,-6.808667076158088,-2.295592320367865,0.0033222591362126,0.9966777408637874,development_exploratory_not_untouched_final,C_xgboost_current_pm,hourly_forecast_bucket_aware_arrival_time_exposure,2022-02-27T06:00:00,2022-02-27T05:00:00,06:00
od_17,motorbike,motorbike-6,4425.4574769019055,10.621097944564571,173,311.40739786417794,300.9641604782004,346.8407393550706,-10.443237385977568,-3.353561109210528,0.1003717472118959,0.8996282527881041,development_exploratory_not_untouched_final,C_xgboost_current_pm,hourly_forecast_bucket_aware_arrival_time_exposure,2022-02-27T06:00:00,2022-02-27T05:00:00,06:00
od_17,motorbike,motorbike-7,4846.264008247869,11.631033619794886,212,332.7288685799016,325.60241933834504,371.7922126247997,-7.126449241556543,-2.1418187342662742,0.0029940119760479,0.997005988023952,development_exploratory_not_untouched_final,C_xgboost_current_pm,hourly_forecast_bucket_aware_arrival_time_exposure,2022-02-27T06:00:00,2022-02-27T05:00:00,06:00
od_17,motorbike,motorbike-8,4544.134894653479,10.90592374716835,236,319.5376828603592,309.4453617785307,355.7315395846068,-10.092321081828516,-3.158413427639127,0.0466472303206997,0.9533527696793004,development_exploratory_not_untouched_final,C_xgboost_current_pm,hourly_forecast_bucket_aware_arrival_time_exposure,2022-02-27T06:00:00,2022-02-27T05:00:00,06:00
od_18,walking,walking-1,5302.621662889769,63.63145995467723,203,1805.7389274982756,1701.367975025709,2064.648206928729,-104.3709524725664,-5.7799580483744135,1.0,0.0,development_exploratory_not_untouched_final,C_xgboost_current_pm,hourly_forecast_bucket_aware_arrival_time_exposure,2022-02-27T06:00:00,2022-02-27T05:00:00,06:00
od_18,walking,walking-2,5453.31078610955,65.43972943331461,229,1855.2000859622287,1747.1665549220488,2113.3440022310137,-108.03353104018038,-5.82328191215812,0.1612903225806451,0.8387096774193549,development_exploratory_not_untouched_final,C_xgboost_current_pm,hourly_forecast_bucket_aware_arrival_time_exposure,2022-02-27T06:00:00,2022-02-27T05:00:00,06:00
od_18,walking,walking-3,5886.37401271426,70.63648815257112,231,1938.388825473556,1834.018474547713,2214.4937757927287,-104.370350925843,-5.384386741929598,0.0,1.0,development_exploratory_not_untouched_final,C_xgboost_current_pm,hourly_forecast_bucket_aware_arrival_time_exposure,2022-02-27T06:00:00,2022-02-27T05:00:00,06:00
od_18,walking,walking-4,5942.626807119122,71.31152168542945,200,1974.7144357610523,1864.0236518683244,2245.683969856438,-110.69078389272796,-5.60540713574456,0.0176767676767676,0.9823232323232324,development_exploratory_not_untouched_final,C_xgboost_current_pm,hourly_forecast_bucket_aware_arrival_time_exposure,2022-02-27T06:00:00,2022-02-27T05:00:00,06:00
od_18,walking,walking-5,5308.283968697918,63.69940762437501,204,1807.5972206202523,1702.6681286605524,2064.449754779014,-104.92909195970014,-5.8048934111380825,0.938095238095238,0.0619047619047619,development_exploratory_not_untouched_final,C_xgboost_current_pm,hourly_forecast_bucket_aware_arrival_time_exposure,2022-02-27T06:00:00,2022-02-27T05:00:00,06:00
od_18,walking,walking-6,5308.400234141976,63.70080280970371,204,1807.6324447348009,1702.7024421077883,2064.4917462716453,-104.93000262701251,-5.804830674103489,0.9473684210526316,0.0526315789473684,development_exploratory_not_untouched_final,C_xgboost_current_pm,hourly_forecast_bucket_aware_arrival_time_exposure,2022-02-27T06:00:00,2022-02-27T05:00:00,06:00
od_18,walking,walking-7,5309.089136494983,63.7090696379398,205,1807.9327818174872,1702.9707633198873,2064.8139723891604,-104.96201849759996,-5.805637220211431,0.933649289099526,0.0663507109004739,development_exploratory_not_untouched_final,C_xgboost_current_pm,hourly_forecast_bucket_aware_arrival_time_exposure,2022-02-27T06:00:00,2022-02-27T05:00:00,06:00
od_18,walking,walking-8,5309.1663973922905,63.70999676870749,197,1808.2773375235688,1703.2058570134448,2065.1212570649927,-105.07148051012382,-5.810584379386127,0.6194331983805668,0.3805668016194332,development_exploratory_not_untouched_final,C_xgboost_current_pm,hourly_forecast_bucket_aware_arrival_time_exposure,2022-02-27T06:00:00,2022-02-27T05:00:00,06:00
od_18,motorbike,motorbike-1,5302.621662889769,12.726291990935444,203,361.1477854996549,340.81708699574244,415.6104689914186,-20.3306985039124,-5.629467857814632,1.0,0.0,development_exploratory_not_untouched_final,C_xgboost_current_pm,hourly_forecast_bucket_aware_arrival_time_exposure,2022-02-27T06:00:00,2022-02-27T05:00:00,06:00
od_18,motorbike,motorbike-2,5717.7226839283285,13.722534441427989,212,377.52904165852976,358.5086007465031,439.29014317553896,-19.02044091202669,-5.038139802031557,0.0272277227722772,0.9727722772277227,development_exploratory_not_untouched_final,C_xgboost_current_pm,hourly_forecast_bucket_aware_arrival_time_exposure,2022-02-27T06:00:00,2022-02-27T05:00:00,06:00
od_18,motorbike,motorbike-3,6081.216092446163,14.594918621870791,196,403.193259204628,382.7658233469611,468.185321434029,-20.427435857666865,-5.066413039236742,0.0,1.0,development_exploratory_not_untouched_final,C_xgboost_current_pm,hourly_forecast_bucket_aware_arrival_time_exposure,2022-02-27T06:00:00,2022-02-27T05:00:00,06:00
od_18,motorbike,motorbike-4,6866.884558121766,16.48052293949224,281,473.282038894348,446.3520299924457,541.4171457144053,-26.930008901902283,-5.69005512332868,0.0,1.0,development_exploratory_not_untouched_final,C_xgboost_current_pm,hourly_forecast_bucket_aware_arrival_time_exposure,2022-02-27T06:00:00,2022-02-27T05:00:00,06:00
od_18,motorbike,motorbike-5,6679.123938559837,16.02989745254361,243,439.1758864334837,417.4293629492589,511.7562349116682,-21.74652348422478,-4.951666099162857,0.0,1.0,development_exploratory_not_untouched_final,C_xgboost_current_pm,hourly_forecast_bucket_aware_arrival_time_exposure,2022-02-27T06:00:00,2022-02-27T05:00:00,06:00
od_18,motorbike,motorbike-6,7275.468701341869,17.461124883220485,263,476.6014386554703,453.2920623197532,556.1631290066061,-23.309376335717104,-4.890748211225436,0.0130434782608695,0.9869565217391304,development_exploratory_not_untouched_final,C_xgboost_current_pm,hourly_forecast_bucket_aware_arrival_time_exposure,2022-02-27T06:00:00,2022-02-27T05:00:00,06:00
od_18,motorbike,motorbike-7,7933.760205359548,19.04102449286292,333,532.709372408697,504.9929649050584,614.866354747782,-27.716407503638607,-5.202913434452295,0.0132325141776937,0.9867674858223062,development_exploratory_not_untouched_final,C_xgboost_current_pm,hourly_forecast_bucket_aware_arrival_time_exposure,2022-02-27T06:00:00,2022-02-27T05:00:00,06:00
od_18,motorbike,motorbike-8,8688.186354942,20.8516472518608,323,605.5113022832286,570.3568702992741,689.3643415629952,-35.15443198395451,-5.805743319967128,0.0,1.0,development_exploratory_not_untouched_final,C_xgboost_current_pm,hourly_forecast_bucket_aware_arrival_time_exposure,2022-02-27T06:00:00,2022-02-27T05:00:00,06:00
od_19,walking,walking-1,4418.02744247005,53.01632930964061,189,1361.7156848249629,1335.6395587220773,1592.3162284946957,-26.07612610288561,-1.9149464453908729,1.0,0.0,development_exploratory_not_untouched_final,C_xgboost_current_pm,hourly_forecast_bucket_aware_arrival_time_exposure,2022-02-27T06:00:00,2022-02-27T05:00:00,06:00
od_19,walking,walking-2,4669.099392270077,56.02919270724093,200,1449.6355183086634,1417.1204791659125,1693.8606581386025,-32.51503914275099,-2.2429803031238733,0.0428954423592493,0.9571045576407506,development_exploratory_not_untouched_final,C_xgboost_current_pm,hourly_forecast_bucket_aware_arrival_time_exposure,2022-02-27T06:00:00,2022-02-27T05:00:00,06:00
od_19,walking,walking-3,4794.828675782964,57.53794410939557,214,1501.3137342323594,1461.381459478656,1753.6563294736038,-39.932274753703496,-2.659822117335213,0.0176767676767676,0.9823232323232324,development_exploratory_not_untouched_final,C_xgboost_current_pm,hourly_forecast_bucket_aware_arrival_time_exposure,2022-02-27T06:00:00,2022-02-27T05:00:00,06:00
od_19,walking,walking-4,4983.018894738077,59.79622673685692,199,1530.9466681798776,1503.0719457204923,1791.8461138682535,-27.87472245938534,-1.820750718411715,0.0291777188328912,0.9708222811671088,development_exploratory_not_untouched_final,C_xgboost_current_pm,hourly_forecast_bucket_aware_arrival_time_exposure,2022-02-27T06:00:00,2022-02-27T05:00:00,06:00
od_19,walking,walking-5,5519.494188661551,66.23393026393862,225,1717.685305860165,1669.898099356339,1985.0870162303231,-47.78720650382616,-2.782069936838387,0.0072992700729927,0.9927007299270072,development_exploratory_not_untouched_final,C_xgboost_current_pm,hourly_forecast_bucket_aware_arrival_time_exposure,2022-02-27T06:00:00,2022-02-27T05:00:00,06:00
od_19,walking,walking-6,4419.070388169506,53.02884465803408,189,1362.0215389157825,1335.9404975903888,1592.6842153536084,-26.0810413253937,-1.9148773040810447,0.9790575916230366,0.0209424083769633,development_exploratory_not_untouched_final,C_xgboost_current_pm,hourly_forecast_bucket_aware_arrival_time_exposure,2022-02-27T06:00:00,2022-02-27T05:00:00,06:00
od_19,walking,walking-7,4419.312988553481,53.031755862641766,190,1362.1172727007074,1336.0354004457636,1592.7793143633176,-26.08187225494385,-1.9148037234144015,0.9739583333333334,0.0260416666666666,development_exploratory_not_untouched_final,C_xgboost_current_pm,hourly_forecast_bucket_aware_arrival_time_exposure,2022-02-27T06:00:00,2022-02-27T05:00:00,06:00
od_19,walking,walking-8,4420.03263678007,53.04039164136084,188,1362.3353143871764,1336.250546782654,1593.0348797927804,-26.084767604522312,-1.9147097876014545,0.904040404040404,0.0959595959595959,development_exploratory_not_untouched_final,C_xgboost_current_pm,hourly_forecast_bucket_aware_arrival_time_exposure,2022-02-27T06:00:00,2022-02-27T05:00:00,06:00
od_19,motorbike,motorbike-1,4452.229550030954,10.685350920074288,188,274.43053809422736,269.18462312096096,320.90686669578355,-5.2459149732663946,-1.9115638549909408,1.0,0.0,development_exploratory_not_untouched_final,C_xgboost_current_pm,hourly_forecast_bucket_aware_arrival_time_exposure,2022-02-27T06:00:00,2022-02-27T05:00:00,06:00
od_19,motorbike,motorbike-2,4754.873068349656,11.411695364039174,204,295.61273562688905,288.89630004844327,345.26892088079035,-6.716435578445783,-2.272038640081802,0.0343007915567282,0.9656992084432716,development_exploratory_not_untouched_final,C_xgboost_current_pm,hourly_forecast_bucket_aware_arrival_time_exposure,2022-02-27T06:00:00,2022-02-27T05:00:00,06:00
od_19,motorbike,motorbike-3,4874.50019299605,11.698800463190516,224,304.9110619219848,296.9295103366851,356.23271017765984,-7.981551585299712,-2.61766547103558,0.03,0.97,development_exploratory_not_untouched_final,C_xgboost_current_pm,hourly_forecast_bucket_aware_arrival_time_exposure,2022-02-27T06:00:00,2022-02-27T05:00:00,06:00
od_19,motorbike,motorbike-4,5145.295096555073,12.348708231732171,202,315.971486824216,310.27944669548293,369.87487234785607,-5.692040128733026,-1.8014410686049247,0.0893854748603352,0.9106145251396648,development_exploratory_not_untouched_final,C_xgboost_current_pm,hourly_forecast_bucket_aware_arrival_time_exposure,2022-02-27T06:00:00,2022-02-27T05:00:00,06:00
od_19,motorbike,motorbike-5,6605.204278532614,15.852490268478272,248,401.8191455532511,396.9588600130206,469.90623685593584,-4.86028554023045,-1.2095704234148643,0.0022988505747126,0.9977011494252872,development_exploratory_not_untouched_final,C_xgboost_current_pm,hourly_forecast_bucket_aware_arrival_time_exposure,2022-02-27T06:00:00,2022-02-27T05:00:00,06:00
od_19,motorbike,motorbike-6,5903.006512813113,14.16721563075147,246,371.70925252243,360.62192245180574,434.3666051678244,-11.087330070624262,-2.982796364466397,0.0163934426229508,0.9836065573770492,development_exploratory_not_untouched_final,C_xgboost_current_pm,hourly_forecast_bucket_aware_arrival_time_exposure,2022-02-27T06:00:00,2022-02-27T05:00:00,06:00
od_19,motorbike,motorbike-7,6287.954321782368,15.091090372277684,233,396.25371584928456,384.95264279649615,462.08153134184136,-11.30107305278841,-2.851979073197331,0.0120192307692307,0.9879807692307692,development_exploratory_not_untouched_final,C_xgboost_current_pm,hourly_forecast_bucket_aware_arrival_time_exposure,2022-02-27T06:00:00,2022-02-27T05:00:00,06:00
od_19,motorbike,motorbike-8,8408.646974442783,20.18075273866268,306,532.5822473032698,514.5175734185713,623.1703319693869,-18.06467388469855,-3.3919031241031834,0.0102249488752556,0.9897750511247444,development_exploratory_not_untouched_final,C_xgboost_current_pm,hourly_forecast_bucket_aware_arrival_time_exposure,2022-02-27T06:00:00,2022-02-27T05:00:00,06:00
od_20,walking,walking-1,3870.689305537254,46.44827166644704,130,1067.3732976705355,1114.173604349804,1254.053656539986,46.80030667926826,4.3846240843205,1.0,0.0,development_exploratory_not_untouched_final,C_xgboost_current_pm,hourly_forecast_bucket_aware_arrival_time_exposure,2022-02-27T06:00:00,2022-02-27T05:00:00,06:00
od_20,walking,walking-2,3950.8530504774094,47.41023660572891,187,1147.8489934853485,1174.8149179386926,1334.4123317567378,26.965924453344314,2.3492571415221195,0.1241134751773049,0.875886524822695,development_exploratory_not_untouched_final,C_xgboost_current_pm,hourly_forecast_bucket_aware_arrival_time_exposure,2022-02-27T06:00:00,2022-02-27T05:00:00,06:00
od_20,walking,walking-3,4345.859001048228,52.15030801257873,109,1175.0926868794004,1235.9826666361712,1386.235794309952,60.8899797567708,5.181717190196413,0.0622222222222222,0.9377777777777778,development_exploratory_not_untouched_final,C_xgboost_current_pm,hourly_forecast_bucket_aware_arrival_time_exposure,2022-02-27T06:00:00,2022-02-27T05:00:00,06:00
od_20,walking,walking-4,4882.235947122253,58.58683136546703,155,1385.1007717537625,1428.987689581335,1619.1148874094674,43.88691782757246,3.168499990943222,0.051660516605166,0.948339483394834,development_exploratory_not_untouched_final,C_xgboost_current_pm,hourly_forecast_bucket_aware_arrival_time_exposure,2022-02-27T06:00:00,2022-02-27T05:00:00,06:00
od_20,walking,walking-5,4964.158644154792,59.5699037298575,207,1443.2406078386502,1478.0020296224338,1676.5648853555244,34.76142178378359,2.408567330699013,0.0664556962025316,0.9335443037974684,development_exploratory_not_untouched_final,C_xgboost_current_pm,hourly_forecast_bucket_aware_arrival_time_exposure,2022-02-27T06:00:00,2022-02-27T05:00:00,06:00
od_20,walking,walking-6,3870.805038637056,46.44966046364468,131,1067.3957534170383,1114.2014902438066,1254.0814268855158,46.80573682676823,4.3850405697165,0.9191176470588236,0.0808823529411765,development_exploratory_not_untouched_final,C_xgboost_current_pm,hourly_forecast_bucket_aware_arrival_time_exposure,2022-02-27T06:00:00,2022-02-27T05:00:00,06:00
od_20,walking,walking-7,3871.082348784088,46.452988185409055,131,1067.4842354217667,1114.289713729726,1254.181889660318,46.80547830795945,4.384652883371757,0.9333333333333332,0.0666666666666666,development_exploratory_not_untouched_final,C_xgboost_current_pm,hourly_forecast_bucket_aware_arrival_time_exposure,2022-02-27T06:00:00,2022-02-27T05:00:00,06:00
od_20,walking,walking-8,3872.345590797201,46.468147089566415,131,1067.8896598586116,1114.693229301543,1254.641672437696,46.80356944293135,4.382809498233004,0.962406015037594,0.037593984962406,development_exploratory_not_untouched_final,C_xgboost_current_pm,hourly_forecast_bucket_aware_arrival_time_exposure,2022-02-27T06:00:00,2022-02-27T05:00:00,06:00
od_20,motorbike,motorbike-1,3654.393112300191,8.770543469520456,116,201.92809135266677,210.77882628846552,237.01287863054196,8.850734935798783,4.383112263633,1.0,0.0,development_exploratory_not_untouched_final,C_xgboost_current_pm,hourly_forecast_bucket_aware_arrival_time_exposure,2022-02-27T06:00:00,2022-02-27T05:00:00,06:00
od_20,motorbike,motorbike-2,3919.565781839212,9.406957876414108,140,218.45996597823247,227.25540615835916,255.98623678654644,8.795440180126661,4.026110752485902,0.3544973544973545,0.6455026455026456,development_exploratory_not_untouched_final,C_xgboost_current_pm,hourly_forecast_bucket_aware_arrival_time_exposure,2022-02-27T06:00:00,2022-02-27T05:00:00,06:00
od_20,motorbike,motorbike-3,4201.855861486638,10.08445406756793,131,229.89088463442872,240.77170413707933,270.4982318965252,10.88081950265061,4.73303650988739,0.235,0.765,development_exploratory_not_untouched_final,C_xgboost_current_pm,hourly_forecast_bucket_aware_arrival_time_exposure,2022-02-27T06:00:00,2022-02-27T05:00:00,06:00
od_20,motorbike,motorbike-4,4941.221431558331,11.858931435739994,218,286.4105143342093,293.2749531979831,333.2300124515789,6.864438863773785,2.3967132909665967,0.0536277602523659,0.946372239747634,development_exploratory_not_untouched_final,C_xgboost_current_pm,hourly_forecast_bucket_aware_arrival_time_exposure,2022-02-27T06:00:00,2022-02-27T05:00:00,06:00
od_20,motorbike,motorbike-5,5457.211260147203,13.097307024353286,244,334.45547077683943,335.89588254498744,384.7734872700295,1.4404117681480102,0.430673705172879,0.0169491525423728,0.9830508474576272,development_exploratory_not_untouched_final,C_xgboost_current_pm,hourly_forecast_bucket_aware_arrival_time_exposure,2022-02-27T06:00:00,2022-02-27T05:00:00,06:00
od_20,motorbike,motorbike-6,6581.540642478123,15.795697541947495,278,395.6870161898474,400.4192250420652,456.7148166789474,4.732208852217809,1.1959474682250717,0.0233766233766233,0.9766233766233766,development_exploratory_not_untouched_final,C_xgboost_current_pm,hourly_forecast_bucket_aware_arrival_time_exposure,2022-02-27T06:00:00,2022-02-27T05:00:00,06:00
od_20,motorbike,motorbike-7,7460.396092847425,17.90495062283382,316,456.0781079750051,455.3432246242412,528.0484725939978,-0.734883350763937,-0.1611310295130876,0.0236966824644549,0.976303317535545,development_exploratory_not_untouched_final,C_xgboost_current_pm,hourly_forecast_bucket_aware_arrival_time_exposure,2022-02-27T06:00:00,2022-02-27T05:00:00,06:00
od_20,motorbike,motorbike-8,7893.002443534943,18.94320586448386,322,498.0651843053924,494.3990977371309,570.8345308671792,-3.666086568261506,-0.7360656162655241,0.0115473441108545,0.9884526558891455,development_exploratory_not_untouched_final,C_xgboost_current_pm,hourly_forecast_bucket_aware_arrival_time_exposure,2022-02-27T06:00:00,2022-02-27T05:00:00,06:00
od_21,walking,walking-1,3656.554209845969,43.87865051815163,198,1134.1867402342673,1118.0264657920525,1317.4445809678164,-16.160274442214813,-1.4248336600088354,1.0,0.0,development_exploratory_not_untouched_final,C_xgboost_current_pm,hourly_forecast_bucket_aware_arrival_time_exposure,2022-02-27T06:00:00,2022-02-27T05:00:00,06:00
od_21,walking,walking-2,3703.420846934152,44.44105016320982,153,1170.0166777949582,1146.3769636880154,1353.4295314824517,-23.639714106942847,-2.0204595845159083,0.0636363636363636,0.9363636363636364,development_exploratory_not_untouched_final,C_xgboost_current_pm,hourly_forecast_bucket_aware_arrival_time_exposure,2022-02-27T06:00:00,2022-02-27T05:00:00,06:00
od_21,walking,walking-3,3775.065186328442,45.300782235941305,157,1211.516624720646,1181.32697631335,1395.943265414519,-30.18964840729609,-2.4918889094284844,0.0349854227405247,0.9650145772594751,development_exploratory_not_untouched_final,C_xgboost_current_pm,hourly_forecast_bucket_aware_arrival_time_exposure,2022-02-27T06:00:00,2022-02-27T05:00:00,06:00
od_21,walking,walking-4,4127.407665016449,49.52889198019739,170,1344.3055617391449,1304.6820895805888,1543.1695532856709,-39.62347215855584,-2.9475048892377167,0.0137741046831955,0.9862258953168044,development_exploratory_not_untouched_final,C_xgboost_current_pm,hourly_forecast_bucket_aware_arrival_time_exposure,2022-02-27T06:00:00,2022-02-27T05:00:00,06:00
od_21,walking,walking-5,4231.384507489439,50.77661408987327,209,1317.6560579627794,1295.8876864465678,1530.9538127348014,-21.768371516211573,-1.6520526266822262,0.0074257425742574,0.9925742574257426,development_exploratory_not_untouched_final,C_xgboost_current_pm,hourly_forecast_bucket_aware_arrival_time_exposure,2022-02-27T06:00:00,2022-02-27T05:00:00,06:00
od_21,walking,walking-6,4736.583304188543,56.83899965026252,231,1540.630654658551,1496.1613320223305,1769.292876674066,-44.46932263622057,-2.886436311114183,0.0046838407494145,0.9953161592505856,development_exploratory_not_untouched_final,C_xgboost_current_pm,hourly_forecast_bucket_aware_arrival_time_exposure,2022-02-27T06:00:00,2022-02-27T05:00:00,06:00
od_21,walking,walking-7,4840.254960892578,58.08305953071094,256,1518.4503607734748,1490.9212823186583,1759.6475879258633,-27.5290784548165,-1.812971906489825,0.1209876543209876,0.8790123456790123,development_exploratory_not_untouched_final,C_xgboost_current_pm,hourly_forecast_bucket_aware_arrival_time_exposure,2022-02-27T06:00:00,2022-02-27T05:00:00,06:00
od_21,walking,walking-8,4738.2173129590965,56.85860775550916,191,1503.586491294459,1471.8321435596044,1736.9750865081958,-31.75434773485449,-2.11190695837635,0.0236842105263157,0.9763157894736842,development_exploratory_not_untouched_final,C_xgboost_current_pm,hourly_forecast_bucket_aware_arrival_time_exposure,2022-02-27T06:00:00,2022-02-27T05:00:00,06:00
od_21,motorbike,motorbike-1,3770.566646302767,9.04935995112664,154,242.09787315060527,236.05511334720904,278.9077731161576,-6.042759803396308,-2.4959987152126697,1.0,0.0,development_exploratory_not_untouched_final,C_xgboost_current_pm,hourly_forecast_bucket_aware_arrival_time_exposure,2022-02-27T06:00:00,2022-02-27T05:00:00,06:00
od_21,motorbike,motorbike-2,3880.3113618434136,9.312747268424191,202,241.41364289457871,237.6751230970692,280.2995365347003,-3.738519797509497,-1.5485950804951176,0.0953846153846153,0.9046153846153846,development_exploratory_not_untouched_final,C_xgboost_current_pm,hourly_forecast_bucket_aware_arrival_time_exposure,2022-02-27T06:00:00,2022-02-27T05:00:00,06:00
od_21,motorbike,motorbike-3,4009.0199907207616,9.621647977729827,176,249.4064882400348,245.37366208212447,289.8403899359337,-4.032826157910307,-1.6169692241642963,0.03125,0.96875,development_exploratory_not_untouched_final,C_xgboost_current_pm,hourly_forecast_bucket_aware_arrival_time_exposure,2022-02-27T06:00:00,2022-02-27T05:00:00,06:00
od_21,motorbike,motorbike-4,4351.407359613082,10.443377663071397,197,281.4220916720555,273.8192647284335,323.5473727096664,-7.602826943622006,-2.7015743143866864,0.0144508670520231,0.9855491329479767,development_exploratory_not_untouched_final,C_xgboost_current_pm,hourly_forecast_bucket_aware_arrival_time_exposure,2022-02-27T06:00:00,2022-02-27T05:00:00,06:00
od_21,motorbike,motorbike-5,4780.991840857919,11.474380418059006,236,287.05612624440334,285.89530287282395,336.20579441443374,-1.1608233715793972,-0.4043889906711334,0.0051546391752577,0.9948453608247424,development_exploratory_not_untouched_final,C_xgboost_current_pm,hourly_forecast_bucket_aware_arrival_time_exposure,2022-02-27T06:00:00,2022-02-27T05:00:00,06:00
od_21,motorbike,motorbike-6,5023.670349757082,12.056808839416997,227,316.0805874718521,310.0916067801711,366.0579933488883,-5.988980691680979,-1.8947638447471296,0.0052770448548812,0.9947229551451188,development_exploratory_not_untouched_final,C_xgboost_current_pm,hourly_forecast_bucket_aware_arrival_time_exposure,2022-02-27T06:00:00,2022-02-27T05:00:00,06:00
od_21,motorbike,motorbike-7,6111.949874884903,14.668679699723764,290,410.4714632436173,395.3796146995119,467.084053246606,-15.091848544105405,-3.676710781511333,0.004524886877828,0.995475113122172,development_exploratory_not_untouched_final,C_xgboost_current_pm,hourly_forecast_bucket_aware_arrival_time_exposure,2022-02-27T06:00:00,2022-02-27T05:00:00,06:00
od_21,motorbike,motorbike-8,6565.283984766543,15.756681563439704,324,383.6343636755666,385.15445286709326,452.9311805629989,1.5200891915266652,0.3962338454154175,0.0042016806722689,0.9957983193277312,development_exploratory_not_untouched_final,C_xgboost_current_pm,hourly_forecast_bucket_aware_arrival_time_exposure,2022-02-27T06:00:00,2022-02-27T05:00:00,06:00
od_22,walking,walking-1,2923.0830049804026,35.07699605976483,139,905.3611700584196,892.4281103132595,1049.365861106335,-12.933059745159994,-1.4284972862626164,1.0,0.0,development_exploratory_not_untouched_final,C_xgboost_current_pm,hourly_forecast_bucket_aware_arrival_time_exposure,2022-02-27T06:00:00,2022-02-27T05:00:00,06:00
od_22,walking,walking-2,3130.359741676711,37.56431690012053,141,967.1159168847972,954.4057402932694,1121.1920390767325,-12.71017659152767,-1.3142350745781084,0.081081081081081,0.9189189189189187,development_exploratory_not_untouched_final,C_xgboost_current_pm,hourly_forecast_bucket_aware_arrival_time_exposure,2022-02-27T06:00:00,2022-02-27T05:00:00,06:00
od_22,walking,walking-3,3298.849895487439,39.58619874584927,128,1015.7331625122932,1003.7731237649828,1178.1092037718747,-11.960038747310364,-1.1774784154657956,0.0075471698113207,0.9924528301886792,development_exploratory_not_untouched_final,C_xgboost_current_pm,hourly_forecast_bucket_aware_arrival_time_exposure,2022-02-27T06:00:00,2022-02-27T05:00:00,06:00
od_22,walking,walking-4,3634.672604218706,43.61607125062448,178,1131.9931201431573,1113.359081240302,1310.8777218649589,-18.63403890285531,-1.6461265153712912,0.0325732899022801,0.96742671009772,development_exploratory_not_untouched_final,C_xgboost_current_pm,hourly_forecast_bucket_aware_arrival_time_exposure,2022-02-27T06:00:00,2022-02-27T05:00:00,06:00
od_22,walking,walking-5,3937.347627248149,47.248171526977785,194,1209.31457974707,1196.5354634675502,1402.8462524467295,-12.779116279519712,-1.056723907371768,0.003012048192771,0.9969879518072288,development_exploratory_not_untouched_final,C_xgboost_current_pm,hourly_forecast_bucket_aware_arrival_time_exposure,2022-02-27T06:00:00,2022-02-27T05:00:00,06:00
od_22,walking,walking-6,4028.912822926736,48.34695387512083,213,1243.4882800539287,1227.5864277162582,1441.907937556754,-15.901852337670562,-1.2788099890238545,0.0114942528735632,0.9885057471264368,development_exploratory_not_untouched_final,C_xgboost_current_pm,hourly_forecast_bucket_aware_arrival_time_exposure,2022-02-27T06:00:00,2022-02-27T05:00:00,06:00
od_22,walking,walking-7,3966.091453703494,47.59309744444193,223,1231.5545552390795,1212.8181921519547,1426.7433504045082,-18.736363087125028,-1.5213587581175214,0.13125,0.86875,development_exploratory_not_untouched_final,C_xgboost_current_pm,hourly_forecast_bucket_aware_arrival_time_exposure,2022-02-27T06:00:00,2022-02-27T05:00:00,06:00
od_22,walking,walking-8,3906.1922019945778,46.87430642393494,186,1204.3158403025468,1189.4807965514406,1396.596554755121,-14.83504375110624,-1.231823351869174,0.0517799352750809,0.948220064724919,development_exploratory_not_untouched_final,C_xgboost_current_pm,hourly_forecast_bucket_aware_arrival_time_exposure,2022-02-27T06:00:00,2022-02-27T05:00:00,06:00
od_22,motorbike,motorbike-1,2923.0830049804026,7.015399211952966,139,181.07223401168395,178.48562206265166,209.87317222126688,-2.5866119490322887,-1.428497286262776,1.0,0.0,development_exploratory_not_untouched_final,C_xgboost_current_pm,hourly_forecast_bucket_aware_arrival_time_exposure,2022-02-27T06:00:00,2022-02-27T05:00:00,06:00
od_22,motorbike,motorbike-2,3253.4797045440173,7.80835129090564,151,200.66330136644612,198.16819781944088,232.69741350723504,-2.495103547005272,-1.243427936256654,0.0069444444444444,0.9930555555555556,development_exploratory_not_untouched_final,C_xgboost_current_pm,hourly_forecast_bucket_aware_arrival_time_exposure,2022-02-27T06:00:00,2022-02-27T05:00:00,06:00
od_22,motorbike,motorbike-3,3246.293405767103,7.791104173841047,155,200.9223175063444,198.1124227371733,232.92103324343503,-2.809894769171109,-1.398498088238696,0.1484375,0.8515625,development_exploratory_not_untouched_final,C_xgboost_current_pm,hourly_forecast_bucket_aware_arrival_time_exposure,2022-02-27T06:00:00,2022-02-27T05:00:00,06:00
od_22,motorbike,motorbike-4,3447.2453151415484,8.273388756339717,165,211.99396205847063,209.59628529787756,245.95140584930888,-2.3976767605931286,-1.1310118162383411,0.0066225165562913,0.9933774834437086,development_exploratory_not_untouched_final,C_xgboost_current_pm,hourly_forecast_bucket_aware_arrival_time_exposure,2022-02-27T06:00:00,2022-02-27T05:00:00,06:00
od_22,motorbike,motorbike-5,3792.1061157127183,9.101054677710524,198,236.24050812981747,232.2947684702526,273.62136239480054,-3.945739659564879,-1.6702214581237862,0.0305810397553516,0.9694189602446484,development_exploratory_not_untouched_final,C_xgboost_current_pm,hourly_forecast_bucket_aware_arrival_time_exposure,2022-02-27T06:00:00,2022-02-27T05:00:00,06:00
od_22,motorbike,motorbike-6,5150.575893512994,12.361382144431188,235,322.6506575426578,316.5918287197963,373.3668759156838,-6.058828822861528,-1.8778293740376115,0.0080862533692722,0.9919137466307276,development_exploratory_not_untouched_final,C_xgboost_current_pm,hourly_forecast_bucket_aware_arrival_time_exposure,2022-02-27T06:00:00,2022-02-27T05:00:00,06:00
od_22,motorbike,motorbike-7,4930.396361172614,11.832951266814272,245,303.07441531037875,299.97445198652906,351.35969620557023,-3.0999633238496926,-1.0228390016607036,0.0294906166219839,0.970509383378016,development_exploratory_not_untouched_final,C_xgboost_current_pm,hourly_forecast_bucket_aware_arrival_time_exposure,2022-02-27T06:00:00,2022-02-27T05:00:00,06:00
od_22,motorbike,motorbike-8,7206.146067977132,17.294750563145115,287,450.5605520830479,442.7585601843056,521.21088546497,-7.801991898742358,-1.7316189494779126,0.0023529411764705,0.9976470588235294,development_exploratory_not_untouched_final,C_xgboost_current_pm,hourly_forecast_bucket_aware_arrival_time_exposure,2022-02-27T06:00:00,2022-02-27T05:00:00,06:00
od_23,walking,walking-1,4221.266579474209,50.65519895369051,125,1354.9804168070668,1297.728026196051,1588.5552926816208,-57.25239061101615,-4.22532974653081,1.0,0.0,development_exploratory_not_untouched_final,C_xgboost_current_pm,hourly_forecast_bucket_aware_arrival_time_exposure,2022-02-27T06:00:00,2022-02-27T05:00:00,06:00
od_23,walking,walking-2,4277.290032966221,51.327480395594655,135,1372.8499926107231,1314.9334492217909,1609.454029471204,-57.91654338893227,-4.218708795619649,0.1872146118721461,0.812785388127854,development_exploratory_not_untouched_final,C_xgboost_current_pm,hourly_forecast_bucket_aware_arrival_time_exposure,2022-02-27T06:00:00,2022-02-27T05:00:00,06:00
od_23,walking,walking-3,5021.308970105159,60.2557076412619,175,1605.63576203198,1537.706860041215,1886.047285536865,-67.9289019907651,-4.230654523090532,0.0101010101010101,0.98989898989899,development_exploratory_not_untouched_final,C_xgboost_current_pm,hourly_forecast_bucket_aware_arrival_time_exposure,2022-02-27T06:00:00,2022-02-27T05:00:00,06:00
od_23,walking,walking-4,5288.480351008413,63.46176421210096,202,1690.164313504911,1620.5331491217114,1967.515439636967,-69.63116438319958,-4.11978668741412,0.0,1.0,development_exploratory_not_untouched_final,C_xgboost_current_pm,hourly_forecast_bucket_aware_arrival_time_exposure,2022-02-27T06:00:00,2022-02-27T05:00:00,06:00
od_23,walking,walking-5,5373.048826836592,64.4765859220391,234,1708.1939903590269,1640.1371075829982,1986.011127545649,-68.05688277602871,-3.984142501386776,0.0169971671388102,0.9830028328611898,development_exploratory_not_untouched_final,C_xgboost_current_pm,hourly_forecast_bucket_aware_arrival_time_exposure,2022-02-27T06:00:00,2022-02-27T05:00:00,06:00
od_23,walking,walking-6,4221.918341608979,50.66302009930776,125,1355.1586185012495,1297.8967786615028,1588.7893846689117,-57.261839839746926,-4.225471399287279,0.968503937007874,0.031496062992126,development_exploratory_not_untouched_final,C_xgboost_current_pm,hourly_forecast_bucket_aware_arrival_time_exposure,2022-02-27T06:00:00,2022-02-27T05:00:00,06:00
od_23,walking,walking-7,4223.545173895734,50.6825420867488,124,1355.6679374659243,1298.4060275873026,1589.3650253396725,-57.26190987862197,-4.2238890731353065,0.9606299212598424,0.0393700787401575,development_exploratory_not_untouched_final,C_xgboost_current_pm,hourly_forecast_bucket_aware_arrival_time_exposure,2022-02-27T06:00:00,2022-02-27T05:00:00,06:00
od_23,walking,walking-8,4225.394324659734,50.7047318959168,125,1356.1862685966826,1298.902767006369,1590.0266034923168,-57.28350159031356,-4.223866803310715,0.968503937007874,0.031496062992126,development_exploratory_not_untouched_final,C_xgboost_current_pm,hourly_forecast_bucket_aware_arrival_time_exposure,2022-02-27T06:00:00,2022-02-27T05:00:00,06:00
od_23,motorbike,motorbike-1,4397.937440340368,10.555049856816884,142,281.720981064496,269.9727901584509,330.50724155874104,-11.748190906045124,-4.170151211902653,1.0,0.0,development_exploratory_not_untouched_final,C_xgboost_current_pm,hourly_forecast_bucket_aware_arrival_time_exposure,2022-02-27T06:00:00,2022-02-27T05:00:00,06:00
od_23,motorbike,motorbike-2,4618.640272626199,11.084736654302876,144,296.5253011288168,284.06275242570143,347.5367053687653,-12.462548703115374,-4.202861831915443,0.1532258064516129,0.8467741935483871,development_exploratory_not_untouched_final,C_xgboost_current_pm,hourly_forecast_bucket_aware_arrival_time_exposure,2022-02-27T06:00:00,2022-02-27T05:00:00,06:00
od_23,motorbike,motorbike-3,4979.400370424192,11.95056088901806,171,316.0016487125244,303.6812669182148,371.6961986962746,-12.320381794309585,-3.898834656245032,0.102112676056338,0.897887323943662,development_exploratory_not_untouched_final,C_xgboost_current_pm,hourly_forecast_bucket_aware_arrival_time_exposure,2022-02-27T06:00:00,2022-02-27T05:00:00,06:00
od_23,motorbike,motorbike-4,5334.869162264364,12.803685989434474,205,338.8895355878425,326.124737480539,397.8548480345072,-12.764798107303475,-3.7666545487046337,0.0266272189349112,0.9733727810650888,development_exploratory_not_untouched_final,C_xgboost_current_pm,hourly_forecast_bucket_aware_arrival_time_exposure,2022-02-27T06:00:00,2022-02-27T05:00:00,06:00
od_23,motorbike,motorbike-5,6846.717874696213,16.43212289927091,228,445.03729062339886,425.6431194151313,518.5724711034984,-19.39417120826755,-4.357875534677241,0.0335195530726257,0.9664804469273744,development_exploratory_not_untouched_final,C_xgboost_current_pm,hourly_forecast_bucket_aware_arrival_time_exposure,2022-02-27T06:00:00,2022-02-27T05:00:00,06:00
od_23,motorbike,motorbike-6,8374.061852065422,20.097748444957013,289,547.6046736423697,524.8581640546454,634.6056071595486,-22.74650958772429,-4.153819476453119,0.0070093457943925,0.9929906542056076,development_exploratory_not_untouched_final,C_xgboost_current_pm,hourly_forecast_bucket_aware_arrival_time_exposure,2022-02-27T06:00:00,2022-02-27T05:00:00,06:00
od_23,motorbike,motorbike-7,7900.239487965283,18.96057477111668,304,544.5746852715425,511.4791659951631,625.4829742623039,-33.095519276379434,-6.077315044469418,0.0324074074074074,0.9675925925925926,development_exploratory_not_untouched_final,C_xgboost_current_pm,hourly_forecast_bucket_aware_arrival_time_exposure,2022-02-27T06:00:00,2022-02-27T05:00:00,06:00
od_23,motorbike,motorbike-8,8731.427376937661,20.955425704650388,344,553.9803186783049,536.7828086337739,645.7858408357407,-17.197510044530986,-3.1043539751666773,0.0188679245283018,0.981132075471698,development_exploratory_not_untouched_final,C_xgboost_current_pm,hourly_forecast_bucket_aware_arrival_time_exposure,2022-02-27T06:00:00,2022-02-27T05:00:00,06:00
od_24,walking,walking-1,3217.1952186069398,38.60634262328327,169,1109.2416090044112,1066.5034435666196,1247.2805778997051,-42.73816543779162,-3.8529176232534974,1.0,0.0,development_exploratory_not_untouched_final,C_xgboost_current_pm,hourly_forecast_bucket_aware_arrival_time_exposure,2022-02-27T06:00:00,2022-02-27T05:00:00,06:00
od_24,walking,walking-2,3376.4768292075096,40.51772195049011,162,1168.7049624235262,1123.5971144818386,1312.0328570664474,-45.10784794168762,-3.859643741748828,0.1863799283154122,0.8136200716845878,development_exploratory_not_untouched_final,C_xgboost_current_pm,hourly_forecast_bucket_aware_arrival_time_exposure,2022-02-27T06:00:00,2022-02-27T05:00:00,06:00
od_24,walking,walking-3,3455.2813170415407,41.46337580449848,120,1162.736692548988,1120.2320716869372,1320.2600025119823,-42.50462086205084,-3.655567174789236,0.1747967479674796,0.8252032520325203,development_exploratory_not_untouched_final,C_xgboost_current_pm,hourly_forecast_bucket_aware_arrival_time_exposure,2022-02-27T06:00:00,2022-02-27T05:00:00,06:00
od_24,walking,walking-4,3697.223517795296,44.36668221354355,153,1242.7554769570331,1197.310423276915,1411.9466319714202,-45.44505368011824,-3.6567976985620194,0.1541218637992831,0.8458781362007168,development_exploratory_not_untouched_final,C_xgboost_current_pm,hourly_forecast_bucket_aware_arrival_time_exposure,2022-02-27T06:00:00,2022-02-27T05:00:00,06:00
od_24,walking,walking-5,4167.745900027202,50.01295080032642,210,1441.6116590219551,1385.24380730719,1619.503967701929,-56.36785171476504,-3.91005798003931,0.0859598853868194,0.9140401146131804,development_exploratory_not_untouched_final,C_xgboost_current_pm,hourly_forecast_bucket_aware_arrival_time_exposure,2022-02-27T06:00:00,2022-02-27T05:00:00,06:00
od_24,walking,walking-6,4158.3684544541575,49.90042145344989,222,1431.9032969963646,1377.8893483038382,1610.156858694151,-54.01394869252636,-3.772178526708392,0.15,0.85,development_exploratory_not_untouched_final,C_xgboost_current_pm,hourly_forecast_bucket_aware_arrival_time_exposure,2022-02-27T06:00:00,2022-02-27T05:00:00,06:00
od_24,walking,walking-7,4325.690506521784,51.90828607826142,223,1497.4993508719472,1439.6471153431658,1681.135956336079,-57.85223552878142,-3.863256133974006,0.0828729281767955,0.9171270718232044,development_exploratory_not_untouched_final,C_xgboost_current_pm,hourly_forecast_bucket_aware_arrival_time_exposure,2022-02-27T06:00:00,2022-02-27T05:00:00,06:00
od_24,walking,walking-8,4429.411243953382,53.15293492744058,226,1525.970555185335,1468.2265945509478,1715.707072491767,-57.74396063438712,-3.7840809207077983,0.2539682539682539,0.746031746031746,development_exploratory_not_untouched_final,C_xgboost_current_pm,hourly_forecast_bucket_aware_arrival_time_exposure,2022-02-27T06:00:00,2022-02-27T05:00:00,06:00
od_24,motorbike,motorbike-1,3533.6228842866053,8.480694922287851,145,243.94322292244095,234.6937803268731,274.07051356508765,-9.24944259556787,-3.791637449386585,1.0,0.0,development_exploratory_not_untouched_final,C_xgboost_current_pm,hourly_forecast_bucket_aware_arrival_time_exposure,2022-02-27T06:00:00,2022-02-27T05:00:00,06:00
od_24,motorbike,motorbike-2,3630.0838233931054,8.712201176143452,138,249.6832402663683,240.3615279120197,280.8638742699824,-9.321712354348591,-3.733415324314101,0.1890756302521008,0.8109243697478992,development_exploratory_not_untouched_final,C_xgboost_current_pm,hourly_forecast_bucket_aware_arrival_time_exposure,2022-02-27T06:00:00,2022-02-27T05:00:00,06:00
od_24,motorbike,motorbike-3,4208.9241180908175,10.10141788341796,167,281.26789027449894,271.66515425357267,319.89556529224353,-9.602736020926272,-3.4140889710356324,0.0684931506849315,0.9315068493150684,development_exploratory_not_untouched_final,C_xgboost_current_pm,hourly_forecast_bucket_aware_arrival_time_exposure,2022-02-27T06:00:00,2022-02-27T05:00:00,06:00
od_24,motorbike,motorbike-4,4565.795915007203,10.957910196017286,177,318.2149734161268,305.7928322201119,356.3763611144302,-12.422141196014875,-3.9036947453036905,0.1180555555555555,0.8819444444444444,development_exploratory_not_untouched_final,C_xgboost_current_pm,hourly_forecast_bucket_aware_arrival_time_exposure,2022-02-27T06:00:00,2022-02-27T05:00:00,06:00
od_24,motorbike,motorbike-5,4700.748857607914,11.281797258258994,232,321.0963022537947,309.18030283945825,362.32777170020375,-11.915999414336454,-3.711036013400753,0.1023391812865497,0.8976608187134503,development_exploratory_not_untouched_final,C_xgboost_current_pm,hourly_forecast_bucket_aware_arrival_time_exposure,2022-02-27T06:00:00,2022-02-27T05:00:00,06:00
od_24,motorbike,motorbike-6,5161.740202140574,12.388176485137375,211,343.9245656640663,332.0923366307217,391.831218336214,-11.83222903334456,-3.440355884581352,0.0439882697947214,0.9560117302052786,development_exploratory_not_untouched_final,C_xgboost_current_pm,hourly_forecast_bucket_aware_arrival_time_exposure,2022-02-27T06:00:00,2022-02-27T05:00:00,06:00
od_24,motorbike,motorbike-7,5020.245201313301,12.04858848315192,196,343.636868336632,331.0254480431534,387.1532526189784,-12.611420293478602,-3.66998464237087,0.1291390728476821,0.8708609271523179,development_exploratory_not_untouched_final,C_xgboost_current_pm,hourly_forecast_bucket_aware_arrival_time_exposure,2022-02-27T06:00:00,2022-02-27T05:00:00,06:00
od_24,motorbike,motorbike-8,6984.4440615726935,16.762665747774466,326,459.12300348666776,445.7832008936978,524.2256032436499,-13.339802592969932,-2.9054964555609115,0.0328947368421052,0.9671052631578948,development_exploratory_not_untouched_final,C_xgboost_current_pm,hourly_forecast_bucket_aware_arrival_time_exposure,2022-02-27T06:00:00,2022-02-27T05:00:00,06:00
od_25,walking,walking-1,4470.538515459889,53.64646218551867,183,1615.3202643487557,1502.408453253384,1826.305796136366,-112.91181109537138,-6.9900572404998425,1.0,0.0,development_exploratory_not_untouched_final,C_xgboost_current_pm,hourly_forecast_bucket_aware_arrival_time_exposure,2022-02-27T06:00:00,2022-02-27T05:00:00,06:00
od_25,walking,walking-2,4607.483581433419,55.28980297720103,178,1678.280864830174,1556.7013721139624,1894.7745185402557,-121.57949271621167,-7.244287607873927,0.1316614420062695,0.8683385579937304,development_exploratory_not_untouched_final,C_xgboost_current_pm,hourly_forecast_bucket_aware_arrival_time_exposure,2022-02-27T06:00:00,2022-02-27T05:00:00,06:00
od_25,walking,walking-3,4895.412353447138,58.74494824136566,185,1850.623931933166,1695.298984514009,2076.1588842167403,-155.3249474191573,-8.393112438403652,0.0308123249299719,0.969187675070028,development_exploratory_not_untouched_final,C_xgboost_current_pm,hourly_forecast_bucket_aware_arrival_time_exposure,2022-02-27T06:00:00,2022-02-27T05:00:00,06:00
od_25,walking,walking-4,4734.231662335523,56.81077994802627,192,1655.1993078290811,1555.3797032268735,1884.6271219569408,-99.81960460220762,-6.030669788832172,0.0932944606413994,0.9067055393586004,development_exploratory_not_untouched_final,C_xgboost_current_pm,hourly_forecast_bucket_aware_arrival_time_exposure,2022-02-27T06:00:00,2022-02-27T05:00:00,06:00
od_25,walking,walking-5,5337.013678056967,64.0441641366836,196,2044.4185606938029,1858.4604884039395,2276.0670890001197,-185.95807228986337,-9.095890433843245,0.0326975476839237,0.9673024523160764,development_exploratory_not_untouched_final,C_xgboost_current_pm,hourly_forecast_bucket_aware_arrival_time_exposure,2022-02-27T06:00:00,2022-02-27T05:00:00,06:00
od_25,walking,walking-6,5196.567199682312,62.35880639618775,194,1945.430909678228,1784.2019752919498,2178.4864481602744,-161.22893438627807,-8.28756927754094,0.0472222222222222,0.9527777777777776,development_exploratory_not_untouched_final,C_xgboost_current_pm,hourly_forecast_bucket_aware_arrival_time_exposure,2022-02-27T06:00:00,2022-02-27T05:00:00,06:00
od_25,walking,walking-7,5713.187947409113,68.55825536890936,181,2095.944577706841,1925.7829151387305,2332.981255335362,-170.1616625681104,-8.118614603554219,0.0996978851963746,0.9003021148036254,development_exploratory_not_untouched_final,C_xgboost_current_pm,hourly_forecast_bucket_aware_arrival_time_exposure,2022-02-27T06:00:00,2022-02-27T05:00:00,06:00
od_25,walking,walking-8,5465.027062490462,65.58032474988555,210,2013.280871598755,1851.2092808101904,2249.3900489138337,-162.07159078856444,-8.050123213054851,0.1039325842696629,0.8960674157303371,development_exploratory_not_untouched_final,C_xgboost_current_pm,hourly_forecast_bucket_aware_arrival_time_exposure,2022-02-27T06:00:00,2022-02-27T05:00:00,06:00
od_25,motorbike,motorbike-1,5074.162420415552,12.177989808997324,195,367.5256152434862,341.7303675325548,415.1757673009551,-25.795247710931392,-7.018625815738586,1.0,0.0,development_exploratory_not_untouched_final,C_xgboost_current_pm,hourly_forecast_bucket_aware_arrival_time_exposure,2022-02-27T06:00:00,2022-02-27T05:00:00,06:00
od_25,motorbike,motorbike-2,5095.070126138192,12.22816830273166,212,363.5837755997154,339.6517667400687,411.9840025460807,-23.932008859646714,-6.582254342942536,0.1274238227146814,0.8725761772853186,development_exploratory_not_untouched_final,C_xgboost_current_pm,hourly_forecast_bucket_aware_arrival_time_exposure,2022-02-27T06:00:00,2022-02-27T05:00:00,06:00
od_25,motorbike,motorbike-3,5589.160331046289,13.413984794511094,185,423.465610633174,387.7678107680064,474.7922556440532,-35.69779986516755,-8.42991708625206,0.0584958217270195,0.9415041782729804,development_exploratory_not_untouched_final,C_xgboost_current_pm,hourly_forecast_bucket_aware_arrival_time_exposure,2022-02-27T06:00:00,2022-02-27T05:00:00,06:00
od_25,motorbike,motorbike-4,5670.159232882905,13.608382158918973,201,399.583118661074,374.7040662814726,454.0529316814632,-24.879052379601376,-6.226252115696551,0.0879120879120879,0.912087912087912,development_exploratory_not_untouched_final,C_xgboost_current_pm,hourly_forecast_bucket_aware_arrival_time_exposure,2022-02-27T06:00:00,2022-02-27T05:00:00,06:00
od_25,motorbike,motorbike-5,7792.868426528579,18.70288422366859,329,531.5497836781585,504.1454320640712,607.8295105533327,-27.40435161408732,-5.155556912178152,0.0376237623762376,0.9623762376237625,development_exploratory_not_untouched_final,C_xgboost_current_pm,hourly_forecast_bucket_aware_arrival_time_exposure,2022-02-27T06:00:00,2022-02-27T05:00:00,06:00
od_25,motorbike,motorbike-6,8778.593070021463,21.068623368051515,310,626.5318879241447,585.7541573584426,709.4337557400751,-40.777730565702086,-6.508484460513064,0.024340770791075,0.975659229208925,development_exploratory_not_untouched_final,C_xgboost_current_pm,hourly_forecast_bucket_aware_arrival_time_exposure,2022-02-27T06:00:00,2022-02-27T05:00:00,06:00
od_25,motorbike,motorbike-7,7958.908879463801,19.101381310713123,256,614.1047893622576,558.7308456635527,686.8543918349119,-55.37394369870492,-9.017018700702572,0.0488372093023255,0.9511627906976744,development_exploratory_not_untouched_final,C_xgboost_current_pm,hourly_forecast_bucket_aware_arrival_time_exposure,2022-02-27T06:00:00,2022-02-27T05:00:00,06:00
od_25,motorbike,motorbike-8,7918.284047414298,19.003881713794318,254,580.9103330489472,537.7286220934749,654.8950991609993,-43.18171095547234,-7.433455474759796,0.0741626794258373,0.9258373205741628,development_exploratory_not_untouched_final,C_xgboost_current_pm,hourly_forecast_bucket_aware_arrival_time_exposure,2022-02-27T06:00:00,2022-02-27T05:00:00,06:00
od_26,walking,walking-1,2896.3240824541845,34.75588898945021,127,887.8223673634127,880.6626825784853,1028.4096489634228,-7.159684784927435,-0.8064321251772156,1.0,0.0,development_exploratory_not_untouched_final,C_xgboost_current_pm,hourly_forecast_bucket_aware_arrival_time_exposure,2022-02-27T06:00:00,2022-02-27T05:00:00,06:00
od_26,walking,walking-2,2980.864070874784,35.77036885049741,112,911.0062253218448,904.8758058752558,1055.5228669735725,-6.130419446589031,-0.6729283814085074,0.0622222222222222,0.9377777777777778,development_exploratory_not_untouched_final,C_xgboost_current_pm,hourly_forecast_bucket_aware_arrival_time_exposure,2022-02-27T06:00:00,2022-02-27T05:00:00,06:00
od_26,walking,walking-3,3108.560616540251,37.302727398483015,109,954.0858068850176,945.8131930714968,1105.129266174828,-8.27261381352082,-0.8670723066859121,0.0216450216450216,0.9783549783549784,development_exploratory_not_untouched_final,C_xgboost_current_pm,hourly_forecast_bucket_aware_arrival_time_exposure,2022-02-27T06:00:00,2022-02-27T05:00:00,06:00
od_26,walking,walking-4,2986.2787647878768,35.83534517745452,145,914.1222816827756,907.34122816777,1058.9927450426703,-6.781053515005624,-0.7418103300712264,0.1193415637860082,0.8806584362139918,development_exploratory_not_untouched_final,C_xgboost_current_pm,hourly_forecast_bucket_aware_arrival_time_exposure,2022-02-27T06:00:00,2022-02-27T05:00:00,06:00
od_26,walking,walking-5,3746.634063035978,44.95960875643174,154,1144.5064571434243,1137.0932934228372,1326.1648768951536,-7.413163720587363,-0.6477170726576668,0.0107913669064748,0.9892086330935252,development_exploratory_not_untouched_final,C_xgboost_current_pm,hourly_forecast_bucket_aware_arrival_time_exposure,2022-02-27T06:00:00,2022-02-27T05:00:00,06:00
od_26,walking,walking-6,4134.677900527131,49.616134806325576,188,1271.2651414415484,1258.9678998512366,1472.3348441624871,-12.297241590311842,-0.9673231169044256,0.1330935251798561,0.8669064748201438,development_exploratory_not_untouched_final,C_xgboost_current_pm,hourly_forecast_bucket_aware_arrival_time_exposure,2022-02-27T06:00:00,2022-02-27T05:00:00,06:00
od_26,walking,walking-7,3987.778437209056,47.85334124650868,165,1217.3396311262925,1209.829599423123,1410.5517991236995,-7.510031703169261,-0.6169216471019612,0.0034364261168384,0.9965635738831616,development_exploratory_not_untouched_final,C_xgboost_current_pm,hourly_forecast_bucket_aware_arrival_time_exposure,2022-02-27T06:00:00,2022-02-27T05:00:00,06:00
od_26,walking,walking-8,3411.853954168932,40.94224745002718,173,1046.008374784231,1037.4035888164244,1211.6714388698504,-8.604785967806265,-0.8226306954359949,0.1235955056179775,0.8764044943820225,development_exploratory_not_untouched_final,C_xgboost_current_pm,hourly_forecast_bucket_aware_arrival_time_exposure,2022-02-27T06:00:00,2022-02-27T05:00:00,06:00
od_26,motorbike,motorbike-1,2937.338739477396,7.049612974745751,112,180.16290421998983,178.6877891533414,208.6720581355713,-1.4751150666484136,-0.8187673666978684,1.0,0.0,development_exploratory_not_untouched_final,C_xgboost_current_pm,hourly_forecast_bucket_aware_arrival_time_exposure,2022-02-27T06:00:00,2022-02-27T05:00:00,06:00
od_26,motorbike,motorbike-2,2984.8899456370477,7.163735869528913,115,182.6708580823671,181.34746623878783,211.6179002301541,-1.3233918435792305,-0.7244679624718833,0.1073170731707317,0.8926829268292683,development_exploratory_not_untouched_final,C_xgboost_current_pm,hourly_forecast_bucket_aware_arrival_time_exposure,2022-02-27T06:00:00,2022-02-27T05:00:00,06:00
od_26,motorbike,motorbike-3,3258.678841448659,7.820829219476781,165,199.65893464463045,198.13580897920983,231.25670747715225,-1.5231256654205936,-0.7628637647153528,0.2096069868995633,0.7903930131004366,development_exploratory_not_untouched_final,C_xgboost_current_pm,hourly_forecast_bucket_aware_arrival_time_exposure,2022-02-27T06:00:00,2022-02-27T05:00:00,06:00
od_26,motorbike,motorbike-4,3649.860252873173,8.759664606895615,121,222.5196211265461,221.3063668668384,257.86986263307625,-1.2132542597077247,-0.5452347319150572,0.0043103448275862,0.9956896551724138,development_exploratory_not_untouched_final,C_xgboost_current_pm,hourly_forecast_bucket_aware_arrival_time_exposure,2022-02-27T06:00:00,2022-02-27T05:00:00,06:00
od_26,motorbike,motorbike-5,4538.665524224427,10.892797258138623,191,278.0624806068073,275.92191387577225,322.1832570553132,-2.140566731035051,-0.769815016525695,0.0167785234899328,0.9832214765100672,development_exploratory_not_untouched_final,C_xgboost_current_pm,hourly_forecast_bucket_aware_arrival_time_exposure,2022-02-27T06:00:00,2022-02-27T05:00:00,06:00
od_26,motorbike,motorbike-6,4792.008542306752,11.500820501536204,231,292.911109448967,291.0115074878942,339.3187231967433,-1.89960196107279,-0.6485250643604392,0.0269461077844311,0.9730538922155688,development_exploratory_not_untouched_final,C_xgboost_current_pm,hourly_forecast_bucket_aware_arrival_time_exposure,2022-02-27T06:00:00,2022-02-27T05:00:00,06:00
od_26,motorbike,motorbike-7,5637.919340989541,13.531006418374895,268,348.6353373144216,344.52298937385336,403.5026875230867,-4.112347940568213,-1.1795556848155744,0.0052910052910052,0.9947089947089948,development_exploratory_not_untouched_final,C_xgboost_current_pm,hourly_forecast_bucket_aware_arrival_time_exposure,2022-02-27T06:00:00,2022-02-27T05:00:00,06:00
od_26,motorbike,motorbike-8,9144.710064192806,21.94730415406273,329,562.7505463458472,557.2657289628523,651.9390121069506,-5.484817382994834,-0.974644523867606,0.0022727272727272,0.9977272727272728,development_exploratory_not_untouched_final,C_xgboost_current_pm,hourly_forecast_bucket_aware_arrival_time_exposure,2022-02-27T06:00:00,2022-02-27T05:00:00,06:00
od_27,walking,walking-1,3464.3506661395845,41.572207993675015,112,1007.228070981801,1005.1979834536064,1198.9159917013212,-2.030087528194713,-0.201551921226329,1.0,0.0,development_exploratory_not_untouched_final,C_xgboost_current_pm,hourly_forecast_bucket_aware_arrival_time_exposure,2022-02-27T06:00:00,2022-02-27T05:00:00,06:00
od_27,walking,walking-2,3535.842562360606,42.43011074832727,135,1002.2694937148268,1013.9528003323974,1193.921766367406,11.68330661757068,1.165685146643294,0.1706161137440758,0.8293838862559242,development_exploratory_not_untouched_final,C_xgboost_current_pm,hourly_forecast_bucket_aware_arrival_time_exposure,2022-02-27T06:00:00,2022-02-27T05:00:00,06:00
od_27,walking,walking-3,3869.557886931462,46.43469464317754,139,1117.2845751254704,1111.7802879302749,1340.258191998878,-5.504287195195502,-0.492648633816266,0.0120967741935483,0.9879032258064516,development_exploratory_not_untouched_final,C_xgboost_current_pm,hourly_forecast_bucket_aware_arrival_time_exposure,2022-02-27T06:00:00,2022-02-27T05:00:00,06:00
od_27,walking,walking-4,3848.3424962212457,46.18010995465495,155,1111.212475919953,1108.0237175086197,1329.9157145383526,-3.1887584113333105,-0.2869620779494393,0.1033057851239669,0.8966942148760331,development_exploratory_not_untouched_final,C_xgboost_current_pm,hourly_forecast_bucket_aware_arrival_time_exposure,2022-02-27T06:00:00,2022-02-27T05:00:00,06:00
od_27,walking,walking-5,4640.402220056612,55.68482664067935,163,1342.732204109876,1333.785487730475,1611.589707534011,-8.946716379400641,-0.666306829613251,0.0073260073260073,0.9926739926739928,development_exploratory_not_untouched_final,C_xgboost_current_pm,hourly_forecast_bucket_aware_arrival_time_exposure,2022-02-27T06:00:00,2022-02-27T05:00:00,06:00
od_27,walking,walking-6,4565.968522067712,54.79162226481255,182,1321.3391497596656,1314.8255824814205,1583.0212545725944,-6.5135672782453184,-0.4929519631224165,0.1666666666666666,0.8333333333333334,development_exploratory_not_untouched_final,C_xgboost_current_pm,hourly_forecast_bucket_aware_arrival_time_exposure,2022-02-27T06:00:00,2022-02-27T05:00:00,06:00
od_27,walking,walking-7,3468.6783622341645,41.62414034680998,111,1008.3957961705236,1006.4102359171764,1200.309767336446,-1.9855602533471028,-0.1969028689813515,0.8739495798319328,0.1260504201680672,development_exploratory_not_untouched_final,C_xgboost_current_pm,hourly_forecast_bucket_aware_arrival_time_exposure,2022-02-27T06:00:00,2022-02-27T05:00:00,06:00
od_27,walking,walking-8,3469.479999896061,41.63375999875273,112,1008.6135823198056,1006.6646444363008,1200.5358526957716,-1.948937883504641,-0.1932293910837582,0.8064516129032258,0.1935483870967742,development_exploratory_not_untouched_final,C_xgboost_current_pm,hourly_forecast_bucket_aware_arrival_time_exposure,2022-02-27T06:00:00,2022-02-27T05:00:00,06:00
od_27,motorbike,motorbike-1,3470.9311321175137,8.330234717082032,124,201.86588155502704,201.5947789441525,240.0693093000252,-0.27110261087455,-0.1342983810766702,1.0,0.0,development_exploratory_not_untouched_final,C_xgboost_current_pm,hourly_forecast_bucket_aware_arrival_time_exposure,2022-02-27T06:00:00,2022-02-27T05:00:00,06:00
od_27,motorbike,motorbike-2,3605.9840264691393,8.654361663525934,131,208.5362105643873,207.80438576480856,249.541948284232,-0.7318247995787033,-0.35093416035425,0.1697247706422018,0.8302752293577982,development_exploratory_not_untouched_final,C_xgboost_current_pm,hourly_forecast_bucket_aware_arrival_time_exposure,2022-02-27T06:00:00,2022-02-27T05:00:00,06:00
od_27,motorbike,motorbike-3,3937.277758173279,9.449466619615867,140,227.6494217578853,226.3748331698152,273.0755097261448,-1.2745885880700882,-0.5598909842282255,0.0434782608695652,0.9565217391304348,development_exploratory_not_untouched_final,C_xgboost_current_pm,hourly_forecast_bucket_aware_arrival_time_exposure,2022-02-27T06:00:00,2022-02-27T05:00:00,06:00
od_27,motorbike,motorbike-4,3898.0488850884126,9.35531732421219,180,218.08502229020849,221.77687469088173,260.468021506585,3.691852400673298,1.6928500462358684,0.089605734767025,0.910394265232975,development_exploratory_not_untouched_final,C_xgboost_current_pm,hourly_forecast_bucket_aware_arrival_time_exposure,2022-02-27T06:00:00,2022-02-27T05:00:00,06:00
od_27,motorbike,motorbike-5,4586.669331161132,11.008006394786715,157,265.69948517531947,263.7149747618545,319.00504134329645,-1.984510413464989,-0.7469003608176082,0.007168458781362,0.992831541218638,development_exploratory_not_untouched_final,C_xgboost_current_pm,hourly_forecast_bucket_aware_arrival_time_exposure,2022-02-27T06:00:00,2022-02-27T05:00:00,06:00
od_27,motorbike,motorbike-6,5158.036814181108,12.379288354034658,263,287.9570728202377,294.0607706664968,342.7401999967931,6.103697846259081,2.119655470337908,0.0051948051948051,0.9948051948051948,development_exploratory_not_untouched_final,C_xgboost_current_pm,hourly_forecast_bucket_aware_arrival_time_exposure,2022-02-27T06:00:00,2022-02-27T05:00:00,06:00
od_27,motorbike,motorbike-7,5527.038154061122,13.264891569746691,251,317.14098300857114,320.7307860981429,375.0935209903524,3.589803089571774,1.1319265821518738,0.0359116022099447,0.9640883977900552,development_exploratory_not_untouched_final,C_xgboost_current_pm,hourly_forecast_bucket_aware_arrival_time_exposure,2022-02-27T06:00:00,2022-02-27T05:00:00,06:00
od_27,motorbike,motorbike-8,6556.612732062874,15.735870556950896,287,354.744871306954,364.5552393456004,427.9760054898113,9.810368038646402,2.7654714224628427,0.0073529411764705,0.9926470588235294,development_exploratory_not_untouched_final,C_xgboost_current_pm,hourly_forecast_bucket_aware_arrival_time_exposure,2022-02-27T06:00:00,2022-02-27T05:00:00,06:00
od_28,walking,walking-1,3337.8457045527,40.0541484546324,111,1100.565682555938,1057.896789130341,1265.972674255415,-42.66889342559693,-3.876996539316337,1.0,0.0,development_exploratory_not_untouched_final,C_xgboost_current_pm,hourly_forecast_bucket_aware_arrival_time_exposure,2022-02-27T06:00:00,2022-02-27T05:00:00,06:00
od_28,walking,walking-2,3441.879177727777,41.30255013273333,141,1134.1069857182283,1090.358280517433,1304.7924425769054,-43.74870520079549,-3.857546576444856,0.1666666666666666,0.8333333333333334,development_exploratory_not_untouched_final,C_xgboost_current_pm,hourly_forecast_bucket_aware_arrival_time_exposure,2022-02-27T06:00:00,2022-02-27T05:00:00,06:00
od_28,walking,walking-3,3877.4038999370327,46.5288467992444,168,1269.584170327324,1222.3904492893332,1463.608670558496,-47.19372103799083,-3.71725814963677,0.025735294117647,0.9742647058823528,development_exploratory_not_untouched_final,C_xgboost_current_pm,hourly_forecast_bucket_aware_arrival_time_exposure,2022-02-27T06:00:00,2022-02-27T05:00:00,06:00
od_28,walking,walking-4,3905.403995968121,46.86484795161745,153,1302.0328450515724,1247.5536293069465,1493.2041386030244,-54.47921574462612,-4.184166010225974,0.056,0.944,development_exploratory_not_untouched_final,C_xgboost_current_pm,hourly_forecast_bucket_aware_arrival_time_exposure,2022-02-27T06:00:00,2022-02-27T05:00:00,06:00
od_28,walking,walking-5,4163.759453961655,49.96511344753987,208,1331.3711720517445,1289.604692322689,1546.2859095968572,-41.76647972905539,-3.13710260563101,0.0257234726688102,0.9742765273311896,development_exploratory_not_untouched_final,C_xgboost_current_pm,hourly_forecast_bucket_aware_arrival_time_exposure,2022-02-27T06:00:00,2022-02-27T05:00:00,06:00
od_28,walking,walking-6,4492.620440211811,53.911445282541735,199,1456.433156216916,1405.9256912420883,1684.2615194377145,-50.50746497482737,-3.4678876101681504,0.0580204778156996,0.9419795221843004,development_exploratory_not_untouched_final,C_xgboost_current_pm,hourly_forecast_bucket_aware_arrival_time_exposure,2022-02-27T06:00:00,2022-02-27T05:00:00,06:00
od_28,walking,walking-7,3995.186008508664,47.94223210210397,145,1329.2295237899457,1274.0589967163642,1525.5884461394298,-55.170527073581525,-4.150564374787387,0.1179039301310043,0.8820960698689957,development_exploratory_not_untouched_final,C_xgboost_current_pm,hourly_forecast_bucket_aware_arrival_time_exposure,2022-02-27T06:00:00,2022-02-27T05:00:00,06:00
od_28,walking,walking-8,3338.022955668135,40.05627546801762,110,1100.6360814966667,1057.9609619728506,1266.0502245533278,-42.67511952381619,-3.8773142404877112,0.9557522123893806,0.0442477876106194,development_exploratory_not_untouched_final,C_xgboost_current_pm,hourly_forecast_bucket_aware_arrival_time_exposure,2022-02-27T06:00:00,2022-02-27T05:00:00,06:00
od_28,motorbike,motorbike-1,3389.785610177372,8.135485464425692,123,223.54982063292857,214.8635196978678,257.16198950233223,-8.686300935060785,-3.885621965818435,1.0,0.0,development_exploratory_not_untouched_final,C_xgboost_current_pm,hourly_forecast_bucket_aware_arrival_time_exposure,2022-02-27T06:00:00,2022-02-27T05:00:00,06:00
od_28,motorbike,motorbike-2,3622.982621352327,8.695158291245583,149,237.31856751566843,228.5551471233568,273.48058385225863,-8.763420392311616,-3.692682154645582,0.2088888888888889,0.7911111111111111,development_exploratory_not_untouched_final,C_xgboost_current_pm,hourly_forecast_bucket_aware_arrival_time_exposure,2022-02-27T06:00:00,2022-02-27T05:00:00,06:00
od_28,motorbike,motorbike-3,3884.876431604947,9.323703435851872,163,258.7921660112458,247.90746629079484,297.00401310699715,-10.884699720450952,-4.205961829608845,0.1721311475409836,0.8278688524590164,development_exploratory_not_untouched_final,C_xgboost_current_pm,hourly_forecast_bucket_aware_arrival_time_exposure,2022-02-27T06:00:00,2022-02-27T05:00:00,06:00
od_28,motorbike,motorbike-4,4264.353384699511,10.234448123278826,216,273.1812999448169,264.5248903390922,317.06725965875563,-8.656409605724662,-3.1687416406149587,0.0272727272727272,0.9727272727272728,development_exploratory_not_untouched_final,C_xgboost_current_pm,hourly_forecast_bucket_aware_arrival_time_exposure,2022-02-27T06:00:00,2022-02-27T05:00:00,06:00
od_28,motorbike,motorbike-5,5353.296638577329,12.847911932585587,211,335.2173857552038,326.7774300830023,391.596285889985,-8.439955672201506,-2.5177559490798243,0.0245398773006134,0.9754601226993864,development_exploratory_not_untouched_final,C_xgboost_current_pm,hourly_forecast_bucket_aware_arrival_time_exposure,2022-02-27T06:00:00,2022-02-27T05:00:00,06:00
od_28,motorbike,motorbike-6,5442.02633130595,13.060863195134282,217,346.6465351965347,335.4333315674459,404.0193637089456,-11.21320362908881,-3.234765817789401,0.033434650455927,0.9665653495440728,development_exploratory_not_untouched_final,C_xgboost_current_pm,hourly_forecast_bucket_aware_arrival_time_exposure,2022-02-27T06:00:00,2022-02-27T05:00:00,06:00
od_28,motorbike,motorbike-7,5915.756843480607,14.197816424353457,216,374.0071501998149,363.7167787396981,435.6091333387934,-10.29037146011683,-2.75138361783168,0.0335365853658536,0.9664634146341464,development_exploratory_not_untouched_final,C_xgboost_current_pm,hourly_forecast_bucket_aware_arrival_time_exposure,2022-02-27T06:00:00,2022-02-27T05:00:00,06:00
od_28,motorbike,motorbike-8,7965.851166958149,19.11804280069956,270,552.0201102104996,524.2708027842148,625.6695759701412,-27.749307426284872,-5.026865310342288,0.0181347150259067,0.9818652849740932,development_exploratory_not_untouched_final,C_xgboost_current_pm,hourly_forecast_bucket_aware_arrival_time_exposure,2022-02-27T06:00:00,2022-02-27T05:00:00,06:00
od_29,walking,walking-1,5079.132038692887,60.949584464314654,161,1647.6261345324451,1601.1434688891688,1886.1188327691889,-46.48266564327628,-2.821190115223979,1.0,0.0,development_exploratory_not_untouched_final,C_xgboost_current_pm,hourly_forecast_bucket_aware_arrival_time_exposure,2022-02-27T06:00:00,2022-02-27T05:00:00,06:00
od_29,walking,walking-2,5161.661432530971,61.93993719037166,162,1693.8361600678095,1640.337694767784,1928.2975628546455,-53.49846530002583,-3.158420310136968,0.0453074433656957,0.9546925566343042,development_exploratory_not_untouched_final,C_xgboost_current_pm,hourly_forecast_bucket_aware_arrival_time_exposure,2022-02-27T06:00:00,2022-02-27T05:00:00,06:00
od_29,walking,walking-3,5462.205900886824,65.54647081064189,208,1760.9792664367403,1708.3902483814334,2002.0650715101344,-52.58901805530718,-2.986350779797573,0.0081967213114754,0.9918032786885246,development_exploratory_not_untouched_final,C_xgboost_current_pm,hourly_forecast_bucket_aware_arrival_time_exposure,2022-02-27T06:00:00,2022-02-27T05:00:00,06:00
od_29,walking,walking-4,5856.208691849777,70.27450430219733,220,1880.8103915128472,1823.9168690880103,2123.5667131048654,-56.89352242483665,-3.024947261115132,0.0106100795755968,0.9893899204244032,development_exploratory_not_untouched_final,C_xgboost_current_pm,hourly_forecast_bucket_aware_arrival_time_exposure,2022-02-27T06:00:00,2022-02-27T05:00:00,06:00
od_29,walking,walking-5,6084.160506353648,73.00992607624379,208,2001.5057008539648,1927.458133675133,2230.5060924049862,-74.0475671788322,-3.699593118682548,0.0054495912806539,0.994550408719346,development_exploratory_not_untouched_final,C_xgboost_current_pm,hourly_forecast_bucket_aware_arrival_time_exposure,2022-02-27T06:00:00,2022-02-27T05:00:00,06:00
od_29,walking,walking-6,5079.34298264047,60.95211579168564,161,1647.981949467454,1601.3975672759923,1886.4491276014044,-46.58438219146183,-2.8267531817636464,0.9754601226993864,0.0245398773006134,development_exploratory_not_untouched_final,C_xgboost_current_pm,hourly_forecast_bucket_aware_arrival_time_exposure,2022-02-27T06:00:00,2022-02-27T05:00:00,06:00
od_29,walking,walking-7,5079.71013679666,60.95652164155992,161,1647.5392453225784,1601.1443169940214,1886.0965427900508,-46.394928328556944,-2.816013546279627,0.9754601226993864,0.0245398773006134,development_exploratory_not_untouched_final,C_xgboost_current_pm,hourly_forecast_bucket_aware_arrival_time_exposure,2022-02-27T06:00:00,2022-02-27T05:00:00,06:00
od_29,walking,walking-8,5079.921080744242,60.959052968930905,161,1647.8950602575874,1601.398415380845,1886.4268376222665,-46.49664487674204,-2.8215780238745305,0.9515151515151516,0.0484848484848484,development_exploratory_not_untouched_final,C_xgboost_current_pm,hourly_forecast_bucket_aware_arrival_time_exposure,2022-02-27T06:00:00,2022-02-27T05:00:00,06:00
od_29,motorbike,motorbike-1,5050.844486464221,12.12202676751413,138,331.2154494991915,321.26764927583827,378.8737343265356,-9.947800223353228,-3.003422768592052,1.0,0.0,development_exploratory_not_untouched_final,C_xgboost_current_pm,hourly_forecast_bucket_aware_arrival_time_exposure,2022-02-27T06:00:00,2022-02-27T05:00:00,06:00
od_29,motorbike,motorbike-2,5206.6809567022565,12.496034296085416,185,337.12387372646054,327.90114883542776,387.1241093058776,-9.222724891032785,-2.7357080319135227,0.0766666666666666,0.9233333333333332,development_exploratory_not_untouched_final,C_xgboost_current_pm,hourly_forecast_bucket_aware_arrival_time_exposure,2022-02-27T06:00:00,2022-02-27T05:00:00,06:00
od_29,motorbike,motorbike-3,5669.304232967304,13.60633015912153,252,363.3005479953383,353.96729120186774,418.8762285419876,-9.333256793470524,-2.569018088458894,0.0290237467018469,0.9709762532981532,development_exploratory_not_untouched_final,C_xgboost_current_pm,hourly_forecast_bucket_aware_arrival_time_exposure,2022-02-27T06:00:00,2022-02-27T05:00:00,06:00
od_29,motorbike,motorbike-4,6168.868846153235,14.805285230767764,285,378.2488007390211,373.2900028579252,441.2531845097193,-4.958797881095848,-1.310988394783372,0.0,1.0,development_exploratory_not_untouched_final,C_xgboost_current_pm,hourly_forecast_bucket_aware_arrival_time_exposure,2022-02-27T06:00:00,2022-02-27T05:00:00,06:00
od_29,motorbike,motorbike-5,7086.2660565245305,17.007038535658875,311,426.7129140771864,423.73578521585466,499.9031151340835,-2.977128861331721,-0.6976889527166268,0.0251141552511415,0.9748858447488584,development_exploratory_not_untouched_final,C_xgboost_current_pm,hourly_forecast_bucket_aware_arrival_time_exposure,2022-02-27T06:00:00,2022-02-27T05:00:00,06:00
od_29,motorbike,motorbike-6,8524.917271326063,20.459801451182557,296,583.7744638967854,559.9904652520223,660.0641708919347,-23.783998644763077,-4.074175921639529,0.0023094688221709,0.9976905311778292,development_exploratory_not_untouched_final,C_xgboost_current_pm,hourly_forecast_bucket_aware_arrival_time_exposure,2022-02-27T06:00:00,2022-02-27T05:00:00,06:00
od_29,motorbike,motorbike-7,8941.478017489768,21.459547241975443,341,548.3778560089487,540.9289217039594,640.0206945292455,-7.448934304989279,-1.3583579685733562,0.0,1.0,development_exploratory_not_untouched_final,C_xgboost_current_pm,hourly_forecast_bucket_aware_arrival_time_exposure,2022-02-27T06:00:00,2022-02-27T05:00:00,06:00
od_29,motorbike,motorbike-8,10821.455984145145,25.97149436194835,440,704.6607561774638,683.3336763895257,809.7510947351773,-21.327079787938032,-3.026574078515444,0.0017331022530329,0.9982668977469672,development_exploratory_not_untouched_final,C_xgboost_current_pm,hourly_forecast_bucket_aware_arrival_time_exposure,2022-02-27T06:00:00,2022-02-27T05:00:00,06:00
od_30,walking,walking-1,4593.91625322452,55.12699503869423,188,1527.3640712751535,1458.007656201863,1759.496071073281,-69.35641507329069,-4.540922258004076,1.0,0.0,development_exploratory_not_untouched_final,C_xgboost_current_pm,hourly_forecast_bucket_aware_arrival_time_exposure,2022-02-27T06:00:00,2022-02-27T05:00:00,06:00
od_30,walking,walking-2,4720.889976741293,56.65067972089552,211,1567.748648337967,1496.9611472003362,1806.7338581300744,-70.78750113763112,-4.515232796575891,0.3951048951048951,0.6048951048951049,development_exploratory_not_untouched_final,C_xgboost_current_pm,hourly_forecast_bucket_aware_arrival_time_exposure,2022-02-27T06:00:00,2022-02-27T05:00:00,06:00
od_30,walking,walking-3,5302.356708761759,63.62828050514111,270,1711.7362719834814,1641.9862456691992,1977.1951268495675,-69.7500263142822,-4.0748114914606015,0.0269058295964125,0.9730941704035876,development_exploratory_not_untouched_final,C_xgboost_current_pm,hourly_forecast_bucket_aware_arrival_time_exposure,2022-02-27T06:00:00,2022-02-27T05:00:00,06:00
od_30,walking,walking-4,5705.196758152187,68.46236109782625,267,1902.656420856268,1803.8057687873527,2161.602393938073,-98.85065206891522,-5.195402122282733,0.015625,0.984375,development_exploratory_not_untouched_final,C_xgboost_current_pm,hourly_forecast_bucket_aware_arrival_time_exposure,2022-02-27T06:00:00,2022-02-27T05:00:00,06:00
od_30,walking,walking-5,5695.941411156685,68.3512969338802,271,1808.7744984397384,1736.5807261567454,2085.748255274337,-72.19377228299322,-3.991308609518106,0.0177383592017738,0.9822616407982262,development_exploratory_not_untouched_final,C_xgboost_current_pm,hourly_forecast_bucket_aware_arrival_time_exposure,2022-02-27T06:00:00,2022-02-27T05:00:00,06:00
od_30,walking,walking-6,4594.01082475317,55.12812989703804,187,1527.400899931802,1458.0418271961894,1759.5362692946749,-69.35907273561247,-4.540986766389187,0.9736842105263158,0.0263157894736841,development_exploratory_not_untouched_final,C_xgboost_current_pm,hourly_forecast_bucket_aware_arrival_time_exposure,2022-02-27T06:00:00,2022-02-27T05:00:00,06:00
od_30,walking,walking-7,4594.165186918211,55.129982243018524,188,1527.4718032127855,1458.1040969376031,1759.6117046708516,-69.36770627518263,-4.541341197217458,0.9789473684210528,0.0210526315789473,development_exploratory_not_untouched_final,C_xgboost_current_pm,hourly_forecast_bucket_aware_arrival_time_exposure,2022-02-27T06:00:00,2022-02-27T05:00:00,06:00
od_30,walking,walking-8,4594.259758446861,55.13111710136233,187,1527.508631869434,1458.1382679319297,1759.6519028922455,-69.37036393750441,-4.54140569095219,0.953125,0.046875,development_exploratory_not_untouched_final,C_xgboost_current_pm,hourly_forecast_bucket_aware_arrival_time_exposure,2022-02-27T06:00:00,2022-02-27T05:00:00,06:00
od_30,motorbike,motorbike-1,4838.482538571107,11.612358092570656,235,319.3804738072194,305.40509786127217,368.8126710164411,-13.975375945947237,-4.375776571232367,1.0,0.0,development_exploratory_not_untouched_final,C_xgboost_current_pm,hourly_forecast_bucket_aware_arrival_time_exposure,2022-02-27T06:00:00,2022-02-27T05:00:00,06:00
od_30,motorbike,motorbike-2,5024.3916783357845,12.058540028005885,189,335.3017113899836,319.7892799771206,385.845274235216,-15.512431412863007,-4.626409852952039,0.2619047619047619,0.7380952380952381,development_exploratory_not_untouched_final,C_xgboost_current_pm,hourly_forecast_bucket_aware_arrival_time_exposure,2022-02-27T06:00:00,2022-02-27T05:00:00,06:00
od_30,motorbike,motorbike-3,5358.238208967597,12.859771701522227,274,345.9231291288244,332.714238742282,402.1757689293176,-13.20889038654235,-3.818446722486504,0.1065217391304347,0.8934782608695653,development_exploratory_not_untouched_final,C_xgboost_current_pm,hourly_forecast_bucket_aware_arrival_time_exposure,2022-02-27T06:00:00,2022-02-27T05:00:00,06:00
od_30,motorbike,motorbike-4,5707.894042702269,13.698945702485446,275,362.4896442340106,349.9722269602638,423.87249927233887,-12.517417273746789,-3.4531792763894744,0.0303030303030303,0.9696969696969696,development_exploratory_not_untouched_final,C_xgboost_current_pm,hourly_forecast_bucket_aware_arrival_time_exposure,2022-02-27T06:00:00,2022-02-27T05:00:00,06:00
od_30,motorbike,motorbike-5,6023.788039967166,14.4570912959212,249,407.9507359918144,387.45547890848536,467.561458669742,-20.495257083329022,-5.023953942257446,0.0146750524109014,0.9853249475890984,development_exploratory_not_untouched_final,C_xgboost_current_pm,hourly_forecast_bucket_aware_arrival_time_exposure,2022-02-27T06:00:00,2022-02-27T05:00:00,06:00
od_30,motorbike,motorbike-6,7065.537407407111,16.957289777777067,261,491.9468532405136,463.4960579473592,559.8873298942412,-28.45079529315444,-5.783306693750677,0.0143149284253578,0.985685071574642,development_exploratory_not_untouched_final,C_xgboost_current_pm,hourly_forecast_bucket_aware_arrival_time_exposure,2022-02-27T06:00:00,2022-02-27T05:00:00,06:00
od_30,motorbike,motorbike-7,6895.296589894337,16.548711815746408,331,440.9819727373583,425.6020816862692,513.6434301866104,-15.37989105108909,-3.487646208215659,0.0198198198198198,0.9801801801801802,development_exploratory_not_untouched_final,C_xgboost_current_pm,hourly_forecast_bucket_aware_arrival_time_exposure,2022-02-27T06:00:00,2022-02-27T05:00:00,06:00
od_30,motorbike,motorbike-8,8296.947894816516,19.91267494755964,391,521.7916325678067,505.9464102217327,610.9089482918131,-15.845222346074024,-3.036695369777694,0.011308562197092,0.988691437802908,development_exploratory_not_untouched_final,C_xgboost_current_pm,hourly_forecast_bucket_aware_arrival_time_exposure,2022-02-27T06:00:00,2022-02-27T05:00:00,06:00
od_01,walking,walking-1,3333.8306473718903,40.00596776846269,111,1058.61680525547,1122.0965419257152,773.5686907237472,63.479736670245074,5.996479212789926,1.0,0.0,development_exploratory_not_untouched_final,C_xgboost_current_pm,hourly_forecast_bucket_aware_arrival_time_exposure,2022-02-27T08:00:00,2022-02-27T07:00:00,08:00
od_01,walking,walking-2,3462.8236191283786,41.55388342954054,105,1106.305626833331,1171.4502738383062,805.0603479592452,65.14464700497524,5.888485552716936,0.0140845070422535,0.9859154929577464,development_exploratory_not_untouched_final,C_xgboost_current_pm,hourly_forecast_bucket_aware_arrival_time_exposure,2022-02-27T08:00:00,2022-02-27T07:00:00,08:00
od_01,walking,walking-3,3879.232303808173,46.55078764569807,143,1247.7248684035408,1320.8703013193622,904.3642259627852,73.1454329158214,5.862304644886232,0.0119521912350597,0.9880478087649402,development_exploratory_not_untouched_final,C_xgboost_current_pm,hourly_forecast_bucket_aware_arrival_time_exposure,2022-02-27T08:00:00,2022-02-27T07:00:00,08:00
od_01,walking,walking-4,4290.157666544244,51.48189199853094,191,1350.023045030244,1432.4057550485495,992.3027226632304,82.38271001830572,6.1023187953402775,0.0272108843537414,0.9727891156462584,development_exploratory_not_untouched_final,C_xgboost_current_pm,hourly_forecast_bucket_aware_arrival_time_exposure,2022-02-27T08:00:00,2022-02-27T07:00:00,08:00
od_01,walking,walking-5,4479.890669998318,53.758688039979816,215,1433.7021511247272,1520.7630120507474,1042.5666753324558,87.06086092602027,6.072451021833354,0.0584415584415584,0.9415584415584416,development_exploratory_not_untouched_final,C_xgboost_current_pm,hourly_forecast_bucket_aware_arrival_time_exposure,2022-02-27T08:00:00,2022-02-27T07:00:00,08:00
od_01,walking,walking-6,3940.520850847591,47.2862502101711,135,1259.312340199118,1331.3498856507429,916.141706404652,72.03754545162474,5.720387480697156,0.28125,0.71875,development_exploratory_not_untouched_final,C_xgboost_current_pm,hourly_forecast_bucket_aware_arrival_time_exposure,2022-02-27T08:00:00,2022-02-27T07:00:00,08:00
od_01,walking,walking-7,3334.877228844938,40.01852674613926,111,1058.9478292688786,1122.4473735637032,773.8108628448092,63.49954429482455,5.996475231330901,0.9473684210526316,0.0526315789473684,development_exploratory_not_untouched_final,C_xgboost_current_pm,hourly_forecast_bucket_aware_arrival_time_exposure,2022-02-27T08:00:00,2022-02-27T07:00:00,08:00
od_01,walking,walking-8,3337.200169121715,40.04640202946059,114,1059.6675490456291,1123.2228404581847,774.3451057397808,63.55529141255556,5.997663273712167,0.9565217391304348,0.0434782608695651,development_exploratory_not_untouched_final,C_xgboost_current_pm,hourly_forecast_bucket_aware_arrival_time_exposure,2022-02-27T08:00:00,2022-02-27T07:00:00,08:00
od_01,motorbike,motorbike-1,3429.2941499099547,8.230305959783891,119,217.719870976625,230.8904572022992,159.14185965222578,13.170586225674183,6.049326672202656,1.0,0.0,development_exploratory_not_untouched_final,C_xgboost_current_pm,hourly_forecast_bucket_aware_arrival_time_exposure,2022-02-27T08:00:00,2022-02-27T07:00:00,08:00
od_01,motorbike,motorbike-2,3720.545172132016,8.92930841311684,139,238.75629429612516,253.04726325672505,173.36213774306037,14.290968960599912,5.985588360185839,0.0117647058823529,0.9882352941176472,development_exploratory_not_untouched_final,C_xgboost_current_pm,hourly_forecast_bucket_aware_arrival_time_exposure,2022-02-27T08:00:00,2022-02-27T07:00:00,08:00
od_01,motorbike,motorbike-3,4368.011727860995,10.483228146866388,203,273.9349529443276,290.6800400505584,201.78091050711708,16.745087106230812,6.112796825030925,0.0769230769230769,0.9230769230769232,development_exploratory_not_untouched_final,C_xgboost_current_pm,hourly_forecast_bucket_aware_arrival_time_exposure,2022-02-27T08:00:00,2022-02-27T07:00:00,08:00
od_01,motorbike,motorbike-4,4957.587299606684,11.898209519056042,237,326.1003574736972,344.12970019000534,232.9826321615729,18.02934271630812,5.528771221222088,0.0,1.0,development_exploratory_not_untouched_final,C_xgboost_current_pm,hourly_forecast_bucket_aware_arrival_time_exposure,2022-02-27T08:00:00,2022-02-27T07:00:00,08:00
od_01,motorbike,motorbike-5,4883.279133582821,11.71986992059877,218,304.2506621274715,323.0856622035833,225.0724140445452,18.83500007611184,6.190619255980637,0.012012012012012,0.987987987987988,development_exploratory_not_untouched_final,C_xgboost_current_pm,hourly_forecast_bucket_aware_arrival_time_exposure,2022-02-27T08:00:00,2022-02-27T07:00:00,08:00
od_01,motorbike,motorbike-6,5990.124200785455,14.376298081885093,272,376.82706581930233,400.31398558631207,277.42755036563614,23.486919767009734,6.2328112541343526,0.0,1.0,development_exploratory_not_untouched_final,C_xgboost_current_pm,hourly_forecast_bucket_aware_arrival_time_exposure,2022-02-27T08:00:00,2022-02-27T07:00:00,08:00
od_01,motorbike,motorbike-7,5350.426005528613,12.841022413268671,207,342.8115902502763,363.6708110239255,249.4821903412481,20.859220773649213,6.084747822680246,0.0251572327044025,0.9748427672955976,development_exploratory_not_untouched_final,C_xgboost_current_pm,hourly_forecast_bucket_aware_arrival_time_exposure,2022-02-27T08:00:00,2022-02-27T07:00:00,08:00
od_01,motorbike,motorbike-8,7908.227114304611,18.979745074331063,368,492.30249785053786,523.8504187656324,364.9528955012527,31.54792091509455,6.408239050753799,0.0041237113402061,0.9958762886597938,development_exploratory_not_untouched_final,C_xgboost_current_pm,hourly_forecast_bucket_aware_arrival_time_exposure,2022-02-27T08:00:00,2022-02-27T07:00:00,08:00
od_02,walking,walking-1,4031.174773347975,48.3740972801757,136,1536.9513029328382,1487.4144678096577,973.0756687069718,-49.53683512318071,-3.2230582080677266,1.0,0.0,development_exploratory_not_untouched_final,C_xgboost_current_pm,hourly_forecast_bucket_aware_arrival_time_exposure,2022-02-27T08:00:00,2022-02-27T07:00:00,08:00
od_02,walking,walking-2,4179.665283735303,50.15598340482364,132,1497.7045174298594,1481.814546159779,991.2067585737874,-15.889971270080425,-1.0609550205102178,0.0307692307692307,0.9692307692307692,development_exploratory_not_untouched_final,C_xgboost_current_pm,hourly_forecast_bucket_aware_arrival_time_exposure,2022-02-27T08:00:00,2022-02-27T07:00:00,08:00
od_02,walking,walking-3,4203.115373844201,50.43738448613041,118,1574.4710704827569,1533.3568330995524,1009.2484186348862,-41.11423738320423,-2.611304720295558,0.0495867768595041,0.9504132231404958,development_exploratory_not_untouched_final,C_xgboost_current_pm,hourly_forecast_bucket_aware_arrival_time_exposure,2022-02-27T08:00:00,2022-02-27T07:00:00,08:00
od_02,walking,walking-4,4798.739244471271,57.58487093365526,200,1760.997737535997,1726.8321454587992,1144.5427117253296,-34.16559207719774,-1.9401269717133496,0.009009009009009,0.990990990990991,development_exploratory_not_untouched_final,C_xgboost_current_pm,hourly_forecast_bucket_aware_arrival_time_exposure,2022-02-27T08:00:00,2022-02-27T07:00:00,08:00
od_02,walking,walking-5,4768.99194159527,57.22790329914324,156,1806.414494134784,1752.3025621719748,1149.2782459738723,-54.11193196280874,-2.995543500038549,0.0391459074733096,0.9608540925266904,development_exploratory_not_untouched_final,C_xgboost_current_pm,hourly_forecast_bucket_aware_arrival_time_exposure,2022-02-27T08:00:00,2022-02-27T07:00:00,08:00
od_02,walking,walking-6,4882.431836484403,58.58918203781283,186,1909.1533139069256,1831.4074075717224,1188.406128496828,-77.74590633520302,-4.07227150218242,0.032051282051282,0.967948717948718,development_exploratory_not_untouched_final,C_xgboost_current_pm,hourly_forecast_bucket_aware_arrival_time_exposure,2022-02-27T08:00:00,2022-02-27T07:00:00,08:00
od_02,walking,walking-7,5247.301907237375,62.9676228868485,143,2002.573446850555,1931.463456517738,1261.6551767844987,-71.109990332817,-3.5509304512476985,0.0856031128404669,0.914396887159533,development_exploratory_not_untouched_final,C_xgboost_current_pm,hourly_forecast_bucket_aware_arrival_time_exposure,2022-02-27T08:00:00,2022-02-27T07:00:00,08:00
od_02,walking,walking-8,4032.874831255277,48.39449797506333,134,1540.6987091641067,1490.0081397890242,974.128882670086,-50.69056937508253,-3.2901026705334413,0.656441717791411,0.3435582822085889,development_exploratory_not_untouched_final,C_xgboost_current_pm,hourly_forecast_bucket_aware_arrival_time_exposure,2022-02-27T08:00:00,2022-02-27T07:00:00,08:00
od_02,motorbike,motorbike-1,4031.174773347975,9.67481945603514,136,307.3902605865676,297.48289356193146,194.6151337413944,-9.90736702463613,-3.223058208067723,1.0,0.0,development_exploratory_not_untouched_final,C_xgboost_current_pm,hourly_forecast_bucket_aware_arrival_time_exposure,2022-02-27T08:00:00,2022-02-27T07:00:00,08:00
od_02,motorbike,motorbike-2,4179.665283735303,10.031196680964728,132,299.5409034859716,296.3629092319559,198.24135171475749,-3.1779942540156867,-1.060955020510086,0.0307692307692307,0.9692307692307692,development_exploratory_not_untouched_final,C_xgboost_current_pm,hourly_forecast_bucket_aware_arrival_time_exposure,2022-02-27T08:00:00,2022-02-27T07:00:00,08:00
od_02,motorbike,motorbike-3,4206.177077687737,10.094824986450568,116,315.10894303945,306.885306631745,201.99332874576248,-8.223636407705044,-2.6097756313680653,0.05,0.95,development_exploratory_not_untouched_final,C_xgboost_current_pm,hourly_forecast_bucket_aware_arrival_time_exposure,2022-02-27T08:00:00,2022-02-27T07:00:00,08:00
od_02,motorbike,motorbike-4,4662.852950896125,11.190847082150698,153,336.7105199752656,332.0876801657183,221.38794444400236,-4.6228398095472585,-1.3729418997324014,0.0104895104895104,0.9895104895104896,development_exploratory_not_untouched_final,C_xgboost_current_pm,hourly_forecast_bucket_aware_arrival_time_exposure,2022-02-27T08:00:00,2022-02-27T07:00:00,08:00
od_02,motorbike,motorbike-5,4794.898408301863,11.507756179924469,170,363.7611892939706,352.6961932553704,231.2174635234959,-11.06499603860027,-3.041829740021601,0.0372881355932203,0.9627118644067796,development_exploratory_not_untouched_final,C_xgboost_current_pm,hourly_forecast_bucket_aware_arrival_time_exposure,2022-02-27T08:00:00,2022-02-27T07:00:00,08:00
od_02,motorbike,motorbike-6,5404.728891443751,12.971349339465004,211,393.3375270887622,386.61091010962673,256.838642013639,-6.7266169791354855,-1.7101386254501796,0.0087209302325581,0.9912790697674418,development_exploratory_not_untouched_final,C_xgboost_current_pm,hourly_forecast_bucket_aware_arrival_time_exposure,2022-02-27T08:00:00,2022-02-27T07:00:00,08:00
od_02,motorbike,motorbike-7,5018.097801026264,12.043434722463036,172,399.4701822856104,380.7590402027066,245.72111376278343,-18.71114208290373,-4.6839896724821815,0.0335570469798657,0.9664429530201344,development_exploratory_not_untouched_final,C_xgboost_current_pm,hourly_forecast_bucket_aware_arrival_time_exposure,2022-02-27T08:00:00,2022-02-27T07:00:00,08:00
od_02,motorbike,motorbike-8,6275.567685737707,15.061362445770497,241,442.4999521197112,439.9048529362541,295.7274670506114,-2.595099183457023,-0.5864631557643561,0.0053333333333333,0.9946666666666668,development_exploratory_not_untouched_final,C_xgboost_current_pm,hourly_forecast_bucket_aware_arrival_time_exposure,2022-02-27T08:00:00,2022-02-27T07:00:00,08:00
od_03,walking,walking-1,2868.5704745351272,34.422845694421525,187,927.726284191246,951.9506244424032,665.818109659113,24.224340251157173,2.611151657977974,1.0,0.0,development_exploratory_not_untouched_final,C_xgboost_current_pm,hourly_forecast_bucket_aware_arrival_time_exposure,2022-02-27T08:00:00,2022-02-27T07:00:00,08:00
od_03,walking,walking-2,2948.851636448961,35.386219637387526,139,950.7582065164428,974.2709798462552,677.6099914335819,23.512773329812603,2.47305499638682,0.0,1.0,development_exploratory_not_untouched_final,C_xgboost_current_pm,hourly_forecast_bucket_aware_arrival_time_exposure,2022-02-27T08:00:00,2022-02-27T07:00:00,08:00
od_03,walking,walking-3,3018.080756930005,36.21696908316007,126,975.4044753430284,999.8942258887596,696.9169263408406,24.489750545731454,2.510727720120306,0.0296052631578947,0.9703947368421052,development_exploratory_not_untouched_final,C_xgboost_current_pm,hourly_forecast_bucket_aware_arrival_time_exposure,2022-02-27T08:00:00,2022-02-27T07:00:00,08:00
od_03,walking,walking-4,3502.8060662306657,42.03367279476799,151,1133.695983499219,1163.6089351524702,815.2986269690687,29.912951653251184,2.6385337946530525,0.0180722891566265,0.9819277108433736,development_exploratory_not_untouched_final,C_xgboost_current_pm,hourly_forecast_bucket_aware_arrival_time_exposure,2022-02-27T08:00:00,2022-02-27T07:00:00,08:00
od_03,walking,walking-5,3439.206865857348,41.27048239028817,156,1108.7600257168187,1136.0209917309096,789.8296875041544,27.26096601409085,2.4586894712827068,0.014792899408284,0.985207100591716,development_exploratory_not_untouched_final,C_xgboost_current_pm,hourly_forecast_bucket_aware_arrival_time_exposure,2022-02-27T08:00:00,2022-02-27T07:00:00,08:00
od_03,walking,walking-6,3671.8372304681416,44.0620467656177,159,1181.1693830667148,1213.083266972024,847.8252525072438,31.913883905309376,2.7018888537772754,0.0,1.0,development_exploratory_not_untouched_final,C_xgboost_current_pm,hourly_forecast_bucket_aware_arrival_time_exposure,2022-02-27T08:00:00,2022-02-27T07:00:00,08:00
od_03,walking,walking-7,4047.1230223139096,48.56547626776692,194,1305.27575699735,1339.1187751852156,934.3400565153396,33.84301818786548,2.592786850321789,0.1140350877192982,0.8859649122807017,development_exploratory_not_untouched_final,C_xgboost_current_pm,hourly_forecast_bucket_aware_arrival_time_exposure,2022-02-27T08:00:00,2022-02-27T07:00:00,08:00
od_03,walking,walking-8,3757.112562960388,45.08535075552466,160,1212.362129067708,1242.9179953940911,866.1073746818402,30.555866326383462,2.5203580344332077,0.0146198830409356,0.9853801169590644,development_exploratory_not_untouched_final,C_xgboost_current_pm,hourly_forecast_bucket_aware_arrival_time_exposure,2022-02-27T08:00:00,2022-02-27T07:00:00,08:00
od_03,motorbike,motorbike-1,2879.1708152343526,6.910009956562447,177,186.19852145070888,191.0730605437913,133.6554083084916,4.874539093082461,2.6179257789503265,1.0,0.0,development_exploratory_not_untouched_final,C_xgboost_current_pm,hourly_forecast_bucket_aware_arrival_time_exposure,2022-02-27T08:00:00,2022-02-27T07:00:00,08:00
od_03,motorbike,motorbike-2,2965.050267630812,7.116120642313948,147,191.19602502540928,195.92218363970937,136.26148853010378,4.726158614300118,2.4718916691244126,0.0,1.0,development_exploratory_not_untouched_final,C_xgboost_current_pm,hourly_forecast_bucket_aware_arrival_time_exposure,2022-02-27T08:00:00,2022-02-27T07:00:00,08:00
od_03,motorbike,motorbike-3,3037.969810029627,7.291127544071104,132,196.32730905433343,201.26735294277984,140.28652430689613,4.940043888446382,2.5162285940970284,0.047457627118644,0.952542372881356,development_exploratory_not_untouched_final,C_xgboost_current_pm,hourly_forecast_bucket_aware_arrival_time_exposure,2022-02-27T08:00:00,2022-02-27T07:00:00,08:00
od_03,motorbike,motorbike-4,3730.3427598280064,8.952822623587215,186,241.60676303899876,247.67254509956493,172.78743141006396,6.0657820605661925,2.510601104153318,0.0,1.0,development_exploratory_not_untouched_final,C_xgboost_current_pm,hourly_forecast_bucket_aware_arrival_time_exposure,2022-02-27T08:00:00,2022-02-27T07:00:00,08:00
od_03,motorbike,motorbike-5,3722.69973823452,8.934479371762848,146,239.7010974937816,245.9784147231872,171.52469252072774,6.277317229405583,2.6188103830306537,0.0157232704402515,0.9842767295597484,development_exploratory_not_untouched_final,C_xgboost_current_pm,hourly_forecast_bucket_aware_arrival_time_exposure,2022-02-27T08:00:00,2022-02-27T07:00:00,08:00
od_03,motorbike,motorbike-6,4226.954621077359,10.144691090585662,221,272.38721750577866,278.9716049025332,193.7698471739676,6.584387396754494,2.4172894224064705,0.0,1.0,development_exploratory_not_untouched_final,C_xgboost_current_pm,hourly_forecast_bucket_aware_arrival_time_exposure,2022-02-27T08:00:00,2022-02-27T07:00:00,08:00
od_03,motorbike,motorbike-7,4796.108130375025,11.51065951290006,224,312.66862737235664,320.0569400834607,223.3582268245964,7.388312711104049,2.362984982917816,0.007537688442211,0.992462311557789,development_exploratory_not_untouched_final,C_xgboost_current_pm,hourly_forecast_bucket_aware_arrival_time_exposure,2022-02-27T08:00:00,2022-02-27T07:00:00,08:00
od_03,motorbike,motorbike-8,5295.943269727383,12.710263847345718,208,340.90927009181524,348.6453940485082,241.496142037407,7.73612395669295,2.2692618345665467,0.0052219321148825,0.9947780678851176,development_exploratory_not_untouched_final,C_xgboost_current_pm,hourly_forecast_bucket_aware_arrival_time_exposure,2022-02-27T08:00:00,2022-02-27T07:00:00,08:00
od_04,walking,walking-1,5520.488372880517,66.24586047456621,193,1888.56235282872,1870.2438363943625,1255.9204588582047,-18.31851643435766,-0.9699714921733924,1.0,0.0,development_exploratory_not_untouched_final,C_xgboost_current_pm,hourly_forecast_bucket_aware_arrival_time_exposure,2022-02-27T08:00:00,2022-02-27T07:00:00,08:00
od_04,walking,walking-2,5675.2072322679305,68.10248678721517,179,1961.6705671984148,1931.4598324530452,1290.948226209632,-30.210734745369336,-1.5400513853105922,0.0391061452513966,0.9608938547486032,development_exploratory_not_untouched_final,C_xgboost_current_pm,hourly_forecast_bucket_aware_arrival_time_exposure,2022-02-27T08:00:00,2022-02-27T07:00:00,08:00
od_04,walking,walking-3,5963.507083947719,71.56208500737262,180,2026.5378588751,2001.6705206322283,1344.8940150927044,-24.867338242871483,-1.2270848103807426,0.0448179271708683,0.9551820728291316,development_exploratory_not_untouched_final,C_xgboost_current_pm,hourly_forecast_bucket_aware_arrival_time_exposure,2022-02-27T08:00:00,2022-02-27T07:00:00,08:00
od_04,walking,walking-4,6502.696264260247,78.03235517112297,245,2163.4220180180114,2141.328126916444,1447.2843710095967,-22.09389110156735,-1.0212473996085312,0.0068965517241379,0.993103448275862,development_exploratory_not_untouched_final,C_xgboost_current_pm,hourly_forecast_bucket_aware_arrival_time_exposure,2022-02-27T08:00:00,2022-02-27T07:00:00,08:00
od_04,walking,walking-5,6661.096289052556,79.93315546863067,201,2318.344592802769,2260.002028309287,1502.3034903786524,-58.34256449348186,-2.5165613720498925,0.2468354430379747,0.7531645569620253,development_exploratory_not_untouched_final,C_xgboost_current_pm,hourly_forecast_bucket_aware_arrival_time_exposure,2022-02-27T08:00:00,2022-02-27T07:00:00,08:00
od_04,walking,walking-6,5521.552651906517,66.2586318228782,193,1888.932649614885,1870.6118009028617,1256.1670600627583,-18.320848712023235,-0.9699048145394958,0.9693877551020408,0.0306122448979592,development_exploratory_not_untouched_final,C_xgboost_current_pm,hourly_forecast_bucket_aware_arrival_time_exposure,2022-02-27T08:00:00,2022-02-27T07:00:00,08:00
od_04,walking,walking-7,5522.649405426444,66.27179286511733,193,1889.3377802822756,1871.0073066019588,1256.4272459800204,-18.33047368031657,-0.9702062739452508,0.9794871794871794,0.0205128205128205,development_exploratory_not_untouched_final,C_xgboost_current_pm,hourly_forecast_bucket_aware_arrival_time_exposure,2022-02-27T08:00:00,2022-02-27T07:00:00,08:00
od_04,walking,walking-8,5522.945180980105,66.27534217176127,195,1889.0955475759724,1870.7735424527416,1256.3059823807343,-18.32200512323084,-0.9698823940769462,0.9595959595959596,0.0404040404040404,development_exploratory_not_untouched_final,C_xgboost_current_pm,hourly_forecast_bucket_aware_arrival_time_exposure,2022-02-27T08:00:00,2022-02-27T07:00:00,08:00
od_04,motorbike,motorbike-1,5531.617742970435,13.27588258312904,172,380.7249636247973,378.6234561263739,254.48269288881812,-2.1015074984233597,-0.5519752312575924,1.0,0.0,development_exploratory_not_untouched_final,C_xgboost_current_pm,hourly_forecast_bucket_aware_arrival_time_exposure,2022-02-27T08:00:00,2022-02-27T07:00:00,08:00
od_04,motorbike,motorbike-2,5675.2072322679305,13.620497357443034,179,392.3341134396831,389.371423000488,261.2650147899976,-2.962690439195171,-0.7551447446719799,0.0415430267062314,0.9584569732937686,development_exploratory_not_untouched_final,C_xgboost_current_pm,hourly_forecast_bucket_aware_arrival_time_exposure,2022-02-27T08:00:00,2022-02-27T07:00:00,08:00
od_04,motorbike,motorbike-3,5934.702314462292,14.2432855547095,192,401.8430989856637,401.7131638816303,271.6490459127429,-0.12993510403345,-0.0323347854825511,0.0196078431372549,0.9803921568627452,development_exploratory_not_untouched_final,C_xgboost_current_pm,hourly_forecast_bucket_aware_arrival_time_exposure,2022-02-27T08:00:00,2022-02-27T07:00:00,08:00
od_04,motorbike,motorbike-4,6507.253056448894,15.617407335477344,243,433.02087240685375,435.3785032873356,296.4116624390355,2.3576308804817927,0.5444612559614982,0.0097323600973236,0.9902676399026764,development_exploratory_not_untouched_final,C_xgboost_current_pm,hourly_forecast_bucket_aware_arrival_time_exposure,2022-02-27T08:00:00,2022-02-27T07:00:00,08:00
od_04,motorbike,motorbike-5,7455.686349722729,17.89364723933455,237,493.3918231068168,496.95669551377824,339.1292169850672,3.564872406961399,0.7225236090281987,0.0073891625615763,0.9926108374384236,development_exploratory_not_untouched_final,C_xgboost_current_pm,hourly_forecast_bucket_aware_arrival_time_exposure,2022-02-27T08:00:00,2022-02-27T07:00:00,08:00
od_04,motorbike,motorbike-6,8308.739262503555,19.94097423000853,286,555.819496498996,556.4856788095628,377.3117393426123,0.6661823105667963,0.1198558731320069,0.0065934065934065,0.9934065934065934,development_exploratory_not_untouched_final,C_xgboost_current_pm,hourly_forecast_bucket_aware_arrival_time_exposure,2022-02-27T08:00:00,2022-02-27T07:00:00,08:00
od_04,motorbike,motorbike-7,9058.58434508862,21.74060242821269,409,591.8542309614578,599.8040441201175,412.560518273074,7.949813158659708,1.343204583626168,0.0069324090121317,0.9930675909878682,development_exploratory_not_untouched_final,C_xgboost_current_pm,hourly_forecast_bucket_aware_arrival_time_exposure,2022-02-27T08:00:00,2022-02-27T07:00:00,08:00
od_04,motorbike,motorbike-8,10551.5949527706,25.32382788664944,393,688.829939383929,695.6913424557247,476.69023623393895,6.861403071795735,0.9960953610600012,0.0053380782918149,0.994661921708185,development_exploratory_not_untouched_final,C_xgboost_current_pm,hourly_forecast_bucket_aware_arrival_time_exposure,2022-02-27T08:00:00,2022-02-27T07:00:00,08:00
od_05,walking,walking-1,6599.1173935056095,79.18940872206731,249,2023.8089849787327,2063.920450518117,1451.1540109143666,40.1114655393842,1.981978824933704,1.0,0.0,development_exploratory_not_untouched_final,C_xgboost_current_pm,hourly_forecast_bucket_aware_arrival_time_exposure,2022-02-27T08:00:00,2022-02-27T07:00:00,08:00
od_05,walking,walking-2,6784.464022663192,81.41356827195831,246,2082.1682889480903,2119.206799938999,1489.8880064809582,37.03851099090889,1.7788432946320931,0.0164271047227926,0.9835728952772074,development_exploratory_not_untouched_final,C_xgboost_current_pm,hourly_forecast_bucket_aware_arrival_time_exposure,2022-02-27T08:00:00,2022-02-27T07:00:00,08:00
od_05,walking,walking-3,7136.549089395779,85.63858907274934,298,2208.629839132984,2240.457036157836,1575.1277230543967,31.827197024851102,1.4410380798506792,0.0148423005565862,0.9851576994434136,development_exploratory_not_untouched_final,C_xgboost_current_pm,hourly_forecast_bucket_aware_arrival_time_exposure,2022-02-27T08:00:00,2022-02-27T07:00:00,08:00
od_05,walking,walking-4,7697.826013392555,92.37391216071067,308,2338.1711659332605,2370.8147634648544,1671.237011161324,32.64359753159397,1.3961166747415843,0.0182815356489945,0.9817184643510056,development_exploratory_not_untouched_final,C_xgboost_current_pm,hourly_forecast_bucket_aware_arrival_time_exposure,2022-02-27T08:00:00,2022-02-27T07:00:00,08:00
od_05,walking,walking-5,6599.228133870036,79.19073760644044,249,2023.8296819452544,2063.9431515304755,1451.171887104371,40.113469585220855,1.9820575784156296,0.9840637450199204,0.0159362549800796,development_exploratory_not_untouched_final,C_xgboost_current_pm,hourly_forecast_bucket_aware_arrival_time_exposure,2022-02-27T08:00:00,2022-02-27T07:00:00,08:00
od_05,walking,walking-6,6599.491968275206,79.19390361930249,249,2023.9473066303951,2064.062347822702,1451.254790147185,40.11504119230699,1.9820200388069007,0.9840637450199204,0.0159362549800796,development_exploratory_not_untouched_final,C_xgboost_current_pm,hourly_forecast_bucket_aware_arrival_time_exposure,2022-02-27T08:00:00,2022-02-27T07:00:00,08:00
od_05,walking,walking-7,6599.6027086396325,79.1952325036756,249,2023.968003596917,2064.0850488350607,1451.2726663371895,40.117045238143646,1.982098786485221,0.9683794466403162,0.0316205533596838,development_exploratory_not_untouched_final,C_xgboost_current_pm,hourly_forecast_bucket_aware_arrival_time_exposure,2022-02-27T08:00:00,2022-02-27T07:00:00,08:00
od_05,walking,walking-8,6599.613248653397,79.19535898384078,249,2023.961856799411,2064.066425424093,1451.2525331170127,40.10456862468186,1.981488361055438,0.9840637450199204,0.0159362549800796,development_exploratory_not_untouched_final,C_xgboost_current_pm,hourly_forecast_bucket_aware_arrival_time_exposure,2022-02-27T08:00:00,2022-02-27T07:00:00,08:00
od_05,motorbike,motorbike-1,6445.369478954613,15.468886749491071,243,395.49227946163984,409.8238834826096,289.53516828293544,14.331604020969737,3.623738000771721,1.0,0.0,development_exploratory_not_untouched_final,C_xgboost_current_pm,hourly_forecast_bucket_aware_arrival_time_exposure,2022-02-27T08:00:00,2022-02-27T07:00:00,08:00
od_05,motorbike,motorbike-2,6846.172276292444,16.430813463101863,284,423.906922841107,438.64389011866,310.3878174820885,14.736967277552935,3.476462988333123,0.0518962075848303,0.9481037924151696,development_exploratory_not_untouched_final,C_xgboost_current_pm,hourly_forecast_bucket_aware_arrival_time_exposure,2022-02-27T08:00:00,2022-02-27T07:00:00,08:00
od_05,motorbike,motorbike-3,7383.760810561117,17.721025945346682,281,453.8842789715281,469.9119729775755,331.7302857453588,16.027694006047398,3.53122915875498,0.048,0.952,development_exploratory_not_untouched_final,C_xgboost_current_pm,hourly_forecast_bucket_aware_arrival_time_exposure,2022-02-27T08:00:00,2022-02-27T07:00:00,08:00
od_05,motorbike,motorbike-4,8052.100580253528,19.325041392608465,300,497.4252527647069,515.554386558843,366.15441210322166,18.129133794136123,3.644594578456515,0.0422264875239923,0.9577735124760076,development_exploratory_not_untouched_final,C_xgboost_current_pm,hourly_forecast_bucket_aware_arrival_time_exposure,2022-02-27T08:00:00,2022-02-27T07:00:00,08:00
od_05,motorbike,motorbike-5,8792.392827452573,21.101742785886177,339,547.1503700077195,566.2197050292045,402.3729520003293,19.069335021485017,3.48520919783276,0.0086655112651646,0.9913344887348352,development_exploratory_not_untouched_final,C_xgboost_current_pm,hourly_forecast_bucket_aware_arrival_time_exposure,2022-02-27T08:00:00,2022-02-27T07:00:00,08:00
od_05,motorbike,motorbike-6,10106.789805542736,24.25629553330257,404,627.5932411089977,647.3296107627324,456.9217200452021,19.73636965373464,3.144770905891084,0.001547987616099,0.9984520123839008,development_exploratory_not_untouched_final,C_xgboost_current_pm,hourly_forecast_bucket_aware_arrival_time_exposure,2022-02-27T08:00:00,2022-02-27T07:00:00,08:00
od_05,motorbike,motorbike-7,11003.54809635794,26.40851543125905,431,702.1890669479972,718.3666992212328,502.6122819489128,16.177632273235645,2.3038855252404167,0.0044709388971684,0.9955290611028316,development_exploratory_not_untouched_final,C_xgboost_current_pm,hourly_forecast_bucket_aware_arrival_time_exposure,2022-02-27T08:00:00,2022-02-27T07:00:00,08:00
od_05,motorbike,motorbike-8,12618.001043919245,30.28320250540618,497,784.7876093573976,808.4610736832132,572.8997770781965,23.67346432581553,3.0165440997724104,0.0013531799729364,0.9986468200270636,development_exploratory_not_untouched_final,C_xgboost_current_pm,hourly_forecast_bucket_aware_arrival_time_exposure,2022-02-27T08:00:00,2022-02-27T07:00:00,08:00
od_06,walking,walking-1,3537.365189594572,42.44838227513487,148,1112.0865251999371,1158.376952260977,827.7712885672096,46.290427061039736,4.162484304242188,1.0,0.0,development_exploratory_not_untouched_final,C_xgboost_current_pm,hourly_forecast_bucket_aware_arrival_time_exposure,2022-02-27T08:00:00,2022-02-27T07:00:00,08:00
od_06,walking,walking-2,3644.4912539881616,43.733895047857935,180,1152.8919478509426,1198.8208347141608,852.6387665326614,45.92888686321817,3.983798043592227,0.0649350649350649,0.935064935064935,development_exploratory_not_untouched_final,C_xgboost_current_pm,hourly_forecast_bucket_aware_arrival_time_exposure,2022-02-27T08:00:00,2022-02-27T07:00:00,08:00
od_06,walking,walking-3,3861.827773806514,46.34193328567817,201,1228.1954887688662,1274.9899779951609,903.5481573911832,46.79448922629467,3.810019630767502,0.0294985250737463,0.9705014749262536,development_exploratory_not_untouched_final,C_xgboost_current_pm,hourly_forecast_bucket_aware_arrival_time_exposure,2022-02-27T08:00:00,2022-02-27T07:00:00,08:00
od_06,walking,walking-4,4270.552599826714,51.24663119792057,181,1326.3585029984329,1385.5042189176463,999.4072922169772,59.14571591921344,4.459255607402196,0.0030487804878048,0.9969512195121952,development_exploratory_not_untouched_final,C_xgboost_current_pm,hourly_forecast_bucket_aware_arrival_time_exposure,2022-02-27T08:00:00,2022-02-27T07:00:00,08:00
od_06,walking,walking-5,4555.358741668228,54.664304900018735,235,1471.4780281963008,1521.003454796376,1066.324848761938,49.52542660007521,3.365692565643143,0.0,1.0,development_exploratory_not_untouched_final,C_xgboost_current_pm,hourly_forecast_bucket_aware_arrival_time_exposure,2022-02-27T08:00:00,2022-02-27T07:00:00,08:00
od_06,walking,walking-6,3537.459356155005,42.44951227386006,148,1112.1203671875714,1158.4120374058907,827.7945018505824,46.29167021831927,4.162469421847362,0.9473684210526316,0.0526315789473684,development_exploratory_not_untouched_final,C_xgboost_current_pm,hourly_forecast_bucket_aware_arrival_time_exposure,2022-02-27T08:00:00,2022-02-27T07:00:00,08:00
od_06,walking,walking-7,3538.2918404593456,42.45950208551215,148,1112.400964848426,1158.699425890862,827.9890243194574,46.2984610424362,4.162029924951096,0.9733333333333334,0.0266666666666666,development_exploratory_not_untouched_final,C_xgboost_current_pm,hourly_forecast_bucket_aware_arrival_time_exposure,2022-02-27T08:00:00,2022-02-27T07:00:00,08:00
od_06,walking,walking-8,3538.386007019779,42.46063208423735,148,1112.43480683606,1158.7345110357758,828.0122376028299,46.29970419971573,4.162015060585833,0.922077922077922,0.0779220779220779,development_exploratory_not_untouched_final,C_xgboost_current_pm,hourly_forecast_bucket_aware_arrival_time_exposure,2022-02-27T08:00:00,2022-02-27T07:00:00,08:00
od_06,motorbike,motorbike-1,3664.907543438789,8.795778104253094,177,230.4950625177151,240.1080297288836,171.49429115336258,9.612967211168495,4.170574027124626,1.0,0.0,development_exploratory_not_untouched_final,C_xgboost_current_pm,hourly_forecast_bucket_aware_arrival_time_exposure,2022-02-27T08:00:00,2022-02-27T07:00:00,08:00
od_06,motorbike,motorbike-2,3713.55208690206,8.912525008564945,192,235.05851139563933,244.4018533171079,173.76623082968823,9.343341921468578,3.974900490092149,0.1941747572815534,0.8058252427184466,development_exploratory_not_untouched_final,C_xgboost_current_pm,hourly_forecast_bucket_aware_arrival_time_exposure,2022-02-27T08:00:00,2022-02-27T07:00:00,08:00
od_06,motorbike,motorbike-3,4055.6641293022394,9.733593910325371,183,255.00205000409392,265.28575786818243,189.2008400942105,10.283707864088512,4.032794192800965,0.0285714285714285,0.9714285714285714,development_exploratory_not_untouched_final,C_xgboost_current_pm,hourly_forecast_bucket_aware_arrival_time_exposure,2022-02-27T08:00:00,2022-02-27T07:00:00,08:00
od_06,motorbike,motorbike-4,4627.731482063553,11.106555556952523,244,298.80596504050527,308.9101056889576,216.66630791502385,10.1041406484523,3.381505669434214,0.0,1.0,development_exploratory_not_untouched_final,C_xgboost_current_pm,hourly_forecast_bucket_aware_arrival_time_exposure,2022-02-27T08:00:00,2022-02-27T07:00:00,08:00
od_06,motorbike,motorbike-5,4511.935414416441,10.82864499459946,194,280.4982561969405,292.8730522890017,210.9345068351752,12.374796092061215,4.411719438060519,0.0136612021857923,0.9863387978142076,development_exploratory_not_untouched_final,C_xgboost_current_pm,hourly_forecast_bucket_aware_arrival_time_exposure,2022-02-27T08:00:00,2022-02-27T07:00:00,08:00
od_06,motorbike,motorbike-6,5290.044003739078,12.696105608973786,227,346.2794688774456,356.78790236763,248.0132619130401,10.508433490184416,3.0346683631721567,0.0024813895781637,0.9975186104218362,development_exploratory_not_untouched_final,C_xgboost_current_pm,hourly_forecast_bucket_aware_arrival_time_exposure,2022-02-27T08:00:00,2022-02-27T07:00:00,08:00
od_06,motorbike,motorbike-7,5777.694021722921,13.86646565213501,240,354.83818458952703,371.3848061881136,268.74770236683145,16.546621598586512,4.663145714638199,0.0,1.0,development_exploratory_not_untouched_final,C_xgboost_current_pm,hourly_forecast_bucket_aware_arrival_time_exposure,2022-02-27T08:00:00,2022-02-27T07:00:00,08:00
od_06,motorbike,motorbike-8,6403.564913596633,15.36855579263192,267,422.2632659811014,434.7926799018235,300.3463415824088,12.52941392072205,2.967204332020396,0.0,1.0,development_exploratory_not_untouched_final,C_xgboost_current_pm,hourly_forecast_bucket_aware_arrival_time_exposure,2022-02-27T08:00:00,2022-02-27T07:00:00,08:00
od_07,walking,walking-1,3010.078469087085,36.12094162904502,119,1086.8097342581289,1078.614260940595,724.2851815069979,-8.195473317533924,-0.7540853802830784,1.0,0.0,development_exploratory_not_untouched_final,C_xgboost_current_pm,hourly_forecast_bucket_aware_arrival_time_exposure,2022-02-27T08:00:00,2022-02-27T07:00:00,08:00
od_07,walking,walking-2,3052.1049210734086,36.62525905288091,128,1102.30059819689,1093.9061288857667,734.4830665839797,-8.394469311123203,-0.7615408469209417,0.0646551724137931,0.9353448275862069,development_exploratory_not_untouched_final,C_xgboost_current_pm,hourly_forecast_bucket_aware_arrival_time_exposure,2022-02-27T08:00:00,2022-02-27T07:00:00,08:00
od_07,walking,walking-3,3868.7068261117006,46.42448191334041,178,1391.6598742893889,1381.5006854144626,929.503082220355,-10.159188874926258,-0.7300051587758651,0.0067796610169491,0.9932203389830508,development_exploratory_not_untouched_final,C_xgboost_current_pm,hourly_forecast_bucket_aware_arrival_time_exposure,2022-02-27T08:00:00,2022-02-27T07:00:00,08:00
od_07,walking,walking-4,4012.041591928652,48.14449910314382,170,1453.1824299159748,1444.064879660501,965.9109394365216,-9.117550255473816,-0.6274195219936017,0.0140350877192982,0.9859649122807016,development_exploratory_not_untouched_final,C_xgboost_current_pm,hourly_forecast_bucket_aware_arrival_time_exposure,2022-02-27T08:00:00,2022-02-27T07:00:00,08:00
od_07,walking,walking-5,3962.97612968166,47.55571355617992,212,1429.4917655065688,1420.737090523027,953.2454786704474,-8.75467498354169,-0.6124326977455025,0.0122324159021406,0.9877675840978594,development_exploratory_not_untouched_final,C_xgboost_current_pm,hourly_forecast_bucket_aware_arrival_time_exposure,2022-02-27T08:00:00,2022-02-27T07:00:00,08:00
od_07,walking,walking-6,4080.9006073865394,48.97080728863848,190,1454.4762956661575,1450.33731215765,978.9695770803772,-4.138983508507636,-0.2845686465183648,0.2213438735177865,0.7786561264822134,development_exploratory_not_untouched_final,C_xgboost_current_pm,hourly_forecast_bucket_aware_arrival_time_exposure,2022-02-27T08:00:00,2022-02-27T07:00:00,08:00
od_07,walking,walking-7,3015.7407748952337,36.1888892987428,120,1088.698445700267,1080.5463232469426,725.6238945352027,-8.15212245332441,-0.7487952688387318,0.8968253968253969,0.1031746031746031,development_exploratory_not_untouched_final,C_xgboost_current_pm,hourly_forecast_bucket_aware_arrival_time_exposure,2022-02-27T08:00:00,2022-02-27T07:00:00,08:00
od_07,walking,walking-8,3015.8570403392914,36.19028448407151,120,1088.7347719712725,1080.5842242887973,725.6511768281058,-8.150547682475008,-0.74862564256284,0.912,0.0879999999999999,development_exploratory_not_untouched_final,C_xgboost_current_pm,hourly_forecast_bucket_aware_arrival_time_exposure,2022-02-27T08:00:00,2022-02-27T07:00:00,08:00
od_07,motorbike,motorbike-1,3627.865375012017,8.70687690002884,138,259.4243737449807,258.3909539942502,174.19279591059853,-1.033419750730502,-0.398351063091078,1.0,0.0,development_exploratory_not_untouched_final,C_xgboost_current_pm,hourly_forecast_bucket_aware_arrival_time_exposure,2022-02-27T08:00:00,2022-02-27T07:00:00,08:00
od_07,motorbike,motorbike-2,3687.334379690573,8.849602511257377,163,265.15268291681195,263.3346698635681,177.19444741417513,-1.8180130532438736,-0.6856476175329709,0.2541666666666666,0.7458333333333333,development_exploratory_not_untouched_final,C_xgboost_current_pm,hourly_forecast_bucket_aware_arrival_time_exposure,2022-02-27T08:00:00,2022-02-27T07:00:00,08:00
od_07,motorbike,motorbike-3,3876.8683445495967,9.304484026919033,202,279.0727806263469,277.5132479650113,186.38749823868136,-1.559532661335595,-0.5588265031922506,0.1074918566775244,0.8925081433224755,development_exploratory_not_untouched_final,C_xgboost_current_pm,hourly_forecast_bucket_aware_arrival_time_exposure,2022-02-27T08:00:00,2022-02-27T07:00:00,08:00
od_07,motorbike,motorbike-4,4415.441329392981,10.597059190543154,208,311.8925661629568,311.37765924811475,211.5345615420186,-0.5149069148420153,-0.165091114923524,0.0028985507246376,0.9971014492753624,development_exploratory_not_untouched_final,C_xgboost_current_pm,hourly_forecast_bucket_aware_arrival_time_exposure,2022-02-27T08:00:00,2022-02-27T07:00:00,08:00
od_07,motorbike,motorbike-5,5170.4619718541535,12.409108732449967,191,385.57142718713385,378.8452606137635,250.9022439137542,-6.726166573370335,-1.744467068641434,0.0,1.0,development_exploratory_not_untouched_final,C_xgboost_current_pm,hourly_forecast_bucket_aware_arrival_time_exposure,2022-02-27T08:00:00,2022-02-27T07:00:00,08:00
od_07,motorbike,motorbike-6,5317.2180673122,12.761323361549278,202,378.1459908571893,376.5279332213781,255.27264170218055,-1.6180576358112262,-0.4278923153841666,0.0029498525073746,0.9970501474926252,development_exploratory_not_untouched_final,C_xgboost_current_pm,hourly_forecast_bucket_aware_arrival_time_exposure,2022-02-27T08:00:00,2022-02-27T07:00:00,08:00
od_07,motorbike,motorbike-7,5942.755175528985,14.262612421269564,256,415.5870567733575,415.9990311869504,284.03784027873786,0.4119744135928727,0.0991307132593267,0.0025445292620865,0.9974554707379136,development_exploratory_not_untouched_final,C_xgboost_current_pm,hourly_forecast_bucket_aware_arrival_time_exposure,2022-02-27T08:00:00,2022-02-27T07:00:00,08:00
od_07,motorbike,motorbike-8,6766.400071842087,16.239360172421005,240,486.7296513905824,481.9097833555095,325.0374706133473,-4.819868035072886,-0.990255683273572,0.008,0.992,development_exploratory_not_untouched_final,C_xgboost_current_pm,hourly_forecast_bucket_aware_arrival_time_exposure,2022-02-27T08:00:00,2022-02-27T07:00:00,08:00
od_08,walking,walking-1,6870.356216816323,82.44427460179587,346,2142.381122414956,2219.4895822299127,1586.9150800703844,77.10845981495686,3.5991943267329534,1.0,0.0,development_exploratory_not_untouched_final,C_xgboost_current_pm,hourly_forecast_bucket_aware_arrival_time_exposure,2022-02-27T08:00:00,2022-02-27T07:00:00,08:00
od_08,walking,walking-2,7066.552712232213,84.79863254678656,281,2281.4361468856137,2342.339434112286,1637.3890954399662,60.90328722667255,2.6695153098986166,0.0096618357487922,0.9903381642512076,development_exploratory_not_untouched_final,C_xgboost_current_pm,hourly_forecast_bucket_aware_arrival_time_exposure,2022-02-27T08:00:00,2022-02-27T07:00:00,08:00
od_08,walking,walking-3,7181.705333275932,86.18046399931119,299,2221.946847668064,2307.633384781744,1667.5063243640884,85.6865371136796,3.856372046145376,0.0369774919614147,0.9630225080385852,development_exploratory_not_untouched_final,C_xgboost_current_pm,hourly_forecast_bucket_aware_arrival_time_exposure,2022-02-27T08:00:00,2022-02-27T07:00:00,08:00
od_08,walking,walking-4,7442.834681192636,89.31401617431165,308,2358.436279608832,2429.918148322107,1720.8471426897063,71.48186871327471,3.030900997042439,0.0077041602465331,0.9922958397534668,development_exploratory_not_untouched_final,C_xgboost_current_pm,hourly_forecast_bucket_aware_arrival_time_exposure,2022-02-27T08:00:00,2022-02-27T07:00:00,08:00
od_08,walking,walking-5,7891.429810836159,94.69715773003392,378,2519.112398484771,2579.988736948114,1819.1779998967693,60.87633846334302,2.416578891039548,0.0041608876560332,0.9958391123439668,development_exploratory_not_untouched_final,C_xgboost_current_pm,hourly_forecast_bucket_aware_arrival_time_exposure,2022-02-27T08:00:00,2022-02-27T07:00:00,08:00
od_08,walking,walking-6,8097.506608513472,97.17007930216168,351,2527.5810028832952,2608.38088217177,1876.2595139311388,80.79987928847459,3.196727590383987,0.0043227665706051,0.9956772334293948,development_exploratory_not_untouched_final,C_xgboost_current_pm,hourly_forecast_bucket_aware_arrival_time_exposure,2022-02-27T08:00:00,2022-02-27T07:00:00,08:00
od_08,walking,walking-7,6870.482093297512,82.44578511957015,346,2142.419818080576,2219.53158208624,1586.943987994155,77.1117640056641,3.599283546338253,0.9438202247191012,0.0561797752808989,development_exploratory_not_untouched_final,C_xgboost_current_pm,hourly_forecast_bucket_aware_arrival_time_exposure,2022-02-27T08:00:00,2022-02-27T07:00:00,08:00
od_08,walking,walking-8,6871.282867681097,82.45539441217315,346,2142.695562063444,2219.812055859798,1587.1328158226322,77.116493796354,3.599041093924225,0.9885057471264368,0.0114942528735632,development_exploratory_not_untouched_final,C_xgboost_current_pm,hourly_forecast_bucket_aware_arrival_time_exposure,2022-02-27T08:00:00,2022-02-27T07:00:00,08:00
od_08,motorbike,motorbike-1,6958.727326352328,16.700945583245588,359,434.5628393293971,456.2640682268695,322.9602215390717,21.70122889747239,4.993806863688807,1.0,0.0,development_exploratory_not_untouched_final,C_xgboost_current_pm,hourly_forecast_bucket_aware_arrival_time_exposure,2022-02-27T08:00:00,2022-02-27T07:00:00,08:00
od_08,motorbike,motorbike-2,7215.548279104051,17.317315869849722,333,453.8884338501482,475.7293074800808,335.2949340083701,21.84087362993256,4.811947606742353,0.0484848484848484,0.9515151515151516,development_exploratory_not_untouched_final,C_xgboost_current_pm,hourly_forecast_bucket_aware_arrival_time_exposure,2022-02-27T08:00:00,2022-02-27T07:00:00,08:00
od_08,motorbike,motorbike-3,7573.324596391733,18.17597903134016,344,484.3698518877009,506.375683825621,353.3807902842563,22.005831937920107,4.543187783500214,0.0014245014245014,0.9985754985754984,development_exploratory_not_untouched_final,C_xgboost_current_pm,hourly_forecast_bucket_aware_arrival_time_exposure,2022-02-27T08:00:00,2022-02-27T07:00:00,08:00
od_08,motorbike,motorbike-4,7575.277566997327,18.18066616079358,315,465.89091955028334,491.04683397721294,350.778251430267,25.1559144269296,5.399528810566254,0.0337423312883435,0.9662576687116564,development_exploratory_not_untouched_final,C_xgboost_current_pm,hourly_forecast_bucket_aware_arrival_time_exposure,2022-02-27T08:00:00,2022-02-27T07:00:00,08:00
od_08,motorbike,motorbike-5,8390.002444496451,20.13600586679148,363,546.4100563084644,567.5121918602237,392.0910778139505,21.10213555175926,3.861959586601476,0.0,1.0,development_exploratory_not_untouched_final,C_xgboost_current_pm,hourly_forecast_bucket_aware_arrival_time_exposure,2022-02-27T08:00:00,2022-02-27T07:00:00,08:00
od_08,motorbike,motorbike-6,8834.829668619339,21.20359120468641,427,531.618993620067,560.1549115486221,401.3760271299998,28.535917928555023,5.367738600579202,0.0,1.0,development_exploratory_not_untouched_final,C_xgboost_current_pm,hourly_forecast_bucket_aware_arrival_time_exposure,2022-02-27T08:00:00,2022-02-27T07:00:00,08:00
od_08,motorbike,motorbike-7,9392.556663716472,22.542135992919533,344,556.4742228709746,585.4718200318554,420.5706317746893,28.997597160880787,5.210950654870538,0.0,1.0,development_exploratory_not_untouched_final,C_xgboost_current_pm,hourly_forecast_bucket_aware_arrival_time_exposure,2022-02-27T08:00:00,2022-02-27T07:00:00,08:00
od_08,motorbike,motorbike-8,9441.957784148508,22.66069868195642,437,609.5580349851401,636.2018216037865,441.0392878781113,26.643786618646345,4.3710008054107385,0.0012578616352201,0.99874213836478,development_exploratory_not_untouched_final,C_xgboost_current_pm,hourly_forecast_bucket_aware_arrival_time_exposure,2022-02-27T08:00:00,2022-02-27T07:00:00,08:00
od_09,walking,walking-1,3714.987884771448,44.57985461725738,100,1018.4131932323602,1084.8845583776756,801.7653065185439,66.47136514531542,6.526954441187151,1.0,0.0,development_exploratory_not_untouched_final,C_xgboost_current_pm,hourly_forecast_bucket_aware_arrival_time_exposure,2022-02-27T08:00:00,2022-02-27T07:00:00,08:00
od_09,walking,walking-2,3994.581068018032,47.93497281621638,155,1118.890268210446,1190.0356286304009,871.2436438441989,71.14536041995484,6.358564592195871,0.0944206008583691,0.9055793991416308,development_exploratory_not_untouched_final,C_xgboost_current_pm,hourly_forecast_bucket_aware_arrival_time_exposure,2022-02-27T08:00:00,2022-02-27T07:00:00,08:00
od_09,walking,walking-3,4409.140877200214,52.90969052640257,216,1272.4999372198768,1351.2236735536703,976.9197441563836,78.72373633379357,6.186541470940034,0.0095846645367412,0.9904153354632588,development_exploratory_not_untouched_final,C_xgboost_current_pm,hourly_forecast_bucket_aware_arrival_time_exposure,2022-02-27T08:00:00,2022-02-27T07:00:00,08:00
od_09,walking,walking-4,4384.315892491492,52.61179070989791,134,1202.8297409244954,1283.3293103257677,946.9296842073472,80.49956940127231,6.692515712107377,0.054054054054054,0.945945945945946,development_exploratory_not_untouched_final,C_xgboost_current_pm,hourly_forecast_bucket_aware_arrival_time_exposure,2022-02-27T08:00:00,2022-02-27T07:00:00,08:00
od_09,walking,walking-5,4742.4154350489225,56.90898522058707,219,1375.2778874948558,1458.9470881976154,1053.3395942996017,83.66920070275955,6.083803241770112,0.0063091482649842,0.9936908517350158,development_exploratory_not_untouched_final,C_xgboost_current_pm,hourly_forecast_bucket_aware_arrival_time_exposure,2022-02-27T08:00:00,2022-02-27T07:00:00,08:00
od_09,walking,walking-6,4802.7629451718985,57.63315534206278,171,1336.2577305867087,1423.6629824664674,1044.0757549527125,87.40525187975868,6.5410474251386965,0.1731601731601731,0.8268398268398268,development_exploratory_not_untouched_final,C_xgboost_current_pm,hourly_forecast_bucket_aware_arrival_time_exposure,2022-02-27T08:00:00,2022-02-27T07:00:00,08:00
od_09,walking,walking-7,3715.863015697599,44.59035618837118,100,1018.6809576059128,1085.1762112684671,801.9660439366929,66.49525366255455,6.527583849101352,0.9607843137254902,0.0392156862745097,development_exploratory_not_untouched_final,C_xgboost_current_pm,hourly_forecast_bucket_aware_arrival_time_exposure,2022-02-27T08:00:00,2022-02-27T07:00:00,08:00
od_09,walking,walking-8,3715.984332991464,44.59181199589757,103,1018.5504889264804,1085.0730696046685,801.9374189493965,66.52258067818809,6.5311029155069935,0.897196261682243,0.102803738317757,development_exploratory_not_untouched_final,C_xgboost_current_pm,hourly_forecast_bucket_aware_arrival_time_exposure,2022-02-27T08:00:00,2022-02-27T07:00:00,08:00
od_09,motorbike,motorbike-1,4134.123639767717,9.92189673544252,158,230.40109421497104,245.41637029110575,179.9827011274639,15.01527607613474,6.51701595745246,1.0,0.0,development_exploratory_not_untouched_final,C_xgboost_current_pm,hourly_forecast_bucket_aware_arrival_time_exposure,2022-02-27T08:00:00,2022-02-27T07:00:00,08:00
od_09,motorbike,motorbike-2,4538.957874153826,10.893498897969184,218,263.718902597505,279.8035977035074,201.8216829994705,16.084695106002414,6.09918172249917,0.010752688172043,0.989247311827957,development_exploratory_not_untouched_final,C_xgboost_current_pm,hourly_forecast_bucket_aware_arrival_time_exposure,2022-02-27T08:00:00,2022-02-27T07:00:00,08:00
od_09,motorbike,motorbike-3,4554.583954733635,10.931001491360725,192,260.1837548993688,276.2675092922376,200.68360801036889,16.083754392868798,6.181690474522326,0.1363636363636363,0.8636363636363636,development_exploratory_not_untouched_final,C_xgboost_current_pm,hourly_forecast_bucket_aware_arrival_time_exposure,2022-02-27T08:00:00,2022-02-27T07:00:00,08:00
od_09,motorbike,motorbike-4,5284.244385537157,12.682186525289175,179,293.789308833296,313.11669027744665,229.89621482580708,19.32738144415066,6.578653770929949,0.053125,0.946875,development_exploratory_not_untouched_final,C_xgboost_current_pm,hourly_forecast_bucket_aware_arrival_time_exposure,2022-02-27T08:00:00,2022-02-27T07:00:00,08:00
od_09,motorbike,motorbike-5,6360.146358591584,15.2643512606198,284,381.9652347917034,403.99173850925206,288.36556759915607,22.02650371754868,5.766625260950872,0.0045454545454545,0.9954545454545456,development_exploratory_not_untouched_final,C_xgboost_current_pm,hourly_forecast_bucket_aware_arrival_time_exposure,2022-02-27T08:00:00,2022-02-27T07:00:00,08:00
od_09,motorbike,motorbike-6,5752.129528566935,13.805110868560645,272,331.7317787986928,353.0239059970244,254.84970846877823,21.29212719833157,6.418476781283118,0.0023310023310023,0.9976689976689976,development_exploratory_not_untouched_final,C_xgboost_current_pm,hourly_forecast_bucket_aware_arrival_time_exposure,2022-02-27T08:00:00,2022-02-27T07:00:00,08:00
od_09,motorbike,motorbike-7,7766.043199904027,18.638503679769663,302,467.8574701232138,494.8534867585093,353.12671363861426,26.99601663529552,5.770136924005064,0.0109890109890109,0.989010989010989,development_exploratory_not_untouched_final,C_xgboost_current_pm,hourly_forecast_bucket_aware_arrival_time_exposure,2022-02-27T08:00:00,2022-02-27T07:00:00,08:00
od_09,motorbike,motorbike-8,9897.359620826115,23.75366308998268,417,599.493403383373,631.6914329898879,452.8502841696172,32.198029606514865,5.37087304460703,0.0286225402504472,0.9713774597495528,development_exploratory_not_untouched_final,C_xgboost_current_pm,hourly_forecast_bucket_aware_arrival_time_exposure,2022-02-27T08:00:00,2022-02-27T07:00:00,08:00
od_10,walking,walking-1,4185.687637541589,50.22825165049906,164,1456.1329262595518,1457.0468181687645,989.2752176640772,0.9138919092124524,0.0627615716073405,1.0,0.0,development_exploratory_not_untouched_final,C_xgboost_current_pm,hourly_forecast_bucket_aware_arrival_time_exposure,2022-02-27T08:00:00,2022-02-27T07:00:00,08:00
od_10,walking,walking-2,4395.999188223484,52.7519902586818,247,1562.9308567346682,1552.802254008201,1046.8429128494126,-10.12860272646708,-0.6480518752843695,0.0198511166253101,0.98014888337469,development_exploratory_not_untouched_final,C_xgboost_current_pm,hourly_forecast_bucket_aware_arrival_time_exposure,2022-02-27T08:00:00,2022-02-27T07:00:00,08:00
od_10,walking,walking-3,4422.248506346172,53.06698207615407,168,1544.7441854780943,1543.5123475522582,1047.1478884066496,-1.2318379258360892,-0.0797438137276327,0.067524115755627,0.932475884244373,development_exploratory_not_untouched_final,C_xgboost_current_pm,hourly_forecast_bucket_aware_arrival_time_exposure,2022-02-27T08:00:00,2022-02-27T07:00:00,08:00
od_10,walking,walking-4,4671.923754688715,56.06308505626459,193,1603.1737552395591,1611.355734892649,1101.1194848756338,8.181979653089911,0.5103613770091499,0.0142045454545454,0.9857954545454546,development_exploratory_not_untouched_final,C_xgboost_current_pm,hourly_forecast_bucket_aware_arrival_time_exposure,2022-02-27T08:00:00,2022-02-27T07:00:00,08:00
od_10,walking,walking-5,5276.724061903826,63.32068874284592,204,1917.6468009564785,1883.9540866788557,1257.5461562217351,-33.692714277623054,-1.7569822691445525,0.0082191780821917,0.9917808219178084,development_exploratory_not_untouched_final,C_xgboost_current_pm,hourly_forecast_bucket_aware_arrival_time_exposure,2022-02-27T08:00:00,2022-02-27T07:00:00,08:00
od_10,walking,walking-6,4188.220874538794,50.258650494465535,162,1456.9687115052675,1457.8976999898568,989.8665592548152,0.9289884845891264,0.0637617319612403,0.963855421686747,0.036144578313253,development_exploratory_not_untouched_final,C_xgboost_current_pm,hourly_forecast_bucket_aware_arrival_time_exposure,2022-02-27T08:00:00,2022-02-27T07:00:00,08:00
od_10,walking,walking-7,4188.427303785825,50.26112764542989,161,1457.0303317133423,1457.9617786524614,989.9125859809654,0.931446939118814,0.0639277658704271,0.9461077844311376,0.0538922155688622,development_exploratory_not_untouched_final,C_xgboost_current_pm,hourly_forecast_bucket_aware_arrival_time_exposure,2022-02-27T08:00:00,2022-02-27T07:00:00,08:00
od_10,walking,walking-8,4191.191762378216,50.294301148538594,171,1458.27544796425,1459.14814989789,990.6352981493892,0.8727019336399735,0.059844793715636,0.6666666666666666,0.3333333333333333,development_exploratory_not_untouched_final,C_xgboost_current_pm,hourly_forecast_bucket_aware_arrival_time_exposure,2022-02-27T08:00:00,2022-02-27T07:00:00,08:00
od_10,motorbike,motorbike-1,4185.687637541589,10.045650330099813,164,291.22658525191025,291.4093636337529,197.85504353281556,0.1827783818426382,0.0627615716073913,1.0,0.0,development_exploratory_not_untouched_final,C_xgboost_current_pm,hourly_forecast_bucket_aware_arrival_time_exposure,2022-02-27T08:00:00,2022-02-27T07:00:00,08:00
od_10,motorbike,motorbike-2,4394.830211426111,10.547592507422667,164,306.4999311179118,306.45362333866245,208.03204093861308,-0.0463077792493322,-0.0151085773756723,0.086092715231788,0.913907284768212,development_exploratory_not_untouched_final,C_xgboost_current_pm,hourly_forecast_bucket_aware_arrival_time_exposure,2022-02-27T08:00:00,2022-02-27T07:00:00,08:00
od_10,motorbike,motorbike-3,4654.755135099948,11.171412324239874,229,331.07087234614494,328.9006475874821,221.6756775855847,-2.170224758662812,-0.6555166702777084,0.0261096605744125,0.9738903394255874,development_exploratory_not_untouched_final,C_xgboost_current_pm,hourly_forecast_bucket_aware_arrival_time_exposure,2022-02-27T08:00:00,2022-02-27T07:00:00,08:00
od_10,motorbike,motorbike-4,5386.858029237803,12.928459270170729,220,370.107261464495,371.6936095565346,253.59299044301733,1.5863480920396,0.4286184728617601,0.0052356020942408,0.9947643979057592,development_exploratory_not_untouched_final,C_xgboost_current_pm,hourly_forecast_bucket_aware_arrival_time_exposure,2022-02-27T08:00:00,2022-02-27T07:00:00,08:00
od_10,motorbike,motorbike-5,5511.374478011498,13.227298747227591,208,401.8924404089295,395.9776543517358,264.4888103833169,-5.91478605719368,-1.4717335939873186,0.008130081300813,0.991869918699187,development_exploratory_not_untouched_final,C_xgboost_current_pm,hourly_forecast_bucket_aware_arrival_time_exposure,2022-02-27T08:00:00,2022-02-27T07:00:00,08:00
od_10,motorbike,motorbike-6,5634.416015636255,13.522598437527012,213,382.4573131551152,385.5682463634193,264.3599560379444,3.1109332083040613,0.8134066473040205,0.0272479564032697,0.9727520435967304,development_exploratory_not_untouched_final,C_xgboost_current_pm,hourly_forecast_bucket_aware_arrival_time_exposure,2022-02-27T08:00:00,2022-02-27T07:00:00,08:00
od_10,motorbike,motorbike-7,6236.241931359497,14.966980635262791,192,446.221427156172,442.77051005705897,297.7613794945485,-3.450917099113042,-0.7733642736760069,0.0028169014084507,0.9971830985915492,development_exploratory_not_untouched_final,C_xgboost_current_pm,hourly_forecast_bucket_aware_arrival_time_exposure,2022-02-27T08:00:00,2022-02-27T07:00:00,08:00
od_10,motorbike,motorbike-8,6017.043125469885,14.440903501127725,234,407.2974122605854,410.9334550262569,281.9596449710588,3.6360427656715046,0.8927242492140351,0.0101522842639593,0.9898477157360406,development_exploratory_not_untouched_final,C_xgboost_current_pm,hourly_forecast_bucket_aware_arrival_time_exposure,2022-02-27T08:00:00,2022-02-27T07:00:00,08:00
od_11,walking,walking-1,5799.7898826035935,69.59747859124312,184,2166.8848854962243,2106.408423141036,1376.5509927297476,-60.47646235518823,-2.7909402460638284,1.0,0.0,development_exploratory_not_untouched_final,C_xgboost_current_pm,hourly_forecast_bucket_aware_arrival_time_exposure,2022-02-27T08:00:00,2022-02-27T07:00:00,08:00
od_11,walking,walking-2,5899.73045264374,70.79676543172488,210,2202.0575549418973,2137.2300190958385,1395.5851418695145,-64.82753584605871,-2.9439528363176333,0.2236024844720497,0.7763975155279503,development_exploratory_not_untouched_final,C_xgboost_current_pm,hourly_forecast_bucket_aware_arrival_time_exposure,2022-02-27T08:00:00,2022-02-27T07:00:00,08:00
od_11,walking,walking-3,6156.7707067981255,73.88124848157752,281,2311.3471499337547,2231.660874496818,1451.279705646423,-79.68627543693674,-3.4476117289097234,0.0889929742388758,0.911007025761124,development_exploratory_not_untouched_final,C_xgboost_current_pm,hourly_forecast_bucket_aware_arrival_time_exposure,2022-02-27T08:00:00,2022-02-27T07:00:00,08:00
od_11,walking,walking-4,5799.932240963838,69.59918689156605,183,2166.944564449375,2106.4661293980357,1376.5868378667783,-60.4784350513396,-2.7909544177336767,0.962566844919786,0.0374331550802139,development_exploratory_not_untouched_final,C_xgboost_current_pm,hourly_forecast_bucket_aware_arrival_time_exposure,2022-02-27T08:00:00,2022-02-27T07:00:00,08:00
od_11,walking,walking-5,5805.109540891901,69.66131449070281,183,2168.705912750156,2108.273540317228,1377.8122235407436,-60.43237243292833,-2.786563732668275,0.952127659574468,0.0478723404255319,development_exploratory_not_untouched_final,C_xgboost_current_pm,hourly_forecast_bucket_aware_arrival_time_exposure,2022-02-27T08:00:00,2022-02-27T07:00:00,08:00
od_11,walking,walking-6,5805.251899252145,69.66302279102574,182,2168.7655917033067,2108.331246574227,1377.8480686777743,-60.4343451290797,-2.786578012869327,0.9162303664921466,0.0837696335078533,development_exploratory_not_untouched_final,C_xgboost_current_pm,hourly_forecast_bucket_aware_arrival_time_exposure,2022-02-27T08:00:00,2022-02-27T07:00:00,08:00
od_11,walking,walking-7,5805.359775307745,69.66431730369294,184,2169.123444027057,2108.548722033553,1377.9299164900551,-60.57472199350332,-2.7925898897226493,0.84,0.16,development_exploratory_not_untouched_final,C_xgboost_current_pm,hourly_forecast_bucket_aware_arrival_time_exposure,2022-02-27T08:00:00,2022-02-27T07:00:00,08:00
od_11,walking,walking-8,5805.502133667988,69.66602560401587,183,2169.183122980208,2108.606428290553,1377.965761627086,-60.57669468965423,-2.7926040013822733,0.8078817733990148,0.1921182266009852,development_exploratory_not_untouched_final,C_xgboost_current_pm,hourly_forecast_bucket_aware_arrival_time_exposure,2022-02-27T08:00:00,2022-02-27T07:00:00,08:00
od_11,motorbike,motorbike-1,7321.29135850387,17.571099260409287,245,538.9961969750802,534.8507584514323,353.76019285912423,-4.145438523647954,-0.7691034829026099,1.0,0.0,development_exploratory_not_untouched_final,C_xgboost_current_pm,hourly_forecast_bucket_aware_arrival_time_exposure,2022-02-27T08:00:00,2022-02-27T07:00:00,08:00
od_11,motorbike,motorbike-2,7633.162700227178,18.319590480545227,218,579.6404310731368,569.1581506482427,372.047034797582,-10.482280424894157,-1.808410846270236,0.1721518987341772,0.8278481012658228,development_exploratory_not_untouched_final,C_xgboost_current_pm,hourly_forecast_bucket_aware_arrival_time_exposure,2022-02-27T08:00:00,2022-02-27T07:00:00,08:00
od_11,motorbike,motorbike-3,7889.25327154217,18.93420785170121,304,573.6104615466695,571.1318526286605,379.8112530345061,-2.4786089180090585,-0.4321066445207078,0.1366459627329192,0.8633540372670807,development_exploratory_not_untouched_final,C_xgboost_current_pm,hourly_forecast_bucket_aware_arrival_time_exposure,2022-02-27T08:00:00,2022-02-27T07:00:00,08:00
od_11,motorbike,motorbike-4,9666.540510810522,23.199697225945258,375,692.5461478918546,694.2678790012671,463.6989867782586,1.7217311094125307,0.2486088637780409,0.0367892976588628,0.9632107023411371,development_exploratory_not_untouched_final,C_xgboost_current_pm,hourly_forecast_bucket_aware_arrival_time_exposure,2022-02-27T08:00:00,2022-02-27T07:00:00,08:00
od_11,motorbike,motorbike-5,11246.266961598392,26.99104070783614,398,789.2338405182771,797.1764363571956,536.3141562862938,7.942595838918464,1.0063678761801051,0.0255183413078149,0.9744816586921852,development_exploratory_not_untouched_final,C_xgboost_current_pm,hourly_forecast_bucket_aware_arrival_time_exposure,2022-02-27T08:00:00,2022-02-27T07:00:00,08:00
od_11,motorbike,motorbike-6,13020.355584141242,31.24885340193898,484,897.4115418575091,914.3932018115888,618.5406751343903,16.981659954079646,1.8922934642594549,0.0267605633802816,0.9732394366197183,development_exploratory_not_untouched_final,C_xgboost_current_pm,hourly_forecast_bucket_aware_arrival_time_exposure,2022-02-27T08:00:00,2022-02-27T07:00:00,08:00
od_11,motorbike,motorbike-7,13564.85143099635,32.55564343439124,443,989.1205204077356,982.7905063710828,653.9397323012867,-6.330014036652756,-0.6399638776115367,0.0584615384615384,0.9415384615384615,development_exploratory_not_untouched_final,C_xgboost_current_pm,hourly_forecast_bucket_aware_arrival_time_exposure,2022-02-27T08:00:00,2022-02-27T07:00:00,08:00
od_11,motorbike,motorbike-8,11223.628499005668,26.9367083976136,354,826.7356484125783,819.353924961906,541.9083038252444,-7.381723450672212,-0.8928759108000143,0.0812274368231047,0.9187725631768952,development_exploratory_not_untouched_final,C_xgboost_current_pm,hourly_forecast_bucket_aware_arrival_time_exposure,2022-02-27T08:00:00,2022-02-27T07:00:00,08:00
od_12,walking,walking-1,4720.801672969871,56.64962007563846,184,1472.284307548678,1555.9799264277328,1090.3641768015857,83.69561887905479,5.684745700944554,1.0,0.0,development_exploratory_not_untouched_final,C_xgboost_current_pm,hourly_forecast_bucket_aware_arrival_time_exposure,2022-02-27T08:00:00,2022-02-27T07:00:00,08:00
od_12,walking,walking-2,4873.757845553635,58.485094146643625,187,1524.8427264329111,1609.612930472308,1127.0183894005638,84.77020403939673,5.559275233433485,0.1630094043887147,0.8369905956112853,development_exploratory_not_untouched_final,C_xgboost_current_pm,hourly_forecast_bucket_aware_arrival_time_exposure,2022-02-27T08:00:00,2022-02-27T07:00:00,08:00
od_12,walking,walking-3,5545.213763066034,66.5425651567924,257,1779.2101735203082,1849.828118956131,1295.99487719149,70.61794543582278,3.9690614682187646,0.0,1.0,development_exploratory_not_untouched_final,C_xgboost_current_pm,hourly_forecast_bucket_aware_arrival_time_exposure,2022-02-27T08:00:00,2022-02-27T07:00:00,08:00
od_12,walking,walking-4,5856.273320547576,70.27527984657091,240,1812.2538674480195,1900.2491813319136,1335.2950478563212,87.99531388389437,4.855573243047216,0.0266343825665859,0.973365617433414,development_exploratory_not_untouched_final,C_xgboost_current_pm,hourly_forecast_bucket_aware_arrival_time_exposure,2022-02-27T08:00:00,2022-02-27T07:00:00,08:00
od_12,walking,walking-5,4720.822679411884,56.64987215294261,185,1472.2935466221911,1555.9893798762628,1090.3704041415583,83.69583325407166,5.6847245881156505,0.9627659574468084,0.0372340425531915,development_exploratory_not_untouched_final,C_xgboost_current_pm,hourly_forecast_bucket_aware_arrival_time_exposure,2022-02-27T08:00:00,2022-02-27T07:00:00,08:00
od_12,walking,walking-6,4721.126792606221,56.65352151127466,183,1472.3904591631872,1556.0939350962103,1090.4406253339612,83.70347593302336,5.684869486358604,0.9731182795698924,0.0268817204301075,development_exploratory_not_untouched_final,C_xgboost_current_pm,hourly_forecast_bucket_aware_arrival_time_exposure,2022-02-27T08:00:00,2022-02-27T07:00:00,08:00
od_12,walking,walking-7,4721.1477990482335,56.65377358857881,184,1472.3996982367005,1556.1033885447405,1090.4468526739342,83.70369030804022,5.684848374275079,0.936842105263158,0.063157894736842,development_exploratory_not_untouched_final,C_xgboost_current_pm,hourly_forecast_bucket_aware_arrival_time_exposure,2022-02-27T08:00:00,2022-02-27T07:00:00,08:00
od_12,walking,walking-8,4721.249689238599,56.6549962708632,182,1472.4649188893593,1556.130632101198,1090.4783574656683,83.66571321183869,5.682017421165151,0.8484848484848485,0.1515151515151515,development_exploratory_not_untouched_final,C_xgboost_current_pm,hourly_forecast_bucket_aware_arrival_time_exposure,2022-02-27T08:00:00,2022-02-27T07:00:00,08:00
od_12,motorbike,motorbike-1,4600.823120587895,11.041975489410948,168,286.27853120609063,302.47540568011607,212.36088457536164,16.196874474025435,5.657732840038004,1.0,0.0,development_exploratory_not_untouched_final,C_xgboost_current_pm,hourly_forecast_bucket_aware_arrival_time_exposure,2022-02-27T08:00:00,2022-02-27T07:00:00,08:00
od_12,motorbike,motorbike-2,4721.109525328519,11.330662860788443,166,293.8052496384592,310.4200657661156,217.9221859937725,16.614816127656354,5.655043995334204,0.3413654618473896,0.6586345381526104,development_exploratory_not_untouched_final,C_xgboost_current_pm,hourly_forecast_bucket_aware_arrival_time_exposure,2022-02-27T08:00:00,2022-02-27T07:00:00,08:00
od_12,motorbike,motorbike-3,5580.281754562078,13.392676210948988,249,357.9456708095671,374.1382726017177,262.4001865490731,16.192601792150583,4.523759640821389,0.0024038461538461,0.997596153846154,development_exploratory_not_untouched_final,C_xgboost_current_pm,hourly_forecast_bucket_aware_arrival_time_exposure,2022-02-27T08:00:00,2022-02-27T07:00:00,08:00
od_12,motorbike,motorbike-4,5904.804229009314,14.171530149622354,256,362.9460067707893,384.5119563618868,270.8534589766503,21.56594959109742,5.9419167558762895,0.029126213592233,0.970873786407767,development_exploratory_not_untouched_final,C_xgboost_current_pm,hourly_forecast_bucket_aware_arrival_time_exposure,2022-02-27T08:00:00,2022-02-27T07:00:00,08:00
od_12,motorbike,motorbike-5,7008.213626047753,16.819712702514604,202,451.8383520179505,472.2780034277234,328.47111648401903,20.439651409772864,4.523664562445298,0.0054347826086956,0.9945652173913044,development_exploratory_not_untouched_final,C_xgboost_current_pm,hourly_forecast_bucket_aware_arrival_time_exposure,2022-02-27T08:00:00,2022-02-27T07:00:00,08:00
od_12,motorbike,motorbike-6,7262.316209679331,17.429558903230394,304,436.139757313592,462.4292364264281,328.5571308201658,26.28947911283609,6.027764878571595,0.0021231422505307,0.9978768577494692,development_exploratory_not_untouched_final,C_xgboost_current_pm,hourly_forecast_bucket_aware_arrival_time_exposure,2022-02-27T08:00:00,2022-02-27T07:00:00,08:00
od_12,motorbike,motorbike-7,6873.838377293402,16.497212105504165,281,444.9790973791808,463.3456865501953,324.37931394680203,18.36658917101448,4.127517287708399,0.0022321428571428,0.9977678571428572,development_exploratory_not_untouched_final,C_xgboost_current_pm,hourly_forecast_bucket_aware_arrival_time_exposure,2022-02-27T08:00:00,2022-02-27T07:00:00,08:00
od_12,motorbike,motorbike-8,9113.20463170502,21.87169111609205,354,545.1903952730538,579.3547161246479,411.7170242585041,34.164320851594084,6.266493531032069,0.0,1.0,development_exploratory_not_untouched_final,C_xgboost_current_pm,hourly_forecast_bucket_aware_arrival_time_exposure,2022-02-27T08:00:00,2022-02-27T07:00:00,08:00
od_13,walking,walking-1,6350.856943085906,76.21028331703089,223,1993.035956554836,2100.1136894915794,1461.7614794464268,107.0777329367436,5.3725941363264855,1.0,0.0,development_exploratory_not_untouched_final,C_xgboost_current_pm,hourly_forecast_bucket_aware_arrival_time_exposure,2022-02-27T08:00:00,2022-02-27T07:00:00,08:00
od_13,walking,walking-2,6481.138228551883,77.77365874262259,245,2051.0053070773097,2155.50931287651,1493.8380554985554,104.50400579920095,5.095257698192872,0.125,0.875,development_exploratory_not_untouched_final,C_xgboost_current_pm,hourly_forecast_bucket_aware_arrival_time_exposure,2022-02-27T08:00:00,2022-02-27T07:00:00,08:00
od_13,walking,walking-3,6866.266206369937,82.39519447643924,329,2137.153233944521,2244.598104350529,1568.1406372707725,107.4448704060078,5.027476209915839,0.0147058823529411,0.9852941176470588,development_exploratory_not_untouched_final,C_xgboost_current_pm,hourly_forecast_bucket_aware_arrival_time_exposure,2022-02-27T08:00:00,2022-02-27T07:00:00,08:00
od_13,walking,walking-4,7212.11435750965,86.54537229011581,281,2156.9078845056247,2272.639875848345,1619.486755957686,115.73199134272043,5.365643668609746,0.0019880715705765,0.9980119284294234,development_exploratory_not_untouched_final,C_xgboost_current_pm,hourly_forecast_bucket_aware_arrival_time_exposure,2022-02-27T08:00:00,2022-02-27T07:00:00,08:00
od_13,walking,walking-5,6351.157688633242,76.21389226359891,223,1993.133250868952,2100.213985770244,1461.8322467730147,107.0807349012914,5.372482489798768,0.9822222222222222,0.0177777777777777,development_exploratory_not_untouched_final,C_xgboost_current_pm,hourly_forecast_bucket_aware_arrival_time_exposure,2022-02-27T08:00:00,2022-02-27T07:00:00,08:00
od_13,walking,walking-6,6351.78359395068,76.22140312740817,223,1993.3503962033244,2100.4361631214647,1461.9792151986742,107.08576691814028,5.372149679359103,0.9822222222222222,0.0177777777777777,development_exploratory_not_untouched_final,C_xgboost_current_pm,hourly_forecast_bucket_aware_arrival_time_exposure,2022-02-27T08:00:00,2022-02-27T07:00:00,08:00
od_13,walking,walking-7,6351.903524558955,76.22284229470746,223,1993.366980568244,2100.4645211295674,1462.003651567489,107.09754056132329,5.372695625307953,0.9734513274336284,0.0265486725663717,development_exploratory_not_untouched_final,C_xgboost_current_pm,hourly_forecast_bucket_aware_arrival_time_exposure,2022-02-27T08:00:00,2022-02-27T07:00:00,08:00
od_13,walking,walking-8,6352.084339498016,76.22501207397619,223,1993.4476905174408,2100.536459400129,1462.0499825252623,107.0887688826881,5.372038072134763,0.9647577092511012,0.0352422907488987,development_exploratory_not_untouched_final,C_xgboost_current_pm,hourly_forecast_bucket_aware_arrival_time_exposure,2022-02-27T08:00:00,2022-02-27T07:00:00,08:00
od_13,motorbike,motorbike-1,6555.777236469699,15.733865367527278,238,413.8712379418352,440.8280200107917,305.8651404952812,26.9567820689565,6.513325787752606,1.0,0.0,development_exploratory_not_untouched_final,C_xgboost_current_pm,hourly_forecast_bucket_aware_arrival_time_exposure,2022-02-27T08:00:00,2022-02-27T07:00:00,08:00
od_13,motorbike,motorbike-2,6921.239270399785,16.610974248959483,313,428.6262468136227,457.8071809075087,320.64068594283526,29.18093409388598,6.808013814089779,0.1108870967741935,0.8891129032258065,development_exploratory_not_untouched_final,C_xgboost_current_pm,hourly_forecast_bucket_aware_arrival_time_exposure,2022-02-27T08:00:00,2022-02-27T07:00:00,08:00
od_13,motorbike,motorbike-3,7392.918193668919,17.743003664805407,276,442.3274222138835,472.95369105498224,337.8483202308346,30.62626884109875,6.923891059661612,0.0098231827111984,0.9901768172888016,development_exploratory_not_untouched_final,C_xgboost_current_pm,hourly_forecast_bucket_aware_arrival_time_exposure,2022-02-27T08:00:00,2022-02-27T07:00:00,08:00
od_13,motorbike,motorbike-4,7691.718911691466,18.46012538805952,295,494.777496112335,525.8377318725741,360.5140245064989,31.06023576023909,6.277616909477858,0.0094696969696969,0.990530303030303,development_exploratory_not_untouched_final,C_xgboost_current_pm,hourly_forecast_bucket_aware_arrival_time_exposure,2022-02-27T08:00:00,2022-02-27T07:00:00,08:00
od_13,motorbike,motorbike-5,7740.785596864544,18.577885432474904,322,482.8101614505157,514.4290635608342,359.0883278239013,31.61890211031846,6.548930539350123,0.0163339382940108,0.9836660617059892,development_exploratory_not_untouched_final,C_xgboost_current_pm,hourly_forecast_bucket_aware_arrival_time_exposure,2022-02-27T08:00:00,2022-02-27T07:00:00,08:00
od_13,motorbike,motorbike-6,8737.311283772979,20.96954708105515,346,530.6257754718664,569.6197158164113,403.231217759364,38.99394034454485,7.348670597441096,0.0017152658662092,0.9982847341337908,development_exploratory_not_untouched_final,C_xgboost_current_pm,hourly_forecast_bucket_aware_arrival_time_exposure,2022-02-27T08:00:00,2022-02-27T07:00:00,08:00
od_13,motorbike,motorbike-7,9053.865774029062,21.72927785766975,355,574.4113887920311,614.5292116186863,423.79735524760144,40.11782282665524,6.9841621544137125,0.0085034013605442,0.9914965986394558,development_exploratory_not_untouched_final,C_xgboost_current_pm,hourly_forecast_bucket_aware_arrival_time_exposure,2022-02-27T08:00:00,2022-02-27T07:00:00,08:00
od_13,motorbike,motorbike-8,9451.855458954313,22.684453101490345,393,561.6471521951868,600.2022004231729,429.779546801861,38.55504822798616,6.86463878207065,0.0079872204472843,0.9920127795527156,development_exploratory_not_untouched_final,C_xgboost_current_pm,hourly_forecast_bucket_aware_arrival_time_exposure,2022-02-27T08:00:00,2022-02-27T07:00:00,08:00
od_14,walking,walking-1,3449.3464763882066,41.39215771665848,138,1113.0262887378217,1218.8406412197653,813.0780674909333,105.81435248194384,9.506905052704369,1.0,0.0,development_exploratory_not_untouched_final,C_xgboost_current_pm,hourly_forecast_bucket_aware_arrival_time_exposure,2022-02-27T08:00:00,2022-02-27T07:00:00,08:00
od_14,walking,walking-2,3578.7470410233627,42.94496449228036,172,1162.3587297736867,1276.1458558145346,846.6987074648126,113.78712604084784,9.789329500971048,0.087719298245614,0.912280701754386,development_exploratory_not_untouched_final,C_xgboost_current_pm,hourly_forecast_bucket_aware_arrival_time_exposure,2022-02-27T08:00:00,2022-02-27T07:00:00,08:00
od_14,walking,walking-3,4058.601500731728,48.703218008780745,197,1306.6136193691682,1432.0276966904294,956.0833811358629,125.41407732126116,9.598405792051285,0.0806451612903225,0.9193548387096774,development_exploratory_not_untouched_final,C_xgboost_current_pm,hourly_forecast_bucket_aware_arrival_time_exposure,2022-02-27T08:00:00,2022-02-27T07:00:00,08:00
od_14,walking,walking-4,4395.024946910382,52.74029936292458,222,1430.398960587817,1575.0233834629876,1042.1583686744011,144.62442287517047,10.110775165534069,0.0285714285714285,0.9714285714285714,development_exploratory_not_untouched_final,C_xgboost_current_pm,hourly_forecast_bucket_aware_arrival_time_exposure,2022-02-27T08:00:00,2022-02-27T07:00:00,08:00
od_14,walking,walking-5,3910.353898415349,46.92424678098419,188,1266.4056443584136,1388.3130635581574,923.4078934258996,121.9074191997438,9.626253621248232,0.2490421455938697,0.7509578544061303,development_exploratory_not_untouched_final,C_xgboost_current_pm,hourly_forecast_bucket_aware_arrival_time_exposure,2022-02-27T08:00:00,2022-02-27T07:00:00,08:00
od_14,walking,walking-6,4552.763815811306,54.63316578973567,212,1471.1243496158315,1611.1358887689528,1073.9461043274562,140.01153915312125,9.517315051557931,0.1182108626198083,0.8817891373801917,development_exploratory_not_untouched_final,C_xgboost_current_pm,hourly_forecast_bucket_aware_arrival_time_exposure,2022-02-27T08:00:00,2022-02-27T07:00:00,08:00
od_14,walking,walking-7,3900.035635440011,46.80042762528013,158,1260.5327901592673,1379.577445720747,919.7670417593716,119.04465556147966,9.44399514957786,0.2282157676348547,0.7717842323651453,development_exploratory_not_untouched_final,C_xgboost_current_pm,hourly_forecast_bucket_aware_arrival_time_exposure,2022-02-27T08:00:00,2022-02-27T07:00:00,08:00
od_14,walking,walking-8,3455.264828217764,41.46317793861317,144,1114.6296806799478,1220.6064333880129,814.3769788171503,105.97675270806508,9.507799275847113,0.7961783439490446,0.2038216560509553,development_exploratory_not_untouched_final,C_xgboost_current_pm,hourly_forecast_bucket_aware_arrival_time_exposure,2022-02-27T08:00:00,2022-02-27T07:00:00,08:00
od_14,motorbike,motorbike-1,3010.5441753969367,7.225306020952647,145,194.81839620394965,214.70620457432352,142.41847093540892,19.887808370373875,10.208383170115985,1.0,0.0,development_exploratory_not_untouched_final,C_xgboost_current_pm,hourly_forecast_bucket_aware_arrival_time_exposure,2022-02-27T08:00:00,2022-02-27T07:00:00,08:00
od_14,motorbike,motorbike-2,3091.7023158472634,7.420085558033432,154,200.00497922171192,220.51735993337968,146.26232672412618,20.51238071166776,10.255935022962168,0.430622009569378,0.569377990430622,development_exploratory_not_untouched_final,C_xgboost_current_pm,hourly_forecast_bucket_aware_arrival_time_exposure,2022-02-27T08:00:00,2022-02-27T07:00:00,08:00
od_14,motorbike,motorbike-3,3322.57627571959,7.974183061727015,159,215.4447518360928,237.4742700793292,157.32864016401314,22.029518243236424,10.225135704394493,0.2063492063492063,0.7936507936507937,development_exploratory_not_untouched_final,C_xgboost_current_pm,hourly_forecast_bucket_aware_arrival_time_exposure,2022-02-27T08:00:00,2022-02-27T07:00:00,08:00
od_14,motorbike,motorbike-4,4154.239272164568,9.970174253194964,172,267.9165093944338,293.45084161998534,195.8114677217801,25.53433222555157,9.530705025706066,0.016025641025641,0.983974358974359,development_exploratory_not_untouched_final,C_xgboost_current_pm,hourly_forecast_bucket_aware_arrival_time_exposure,2022-02-27T08:00:00,2022-02-27T07:00:00,08:00
od_14,motorbike,motorbike-5,5029.718254103979,12.07132380984955,165,321.4906945104555,352.786749683449,236.3072799555253,31.29605517299348,9.734669061152458,0.009771986970684,0.990228013029316,development_exploratory_not_untouched_final,C_xgboost_current_pm,hourly_forecast_bucket_aware_arrival_time_exposure,2022-02-27T08:00:00,2022-02-27T07:00:00,08:00
od_14,motorbike,motorbike-6,4517.9290852875,10.84302980469,182,290.16242306361585,319.7070722103011,212.99225044020216,29.54464914668523,10.182107260735068,0.0792079207920792,0.9207920792079208,development_exploratory_not_untouched_final,C_xgboost_current_pm,hourly_forecast_bucket_aware_arrival_time_exposure,2022-02-27T08:00:00,2022-02-27T07:00:00,08:00
od_14,motorbike,motorbike-7,6936.376700045968,16.647304080110324,323,452.1378224245554,491.3687008883026,327.5928016718336,39.23087846374722,8.676752202099474,0.0588235294117647,0.9411764705882352,development_exploratory_not_untouched_final,C_xgboost_current_pm,hourly_forecast_bucket_aware_arrival_time_exposure,2022-02-27T08:00:00,2022-02-27T07:00:00,08:00
od_14,motorbike,motorbike-8,7290.831731815147,17.49799615635635,360,468.4676286732406,518.784173393308,344.56871194056487,50.31654472006744,10.740666300160427,0.0631578947368421,0.936842105263158,development_exploratory_not_untouched_final,C_xgboost_current_pm,hourly_forecast_bucket_aware_arrival_time_exposure,2022-02-27T08:00:00,2022-02-27T07:00:00,08:00
od_15,walking,walking-1,5536.69386072246,66.44032632866953,186,2015.3130496999008,1970.024153228704,1308.9004705681643,-45.28889647119695,-2.247238783966635,1.0,0.0,development_exploratory_not_untouched_final,C_xgboost_current_pm,hourly_forecast_bucket_aware_arrival_time_exposure,2022-02-27T08:00:00,2022-02-27T07:00:00,08:00
od_15,walking,walking-2,5564.73083435787,66.77677001229445,194,2027.008593831604,1980.8613302143287,1315.7089346920675,-46.147263617274575,-2.276619041364968,0.1515151515151515,0.8484848484848485,development_exploratory_not_untouched_final,C_xgboost_current_pm,hourly_forecast_bucket_aware_arrival_time_exposure,2022-02-27T08:00:00,2022-02-27T07:00:00,08:00
od_15,walking,walking-3,6642.2980399657945,79.70757647958953,304,2378.4680292244857,2320.3318284131765,1549.6448685122268,-58.13620081130921,-2.4442708540532654,0.012396694214876,0.987603305785124,development_exploratory_not_untouched_final,C_xgboost_current_pm,hourly_forecast_bucket_aware_arrival_time_exposure,2022-02-27T08:00:00,2022-02-27T07:00:00,08:00
od_15,walking,walking-4,5539.285393453677,66.47142472144414,189,2016.4112159787608,1971.051537061025,1309.5517151204306,-45.35967891773544,-2.24952522373855,0.8656716417910447,0.1343283582089552,development_exploratory_not_untouched_final,C_xgboost_current_pm,hourly_forecast_bucket_aware_arrival_time_exposure,2022-02-27T08:00:00,2022-02-27T07:00:00,08:00
od_15,walking,walking-5,5540.419810345768,66.48503772414922,189,2016.549155619296,1971.2738974140736,1309.7546611607024,-45.27525820522169,-2.24518495267314,0.9329896907216496,0.0670103092783505,development_exploratory_not_untouched_final,C_xgboost_current_pm,hourly_forecast_bucket_aware_arrival_time_exposure,2022-02-27T08:00:00,2022-02-27T07:00:00,08:00
od_15,walking,walking-6,5540.793403493031,66.48952084191637,195,2016.9504122494288,1971.572156319442,1309.8844430800934,-45.37825592998661,-2.249844897246529,0.6008403361344538,0.3991596638655462,development_exploratory_not_untouched_final,C_xgboost_current_pm,hourly_forecast_bucket_aware_arrival_time_exposure,2022-02-27T08:00:00,2022-02-27T07:00:00,08:00
od_15,walking,walking-7,5540.837695520378,66.49005234624452,194,2016.9710383025265,1971.589230906825,1309.892449113932,-45.381807395701344,-2.2499979689294136,0.5767634854771784,0.4232365145228216,development_exploratory_not_untouched_final,C_xgboost_current_pm,hourly_forecast_bucket_aware_arrival_time_exposure,2022-02-27T08:00:00,2022-02-27T07:00:00,08:00
od_15,walking,walking-8,5540.979390083845,66.49175268100615,191,2017.0759927461704,1971.666694158872,1309.9199049617189,-45.40929858729896,-2.251243817813525,0.47265625,0.52734375,development_exploratory_not_untouched_final,C_xgboost_current_pm,hourly_forecast_bucket_aware_arrival_time_exposure,2022-02-27T08:00:00,2022-02-27T07:00:00,08:00
od_15,motorbike,motorbike-1,6597.866213869733,15.834878913287358,206,492.94079552276366,480.1543589434283,316.8734795062596,-12.786436579335373,-2.593909186553602,1.0,0.0,development_exploratory_not_untouched_final,C_xgboost_current_pm,hourly_forecast_bucket_aware_arrival_time_exposure,2022-02-27T08:00:00,2022-02-27T07:00:00,08:00
od_15,motorbike,motorbike-2,7259.933104184688,17.423839450043253,284,534.8557102131431,523.8496681536483,347.87019654962256,-11.006042059494805,-2.0577591020031987,0.0913140311804008,0.9086859688195992,development_exploratory_not_untouched_final,C_xgboost_current_pm,hourly_forecast_bucket_aware_arrival_time_exposure,2022-02-27T08:00:00,2022-02-27T07:00:00,08:00
od_15,motorbike,motorbike-3,8286.265009658548,19.88703602318051,288,635.5432647688672,612.1031256352052,399.6438376270928,-23.440139133662,-3.688205104681056,0.051063829787234,0.948936170212766,development_exploratory_not_untouched_final,C_xgboost_current_pm,hourly_forecast_bucket_aware_arrival_time_exposure,2022-02-27T08:00:00,2022-02-27T07:00:00,08:00
od_15,motorbike,motorbike-4,8479.19339785534,20.35006415485282,266,665.1906929132751,634.4222916185608,410.7640558959957,-30.76840129471429,-4.625500871030039,0.0442477876106194,0.9557522123893806,development_exploratory_not_untouched_final,C_xgboost_current_pm,hourly_forecast_bucket_aware_arrival_time_exposure,2022-02-27T08:00:00,2022-02-27T07:00:00,08:00
od_15,motorbike,motorbike-5,8534.445133326042,20.4826683199825,282,650.8902076192564,628.8996106809186,412.3683628801055,-21.99059693833783,-3.378541677370173,0.0494623655913978,0.9505376344086022,development_exploratory_not_untouched_final,C_xgboost_current_pm,hourly_forecast_bucket_aware_arrival_time_exposure,2022-02-27T08:00:00,2022-02-27T07:00:00,08:00
od_15,motorbike,motorbike-6,9231.543438768904,22.155704253045368,279,722.1341127475025,690.4902652979982,448.1114534014527,-31.64384744950428,-4.3819903936000175,0.0543478260869565,0.9456521739130436,development_exploratory_not_untouched_final,C_xgboost_current_pm,hourly_forecast_bucket_aware_arrival_time_exposure,2022-02-27T08:00:00,2022-02-27T07:00:00,08:00
od_15,motorbike,motorbike-7,9919.657394086717,23.807177745808115,469,722.7083632953262,709.9295816430492,473.6076406007626,-12.778781652276962,-1.7681795730174863,0.0481366459627329,0.9518633540372672,development_exploratory_not_untouched_final,C_xgboost_current_pm,hourly_forecast_bucket_aware_arrival_time_exposure,2022-02-27T08:00:00,2022-02-27T07:00:00,08:00
od_15,motorbike,motorbike-8,11122.098007482558,26.693035217958137,533,819.1425372091878,802.1690449720584,534.4825053045961,-16.97349223712945,-2.072104849414609,0.0423131170662905,0.9576868829337094,development_exploratory_not_untouched_final,C_xgboost_current_pm,hourly_forecast_bucket_aware_arrival_time_exposure,2022-02-27T08:00:00,2022-02-27T07:00:00,08:00
od_16,walking,walking-1,3526.7526483840734,42.32103178060888,93,1405.9630219837734,1338.3548764101304,863.3226534791088,-67.60814557364301,-4.8086716731888055,1.0,0.0,development_exploratory_not_untouched_final,C_xgboost_current_pm,hourly_forecast_bucket_aware_arrival_time_exposure,2022-02-27T08:00:00,2022-02-27T07:00:00,08:00
od_16,walking,walking-2,3567.1582323977727,42.80589878877327,97,1422.58746051492,1353.7960045842551,872.9139363894083,-68.79145593066482,-4.83565740877296,0.1111111111111111,0.8888888888888888,development_exploratory_not_untouched_final,C_xgboost_current_pm,hourly_forecast_bucket_aware_arrival_time_exposure,2022-02-27T08:00:00,2022-02-27T07:00:00,08:00
od_16,walking,walking-3,3734.965631994319,44.81958758393183,103,1504.1343368214436,1427.0527306751123,918.0157002866002,-77.0816061463313,-5.124649059552829,0.0155440414507772,0.9844559585492229,development_exploratory_not_untouched_final,C_xgboost_current_pm,hourly_forecast_bucket_aware_arrival_time_exposure,2022-02-27T08:00:00,2022-02-27T07:00:00,08:00
od_16,walking,walking-4,4130.93814370375,49.571257724445005,172,1672.9492096982349,1585.2892544694375,1019.2776363329896,-87.65995522879712,-5.239845580524776,0.0037878787878787,0.9962121212121212,development_exploratory_not_untouched_final,C_xgboost_current_pm,hourly_forecast_bucket_aware_arrival_time_exposure,2022-02-27T08:00:00,2022-02-27T07:00:00,08:00
od_16,walking,walking-5,4672.320754159965,56.06784904991958,178,1872.8783297609525,1781.4845091544182,1149.7534633104758,-91.39382060653428,-4.879858939806275,0.0037037037037037,0.9962962962962963,development_exploratory_not_untouched_final,C_xgboost_current_pm,hourly_forecast_bucket_aware_arrival_time_exposure,2022-02-27T08:00:00,2022-02-27T07:00:00,08:00
od_16,walking,walking-6,4619.874164764931,55.43848997717917,117,1827.9925265063869,1744.192412202936,1127.3980251600358,-83.80011430345098,-4.584270071585448,0.0606060606060606,0.9393939393939394,development_exploratory_not_untouched_final,C_xgboost_current_pm,hourly_forecast_bucket_aware_arrival_time_exposure,2022-02-27T08:00:00,2022-02-27T07:00:00,08:00
od_16,walking,walking-7,4741.988775572993,56.90386530687592,141,1882.976625341878,1795.847565401845,1160.837785970475,-87.1290599400329,-4.627198169505345,0.1142857142857142,0.8857142857142857,development_exploratory_not_untouched_final,C_xgboost_current_pm,hourly_forecast_bucket_aware_arrival_time_exposure,2022-02-27T08:00:00,2022-02-27T07:00:00,08:00
od_16,walking,walking-8,4638.060823025682,55.65672987630819,146,1840.6864823651035,1755.2124381176145,1134.0555683927205,-85.47404424748925,-4.643596020635921,0.0669642857142857,0.9330357142857144,development_exploratory_not_untouched_final,C_xgboost_current_pm,hourly_forecast_bucket_aware_arrival_time_exposure,2022-02-27T08:00:00,2022-02-27T07:00:00,08:00
od_16,motorbike,motorbike-1,3518.2726482470057,8.443854355792814,92,280.40940170322915,266.9610642729665,172.2260761916164,-13.448337430262598,-4.795965238175439,1.0,0.0,development_exploratory_not_untouched_final,C_xgboost_current_pm,hourly_forecast_bucket_aware_arrival_time_exposure,2022-02-27T08:00:00,2022-02-27T07:00:00,08:00
od_16,motorbike,motorbike-2,3558.917201928772,8.541401284629051,96,283.75227384879946,270.0675003386552,174.15708787706538,-13.684773510144282,-4.822789021044591,0.1058823529411764,0.8941176470588236,development_exploratory_not_untouched_final,C_xgboost_current_pm,hourly_forecast_bucket_aware_arrival_time_exposure,2022-02-27T08:00:00,2022-02-27T07:00:00,08:00
od_16,motorbike,motorbike-3,3730.253531844718,8.952608476427322,104,300.3524192346052,285.00609271965465,183.3751080889416,-15.346326514950531,-5.10943995525587,0.0103092783505154,0.9896907216494846,development_exploratory_not_untouched_final,C_xgboost_current_pm,hourly_forecast_bucket_aware_arrival_time_exposure,2022-02-27T08:00:00,2022-02-27T07:00:00,08:00
od_16,motorbike,motorbike-4,4315.9206768779495,10.35820962450708,171,349.3218494151285,331.0572598004427,212.9103839602456,-18.26458961468586,-5.22858494115566,0.0,1.0,development_exploratory_not_untouched_final,C_xgboost_current_pm,hourly_forecast_bucket_aware_arrival_time_exposure,2022-02-27T08:00:00,2022-02-27T07:00:00,08:00
od_16,motorbike,motorbike-5,4371.406174047021,10.49137481771285,167,349.68938782829275,332.9432316130807,215.0064061083013,-16.746156215212068,-4.788866004545411,0.0,1.0,development_exploratory_not_untouched_final,C_xgboost_current_pm,hourly_forecast_bucket_aware_arrival_time_exposure,2022-02-27T08:00:00,2022-02-27T07:00:00,08:00
od_16,motorbike,motorbike-6,5438.996656530225,13.053591975672536,174,441.1747971030263,417.7365889262528,268.40457286911624,-23.438208176773514,-5.312680672305054,0.0,1.0,development_exploratory_not_untouched_final,C_xgboost_current_pm,hourly_forecast_bucket_aware_arrival_time_exposure,2022-02-27T08:00:00,2022-02-27T07:00:00,08:00
od_16,motorbike,motorbike-7,5740.59407093733,13.777425770249591,216,461.18604277369735,438.32362393747366,282.91397728245937,-22.862418836223696,-4.9573093536662425,0.0,1.0,development_exploratory_not_untouched_final,C_xgboost_current_pm,hourly_forecast_bucket_aware_arrival_time_exposure,2022-02-27T08:00:00,2022-02-27T07:00:00,08:00
od_16,motorbike,motorbike-8,4046.094071154421,9.71062577077061,111,323.6565287591532,307.6792070997193,198.17276063049417,-15.977321659433812,-4.936505288704752,0.0572916666666666,0.9427083333333334,development_exploratory_not_untouched_final,C_xgboost_current_pm,hourly_forecast_bucket_aware_arrival_time_exposure,2022-02-27T08:00:00,2022-02-27T07:00:00,08:00
od_17,walking,walking-1,2869.567443923257,34.43480932707909,109,912.4440911204772,1009.1421164813504,674.5206898901203,96.6980253608732,10.597693195878826,1.0,0.0,development_exploratory_not_untouched_final,C_xgboost_current_pm,hourly_forecast_bucket_aware_arrival_time_exposure,2022-02-27T08:00:00,2022-02-27T07:00:00,08:00
od_17,walking,walking-2,3117.1436411806258,37.40572369416751,127,987.0187605881256,1093.0021781249252,731.6645767474242,105.98341753679972,10.737730808039393,0.0305676855895196,0.9694323144104804,development_exploratory_not_untouched_final,C_xgboost_current_pm,hourly_forecast_bucket_aware_arrival_time_exposure,2022-02-27T08:00:00,2022-02-27T07:00:00,08:00
od_17,walking,walking-3,3492.8486766457945,41.91418411974953,138,1096.1576862955023,1216.809546613927,817.1583062209054,120.65186031842472,11.006797819953375,0.0040650406504065,0.9959349593495936,development_exploratory_not_untouched_final,C_xgboost_current_pm,hourly_forecast_bucket_aware_arrival_time_exposure,2022-02-27T08:00:00,2022-02-27T07:00:00,08:00
od_17,walking,walking-4,3798.92964477752,45.58715573733024,189,1213.7850781512184,1335.8367884714794,893.2436880128154,122.051710320261,10.055463073097304,0.0719424460431654,0.9280575539568344,development_exploratory_not_untouched_final,C_xgboost_current_pm,hourly_forecast_bucket_aware_arrival_time_exposure,2022-02-27T08:00:00,2022-02-27T07:00:00,08:00
od_17,walking,walking-5,3699.564317421375,44.3947718090565,171,1169.1300704609246,1291.471872943545,866.7189024878443,122.3418024826201,10.464344864073794,0.0108303249097472,0.9891696750902528,development_exploratory_not_untouched_final,C_xgboost_current_pm,hourly_forecast_bucket_aware_arrival_time_exposure,2022-02-27T08:00:00,2022-02-27T07:00:00,08:00
od_17,walking,walking-6,4039.383924892288,48.47260709870746,189,1285.5063219874137,1423.7754996742196,950.3396223784986,138.2691776868062,10.756009155446222,0.1778656126482213,0.8221343873517787,development_exploratory_not_untouched_final,C_xgboost_current_pm,hourly_forecast_bucket_aware_arrival_time_exposure,2022-02-27T08:00:00,2022-02-27T07:00:00,08:00
od_17,walking,walking-7,3979.441860286413,47.75330232343696,175,1248.9106924879827,1381.2022987737105,929.5849711314496,132.29160628572754,10.59255934643225,0.0106761565836298,0.98932384341637,development_exploratory_not_untouched_final,C_xgboost_current_pm,hourly_forecast_bucket_aware_arrival_time_exposure,2022-02-27T08:00:00,2022-02-27T07:00:00,08:00
od_17,walking,walking-8,3406.846781900452,40.88216138280541,133,1076.7616587901089,1193.7499593942057,799.3321167410049,116.9883006040966,10.864827852019657,0.0476190476190476,0.9523809523809524,development_exploratory_not_untouched_final,C_xgboost_current_pm,hourly_forecast_bucket_aware_arrival_time_exposure,2022-02-27T08:00:00,2022-02-27T07:00:00,08:00
od_17,motorbike,motorbike-1,3100.431544695214,7.441035707268513,123,196.9215507696744,217.34569894735856,145.56789157825403,20.424148177684145,10.37171812727235,1.0,0.0,development_exploratory_not_untouched_final,C_xgboost_current_pm,hourly_forecast_bucket_aware_arrival_time_exposure,2022-02-27T08:00:00,2022-02-27T07:00:00,08:00
od_17,motorbike,motorbike-2,3430.7028674671524,8.233686881921164,158,214.9676679087861,238.23544352305797,160.28731481954716,23.26777561427184,10.82384892603696,0.0035714285714285,0.9964285714285714,development_exploratory_not_untouched_final,C_xgboost_current_pm,hourly_forecast_bucket_aware_arrival_time_exposure,2022-02-27T08:00:00,2022-02-27T07:00:00,08:00
od_17,motorbike,motorbike-3,3598.669823020513,8.63680757524923,172,227.10811873503636,251.3275606074203,168.6194602409305,24.21944187238398,10.664278321393011,0.0034013605442176,0.9965986394557824,development_exploratory_not_untouched_final,C_xgboost_current_pm,hourly_forecast_bucket_aware_arrival_time_exposure,2022-02-27T08:00:00,2022-02-27T07:00:00,08:00
od_17,motorbike,motorbike-4,3910.031297179511,9.384075113230828,207,249.54311090445543,274.5526792415594,183.7384690749305,25.009568337103985,10.022143366914904,0.0610932475884244,0.9389067524115756,development_exploratory_not_untouched_final,C_xgboost_current_pm,hourly_forecast_bucket_aware_arrival_time_exposure,2022-02-27T08:00:00,2022-02-27T07:00:00,08:00
od_17,motorbike,motorbike-5,4322.052827981246,10.37292678715499,179,270.413119112093,298.99677465514947,201.62896192713032,28.583655543056462,10.570365682298064,0.0033222591362126,0.9966777408637874,development_exploratory_not_untouched_final,C_xgboost_current_pm,hourly_forecast_bucket_aware_arrival_time_exposure,2022-02-27T08:00:00,2022-02-27T07:00:00,08:00
od_17,motorbike,motorbike-6,4425.4574769019055,10.621097944564571,173,284.3030898617941,311.4909558694275,208.3208585585043,27.18786600763343,9.56298646660859,0.1003717472118959,0.8996282527881041,development_exploratory_not_untouched_final,C_xgboost_current_pm,hourly_forecast_bucket_aware_arrival_time_exposure,2022-02-27T08:00:00,2022-02-27T07:00:00,08:00
od_17,motorbike,motorbike-7,4846.264008247869,11.631033619794886,212,301.8128453265135,335.3285624277672,225.99871470448124,33.5157171012537,11.10480140929556,0.0029940119760479,0.997005988023952,development_exploratory_not_untouched_final,C_xgboost_current_pm,hourly_forecast_bucket_aware_arrival_time_exposure,2022-02-27T08:00:00,2022-02-27T07:00:00,08:00
od_17,motorbike,motorbike-8,4544.134894653479,10.90592374716835,236,290.24502326499845,319.666271747096,213.7568715210356,29.421248482097557,10.1366935257441,0.0466472303206997,0.9533527696793004,development_exploratory_not_untouched_final,C_xgboost_current_pm,hourly_forecast_bucket_aware_arrival_time_exposure,2022-02-27T08:00:00,2022-02-27T07:00:00,08:00
od_18,walking,walking-1,5302.621662889769,63.63145995467723,203,1854.4836406426427,1854.820628769009,1267.4037616035805,0.3369881263668048,0.0181715340583984,1.0,0.0,development_exploratory_not_untouched_final,C_xgboost_current_pm,hourly_forecast_bucket_aware_arrival_time_exposure,2022-02-27T08:00:00,2022-02-27T07:00:00,08:00
od_18,walking,walking-2,5453.31078610955,65.43972943331461,229,1904.9581978857104,1903.852736831312,1302.4486096349551,-1.1054610543981198,-0.058030725063944,0.1612903225806451,0.8387096774193549,development_exploratory_not_untouched_final,C_xgboost_current_pm,hourly_forecast_bucket_aware_arrival_time_exposure,2022-02-27T08:00:00,2022-02-27T07:00:00,08:00
od_18,walking,walking-3,5886.37401271426,70.63648815257112,231,2000.39031267189,2011.2633342659249,1401.590506977372,10.873021594034526,0.5435450034504317,0.0,1.0,development_exploratory_not_untouched_final,C_xgboost_current_pm,hourly_forecast_bucket_aware_arrival_time_exposure,2022-02-27T08:00:00,2022-02-27T07:00:00,08:00
od_18,walking,walking-4,5942.626807119122,71.31152168542945,200,2033.5909674966083,2040.1139495518985,1417.6933891034864,6.522982055290186,0.3207617539391468,0.0176767676767676,0.9823232323232324,development_exploratory_not_untouched_final,C_xgboost_current_pm,hourly_forecast_bucket_aware_arrival_time_exposure,2022-02-27T08:00:00,2022-02-27T07:00:00,08:00
od_18,walking,walking-5,5308.283968697918,63.69940762437501,204,1856.3723520847807,1856.121820444118,1268.7061943375556,-0.2505316406632119,-0.0134957644882964,0.938095238095238,0.0619047619047619,development_exploratory_not_untouched_final,C_xgboost_current_pm,hourly_forecast_bucket_aware_arrival_time_exposure,2022-02-27T08:00:00,2022-02-27T07:00:00,08:00
od_18,walking,walking-6,5308.400234141976,63.70080280970371,204,1856.4086783557864,1856.1597214859728,1268.7334766304589,-0.24895686981381,-0.0134106715141145,0.9473684210526316,0.0526315789473684,development_exploratory_not_untouched_final,C_xgboost_current_pm,hourly_forecast_bucket_aware_arrival_time_exposure,2022-02-27T08:00:00,2022-02-27T07:00:00,08:00
od_18,walking,walking-7,5309.089136494983,63.7090696379398,205,1856.709288372176,1856.4425575933597,1268.9047775416616,-0.266730778816509,-0.0143657803882889,0.933649289099526,0.0663507109004739,development_exploratory_not_untouched_final,C_xgboost_current_pm,hourly_forecast_bucket_aware_arrival_time_exposure,2022-02-27T08:00:00,2022-02-27T07:00:00,08:00
od_18,walking,walking-8,5309.1663973922905,63.70999676870749,197,1857.0653133215608,1856.6888252723743,1268.978068882045,-0.3764880491867188,-0.020273279915682,0.6194331983805668,0.3805668016194332,development_exploratory_not_untouched_final,C_xgboost_current_pm,hourly_forecast_bucket_aware_arrival_time_exposure,2022-02-27T08:00:00,2022-02-27T07:00:00,08:00
od_18,motorbike,motorbike-1,5302.621662889769,12.726291990935444,203,370.8967281285286,371.66944834687297,253.59049145330883,0.7727202183443751,0.2083383755481932,1.0,0.0,development_exploratory_not_untouched_final,C_xgboost_current_pm,hourly_forecast_bucket_aware_arrival_time_exposure,2022-02-27T08:00:00,2022-02-27T07:00:00,08:00
od_18,motorbike,motorbike-2,5717.7226839283285,13.722534441427989,212,389.4898971908054,393.5582329737189,272.62930692236006,4.068335782913493,1.0445292194371028,0.0272277227722772,0.9727722772277227,development_exploratory_not_untouched_final,C_xgboost_current_pm,hourly_forecast_bucket_aware_arrival_time_exposure,2022-02-27T08:00:00,2022-02-27T07:00:00,08:00
od_18,motorbike,motorbike-3,6081.216092446163,14.594918621870791,196,415.3178861748802,419.42665797421336,289.9100164652516,4.1087717993331125,0.9893076932407888,0.0,1.0,development_exploratory_not_untouched_final,C_xgboost_current_pm,hourly_forecast_bucket_aware_arrival_time_exposure,2022-02-27T08:00:00,2022-02-27T07:00:00,08:00
od_18,motorbike,motorbike-4,6866.884558121766,16.48052293949224,281,484.0468314445351,484.1002154514814,328.0183609584583,0.0533840069463167,0.0110286863746227,0.0,1.0,development_exploratory_not_untouched_final,C_xgboost_current_pm,hourly_forecast_bucket_aware_arrival_time_exposure,2022-02-27T08:00:00,2022-02-27T07:00:00,08:00
od_18,motorbike,motorbike-5,6679.123938559837,16.02989745254361,243,453.4590327901115,458.6269789911145,318.3539903989811,5.167946201003019,1.1396721263230545,0.0,1.0,development_exploratory_not_untouched_final,C_xgboost_current_pm,hourly_forecast_bucket_aware_arrival_time_exposure,2022-02-27T08:00:00,2022-02-27T07:00:00,08:00
od_18,motorbike,motorbike-6,7275.468701341869,17.461124883220485,263,492.756843246046,498.4565845992213,346.4723549256854,5.699741353175341,1.1567046569314343,0.0130434782608695,0.9869565217391304,development_exploratory_not_untouched_final,C_xgboost_current_pm,hourly_forecast_bucket_aware_arrival_time_exposure,2022-02-27T08:00:00,2022-02-27T07:00:00,08:00
od_18,motorbike,motorbike-7,7933.760205359548,19.04102449286292,333,548.1860678642261,550.4938543480797,377.305509463209,2.307786483853647,0.4209859788748291,0.0132325141776937,0.9867674858223062,development_exploratory_not_untouched_final,C_xgboost_current_pm,hourly_forecast_bucket_aware_arrival_time_exposure,2022-02-27T08:00:00,2022-02-27T07:00:00,08:00
od_18,motorbike,motorbike-8,8688.186354942,20.8516472518608,323,615.9961029354147,616.0892005678602,415.1214546604797,0.0930976324455059,0.0151133476335104,0.0,1.0,development_exploratory_not_untouched_final,C_xgboost_current_pm,hourly_forecast_bucket_aware_arrival_time_exposure,2022-02-27T08:00:00,2022-02-27T07:00:00,08:00
od_19,walking,walking-1,4418.02744247005,53.01632930964061,189,1394.6049262247714,1437.700902858504,1010.4982483838958,43.09597663373256,3.0901924855804426,1.0,0.0,development_exploratory_not_untouched_final,C_xgboost_current_pm,hourly_forecast_bucket_aware_arrival_time_exposure,2022-02-27T08:00:00,2022-02-27T07:00:00,08:00
od_19,walking,walking-2,4669.099392270077,56.02919270724093,200,1485.0388918222466,1528.0738163835192,1072.203411886301,43.034924561272646,2.897898822600248,0.0428954423592493,0.9571045576407506,development_exploratory_not_untouched_final,C_xgboost_current_pm,hourly_forecast_bucket_aware_arrival_time_exposure,2022-02-27T08:00:00,2022-02-27T07:00:00,08:00
od_19,walking,walking-3,4794.828675782964,57.53794410939557,214,1539.8634181996,1580.2209231318056,1106.734866430857,40.35750493220553,2.620849645184201,0.0176767676767676,0.9823232323232324,development_exploratory_not_untouched_final,C_xgboost_current_pm,hourly_forecast_bucket_aware_arrival_time_exposure,2022-02-27T08:00:00,2022-02-27T07:00:00,08:00
od_19,walking,walking-4,4983.018894738077,59.79622673685692,199,1568.0411837825588,1618.3436540722646,1139.167976110523,50.30247028970575,3.207981449081712,0.0291777188328912,0.9708222811671088,development_exploratory_not_untouched_final,C_xgboost_current_pm,hourly_forecast_bucket_aware_arrival_time_exposure,2022-02-27T08:00:00,2022-02-27T07:00:00,08:00
od_19,walking,walking-5,5519.494188661551,66.23393026393862,225,1762.54708385741,1805.5197472460584,1275.625168516356,42.97266338864824,2.4381001666406963,0.0072992700729927,0.9927007299270072,development_exploratory_not_untouched_final,C_xgboost_current_pm,hourly_forecast_bucket_aware_arrival_time_exposure,2022-02-27T08:00:00,2022-02-27T07:00:00,08:00
od_19,walking,walking-6,4419.070388169506,53.02884465803408,189,1394.9222282270098,1438.0341215619228,1010.7413359915028,43.11189333491302,3.0906306073930443,0.9790575916230366,0.0209424083769633,development_exploratory_not_untouched_final,C_xgboost_current_pm,hourly_forecast_bucket_aware_arrival_time_exposure,2022-02-27T08:00:00,2022-02-27T07:00:00,08:00
od_19,walking,walking-7,4419.312988553481,53.031755862641766,190,1395.0157745243273,1438.1188880430386,1010.7856982516428,43.103113518711325,3.089793986982594,0.9739583333333334,0.0260416666666666,development_exploratory_not_untouched_final,C_xgboost_current_pm,hourly_forecast_bucket_aware_arrival_time_exposure,2022-02-27T08:00:00,2022-02-27T07:00:00,08:00
od_19,walking,walking-8,4420.03263678007,53.04039164136084,188,1395.234848317588,1438.3504729956117,1010.9514424205312,43.11562467802355,3.0902055471172853,0.904040404040404,0.0959595959595959,development_exploratory_not_untouched_final,C_xgboost_current_pm,hourly_forecast_bucket_aware_arrival_time_exposure,2022-02-27T08:00:00,2022-02-27T07:00:00,08:00
od_19,motorbike,motorbike-1,4452.229550030954,10.685350920074288,188,281.05777718495017,289.7496379611923,203.65745778724803,8.691860776242152,3.0925530199872284,1.0,0.0,development_exploratory_not_untouched_final,C_xgboost_current_pm,hourly_forecast_bucket_aware_arrival_time_exposure,2022-02-27T08:00:00,2022-02-27T07:00:00,08:00
od_19,motorbike,motorbike-2,4754.873068349656,11.411695364039174,204,302.8316466509231,311.44227757705056,218.37889851006705,8.610630926127442,2.843372223925129,0.0343007915567282,0.9656992084432716,development_exploratory_not_untouched_final,C_xgboost_current_pm,hourly_forecast_bucket_aware_arrival_time_exposure,2022-02-27T08:00:00,2022-02-27T07:00:00,08:00
od_19,motorbike,motorbike-3,4874.50019299605,11.698800463190516,224,312.70641350029393,321.0413332741888,224.94099360118,8.334919773894853,2.665413760017755,0.03,0.97,development_exploratory_not_untouched_final,C_xgboost_current_pm,hourly_forecast_bucket_aware_arrival_time_exposure,2022-02-27T08:00:00,2022-02-27T07:00:00,08:00
od_19,motorbike,motorbike-4,5145.295096555073,12.348708231732171,202,323.6432423287027,334.084232387561,235.22972149623175,10.44099005885829,3.226080045340195,0.0893854748603352,0.9106145251396648,development_exploratory_not_untouched_final,C_xgboost_current_pm,hourly_forecast_bucket_aware_arrival_time_exposure,2022-02-27T08:00:00,2022-02-27T07:00:00,08:00
od_19,motorbike,motorbike-5,6605.204278532614,15.852490268478272,248,411.2406403133795,425.0866734127114,299.35027346743294,13.846033099331862,3.366893186622,0.0022988505747126,0.9977011494252872,development_exploratory_not_untouched_final,C_xgboost_current_pm,hourly_forecast_bucket_aware_arrival_time_exposure,2022-02-27T08:00:00,2022-02-27T07:00:00,08:00
od_19,motorbike,motorbike-6,5903.006512813113,14.16721563075147,246,381.7296620124252,391.0754817957525,273.732476388043,9.345819783327329,2.4482823090187646,0.0163934426229508,0.9836065573770492,development_exploratory_not_untouched_final,C_xgboost_current_pm,hourly_forecast_bucket_aware_arrival_time_exposure,2022-02-27T08:00:00,2022-02-27T07:00:00,08:00
od_19,motorbike,motorbike-7,6287.954321782368,15.091090372277684,233,406.5297446455985,416.1299595690609,290.59860206333354,9.600214923462374,2.361503690666369,0.0120192307692307,0.9879807692307692,development_exploratory_not_untouched_final,C_xgboost_current_pm,hourly_forecast_bucket_aware_arrival_time_exposure,2022-02-27T08:00:00,2022-02-27T07:00:00,08:00
od_19,motorbike,motorbike-8,8408.646974442783,20.18075273866268,306,548.3864485244395,560.535237547069,392.4300035002358,12.148789022629444,2.215370028803332,0.0102249488752556,0.9897750511247444,development_exploratory_not_untouched_final,C_xgboost_current_pm,hourly_forecast_bucket_aware_arrival_time_exposure,2022-02-27T08:00:00,2022-02-27T07:00:00,08:00
od_20,walking,walking-1,3870.689305537254,46.44827166644704,130,1081.014451462945,1159.6345941224483,845.2043043528367,78.62014265950302,7.272811436804176,1.0,0.0,development_exploratory_not_untouched_final,C_xgboost_current_pm,hourly_forecast_bucket_aware_arrival_time_exposure,2022-02-27T08:00:00,2022-02-27T07:00:00,08:00
od_20,walking,walking-2,3950.8530504774094,47.41023660572891,187,1139.1349657642706,1224.9292416075475,877.4695595770817,85.79427584327686,7.531528609142079,0.1241134751773049,0.875886524822695,development_exploratory_not_untouched_final,C_xgboost_current_pm,hourly_forecast_bucket_aware_arrival_time_exposure,2022-02-27T08:00:00,2022-02-27T07:00:00,08:00
od_20,walking,walking-3,4345.859001048228,52.15030801257873,109,1199.2749890447674,1285.474642956625,943.0529756630366,86.1996539118577,7.187647095060028,0.0622222222222222,0.9377777777777778,development_exploratory_not_untouched_final,C_xgboost_current_pm,hourly_forecast_bucket_aware_arrival_time_exposure,2022-02-27T08:00:00,2022-02-27T07:00:00,08:00
od_20,walking,walking-4,4882.235947122253,58.58683136546703,155,1390.4296459942254,1490.7794830849966,1076.706977497293,100.3498370907712,7.217181925016862,0.051660516605166,0.948339483394834,development_exploratory_not_untouched_final,C_xgboost_current_pm,hourly_forecast_bucket_aware_arrival_time_exposure,2022-02-27T08:00:00,2022-02-27T07:00:00,08:00
od_20,walking,walking-5,4964.158644154792,59.5699037298575,207,1428.9568659887088,1539.26682175047,1102.0840277276484,110.3099557617611,7.719614103637522,0.0664556962025316,0.9335443037974684,development_exploratory_not_untouched_final,C_xgboost_current_pm,hourly_forecast_bucket_aware_arrival_time_exposure,2022-02-27T08:00:00,2022-02-27T07:00:00,08:00
od_20,walking,walking-6,3870.805038637056,46.44966046364468,131,1081.0384368439975,1159.661877344756,845.226575819657,78.62344050075853,7.272955134721498,0.9191176470588236,0.0808823529411765,development_exploratory_not_untouched_final,C_xgboost_current_pm,hourly_forecast_bucket_aware_arrival_time_exposure,2022-02-27T08:00:00,2022-02-27T07:00:00,08:00
od_20,walking,walking-7,3871.082348784088,46.452988185409055,131,1081.1218902695591,1159.7531630888047,845.2897605568683,78.63127281924562,7.273118186483142,0.9333333333333332,0.0666666666666666,development_exploratory_not_untouched_final,C_xgboost_current_pm,hourly_forecast_bucket_aware_arrival_time_exposure,2022-02-27T08:00:00,2022-02-27T07:00:00,08:00
od_20,walking,walking-8,3872.345590797201,46.468147089566415,131,1081.5033341673486,1160.1706607533483,845.5781454292838,78.66732658599972,7.273886644701455,0.962406015037594,0.037593984962406,development_exploratory_not_untouched_final,C_xgboost_current_pm,hourly_forecast_bucket_aware_arrival_time_exposure,2022-02-27T08:00:00,2022-02-27T07:00:00,08:00
od_20,motorbike,motorbike-1,3654.393112300191,8.770543469520456,116,204.05546107527945,219.16284195085743,159.59144069550095,15.10738087557803,7.40356606775874,1.0,0.0,development_exploratory_not_untouched_final,C_xgboost_current_pm,hourly_forecast_bucket_aware_arrival_time_exposure,2022-02-27T08:00:00,2022-02-27T07:00:00,08:00
od_20,motorbike,motorbike-2,3919.565781839212,9.406957876414108,140,220.10694007080227,236.40990203001928,171.66149667124728,16.302961959217015,7.406836855745124,0.3544973544973545,0.6455026455026456,development_exploratory_not_untouched_final,C_xgboost_current_pm,hourly_forecast_bucket_aware_arrival_time_exposure,2022-02-27T08:00:00,2022-02-27T07:00:00,08:00
od_20,motorbike,motorbike-3,4201.855861486638,10.08445406756793,131,233.4384692686028,250.43977426961555,183.00392772337813,17.001305001012753,7.282991982546987,0.235,0.765,development_exploratory_not_untouched_final,C_xgboost_current_pm,hourly_forecast_bucket_aware_arrival_time_exposure,2022-02-27T08:00:00,2022-02-27T07:00:00,08:00
od_20,motorbike,motorbike-4,4941.221431558331,11.858931435739994,218,284.94991512017174,305.95977140483365,219.367086325075,21.009856284661907,7.373175133532304,0.0536277602523659,0.946372239747634,development_exploratory_not_untouched_final,C_xgboost_current_pm,hourly_forecast_bucket_aware_arrival_time_exposure,2022-02-27T08:00:00,2022-02-27T07:00:00,08:00
od_20,motorbike,motorbike-5,5457.211260147203,13.097307024353286,244,325.31762977874774,350.7296164588485,246.7707070871656,25.411986680100767,7.81143853082409,0.0169491525423728,0.9830508474576272,development_exploratory_not_untouched_final,C_xgboost_current_pm,hourly_forecast_bucket_aware_arrival_time_exposure,2022-02-27T08:00:00,2022-02-27T07:00:00,08:00
od_20,motorbike,motorbike-6,6581.540642478123,15.795697541947495,278,387.1245543476449,417.4845429317552,295.53657470135664,30.35998858411034,7.842434235480326,0.0233766233766233,0.9766233766233766,development_exploratory_not_untouched_final,C_xgboost_current_pm,hourly_forecast_bucket_aware_arrival_time_exposure,2022-02-27T08:00:00,2022-02-27T07:00:00,08:00
od_20,motorbike,motorbike-7,7460.396092847425,17.90495062283382,316,449.7174828197088,480.402105914793,339.42719632180376,30.68462309508425,6.823088776245259,0.0236966824644549,0.976303317535545,development_exploratory_not_untouched_final,C_xgboost_current_pm,hourly_forecast_bucket_aware_arrival_time_exposure,2022-02-27T08:00:00,2022-02-27T07:00:00,08:00
od_20,motorbike,motorbike-8,7893.002443534943,18.94320586448386,322,480.6416287721496,518.1040668086924,361.32550141761845,37.46243803654289,7.7942558018215555,0.0115473441108545,0.9884526558891455,development_exploratory_not_untouched_final,C_xgboost_current_pm,hourly_forecast_bucket_aware_arrival_time_exposure,2022-02-27T08:00:00,2022-02-27T07:00:00,08:00
od_21,walking,walking-1,3656.554209845969,43.87865051815163,198,1132.9466289198597,1193.6831577145058,841.7396714505464,60.73652879464612,5.360934685206817,1.0,0.0,development_exploratory_not_untouched_final,C_xgboost_current_pm,hourly_forecast_bucket_aware_arrival_time_exposure,2022-02-27T08:00:00,2022-02-27T07:00:00,08:00
od_21,walking,walking-2,3703.420846934152,44.44105016320982,153,1162.3273764497865,1223.6272034444278,857.1285331372611,61.29982699464131,5.273886534607448,0.0636363636363636,0.9363636363636364,development_exploratory_not_untouched_final,C_xgboost_current_pm,hourly_forecast_bucket_aware_arrival_time_exposure,2022-02-27T08:00:00,2022-02-27T07:00:00,08:00
od_21,walking,walking-3,3775.065186328442,45.300782235941305,157,1198.8063845627478,1259.9364266007508,877.1656934485308,61.13004203800301,5.099242281755077,0.0349854227405247,0.9650145772594751,development_exploratory_not_untouched_final,C_xgboost_current_pm,hourly_forecast_bucket_aware_arrival_time_exposure,2022-02-27T08:00:00,2022-02-27T07:00:00,08:00
od_21,walking,walking-4,4127.407665016449,49.52889198019739,170,1328.681840803112,1390.6856981441445,962.2036428211384,62.00385734103247,4.666569184354525,0.0137741046831955,0.9862258953168044,development_exploratory_not_untouched_final,C_xgboost_current_pm,hourly_forecast_bucket_aware_arrival_time_exposure,2022-02-27T08:00:00,2022-02-27T07:00:00,08:00
od_21,walking,walking-5,4231.384507489439,50.77661408987327,209,1315.5783240570706,1385.9953305054644,976.7699851036668,70.41700644839375,5.352551433899956,0.0074257425742574,0.9925742574257426,development_exploratory_not_untouched_final,C_xgboost_current_pm,hourly_forecast_bucket_aware_arrival_time_exposure,2022-02-27T08:00:00,2022-02-27T07:00:00,08:00
od_21,walking,walking-6,4736.583304188543,56.83899965026252,231,1519.5739347974825,1594.6500348953764,1104.32349554027,75.07610009789391,4.94060199235383,0.0046838407494145,0.9953161592505856,development_exploratory_not_untouched_final,C_xgboost_current_pm,hourly_forecast_bucket_aware_arrival_time_exposure,2022-02-27T08:00:00,2022-02-27T07:00:00,08:00
od_21,walking,walking-7,4840.254960892578,58.08305953071094,256,1511.6258538880118,1592.0777202769716,1118.27620771757,80.45186638895984,5.322207620492319,0.1209876543209876,0.8790123456790123,development_exploratory_not_untouched_final,C_xgboost_current_pm,hourly_forecast_bucket_aware_arrival_time_exposure,2022-02-27T08:00:00,2022-02-27T07:00:00,08:00
od_21,walking,walking-8,4738.2173129590965,56.85860775550916,191,1489.223046204894,1569.7734288841607,1097.74929938249,80.5503826792667,5.408886391097671,0.0236842105263157,0.9763157894736842,development_exploratory_not_untouched_final,C_xgboost_current_pm,hourly_forecast_bucket_aware_arrival_time_exposure,2022-02-27T08:00:00,2022-02-27T07:00:00,08:00
od_21,motorbike,motorbike-1,3770.566646302767,9.04935995112664,154,239.5257141106273,251.72991965458675,175.22102358766077,12.204205543959432,5.095154643113933,1.0,0.0,development_exploratory_not_untouched_final,C_xgboost_current_pm,hourly_forecast_bucket_aware_arrival_time_exposure,2022-02-27T08:00:00,2022-02-27T07:00:00,08:00
od_21,motorbike,motorbike-2,3880.3113618434136,9.312747268424191,202,241.1809208290721,253.862567397308,178.83527555607722,12.681646568235864,5.258146674555364,0.0953846153846153,0.9046153846153846,development_exploratory_not_untouched_final,C_xgboost_current_pm,hourly_forecast_bucket_aware_arrival_time_exposure,2022-02-27T08:00:00,2022-02-27T07:00:00,08:00
od_21,motorbike,motorbike-3,4009.0199907207616,9.621647977729827,176,249.11984993482037,262.4294639778028,185.01192858776247,13.309614042982474,5.342654969672148,0.03125,0.96875,development_exploratory_not_untouched_final,C_xgboost_current_pm,hourly_forecast_bucket_aware_arrival_time_exposure,2022-02-27T08:00:00,2022-02-27T07:00:00,08:00
od_21,motorbike,motorbike-4,4351.407359613082,10.443377663071397,197,278.19699841542143,291.8172135401466,202.48150264562824,13.620215124725178,4.89588859775784,0.0144508670520231,0.9855491329479767,development_exploratory_not_untouched_final,C_xgboost_current_pm,hourly_forecast_bucket_aware_arrival_time_exposure,2022-02-27T08:00:00,2022-02-27T07:00:00,08:00
od_21,motorbike,motorbike-5,4780.991840857919,11.474380418059006,236,289.7134282843631,305.7422451857536,218.2912875220453,16.028816901390485,5.532645482230697,0.0051546391752577,0.9948453608247424,development_exploratory_not_untouched_final,C_xgboost_current_pm,hourly_forecast_bucket_aware_arrival_time_exposure,2022-02-27T08:00:00,2022-02-27T07:00:00,08:00
od_21,motorbike,motorbike-6,5023.670349757082,12.056808839416997,227,314.3230226107846,331.09994766890577,232.3310585751843,16.77692505812115,5.337478915407173,0.0052770448548812,0.9947229551451188,development_exploratory_not_untouched_final,C_xgboost_current_pm,hourly_forecast_bucket_aware_arrival_time_exposure,2022-02-27T08:00:00,2022-02-27T07:00:00,08:00
od_21,motorbike,motorbike-7,6111.949874884903,14.668679699723764,290,400.7795481911039,419.750768456486,286.8552449369103,18.9712202653821,4.73357993216162,0.004524886877828,0.995475113122172,development_exploratory_not_untouched_final,C_xgboost_current_pm,hourly_forecast_bucket_aware_arrival_time_exposure,2022-02-27T08:00:00,2022-02-27T07:00:00,08:00
od_21,motorbike,motorbike-8,6565.283984766543,15.756681563439704,324,391.0385424409431,413.0867430674974,298.14674644026786,22.04820062655432,5.638370194642428,0.0042016806722689,0.9957983193277312,development_exploratory_not_untouched_final,C_xgboost_current_pm,hourly_forecast_bucket_aware_arrival_time_exposure,2022-02-27T08:00:00,2022-02-27T07:00:00,08:00
od_22,walking,walking-1,2923.0830049804026,35.07699605976483,139,924.182480557248,947.9536142535223,658.6159329054304,23.771133696274205,2.572125548402636,1.0,0.0,development_exploratory_not_untouched_final,C_xgboost_current_pm,hourly_forecast_bucket_aware_arrival_time_exposure,2022-02-27T08:00:00,2022-02-27T07:00:00,08:00
od_22,walking,walking-2,3130.359741676711,37.56431690012053,141,986.7177571206612,1013.157842736704,704.464605765485,26.440085616042552,2.679599655041914,0.081081081081081,0.9189189189189187,development_exploratory_not_untouched_final,C_xgboost_current_pm,hourly_forecast_bucket_aware_arrival_time_exposure,2022-02-27T08:00:00,2022-02-27T07:00:00,08:00
od_22,walking,walking-3,3298.849895487439,39.58619874584927,128,1035.583121532174,1065.0509681149615,741.5959682301271,29.46784658278761,2.8455317559819933,0.0075471698113207,0.9924528301886792,development_exploratory_not_untouched_final,C_xgboost_current_pm,hourly_forecast_bucket_aware_arrival_time_exposure,2022-02-27T08:00:00,2022-02-27T07:00:00,08:00
od_22,walking,walking-4,3634.672604218706,43.61607125062448,178,1156.100891324362,1183.432434094423,820.5683253908097,27.33154277006088,2.364113977868441,0.0325732899022801,0.96742671009772,development_exploratory_not_untouched_final,C_xgboost_current_pm,hourly_forecast_bucket_aware_arrival_time_exposure,2022-02-27T08:00:00,2022-02-27T07:00:00,08:00
od_22,walking,walking-5,3937.347627248149,47.248171526977785,194,1232.6539259155709,1268.6302013277657,883.8323281193991,35.97627541219458,2.918603077134785,0.003012048192771,0.9969879518072288,development_exploratory_not_untouched_final,C_xgboost_current_pm,hourly_forecast_bucket_aware_arrival_time_exposure,2022-02-27T08:00:00,2022-02-27T07:00:00,08:00
od_22,walking,walking-6,4028.912822926736,48.34695387512083,213,1268.7810122993403,1303.1143501005824,906.4132892578014,34.333337801241896,2.706009742297571,0.0114942528735632,0.9885057471264368,development_exploratory_not_untouched_final,C_xgboost_current_pm,hourly_forecast_bucket_aware_arrival_time_exposure,2022-02-27T08:00:00,2022-02-27T07:00:00,08:00
od_22,walking,walking-7,3966.091453703494,47.59309744444193,223,1257.5661812519795,1288.4673628333878,894.1658739511739,30.90118158140831,2.4572211023235697,0.13125,0.86875,development_exploratory_not_untouched_final,C_xgboost_current_pm,hourly_forecast_bucket_aware_arrival_time_exposure,2022-02-27T08:00:00,2022-02-27T07:00:00,08:00
od_22,walking,walking-8,3906.1922019945778,46.87430642393494,186,1228.135774345196,1262.3690738705911,878.5598135398104,34.23329952539507,2.787419782120361,0.0517799352750809,0.948220064724919,development_exploratory_not_untouched_final,C_xgboost_current_pm,hourly_forecast_bucket_aware_arrival_time_exposure,2022-02-27T08:00:00,2022-02-27T07:00:00,08:00
od_22,motorbike,motorbike-1,2923.0830049804026,7.015399211952966,139,184.83649611144943,189.59072285070445,131.72318658108608,4.754226739254989,2.5721255484027186,1.0,0.0,development_exploratory_not_untouched_final,C_xgboost_current_pm,hourly_forecast_bucket_aware_arrival_time_exposure,2022-02-27T08:00:00,2022-02-27T07:00:00,08:00
od_22,motorbike,motorbike-2,3253.4797045440173,7.80835129090564,151,204.6297811620893,210.3264510807281,146.37376349460945,5.696669918638804,2.7838909303853554,0.0069444444444444,0.9930555555555556,development_exploratory_not_untouched_final,C_xgboost_current_pm,hourly_forecast_bucket_aware_arrival_time_exposure,2022-02-27T08:00:00,2022-02-27T07:00:00,08:00
od_22,motorbike,motorbike-3,3246.293405767103,7.791104173841047,155,205.05722821902276,210.43138933325665,146.2647269409682,5.374161114233914,2.620810376161792,0.1484375,0.8515625,development_exploratory_not_untouched_final,C_xgboost_current_pm,hourly_forecast_bucket_aware_arrival_time_exposure,2022-02-27T08:00:00,2022-02-27T07:00:00,08:00
od_22,motorbike,motorbike-4,3447.2453151415484,8.273388756339717,165,216.04244640016617,222.3933584305241,154.98979836415882,6.350912030357932,2.9396593753592337,0.0066225165562913,0.9933774834437086,development_exploratory_not_untouched_final,C_xgboost_current_pm,hourly_forecast_bucket_aware_arrival_time_exposure,2022-02-27T08:00:00,2022-02-27T07:00:00,08:00
od_22,motorbike,motorbike-5,3792.1061157127183,9.101054677710524,198,241.25778034025203,247.0130428929692,171.3296969734033,5.7552625527171415,2.3855241246936565,0.0305810397553516,0.9694189602446484,development_exploratory_not_untouched_final,C_xgboost_current_pm,hourly_forecast_bucket_aware_arrival_time_exposure,2022-02-27T08:00:00,2022-02-27T07:00:00,08:00
od_22,motorbike,motorbike-6,5150.575893512994,12.361382144431188,235,330.036642659333,336.82420680061205,232.9822275137857,6.787564141279063,2.056609256047139,0.0080862533692722,0.9919137466307276,development_exploratory_not_untouched_final,C_xgboost_current_pm,hourly_forecast_bucket_aware_arrival_time_exposure,2022-02-27T08:00:00,2022-02-27T07:00:00,08:00
od_22,motorbike,motorbike-7,4930.396361172614,11.832951266814272,245,309.5641835688354,317.68685132388424,220.7784469772672,8.122667755048838,2.623904245447912,0.0294906166219839,0.970509383378016,development_exploratory_not_untouched_final,C_xgboost_current_pm,hourly_forecast_bucket_aware_arrival_time_exposure,2022-02-27T08:00:00,2022-02-27T07:00:00,08:00
od_22,motorbike,motorbike-8,7206.146067977132,17.294750563145115,287,461.7434235854749,470.272202477845,324.7369470341141,8.528778892370156,1.847081833054275,0.0023529411764705,0.9976470588235294,development_exploratory_not_untouched_final,C_xgboost_current_pm,hourly_forecast_bucket_aware_arrival_time_exposure,2022-02-27T08:00:00,2022-02-27T07:00:00,08:00
od_23,walking,walking-1,4221.266579474209,50.65519895369051,125,1391.7440918672055,1426.5705569644151,1001.5709675416012,34.82646509720939,2.5023612674716054,1.0,0.0,development_exploratory_not_untouched_final,C_xgboost_current_pm,hourly_forecast_bucket_aware_arrival_time_exposure,2022-02-27T08:00:00,2022-02-27T07:00:00,08:00
od_23,walking,walking-2,4277.290032966221,51.327480395594655,135,1410.063958979678,1445.363764718497,1014.7510717498158,35.29980573881903,2.5034187643773245,0.1872146118721461,0.812785388127854,development_exploratory_not_untouched_final,C_xgboost_current_pm,hourly_forecast_bucket_aware_arrival_time_exposure,2022-02-27T08:00:00,2022-02-27T07:00:00,08:00
od_23,walking,walking-3,5021.308970105159,60.2557076412619,175,1651.5840377447755,1694.328152167715,1192.8906478179122,42.74411442293922,2.588067784991792,0.0101010101010101,0.98989898989899,development_exploratory_not_untouched_final,C_xgboost_current_pm,hourly_forecast_bucket_aware_arrival_time_exposure,2022-02-27T08:00:00,2022-02-27T07:00:00,08:00
od_23,walking,walking-4,5288.480351008413,63.46176421210096,202,1729.408867212092,1777.1648622200064,1253.914516717951,47.75599500791441,2.761405698404904,0.0,1.0,development_exploratory_not_untouched_final,C_xgboost_current_pm,hourly_forecast_bucket_aware_arrival_time_exposure,2022-02-27T08:00:00,2022-02-27T07:00:00,08:00
od_23,walking,walking-5,5373.048826836592,64.4765859220391,234,1747.0718675409555,1797.6561942378787,1271.1943077344258,50.5843266969232,2.8953775535360102,0.0169971671388102,0.9830028328611898,development_exploratory_not_untouched_final,C_xgboost_current_pm,hourly_forecast_bucket_aware_arrival_time_exposure,2022-02-27T08:00:00,2022-02-27T07:00:00,08:00
od_23,walking,walking-6,4221.918341608979,50.66302009930776,125,1391.9401655851884,1426.7805070820498,1001.735441611842,34.84034149686136,2.5030056864702988,0.968503937007874,0.031496062992126,development_exploratory_not_untouched_final,C_xgboost_current_pm,hourly_forecast_bucket_aware_arrival_time_exposure,2022-02-27T08:00:00,2022-02-27T07:00:00,08:00
od_23,walking,walking-7,4223.545173895734,50.6825420867488,124,1392.4482456107105,1427.3041290466322,1002.0946892782376,34.855883435921896,2.503208542636681,0.9606299212598424,0.0393700787401575,development_exploratory_not_untouched_final,C_xgboost_current_pm,hourly_forecast_bucket_aware_arrival_time_exposure,2022-02-27T08:00:00,2022-02-27T07:00:00,08:00
od_23,walking,walking-8,4225.394324659734,50.7047318959168,125,1393.0078191982193,1427.899086103595,1002.5502955432052,34.89126690537569,2.5047430764213683,0.968503937007874,0.031496062992126,development_exploratory_not_untouched_final,C_xgboost_current_pm,hourly_forecast_bucket_aware_arrival_time_exposure,2022-02-27T08:00:00,2022-02-27T07:00:00,08:00
od_23,motorbike,motorbike-1,4397.937440340368,10.555049856816884,142,289.447719237266,296.85872041325985,208.62316053309544,7.4110011759938175,2.560393702711775,1.0,0.0,development_exploratory_not_untouched_final,C_xgboost_current_pm,hourly_forecast_bucket_aware_arrival_time_exposure,2022-02-27T08:00:00,2022-02-27T07:00:00,08:00
od_23,motorbike,motorbike-2,4618.640272626199,11.084736654302876,144,304.4185248823917,312.1147355939447,219.0892729285981,7.696210711553022,2.5281676647393114,0.1532258064516129,0.8467741935483871,development_exploratory_not_untouched_final,C_xgboost_current_pm,hourly_forecast_bucket_aware_arrival_time_exposure,2022-02-27T08:00:00,2022-02-27T07:00:00,08:00
od_23,motorbike,motorbike-3,4979.400370424192,11.95056088901806,171,324.7306007599576,334.1713660692092,235.86812480906687,9.44076530925156,2.907260753115848,0.102112676056338,0.897887323943662,development_exploratory_not_untouched_final,C_xgboost_current_pm,hourly_forecast_bucket_aware_arrival_time_exposure,2022-02-27T08:00:00,2022-02-27T07:00:00,08:00
od_23,motorbike,motorbike-4,5334.869162264364,12.803685989434474,205,346.7823512803006,357.8146964949604,252.31094073627213,11.032345214659813,3.1813456405520717,0.0266272189349112,0.9733727810650888,development_exploratory_not_untouched_final,C_xgboost_current_pm,hourly_forecast_bucket_aware_arrival_time_exposure,2022-02-27T08:00:00,2022-02-27T07:00:00,08:00
od_23,motorbike,motorbike-5,6846.717874696213,16.43212289927091,228,456.1269573440507,465.45711681866345,324.2857311488037,9.330159474612742,2.045518100692988,0.0335195530726257,0.9664804469273744,development_exploratory_not_untouched_final,C_xgboost_current_pm,hourly_forecast_bucket_aware_arrival_time_exposure,2022-02-27T08:00:00,2022-02-27T07:00:00,08:00
od_23,motorbike,motorbike-6,8374.061852065422,20.097748444957013,289,556.077990039548,570.0058984674424,395.65819774853,13.927908427894408,2.5046681719777943,0.0070093457943925,0.9929906542056076,development_exploratory_not_untouched_final,C_xgboost_current_pm,hourly_forecast_bucket_aware_arrival_time_exposure,2022-02-27T08:00:00,2022-02-27T07:00:00,08:00
od_23,motorbike,motorbike-7,7900.239487965283,18.96057477111668,304,561.0123575134238,558.4385767797828,378.9073954987706,-2.573780733641001,-0.4587743387772731,0.0324074074074074,0.9675925925925926,development_exploratory_not_untouched_final,C_xgboost_current_pm,hourly_forecast_bucket_aware_arrival_time_exposure,2022-02-27T08:00:00,2022-02-27T07:00:00,08:00
od_23,motorbike,motorbike-8,8731.427376937661,20.955425704650388,344,563.8613163351702,582.0576227341344,408.4707613670262,18.196306398964225,3.227088979473099,0.0188679245283018,0.981132075471698,development_exploratory_not_untouched_final,C_xgboost_current_pm,hourly_forecast_bucket_aware_arrival_time_exposure,2022-02-27T08:00:00,2022-02-27T07:00:00,08:00
od_24,walking,walking-1,3217.1952186069398,38.60634262328327,169,1059.5554450615016,1119.581139823962,755.4339199031016,60.02569476246049,5.665177319623544,1.0,0.0,development_exploratory_not_untouched_final,C_xgboost_current_pm,hourly_forecast_bucket_aware_arrival_time_exposure,2022-02-27T08:00:00,2022-02-27T07:00:00,08:00
od_24,walking,walking-2,3376.4768292075096,40.51772195049011,162,1111.0652064682297,1177.5125415558775,793.19006626035,66.44733508764784,5.9805072376324,0.1863799283154122,0.8136200716845878,development_exploratory_not_untouched_final,C_xgboost_current_pm,hourly_forecast_bucket_aware_arrival_time_exposure,2022-02-27T08:00:00,2022-02-27T07:00:00,08:00
od_24,walking,walking-3,3455.2813170415407,41.46337580449848,120,1135.865460803563,1186.655693769974,809.2976636090527,50.79023296641094,4.471500782361989,0.1747967479674796,0.8252032520325203,development_exploratory_not_untouched_final,C_xgboost_current_pm,hourly_forecast_bucket_aware_arrival_time_exposure,2022-02-27T08:00:00,2022-02-27T07:00:00,08:00
od_24,walking,walking-4,3697.223517795296,44.36668221354355,153,1215.49433195474,1269.0966169372157,866.011562337262,53.60228498247534,4.40991649021291,0.1541218637992831,0.8458781362007168,development_exploratory_not_untouched_final,C_xgboost_current_pm,hourly_forecast_bucket_aware_arrival_time_exposure,2022-02-27T08:00:00,2022-02-27T07:00:00,08:00
od_24,walking,walking-5,4167.745900027202,50.01295080032642,210,1374.528385653063,1453.340384876382,979.3333955101264,78.81199922331894,5.733748392971451,0.0859598853868194,0.9140401146131804,development_exploratory_not_untouched_final,C_xgboost_current_pm,hourly_forecast_bucket_aware_arrival_time_exposure,2022-02-27T08:00:00,2022-02-27T07:00:00,08:00
od_24,walking,walking-6,4158.3684544541575,49.90042145344989,222,1366.0831415557589,1445.660923923382,975.8637354981372,79.57778236762306,5.82525176886351,0.15,0.85,development_exploratory_not_untouched_final,C_xgboost_current_pm,hourly_forecast_bucket_aware_arrival_time_exposure,2022-02-27T08:00:00,2022-02-27T07:00:00,08:00
od_24,walking,walking-7,4325.690506521784,51.90828607826142,223,1423.5491932326966,1508.751298136673,1016.2586962409777,85.20210490397653,5.985188661481628,0.0828729281767955,0.9171270718232044,development_exploratory_not_untouched_final,C_xgboost_current_pm,hourly_forecast_bucket_aware_arrival_time_exposure,2022-02-27T08:00:00,2022-02-27T07:00:00,08:00
od_24,walking,walking-8,4429.411243953382,53.15293492744058,226,1455.4939020752752,1540.3516352270212,1039.5918628578024,84.85773315174606,5.830167548675679,0.2539682539682539,0.746031746031746,development_exploratory_not_untouched_final,C_xgboost_current_pm,hourly_forecast_bucket_aware_arrival_time_exposure,2022-02-27T08:00:00,2022-02-27T07:00:00,08:00
od_24,motorbike,motorbike-1,3533.6228842866053,8.480694922287851,145,232.1447469562127,246.0354745736995,165.91748362703316,13.890727617486789,5.983649339309352,1.0,0.0,development_exploratory_not_untouched_final,C_xgboost_current_pm,hourly_forecast_bucket_aware_arrival_time_exposure,2022-02-27T08:00:00,2022-02-27T07:00:00,08:00
od_24,motorbike,motorbike-2,3630.0838233931054,8.712201176143452,138,238.2734277891853,252.20726195619196,170.3301783548288,13.933834167006664,5.847833850501686,0.1890756302521008,0.8109243697478992,development_exploratory_not_untouched_final,C_xgboost_current_pm,hourly_forecast_bucket_aware_arrival_time_exposure,2022-02-27T08:00:00,2022-02-27T07:00:00,08:00
od_24,motorbike,motorbike-3,4208.9241180908175,10.10141788341796,167,274.78136655821515,287.7587420012191,196.8028633101784,12.97737544300395,4.722800386923094,0.0684931506849315,0.9315068493150684,development_exploratory_not_untouched_final,C_xgboost_current_pm,hourly_forecast_bucket_aware_arrival_time_exposure,2022-02-27T08:00:00,2022-02-27T07:00:00,08:00
od_24,motorbike,motorbike-4,4565.795915007203,10.957910196017286,177,300.33662654283506,319.7204799254278,214.770006439134,19.383853382592747,6.45404245420202,0.1180555555555555,0.8819444444444444,development_exploratory_not_untouched_final,C_xgboost_current_pm,hourly_forecast_bucket_aware_arrival_time_exposure,2022-02-27T08:00:00,2022-02-27T07:00:00,08:00
od_24,motorbike,motorbike-5,4700.748857607914,11.281797258258994,232,308.74626278309853,325.4540504543126,220.49024406357717,16.707787671214078,5.411494707857141,0.1023391812865497,0.8976608187134503,development_exploratory_not_untouched_final,C_xgboost_current_pm,hourly_forecast_bucket_aware_arrival_time_exposure,2022-02-27T08:00:00,2022-02-27T07:00:00,08:00
od_24,motorbike,motorbike-6,5161.740202140574,12.388176485137375,211,337.4367651382219,352.47974130487563,241.4232850564139,15.042976166653716,4.458013388224535,0.0439882697947214,0.9560117302052786,development_exploratory_not_untouched_final,C_xgboost_current_pm,hourly_forecast_bucket_aware_arrival_time_exposure,2022-02-27T08:00:00,2022-02-27T07:00:00,08:00
od_24,motorbike,motorbike-7,5020.245201313301,12.04858848315192,196,329.14568478717104,347.7632051461872,235.33853171377189,18.61752035901617,5.656316099375402,0.1291390728476821,0.8708609271523179,development_exploratory_not_untouched_final,C_xgboost_current_pm,hourly_forecast_bucket_aware_arrival_time_exposure,2022-02-27T08:00:00,2022-02-27T07:00:00,08:00
od_24,motorbike,motorbike-8,6984.4440615726935,16.762665747774466,326,450.0675174023378,472.435216862954,325.1661743939697,22.367699460616222,4.969854209811952,0.0328947368421052,0.9671052631578948,development_exploratory_not_untouched_final,C_xgboost_current_pm,hourly_forecast_bucket_aware_arrival_time_exposure,2022-02-27T08:00:00,2022-02-27T07:00:00,08:00
od_25,walking,walking-1,4470.538515459889,53.64646218551867,183,1649.8190973264243,1625.1162691717907,1077.4741781819864,-24.702828154633835,-1.4973052618111538,1.0,0.0,development_exploratory_not_untouched_final,C_xgboost_current_pm,hourly_forecast_bucket_aware_arrival_time_exposure,2022-02-27T08:00:00,2022-02-27T07:00:00,08:00
od_25,walking,walking-2,4607.483581433419,55.28980297720103,178,1716.2971593836758,1684.7388885363505,1113.3378517480182,-31.558270847325502,-1.8387416581554044,0.1316614420062695,0.8683385579937304,development_exploratory_not_untouched_final,C_xgboost_current_pm,hourly_forecast_bucket_aware_arrival_time_exposure,2022-02-27T08:00:00,2022-02-27T07:00:00,08:00
od_25,walking,walking-3,4895.412353447138,58.74494824136566,185,1905.5898052891416,1839.612812202936,1197.145894562463,-65.976993086206,-3.4622872615649345,0.0308123249299719,0.969187675070028,development_exploratory_not_untouched_final,C_xgboost_current_pm,hourly_forecast_bucket_aware_arrival_time_exposure,2022-02-27T08:00:00,2022-02-27T07:00:00,08:00
od_25,walking,walking-4,4734.231662335523,56.81077994802627,192,1686.495800754016,1681.9670371913987,1130.7261216415152,-4.528763562617314,-0.2685309717695441,0.0932944606413994,0.9067055393586004,development_exploratory_not_untouched_final,C_xgboost_current_pm,hourly_forecast_bucket_aware_arrival_time_exposure,2022-02-27T08:00:00,2022-02-27T07:00:00,08:00
od_25,walking,walking-5,5337.013678056967,64.0441641366836,196,2111.7455301037053,2017.2003577405967,1303.23656376384,-94.54517236310858,-4.477110097563013,0.0326975476839237,0.9673024523160764,development_exploratory_not_untouched_final,C_xgboost_current_pm,hourly_forecast_bucket_aware_arrival_time_exposure,2022-02-27T08:00:00,2022-02-27T07:00:00,08:00
od_25,walking,walking-6,5196.567199682312,62.35880639618775,194,1999.5613696809723,1933.858404571348,1262.431236391922,-65.7029651096243,-3.285868896342358,0.0472222222222222,0.9527777777777776,development_exploratory_not_untouched_final,C_xgboost_current_pm,hourly_forecast_bucket_aware_arrival_time_exposure,2022-02-27T08:00:00,2022-02-27T07:00:00,08:00
od_25,walking,walking-7,5713.187947409113,68.55825536890936,181,2146.0006090912525,2080.14644828262,1365.5218052390712,-65.85416080863251,-3.0686925497434587,0.0996978851963746,0.9003021148036254,development_exploratory_not_untouched_final,C_xgboost_current_pm,hourly_forecast_bucket_aware_arrival_time_exposure,2022-02-27T08:00:00,2022-02-27T07:00:00,08:00
od_25,walking,walking-8,5465.027062490462,65.58032474988555,210,2063.957137072749,2002.0897829224664,1313.344038245988,-61.86735415028329,-2.997511578076082,0.1039325842696629,0.8960674157303371,development_exploratory_not_untouched_final,C_xgboost_current_pm,hourly_forecast_bucket_aware_arrival_time_exposure,2022-02-27T08:00:00,2022-02-27T07:00:00,08:00
od_25,motorbike,motorbike-1,5074.162420415552,12.177989808997324,195,374.71674340428615,369.3956240441457,244.71877167642216,-5.321119360140415,-1.4200377895575909,1.0,0.0,development_exploratory_not_untouched_final,C_xgboost_current_pm,hourly_forecast_bucket_aware_arrival_time_exposure,2022-02-27T08:00:00,2022-02-27T07:00:00,08:00
od_25,motorbike,motorbike-2,5095.070126138192,12.22816830273166,212,370.2212469374779,367.0467905999309,244.67982928146577,-3.174456337546985,-0.8574484484093049,0.1274238227146814,0.8725761772853186,development_exploratory_not_untouched_final,C_xgboost_current_pm,hourly_forecast_bucket_aware_arrival_time_exposure,2022-02-27T08:00:00,2022-02-27T07:00:00,08:00
od_25,motorbike,motorbike-3,5589.160331046289,13.413984794511094,185,435.5143003408839,420.64705677516656,273.571318033977,-14.867243565717333,-3.413721100335972,0.0584958217270195,0.9415041782729804,development_exploratory_not_untouched_final,C_xgboost_current_pm,hourly_forecast_bucket_aware_arrival_time_exposure,2022-02-27T08:00:00,2022-02-27T07:00:00,08:00
od_25,motorbike,motorbike-4,5670.159232882905,13.608382158918973,201,406.6230096554797,404.97597192831176,271.4112845221035,-1.6470377271679126,-0.4050527609255073,0.0879120879120879,0.912087912087912,development_exploratory_not_untouched_final,C_xgboost_current_pm,hourly_forecast_bucket_aware_arrival_time_exposure,2022-02-27T08:00:00,2022-02-27T07:00:00,08:00
od_25,motorbike,motorbike-5,7792.868426528579,18.70288422366859,329,537.8439709431398,543.9055542785167,369.5659767880703,6.061583335376895,1.1270152056827123,0.0376237623762376,0.9623762376237625,development_exploratory_not_untouched_final,C_xgboost_current_pm,hourly_forecast_bucket_aware_arrival_time_exposure,2022-02-27T08:00:00,2022-02-27T07:00:00,08:00
od_25,motorbike,motorbike-6,8778.593070021463,21.068623368051515,310,635.9393646047083,632.1986115458687,421.50010705213504,-3.740753058839573,-0.5882248005145548,0.024340770791075,0.975659229208925,development_exploratory_not_untouched_final,C_xgboost_current_pm,hourly_forecast_bucket_aware_arrival_time_exposure,2022-02-27T08:00:00,2022-02-27T07:00:00,08:00
od_25,motorbike,motorbike-7,7958.908879463801,19.101381310713123,256,634.2349671027712,607.4915995533162,392.326140675089,-26.743367549455,-4.21663404520576,0.0488372093023255,0.9511627906976744,development_exploratory_not_untouched_final,C_xgboost_current_pm,hourly_forecast_bucket_aware_arrival_time_exposure,2022-02-27T08:00:00,2022-02-27T07:00:00,08:00
od_25,motorbike,motorbike-8,7918.284047414298,19.003881713794318,254,593.5242068413318,581.9821167904479,383.6821325512608,-11.542090050883871,-1.9446704814803697,0.0741626794258373,0.9258373205741628,development_exploratory_not_untouched_final,C_xgboost_current_pm,hourly_forecast_bucket_aware_arrival_time_exposure,2022-02-27T08:00:00,2022-02-27T07:00:00,08:00
od_26,walking,walking-1,2896.3240824541845,34.75588898945021,127,906.4531869978244,930.2283179894836,645.8212203770653,23.77513099165924,2.622874664978844,1.0,0.0,development_exploratory_not_untouched_final,C_xgboost_current_pm,hourly_forecast_bucket_aware_arrival_time_exposure,2022-02-27T08:00:00,2022-02-27T07:00:00,08:00
od_26,walking,walking-2,2980.864070874784,35.77036885049741,112,929.123809116906,955.1686880403012,664.0079469055132,26.04487892339523,2.803165591908555,0.0622222222222222,0.9377777777777778,development_exploratory_not_untouched_final,C_xgboost_current_pm,hourly_forecast_bucket_aware_arrival_time_exposure,2022-02-27T08:00:00,2022-02-27T07:00:00,08:00
od_26,walking,walking-3,3108.560616540251,37.302727398483015,109,974.7941315520968,999.4328112320604,693.4715266285141,24.63867967996373,2.527577760519883,0.0216450216450216,0.9783549783549784,development_exploratory_not_untouched_final,C_xgboost_current_pm,hourly_forecast_bucket_aware_arrival_time_exposure,2022-02-27T08:00:00,2022-02-27T07:00:00,08:00
od_26,walking,walking-4,2986.2787647878768,35.83534517745452,145,933.0696273660866,958.0659363990936,665.4263839743259,24.99630903300715,2.678932879164433,0.1193415637860082,0.8806584362139918,development_exploratory_not_untouched_final,C_xgboost_current_pm,hourly_forecast_bucket_aware_arrival_time_exposure,2022-02-27T08:00:00,2022-02-27T07:00:00,08:00
od_26,walking,walking-5,3746.634063035978,44.95960875643174,154,1168.0008115844037,1200.0631533213857,833.9379260213398,32.06234173698181,2.74506159747346,0.0107913669064748,0.9892086330935252,development_exploratory_not_untouched_final,C_xgboost_current_pm,hourly_forecast_bucket_aware_arrival_time_exposure,2022-02-27T08:00:00,2022-02-27T07:00:00,08:00
od_26,walking,walking-6,4134.677900527131,49.616134806325576,188,1296.6529093065722,1331.3831154284608,924.6292026850116,34.730206121888614,2.678450483750639,0.1330935251798561,0.8669064748201438,development_exploratory_not_untouched_final,C_xgboost_current_pm,hourly_forecast_bucket_aware_arrival_time_exposure,2022-02-27T08:00:00,2022-02-27T07:00:00,08:00
od_26,walking,walking-7,3987.778437209056,47.85334124650868,165,1241.372891760005,1276.6158047090537,887.6718499840927,35.24291294904856,2.8390271112720646,0.0034364261168384,0.9965635738831616,development_exploratory_not_untouched_final,C_xgboost_current_pm,hourly_forecast_bucket_aware_arrival_time_exposure,2022-02-27T08:00:00,2022-02-27T07:00:00,08:00
od_26,walking,walking-8,3411.853954168932,40.94224745002718,173,1067.238439085446,1096.0259615558589,761.3217718300257,28.787522470413023,2.6973843347586004,0.1235955056179775,0.8764044943820225,development_exploratory_not_untouched_final,C_xgboost_current_pm,hourly_forecast_bucket_aware_arrival_time_exposure,2022-02-27T08:00:00,2022-02-27T07:00:00,08:00
od_26,motorbike,motorbike-1,2937.338739477396,7.049612974745751,112,184.05752809323536,188.73478052146092,130.95580447642644,4.677252428225586,2.5411905053165214,1.0,0.0,development_exploratory_not_untouched_final,C_xgboost_current_pm,hourly_forecast_bucket_aware_arrival_time_exposure,2022-02-27T08:00:00,2022-02-27T07:00:00,08:00
od_26,motorbike,motorbike-2,2984.8899456370477,7.163735869528913,115,186.3634701493625,191.4645981488444,133.02725089274514,5.101127999481889,2.737193075120113,0.1073170731707317,0.8926829268292683,development_exploratory_not_untouched_final,C_xgboost_current_pm,hourly_forecast_bucket_aware_arrival_time_exposure,2022-02-27T08:00:00,2022-02-27T07:00:00,08:00
od_26,motorbike,motorbike-3,3258.678841448659,7.820829219476781,165,203.93951923835135,209.1907920477804,145.17588359617545,5.251272809429025,2.574916734648019,0.2096069868995633,0.7903930131004366,development_exploratory_not_untouched_final,C_xgboost_current_pm,hourly_forecast_bucket_aware_arrival_time_exposure,2022-02-27T08:00:00,2022-02-27T07:00:00,08:00
od_26,motorbike,motorbike-4,3649.860252873173,8.759664606895615,121,227.01977218888703,233.4177331238996,162.29489388955415,6.397960935012549,2.818239518665916,0.0043103448275862,0.9956896551724138,development_exploratory_not_untouched_final,C_xgboost_current_pm,hourly_forecast_bucket_aware_arrival_time_exposure,2022-02-27T08:00:00,2022-02-27T07:00:00,08:00
od_26,motorbike,motorbike-5,4538.665524224427,10.892797258138623,191,284.66190596240926,291.39939396278044,202.03627489398545,6.737488000371172,2.366838645863941,0.0167785234899328,0.9832214765100672,development_exploratory_not_untouched_final,C_xgboost_current_pm,hourly_forecast_bucket_aware_arrival_time_exposure,2022-02-27T08:00:00,2022-02-27T07:00:00,08:00
od_26,motorbike,motorbike-6,4792.008542306752,11.500820501536204,231,299.1033888714307,307.033683160799,213.1944920178096,7.930294289368305,2.651355546084145,0.0269461077844311,0.9730538922155688,development_exploratory_not_untouched_final,C_xgboost_current_pm,hourly_forecast_bucket_aware_arrival_time_exposure,2022-02-27T08:00:00,2022-02-27T07:00:00,08:00
od_26,motorbike,motorbike-7,5637.919340989541,13.531006418374895,268,357.0729102980947,364.5592709730895,252.1516794234217,7.486360674994785,2.096591608908376,0.0052910052910052,0.9947089947089948,development_exploratory_not_untouched_final,C_xgboost_current_pm,hourly_forecast_bucket_aware_arrival_time_exposure,2022-02-27T08:00:00,2022-02-27T07:00:00,08:00
od_26,motorbike,motorbike-8,9144.710064192806,21.94730415406273,329,577.8927414149218,589.2462705620154,407.5512160492409,11.353529147093582,1.9646429749741137,0.0022727272727272,0.9977272727272728,development_exploratory_not_untouched_final,C_xgboost_current_pm,hourly_forecast_bucket_aware_arrival_time_exposure,2022-02-27T08:00:00,2022-02-27T07:00:00,08:00
od_27,walking,walking-1,3464.3506661395845,41.572207993675015,112,1041.9014880625025,1091.3206014746538,791.869585971534,49.41911341215132,4.7431656426607125,1.0,0.0,development_exploratory_not_untouched_final,C_xgboost_current_pm,hourly_forecast_bucket_aware_arrival_time_exposure,2022-02-27T08:00:00,2022-02-27T07:00:00,08:00
od_27,walking,walking-2,3535.842562360606,42.43011074832727,135,1042.1479294722178,1092.1029627300604,796.8696965477685,49.955033257842615,4.793468551354479,0.1706161137440758,0.8293838862559242,development_exploratory_not_untouched_final,C_xgboost_current_pm,hourly_forecast_bucket_aware_arrival_time_exposure,2022-02-27T08:00:00,2022-02-27T07:00:00,08:00
od_27,walking,walking-3,3869.557886931462,46.43469464317754,139,1162.1747312885102,1218.6774533376908,890.0639097844801,56.50272204918065,4.861809547909869,0.0120967741935483,0.9879032258064516,development_exploratory_not_untouched_final,C_xgboost_current_pm,hourly_forecast_bucket_aware_arrival_time_exposure,2022-02-27T08:00:00,2022-02-27T07:00:00,08:00
od_27,walking,walking-4,3848.3424962212457,46.18010995465495,155,1154.7391593082534,1210.2500400303702,882.5681004992373,55.51088072211678,4.807222503424113,0.1033057851239669,0.8966942148760331,development_exploratory_not_untouched_final,C_xgboost_current_pm,hourly_forecast_bucket_aware_arrival_time_exposure,2022-02-27T08:00:00,2022-02-27T07:00:00,08:00
od_27,walking,walking-5,4640.402220056612,55.68482664067935,163,1397.1412748229773,1464.4779646691145,1069.4007718037412,67.336689846137,4.819604936134236,0.0073260073260073,0.9926739926739928,development_exploratory_not_untouched_final,C_xgboost_current_pm,hourly_forecast_bucket_aware_arrival_time_exposure,2022-02-27T08:00:00,2022-02-27T07:00:00,08:00
od_27,walking,walking-6,4565.968522067712,54.79162226481255,182,1372.8162855364542,1439.531418213723,1050.1109714608672,66.71513267726914,4.859727654760369,0.1666666666666666,0.8333333333333334,development_exploratory_not_untouched_final,C_xgboost_current_pm,hourly_forecast_bucket_aware_arrival_time_exposure,2022-02-27T08:00:00,2022-02-27T07:00:00,08:00
od_27,walking,walking-7,3468.6783622341645,41.62414034680998,111,1043.1267601792126,1092.606964140735,792.818829216363,49.48020396152242,4.74345073392821,0.8739495798319328,0.1260504201680672,development_exploratory_not_untouched_final,C_xgboost_current_pm,hourly_forecast_bucket_aware_arrival_time_exposure,2022-02-27T08:00:00,2022-02-27T07:00:00,08:00
od_27,walking,walking-8,3469.479999896061,41.63375999875273,112,1043.3253510141449,1092.828452459832,792.9701855896545,49.50310144568698,4.744742509857391,0.8064516129032258,0.1935483870967742,development_exploratory_not_untouched_final,C_xgboost_current_pm,hourly_forecast_bucket_aware_arrival_time_exposure,2022-02-27T08:00:00,2022-02-27T07:00:00,08:00
od_27,motorbike,motorbike-1,3470.9311321175137,8.330234717082032,124,208.6735771515151,218.5747575192528,158.50087861668217,9.90118036773768,4.744817481395148,1.0,0.0,development_exploratory_not_untouched_final,C_xgboost_current_pm,hourly_forecast_bucket_aware_arrival_time_exposure,2022-02-27T08:00:00,2022-02-27T07:00:00,08:00
od_27,motorbike,motorbike-2,3605.9840264691393,8.654361663525934,131,216.5871765105534,227.03357837775388,165.50553227265414,10.446401867200478,4.8231857654284855,0.1697247706422018,0.8302752293577982,development_exploratory_not_untouched_final,C_xgboost_current_pm,hourly_forecast_bucket_aware_arrival_time_exposure,2022-02-27T08:00:00,2022-02-27T07:00:00,08:00
od_27,motorbike,motorbike-3,3937.277758173279,9.449466619615867,140,236.7787411755972,248.2481270981884,181.25848495686387,11.469385922591186,4.843925542321128,0.0434782608695652,0.9565217391304348,development_exploratory_not_untouched_final,C_xgboost_current_pm,hourly_forecast_bucket_aware_arrival_time_exposure,2022-02-27T08:00:00,2022-02-27T07:00:00,08:00
od_27,motorbike,motorbike-4,3898.0488850884126,9.35531732421219,180,227.8562765104269,238.7083753306483,174.91946042423626,10.852098820221356,4.762694706689265,0.089605734767025,0.910394265232975,development_exploratory_not_untouched_final,C_xgboost_current_pm,hourly_forecast_bucket_aware_arrival_time_exposure,2022-02-27T08:00:00,2022-02-27T07:00:00,08:00
od_27,motorbike,motorbike-5,4586.669331161132,11.008006394786715,157,276.46493731497907,289.80786485476244,211.6354481283513,13.342927539783377,4.82626392676394,0.007168458781362,0.992831541218638,development_exploratory_not_untouched_final,C_xgboost_current_pm,hourly_forecast_bucket_aware_arrival_time_exposure,2022-02-27T08:00:00,2022-02-27T07:00:00,08:00
od_27,motorbike,motorbike-6,5158.036814181108,12.379288354034658,263,300.72060210067326,314.6218822457385,230.09740685413507,13.901280145065243,4.622656395324543,0.0051948051948051,0.9948051948051948,development_exploratory_not_untouched_final,C_xgboost_current_pm,hourly_forecast_bucket_aware_arrival_time_exposure,2022-02-27T08:00:00,2022-02-27T07:00:00,08:00
od_27,motorbike,motorbike-7,5527.038154061122,13.264891569746691,251,327.1084133876468,343.06916552280126,248.60101039533748,15.96075213515445,4.879346260115853,0.0359116022099447,0.9640883977900552,development_exploratory_not_untouched_final,C_xgboost_current_pm,hourly_forecast_bucket_aware_arrival_time_exposure,2022-02-27T08:00:00,2022-02-27T07:00:00,08:00
od_27,motorbike,motorbike-8,6556.612732062874,15.735870556950896,287,376.0397916669145,393.7185161355971,292.2322891219935,17.678724468682617,4.701290890072063,0.0073529411764705,0.9926470588235294,development_exploratory_not_untouched_final,C_xgboost_current_pm,hourly_forecast_bucket_aware_arrival_time_exposure,2022-02-27T08:00:00,2022-02-27T07:00:00,08:00
od_28,walking,walking-1,3337.8457045527,40.0541484546324,111,1102.1070850088363,1137.605400794013,784.7691917872639,35.49831578517637,3.2209497850103888,1.0,0.0,development_exploratory_not_untouched_final,C_xgboost_current_pm,hourly_forecast_bucket_aware_arrival_time_exposure,2022-02-27T08:00:00,2022-02-27T07:00:00,08:00
od_28,walking,walking-2,3441.879177727777,41.30255013273333,141,1135.6360145939134,1172.5602932690017,809.1360866383857,36.92427867508832,3.2514184298999966,0.1666666666666666,0.8333333333333334,development_exploratory_not_untouched_final,C_xgboost_current_pm,hourly_forecast_bucket_aware_arrival_time_exposure,2022-02-27T08:00:00,2022-02-27T07:00:00,08:00
od_28,walking,walking-3,3877.4038999370327,46.5288467992444,168,1274.1846172217367,1315.971487075887,910.5561135932109,41.78686985415016,3.2794988488609498,0.025735294117647,0.9742647058823528,development_exploratory_not_untouched_final,C_xgboost_current_pm,hourly_forecast_bucket_aware_arrival_time_exposure,2022-02-27T08:00:00,2022-02-27T07:00:00,08:00
od_28,walking,walking-4,3905.403995968121,46.86484795161745,153,1303.2494233269394,1340.4446642390078,920.1319284344116,37.19524091206836,2.85403854751888,0.056,0.944,development_exploratory_not_untouched_final,C_xgboost_current_pm,hourly_forecast_bucket_aware_arrival_time_exposure,2022-02-27T08:00:00,2022-02-27T07:00:00,08:00
od_28,walking,walking-5,4163.759453961655,49.96511344753987,208,1342.9916084199522,1393.113573587165,974.2182000458904,50.12196516721315,3.732113056624555,0.0257234726688102,0.9742765273311896,development_exploratory_not_untouched_final,C_xgboost_current_pm,hourly_forecast_bucket_aware_arrival_time_exposure,2022-02-27T08:00:00,2022-02-27T07:00:00,08:00
od_28,walking,walking-6,4492.620440211811,53.911445282541735,199,1463.2844904034112,1515.6225533482605,1053.593524347298,52.3380629448493,3.576752387392576,0.0580204778156996,0.9419795221843004,development_exploratory_not_untouched_final,C_xgboost_current_pm,hourly_forecast_bucket_aware_arrival_time_exposure,2022-02-27T08:00:00,2022-02-27T07:00:00,08:00
od_28,walking,walking-7,3995.186008508664,47.94223210210397,145,1331.256423579424,1369.6837238370442,941.1896935386404,38.42730025762012,2.886543837610073,0.1179039301310043,0.8820960698689957,development_exploratory_not_untouched_final,C_xgboost_current_pm,hourly_forecast_bucket_aware_arrival_time_exposure,2022-02-27T08:00:00,2022-02-27T07:00:00,08:00
od_28,walking,walking-8,3338.022955668135,40.05627546801762,110,1102.1750797182494,1137.6737944823117,784.8130148274237,35.49871476406224,3.2207872793800445,0.9557522123893806,0.0442477876106194,development_exploratory_not_untouched_final,C_xgboost_current_pm,hourly_forecast_bucket_aware_arrival_time_exposure,2022-02-27T08:00:00,2022-02-27T07:00:00,08:00
od_28,motorbike,motorbike-1,3389.785610177372,8.135485464425692,123,223.9111446222322,231.0807607511633,159.40896621656262,7.1696161289310965,3.201991638704357,1.0,0.0,development_exploratory_not_untouched_final,C_xgboost_current_pm,hourly_forecast_bucket_aware_arrival_time_exposure,2022-02-27T08:00:00,2022-02-27T07:00:00,08:00
od_28,motorbike,motorbike-2,3622.982621352327,8.695158291245583,149,237.9766231503558,245.91021884451496,170.11121604368017,7.933595694159152,3.3337710188225644,0.2088888888888889,0.7911111111111111,development_exploratory_not_untouched_final,C_xgboost_current_pm,hourly_forecast_bucket_aware_arrival_time_exposure,2022-02-27T08:00:00,2022-02-27T07:00:00,08:00
od_28,motorbike,motorbike-3,3884.876431604947,9.323703435851872,163,259.42918487750546,266.6095000983311,183.1128128812784,7.180315220825662,2.767736106566417,0.1721311475409836,0.8278688524590164,development_exploratory_not_untouched_final,C_xgboost_current_pm,hourly_forecast_bucket_aware_arrival_time_exposure,2022-02-27T08:00:00,2022-02-27T07:00:00,08:00
od_28,motorbike,motorbike-4,4264.353384699511,10.234448123278826,216,275.3957018285074,285.62592205286273,199.57431090293628,10.23022022435532,3.714734891078952,0.0272727272727272,0.9727272727272728,development_exploratory_not_untouched_final,C_xgboost_current_pm,hourly_forecast_bucket_aware_arrival_time_exposure,2022-02-27T08:00:00,2022-02-27T07:00:00,08:00
od_28,motorbike,motorbike-5,5353.296638577329,12.847911932585587,211,339.0944294500996,353.5469191163604,249.45316589599045,14.45248966626076,4.262084071890529,0.0245398773006134,0.9754601226993864,development_exploratory_not_untouched_final,C_xgboost_current_pm,hourly_forecast_bucket_aware_arrival_time_exposure,2022-02-27T08:00:00,2022-02-27T07:00:00,08:00
od_28,motorbike,motorbike-6,5442.02633130595,13.060863195134282,217,350.63834087175337,363.8703459643788,255.28741516652775,13.232005092625457,3.7736903100009496,0.033434650455927,0.9665653495440728,development_exploratory_not_untouched_final,C_xgboost_current_pm,hourly_forecast_bucket_aware_arrival_time_exposure,2022-02-27T08:00:00,2022-02-27T07:00:00,08:00
od_28,motorbike,motorbike-7,5915.756843480607,14.197816424353457,216,376.89164717251344,392.9456299471308,276.1737799831839,16.05398277461734,4.259575104690234,0.0335365853658536,0.9664634146341464,development_exploratory_not_untouched_final,C_xgboost_current_pm,hourly_forecast_bucket_aware_arrival_time_exposure,2022-02-27T08:00:00,2022-02-27T07:00:00,08:00
od_28,motorbike,motorbike-8,7965.851166958149,19.11804280069956,270,547.1559967009554,559.9981761289714,377.8820415314858,12.842179428016038,2.3470782565570327,0.0181347150259067,0.9818652849740932,development_exploratory_not_untouched_final,C_xgboost_current_pm,hourly_forecast_bucket_aware_arrival_time_exposure,2022-02-27T08:00:00,2022-02-27T07:00:00,08:00
od_29,walking,walking-1,5079.132038692887,60.949584464314654,161,1640.050987195363,1704.4542468769112,1178.3978890933809,64.4032596815482,3.9269059428258175,1.0,0.0,development_exploratory_not_untouched_final,C_xgboost_current_pm,hourly_forecast_bucket_aware_arrival_time_exposure,2022-02-27T08:00:00,2022-02-27T07:00:00,08:00
od_29,walking,walking-2,5161.661432530971,61.93993719037166,162,1676.5704663055365,1743.800484642538,1199.8352827424314,67.23001833700164,4.009972720392041,0.0453074433656957,0.9546925566343042,development_exploratory_not_untouched_final,C_xgboost_current_pm,hourly_forecast_bucket_aware_arrival_time_exposure,2022-02-27T08:00:00,2022-02-27T07:00:00,08:00
od_29,walking,walking-3,5462.205900886824,65.54647081064189,208,1757.47493668531,1823.023810125986,1262.764207777559,65.54887344067606,3.729718818312407,0.0081967213114754,0.9918032786885246,development_exploratory_not_untouched_final,C_xgboost_current_pm,hourly_forecast_bucket_aware_arrival_time_exposure,2022-02-27T08:00:00,2022-02-27T07:00:00,08:00
od_29,walking,walking-4,5856.208691849777,70.27450430219733,220,1884.586999593351,1946.537586222991,1347.144344885019,61.95058662963993,3.28722349475017,0.0106100795755968,0.9893899204244032,development_exploratory_not_untouched_final,C_xgboost_current_pm,hourly_forecast_bucket_aware_arrival_time_exposure,2022-02-27T08:00:00,2022-02-27T07:00:00,08:00
od_29,walking,walking-5,6084.160506353648,73.00992607624379,208,1979.7535005237464,2048.0908954735246,1403.7920752330565,68.3373949497784,3.451813315733482,0.0054495912806539,0.994550408719346,development_exploratory_not_untouched_final,C_xgboost_current_pm,hourly_forecast_bucket_aware_arrival_time_exposure,2022-02-27T08:00:00,2022-02-27T07:00:00,08:00
od_29,walking,walking-6,5079.34298264047,60.95211579168564,161,1640.421835228284,1704.7230974121778,1178.4957327545558,64.30126218389387,3.919800431999589,0.9754601226993864,0.0245398773006134,development_exploratory_not_untouched_final,C_xgboost_current_pm,hourly_forecast_bucket_aware_arrival_time_exposure,2022-02-27T08:00:00,2022-02-27T07:00:00,08:00
od_29,walking,walking-7,5079.71013679666,60.95652164155992,161,1639.9547397334084,1704.461231011361,1178.4875461132085,64.50649127795259,3.933431192646133,0.9754601226993864,0.0245398773006134,development_exploratory_not_untouched_final,C_xgboost_current_pm,hourly_forecast_bucket_aware_arrival_time_exposure,2022-02-27T08:00:00,2022-02-27T07:00:00,08:00
od_29,walking,walking-8,5079.921080744242,60.959052968930905,161,1640.3255877663294,1704.7300815466276,1178.5853897743834,64.40449378029825,3.926323789656869,0.9515151515151516,0.0484848484848484,development_exploratory_not_untouched_final,C_xgboost_current_pm,hourly_forecast_bucket_aware_arrival_time_exposure,2022-02-27T08:00:00,2022-02-27T07:00:00,08:00
od_29,motorbike,motorbike-1,5050.844486464221,12.12202676751413,138,327.77876952102565,341.4458097308068,235.15004475573147,13.667040209781137,4.169592871970449,1.0,0.0,development_exploratory_not_untouched_final,C_xgboost_current_pm,hourly_forecast_bucket_aware_arrival_time_exposure,2022-02-27T08:00:00,2022-02-27T07:00:00,08:00
od_29,motorbike,motorbike-2,5206.6809567022565,12.496034296085416,185,335.9842884787819,349.2691140819499,241.7696382562612,13.28482560316803,3.954002034832351,0.0766666666666666,0.9233333333333332,development_exploratory_not_untouched_final,C_xgboost_current_pm,hourly_forecast_bucket_aware_arrival_time_exposure,2022-02-27T08:00:00,2022-02-27T07:00:00,08:00
od_29,motorbike,motorbike-3,5669.304232967304,13.60633015912153,252,363.8321144774846,378.1521641368985,263.04120033295766,14.32004965941394,3.9358949058083,0.0290237467018469,0.9709762532981532,development_exploratory_not_untouched_final,C_xgboost_current_pm,hourly_forecast_bucket_aware_arrival_time_exposure,2022-02-27T08:00:00,2022-02-27T07:00:00,08:00
od_29,motorbike,motorbike-4,6168.868846153235,14.805285230767764,285,384.8037981784211,400.211638425154,283.1804690514882,15.40784024673286,4.004076965890222,0.0,1.0,development_exploratory_not_untouched_final,C_xgboost_current_pm,hourly_forecast_bucket_aware_arrival_time_exposure,2022-02-27T08:00:00,2022-02-27T07:00:00,08:00
od_29,motorbike,motorbike-5,7086.2660565245305,17.007038535658875,311,435.90580061464925,454.3880387703123,323.72079788876874,18.482238155663023,4.239961507647325,0.0251141552511415,0.9748858447488584,development_exploratory_not_untouched_final,C_xgboost_current_pm,hourly_forecast_bucket_aware_arrival_time_exposure,2022-02-27T08:00:00,2022-02-27T07:00:00,08:00
od_29,motorbike,motorbike-6,8524.917271326063,20.459801451182557,296,569.7506138017792,592.513336936518,400.90789303350897,22.76272313473885,3.995208181146108,0.0023094688221709,0.9976905311778292,development_exploratory_not_untouched_final,C_xgboost_current_pm,hourly_forecast_bucket_aware_arrival_time_exposure,2022-02-27T08:00:00,2022-02-27T07:00:00,08:00
od_29,motorbike,motorbike-7,8941.478017489768,21.459547241975443,341,558.4228035648919,580.4204362475227,410.7410277398277,21.997632682630865,3.939243265533052,0.0,1.0,development_exploratory_not_untouched_final,C_xgboost_current_pm,hourly_forecast_bucket_aware_arrival_time_exposure,2022-02-27T08:00:00,2022-02-27T07:00:00,08:00
od_29,motorbike,motorbike-8,10821.455984145145,25.97149436194835,440,701.883553512265,729.7780875294935,504.6067404385324,27.894534017228462,3.974239583994045,0.0017331022530329,0.9982668977469672,development_exploratory_not_untouched_final,C_xgboost_current_pm,hourly_forecast_bucket_aware_arrival_time_exposure,2022-02-27T08:00:00,2022-02-27T07:00:00,08:00
od_30,walking,walking-1,4593.91625322452,55.12699503869423,188,1554.568913504779,1577.5432124721176,1083.0169464702064,22.97429896733865,1.4778565792585578,1.0,0.0,development_exploratory_not_untouched_final,C_xgboost_current_pm,hourly_forecast_bucket_aware_arrival_time_exposure,2022-02-27T08:00:00,2022-02-27T07:00:00,08:00
od_30,walking,walking-2,4720.889976741293,56.65067972089552,211,1595.773588363622,1620.040039525297,1112.8702687159623,24.26645116167515,1.5206700586239843,0.3951048951048951,0.6048951048951049,development_exploratory_not_untouched_final,C_xgboost_current_pm,hourly_forecast_bucket_aware_arrival_time_exposure,2022-02-27T08:00:00,2022-02-27T07:00:00,08:00
od_30,walking,walking-3,5302.356708761759,63.62828050514111,270,1747.822292797954,1781.4077137198874,1238.7858176377813,33.58542092193329,1.9215581046382568,0.0269058295964125,0.9730941704035876,development_exploratory_not_untouched_final,C_xgboost_current_pm,hourly_forecast_bucket_aware_arrival_time_exposure,2022-02-27T08:00:00,2022-02-27T07:00:00,08:00
od_30,walking,walking-4,5705.196758152187,68.46236109782625,267,1939.2064944060864,1946.7243491107004,1331.6527697678853,7.51785470461391,0.3876768526869221,0.015625,0.984375,development_exploratory_not_untouched_final,C_xgboost_current_pm,hourly_forecast_bucket_aware_arrival_time_exposure,2022-02-27T08:00:00,2022-02-27T07:00:00,08:00
od_30,walking,walking-5,5695.941411156685,68.3512969338802,271,1851.081674159452,1887.2550052406064,1322.083337960503,36.173331081154174,1.954172610864398,0.0177383592017738,0.9822616407982262,development_exploratory_not_untouched_final,C_xgboost_current_pm,hourly_forecast_bucket_aware_arrival_time_exposure,2022-02-27T08:00:00,2022-02-27T07:00:00,08:00
od_30,walking,walking-6,4594.01082475317,55.12812989703804,187,1554.6043527149916,1577.578890446572,1083.0397183849575,22.974537731580316,1.4778382481341397,0.9736842105263158,0.0263157894736841,development_exploratory_not_untouched_final,C_xgboost_current_pm,hourly_forecast_bucket_aware_arrival_time_exposure,2022-02-27T08:00:00,2022-02-27T07:00:00,08:00
od_30,walking,walking-7,4594.165186918211,55.129982243018524,188,1554.677910002088,1577.644762569479,1083.0782993527318,22.96685256739147,1.477274001234161,0.9789473684210528,0.0210526315789473,development_exploratory_not_untouched_final,C_xgboost_current_pm,hourly_forecast_bucket_aware_arrival_time_exposure,2022-02-27T08:00:00,2022-02-27T07:00:00,08:00
od_30,walking,walking-8,4594.259758446861,55.13111710136233,187,1554.7133492123005,1577.680440543934,1083.101071267483,22.967091331633583,1.4772556846746006,0.953125,0.046875,development_exploratory_not_untouched_final,C_xgboost_current_pm,hourly_forecast_bucket_aware_arrival_time_exposure,2022-02-27T08:00:00,2022-02-27T07:00:00,08:00
od_30,motorbike,motorbike-1,4838.482538571107,11.612358092570656,235,325.4102786841401,330.8651735694403,227.96169218355007,5.4548948853001775,1.67631302470165,1.0,0.0,development_exploratory_not_untouched_final,C_xgboost_current_pm,hourly_forecast_bucket_aware_arrival_time_exposure,2022-02-27T08:00:00,2022-02-27T07:00:00,08:00
od_30,motorbike,motorbike-2,5024.3916783357845,12.058540028005885,189,341.0071824567118,345.85477420236805,237.0867898788605,4.847591745656246,1.4215512150602896,0.2619047619047619,0.7380952380952381,development_exploratory_not_untouched_final,C_xgboost_current_pm,hourly_forecast_bucket_aware_arrival_time_exposure,2022-02-27T08:00:00,2022-02-27T07:00:00,08:00
od_30,motorbike,motorbike-3,5358.238208967597,12.859771701522227,274,353.1739218743646,361.41878378986735,251.5279101622305,8.244861915502725,2.334504731194646,0.1065217391304347,0.8934782608695653,development_exploratory_not_untouched_final,C_xgboost_current_pm,hourly_forecast_bucket_aware_arrival_time_exposure,2022-02-27T08:00:00,2022-02-27T07:00:00,08:00
od_30,motorbike,motorbike-4,5707.894042702269,13.698945702485446,275,370.965328103329,381.3676504104157,267.5360953570212,10.402322307086706,2.8041225200941784,0.0303030303030303,0.9696969696969696,development_exploratory_not_untouched_final,C_xgboost_current_pm,hourly_forecast_bucket_aware_arrival_time_exposure,2022-02-27T08:00:00,2022-02-27T07:00:00,08:00
od_30,motorbike,motorbike-5,6023.788039967166,14.4570912959212,249,415.06108170839104,418.5582765891535,284.9339658905226,3.497194880762436,0.8425735475771384,0.0146750524109014,0.9853249475890984,development_exploratory_not_untouched_final,C_xgboost_current_pm,hourly_forecast_bucket_aware_arrival_time_exposure,2022-02-27T08:00:00,2022-02-27T07:00:00,08:00
od_30,motorbike,motorbike-6,7065.537407407111,16.957289777777067,261,500.7226808152508,499.9990952894789,336.17343857515266,-0.7235855257718526,-0.144508238491164,0.0143149284253578,0.985685071574642,development_exploratory_not_untouched_final,C_xgboost_current_pm,hourly_forecast_bucket_aware_arrival_time_exposure,2022-02-27T08:00:00,2022-02-27T07:00:00,08:00
od_30,motorbike,motorbike-7,6895.296589894337,16.548711815746408,331,450.3311998726883,462.01742374044846,322.5458080446833,11.68622386776019,2.5950286968933014,0.0198198198198198,0.9801801801801802,development_exploratory_not_untouched_final,C_xgboost_current_pm,hourly_forecast_bucket_aware_arrival_time_exposure,2022-02-27T08:00:00,2022-02-27T07:00:00,08:00
od_30,motorbike,motorbike-8,8296.947894816516,19.91267494755964,391,533.6509929185386,550.2903629315382,387.0871672007112,16.63937001299962,3.118024745348803,0.011308562197092,0.988691437802908,development_exploratory_not_untouched_final,C_xgboost_current_pm,hourly_forecast_bucket_aware_arrival_time_exposure,2022-02-27T08:00:00,2022-02-27T07:00:00,08:00
od_01,walking,walking-1,3333.8306473718903,40.00596776846269,111,539.3822259124952,639.0719101922527,448.36581998520165,99.68968427975756,18.482196759655626,1.0,0.0,development_exploratory_not_untouched_final,C_xgboost_current_pm,hourly_forecast_bucket_aware_arrival_time_exposure,2022-02-27T12:00:00,2022-02-27T11:00:00,12:00
od_01,walking,walking-2,3462.8236191283786,41.55388342954054,105,561.425105249593,664.965686077506,466.0952357383128,103.540580827913,18.44245650216905,0.0140845070422535,0.9859154929577464,development_exploratory_not_untouched_final,C_xgboost_current_pm,hourly_forecast_bucket_aware_arrival_time_exposure,2022-02-27T12:00:00,2022-02-27T11:00:00,12:00
od_01,walking,walking-3,3879.232303808173,46.55078764569807,143,631.2351087888901,747.2358523288722,522.9276531151976,116.00074353998208,18.37678892141237,0.0119521912350597,0.9880478087649402,development_exploratory_not_untouched_final,C_xgboost_current_pm,hourly_forecast_bucket_aware_arrival_time_exposure,2022-02-27T12:00:00,2022-02-27T11:00:00,12:00
od_01,walking,walking-4,4290.157666544244,51.48189199853094,191,691.3783699374895,819.714059772876,576.065775536224,128.33568983538646,18.562294600999717,0.0272108843537414,0.9727891156462584,development_exploratory_not_untouched_final,C_xgboost_current_pm,hourly_forecast_bucket_aware_arrival_time_exposure,2022-02-27T12:00:00,2022-02-27T11:00:00,12:00
od_01,walking,walking-5,4479.890669998318,53.758688039979816,215,727.2540933874255,861.3851796665253,603.1076374193048,134.1310862790998,18.44349691513458,0.0584415584415584,0.9415584415584416,development_exploratory_not_untouched_final,C_xgboost_current_pm,hourly_forecast_bucket_aware_arrival_time_exposure,2022-02-27T12:00:00,2022-02-27T11:00:00,12:00
od_01,walking,walking-6,3940.520850847591,47.2862502101711,135,639.1004006725132,756.7432241271594,530.6655940575091,117.6428234546462,18.40756527939161,0.28125,0.71875,development_exploratory_not_untouched_final,C_xgboost_current_pm,hourly_forecast_bucket_aware_arrival_time_exposure,2022-02-27T12:00:00,2022-02-27T11:00:00,12:00
od_01,walking,walking-7,3334.877228844938,40.01852674613926,111,539.5507784705067,639.2717552955274,448.50623802392334,99.72097682502078,18.48222276830091,0.9473684210526316,0.0526315789473684,development_exploratory_not_untouched_final,C_xgboost_current_pm,hourly_forecast_bucket_aware_arrival_time_exposure,2022-02-27T12:00:00,2022-02-27T11:00:00,12:00
od_01,walking,walking-8,3337.200169121715,40.04640202946059,114,539.9211919793773,639.7125862740633,448.81568765228855,99.79139429468592,18.48258519522929,0.9565217391304348,0.0434782608695651,development_exploratory_not_untouched_final,C_xgboost_current_pm,hourly_forecast_bucket_aware_arrival_time_exposure,2022-02-27T12:00:00,2022-02-27T11:00:00,12:00
od_01,motorbike,motorbike-1,3429.2941499099547,8.230305959783891,119,110.96153609390434,131.47897094204774,92.23277287915704,20.517434848143395,18.490582926663823,1.0,0.0,development_exploratory_not_untouched_final,C_xgboost_current_pm,hourly_forecast_bucket_aware_arrival_time_exposure,2022-02-27T12:00:00,2022-02-27T11:00:00,12:00
od_01,motorbike,motorbike-2,3720.545172132016,8.92930841311684,139,120.99753287007684,143.26277388260078,100.26650408330636,22.265241012523944,18.401400825611564,0.0117647058823529,0.9882352941176472,development_exploratory_not_untouched_final,C_xgboost_current_pm,hourly_forecast_bucket_aware_arrival_time_exposure,2022-02-27T12:00:00,2022-02-27T11:00:00,12:00
od_01,motorbike,motorbike-3,4368.011727860995,10.483228146866388,203,140.52719254379943,166.66047775875566,117.21702090407383,26.13328521495623,18.59660379026716,0.0769230769230769,0.9230769230769232,development_exploratory_not_untouched_final,C_xgboost_current_pm,hourly_forecast_bucket_aware_arrival_time_exposure,2022-02-27T12:00:00,2022-02-27T11:00:00,12:00
od_01,motorbike,motorbike-4,4957.587299606684,11.898209519056042,237,162.82971733509885,192.48179484006184,134.15780778962028,29.65207750496299,18.21048269950618,0.0,1.0,development_exploratory_not_untouched_final,C_xgboost_current_pm,hourly_forecast_bucket_aware_arrival_time_exposure,2022-02-27T12:00:00,2022-02-27T11:00:00,12:00
od_01,motorbike,motorbike-5,4883.279133582821,11.71986992059877,218,156.6446715727945,185.88031802250245,130.8876986875024,29.23564644970796,18.6636711968347,0.012012012012012,0.987987987987988,development_exploratory_not_untouched_final,C_xgboost_current_pm,hourly_forecast_bucket_aware_arrival_time_exposure,2022-02-27T12:00:00,2022-02-27T11:00:00,12:00
od_01,motorbike,motorbike-6,5990.124200785455,14.376298081885093,272,193.55741293455685,229.41602850649275,161.08427832304614,35.8586155719359,18.526087442623524,0.0,1.0,development_exploratory_not_untouched_final,C_xgboost_current_pm,hourly_forecast_bucket_aware_arrival_time_exposure,2022-02-27T12:00:00,2022-02-27T11:00:00,12:00
od_01,motorbike,motorbike-7,5350.426005528613,12.841022413268671,207,174.375668863015,206.38840561960652,144.37485720501562,32.01273675659155,18.35848829445347,0.0251572327044025,0.9748427672955976,development_exploratory_not_untouched_final,C_xgboost_current_pm,hourly_forecast_bucket_aware_arrival_time_exposure,2022-02-27T12:00:00,2022-02-27T11:00:00,12:00
od_01,motorbike,motorbike-8,7908.227114304611,18.979745074331063,368,254.3031808721974,301.73356600314054,212.22361964289848,47.43038513094314,18.651117523685144,0.0041237113402061,0.9958762886597938,development_exploratory_not_untouched_final,C_xgboost_current_pm,hourly_forecast_bucket_aware_arrival_time_exposure,2022-02-27T12:00:00,2022-02-27T11:00:00,12:00
od_02,walking,walking-1,4031.174773347975,48.3740972801757,136,680.6084690125624,790.0950409652696,558.3903620613177,109.4865719527072,16.086572080355108,1.0,0.0,development_exploratory_not_untouched_final,C_xgboost_current_pm,hourly_forecast_bucket_aware_arrival_time_exposure,2022-02-27T12:00:00,2022-02-27T11:00:00,12:00
od_02,walking,walking-2,4179.665283735303,50.15598340482364,132,699.8649273672363,811.839790566172,577.107407337465,111.97486319893574,15.999496305689252,0.0307692307692307,0.9692307692307692,development_exploratory_not_untouched_final,C_xgboost_current_pm,hourly_forecast_bucket_aware_arrival_time_exposure,2022-02-27T12:00:00,2022-02-27T11:00:00,12:00
od_02,walking,walking-3,4203.115373844201,50.43738448613041,118,707.8303943631771,821.4779177892867,581.6041576309373,113.6475234261096,16.055756340946104,0.0495867768595041,0.9504132231404958,development_exploratory_not_untouched_final,C_xgboost_current_pm,hourly_forecast_bucket_aware_arrival_time_exposure,2022-02-27T12:00:00,2022-02-27T11:00:00,12:00
od_02,walking,walking-4,4798.739244471271,57.58487093365526,200,805.7133092896455,934.2023604586708,663.4187328045516,128.4890511690253,15.947241988879052,0.009009009009009,0.990990990990991,development_exploratory_not_untouched_final,C_xgboost_current_pm,hourly_forecast_bucket_aware_arrival_time_exposure,2022-02-27T12:00:00,2022-02-27T11:00:00,12:00
od_02,walking,walking-5,4768.99194159527,57.22790329914324,156,804.5047211136754,934.0461403736816,660.3466069822548,129.54141926000625,16.102008584944308,0.0391459074733096,0.9608540925266904,development_exploratory_not_untouched_final,C_xgboost_current_pm,hourly_forecast_bucket_aware_arrival_time_exposure,2022-02-27T12:00:00,2022-02-27T11:00:00,12:00
od_02,walking,walking-6,4882.431836484403,58.58918203781283,186,827.6421018552113,961.6080610275702,677.3589162661476,133.9659591723589,16.186460170654183,0.032051282051282,0.967948717948718,development_exploratory_not_untouched_final,C_xgboost_current_pm,hourly_forecast_bucket_aware_arrival_time_exposure,2022-02-27T12:00:00,2022-02-27T11:00:00,12:00
od_02,walking,walking-7,5247.301907237375,62.9676228868485,143,886.1755054751438,1026.8199819187073,725.8612652672726,140.64447644356346,15.870950570694642,0.0856031128404669,0.914396887159533,development_exploratory_not_untouched_final,C_xgboost_current_pm,hourly_forecast_bucket_aware_arrival_time_exposure,2022-02-27T12:00:00,2022-02-27T11:00:00,12:00
od_02,walking,walking-8,4032.874831255277,48.39449797506333,134,681.1077884792667,790.7331061811758,558.6893043559108,109.62531770190913,16.095149630673497,0.656441717791411,0.3435582822085889,development_exploratory_not_untouched_final,C_xgboost_current_pm,hourly_forecast_bucket_aware_arrival_time_exposure,2022-02-27T12:00:00,2022-02-27T11:00:00,12:00
od_02,motorbike,motorbike-1,4031.174773347975,9.67481945603514,136,136.12169380251257,158.01900819305374,111.67807241226352,21.89731439054117,16.086572080354898,1.0,0.0,development_exploratory_not_untouched_final,C_xgboost_current_pm,hourly_forecast_bucket_aware_arrival_time_exposure,2022-02-27T12:00:00,2022-02-27T11:00:00,12:00
od_02,motorbike,motorbike-2,4179.665283735303,10.031196680964728,132,139.97298547344727,162.36795811323435,115.421481467493,22.394972639787085,15.999496305689206,0.0307692307692307,0.9692307692307692,development_exploratory_not_untouched_final,C_xgboost_current_pm,hourly_forecast_bucket_aware_arrival_time_exposure,2022-02-27T12:00:00,2022-02-27T11:00:00,12:00
od_02,motorbike,motorbike-3,4206.177077687737,10.094824986450568,116,141.66812232635664,164.41350817955058,116.40527213457727,22.745385853193937,16.055401511425465,0.05,0.95,development_exploratory_not_untouched_final,C_xgboost_current_pm,hourly_forecast_bucket_aware_arrival_time_exposure,2022-02-27T12:00:00,2022-02-27T11:00:00,12:00
od_02,motorbike,motorbike-4,4662.852950896125,11.190847082150698,153,156.24390376546071,181.10993153373957,128.8238787760399,24.866027768278823,15.914878705031253,0.0104895104895104,0.9895104895104896,development_exploratory_not_untouched_final,C_xgboost_current_pm,hourly_forecast_bucket_aware_arrival_time_exposure,2022-02-27T12:00:00,2022-02-27T11:00:00,12:00
od_02,motorbike,motorbike-5,4794.898408301863,11.507756179924469,170,161.81156164302485,187.88030636903235,132.79692618111667,26.06874472600751,16.110557528341637,0.0372881355932203,0.9627118644067796,development_exploratory_not_untouched_final,C_xgboost_current_pm,hourly_forecast_bucket_aware_arrival_time_exposure,2022-02-27T12:00:00,2022-02-27T11:00:00,12:00
od_02,motorbike,motorbike-6,5404.728891443751,12.971349339465004,211,181.21230839420716,209.85177221843492,149.4073255448335,28.639463824227818,15.804370066257237,0.0087209302325581,0.9912790697674418,development_exploratory_not_untouched_final,C_xgboost_current_pm,hourly_forecast_bucket_aware_arrival_time_exposure,2022-02-27T12:00:00,2022-02-27T11:00:00,12:00
od_02,motorbike,motorbike-7,5018.097801026264,12.043434722463036,172,170.62955285077695,198.3438319675488,139.41455326842026,27.71427911677185,16.242367546382308,0.0335570469798657,0.9664429530201344,development_exploratory_not_untouched_final,C_xgboost_current_pm,hourly_forecast_bucket_aware_arrival_time_exposure,2022-02-27T12:00:00,2022-02-27T11:00:00,12:00
od_02,motorbike,motorbike-8,6275.567685737707,15.061362445770497,241,209.6404576684514,242.71844901756765,173.25008208677363,33.077991349116246,15.77843881710535,0.0053333333333333,0.9946666666666668,development_exploratory_not_untouched_final,C_xgboost_current_pm,hourly_forecast_bucket_aware_arrival_time_exposure,2022-02-27T12:00:00,2022-02-27T11:00:00,12:00
od_03,walking,walking-1,2868.5704745351272,34.422845694421525,187,475.6677332995655,553.2892621854588,394.5948732188291,77.62152888589333,16.318434792172233,1.0,0.0,development_exploratory_not_untouched_final,C_xgboost_current_pm,hourly_forecast_bucket_aware_arrival_time_exposure,2022-02-27T12:00:00,2022-02-27T11:00:00,12:00
od_03,walking,walking-2,2948.851636448961,35.386219637387526,139,485.4608527767294,561.9563249886298,404.7415633357228,76.49547221190045,15.757289547522351,0.0,1.0,development_exploratory_not_untouched_final,C_xgboost_current_pm,hourly_forecast_bucket_aware_arrival_time_exposure,2022-02-27T12:00:00,2022-02-27T11:00:00,12:00
od_03,walking,walking-3,3018.080756930005,36.21696908316007,126,498.3782610138338,578.3468902578858,414.5542207047336,79.96862924405195,16.045769950192955,0.0296052631578947,0.9703947368421052,development_exploratory_not_untouched_final,C_xgboost_current_pm,hourly_forecast_bucket_aware_arrival_time_exposure,2022-02-27T12:00:00,2022-02-27T11:00:00,12:00
od_03,walking,walking-4,3502.8060662306657,42.03367279476799,151,582.3606353059678,678.0550678387267,482.3667302497423,95.69443253275892,16.432160199578362,0.0180722891566265,0.9819277108433736,development_exploratory_not_untouched_final,C_xgboost_current_pm,hourly_forecast_bucket_aware_arrival_time_exposure,2022-02-27T12:00:00,2022-02-27T11:00:00,12:00
od_03,walking,walking-5,3439.206865857348,41.27048239028817,156,565.963123191839,654.9409706082635,471.9967184059949,88.97784741642442,15.721492049626786,0.014792899408284,0.985207100591716,development_exploratory_not_untouched_final,C_xgboost_current_pm,hourly_forecast_bucket_aware_arrival_time_exposure,2022-02-27T12:00:00,2022-02-27T11:00:00,12:00
od_03,walking,walking-6,3671.8372304681416,44.0620467656177,159,606.1947063642594,704.0566875468672,504.2150732273256,97.8619811826078,16.143654861248987,0.0,1.0,development_exploratory_not_untouched_final,C_xgboost_current_pm,hourly_forecast_bucket_aware_arrival_time_exposure,2022-02-27T12:00:00,2022-02-27T11:00:00,12:00
od_03,walking,walking-7,4047.1230223139096,48.56547626776692,194,668.2511605092236,775.6218118264251,555.8703760515818,107.37065131720146,16.06740963014302,0.1140350877192982,0.8859649122807017,development_exploratory_not_untouched_final,C_xgboost_current_pm,hourly_forecast_bucket_aware_arrival_time_exposure,2022-02-27T12:00:00,2022-02-27T11:00:00,12:00
od_03,walking,walking-8,3757.112562960388,45.08535075552466,160,620.0354472583929,718.8018537151822,516.0962572142292,98.76640645678935,15.929154840018292,0.0146198830409356,0.9853801169590644,development_exploratory_not_untouched_final,C_xgboost_current_pm,hourly_forecast_bucket_aware_arrival_time_exposure,2022-02-27T12:00:00,2022-02-27T11:00:00,12:00
od_03,motorbike,motorbike-1,2879.1708152343526,6.910009956562447,177,95.48397442187014,111.06915405331418,79.2096906143599,15.585179631444037,16.322298821145765,1.0,0.0,development_exploratory_not_untouched_final,C_xgboost_current_pm,hourly_forecast_bucket_aware_arrival_time_exposure,2022-02-27T12:00:00,2022-02-27T11:00:00,12:00
od_03,motorbike,motorbike-2,2965.050267630812,7.116120642313948,147,97.6246713726966,113.00429974960916,81.39342940143366,15.379628376912535,15.753833698654445,0.0,1.0,development_exploratory_not_untouched_final,C_xgboost_current_pm,hourly_forecast_bucket_aware_arrival_time_exposure,2022-02-27T12:00:00,2022-02-27T11:00:00,12:00
od_03,motorbike,motorbike-3,3037.969810029627,7.291127544071104,132,100.32424674141086,116.41932611408706,83.45459043917211,16.095079372676196,16.04306027251997,0.047457627118644,0.952542372881356,development_exploratory_not_untouched_final,C_xgboost_current_pm,hourly_forecast_bucket_aware_arrival_time_exposure,2022-02-27T12:00:00,2022-02-27T11:00:00,12:00
od_03,motorbike,motorbike-4,3730.3427598280064,8.952822623587215,186,123.41202007506551,143.4263210006148,102.51679578728842,20.014300925549264,16.217464808837533,0.0,1.0,development_exploratory_not_untouched_final,C_xgboost_current_pm,hourly_forecast_bucket_aware_arrival_time_exposure,2022-02-27T12:00:00,2022-02-27T11:00:00,12:00
od_03,motorbike,motorbike-5,3722.69973823452,8.934479371762848,146,122.70130659313229,142.3315939451712,102.18012551038726,19.63028735203892,15.998433836675744,0.0157232704402515,0.9842767295597484,development_exploratory_not_untouched_final,C_xgboost_current_pm,hourly_forecast_bucket_aware_arrival_time_exposure,2022-02-27T12:00:00,2022-02-27T11:00:00,12:00
od_03,motorbike,motorbike-6,4226.954621077359,10.144691090585662,221,138.98411792537124,160.64027942015312,116.01170238964964,21.656161494781884,15.58175266213536,0.0,1.0,development_exploratory_not_untouched_final,C_xgboost_current_pm,hourly_forecast_bucket_aware_arrival_time_exposure,2022-02-27T12:00:00,2022-02-27T11:00:00,12:00
od_03,motorbike,motorbike-7,4796.108130375025,11.51065951290006,224,159.3789128725519,185.49516469448912,132.04131743775864,26.116251821937222,16.386265504785573,0.007537688442211,0.992462311557789,development_exploratory_not_untouched_final,C_xgboost_current_pm,hourly_forecast_bucket_aware_arrival_time_exposure,2022-02-27T12:00:00,2022-02-27T11:00:00,12:00
od_03,motorbike,motorbike-8,5295.943269727383,12.710263847345718,208,173.7725680276941,200.10776604528297,145.38508720306706,26.33519801758888,15.154980050356308,0.0052219321148825,0.9947780678851176,development_exploratory_not_untouched_final,C_xgboost_current_pm,hourly_forecast_bucket_aware_arrival_time_exposure,2022-02-27T12:00:00,2022-02-27T11:00:00,12:00
od_04,walking,walking-1,5520.488372880517,66.24586047456621,193,915.0090338308956,1040.3072804313133,762.4133112623614,125.29824660041776,13.693662244604065,1.0,0.0,development_exploratory_not_untouched_final,C_xgboost_current_pm,hourly_forecast_bucket_aware_arrival_time_exposure,2022-02-27T12:00:00,2022-02-27T11:00:00,12:00
od_04,walking,walking-2,5675.2072322679305,68.10248678721517,179,941.7804871470156,1069.4354194949133,783.9382321207472,127.65493234789778,13.554637634785731,0.0391061452513966,0.9608938547486032,development_exploratory_not_untouched_final,C_xgboost_current_pm,hourly_forecast_bucket_aware_arrival_time_exposure,2022-02-27T12:00:00,2022-02-27T11:00:00,12:00
od_04,walking,walking-3,5963.507083947719,71.56208500737262,180,987.418748868722,1119.3925710197714,822.5846476816006,131.9738221510495,13.365537397608756,0.0448179271708683,0.9551820728291316,development_exploratory_not_untouched_final,C_xgboost_current_pm,hourly_forecast_bucket_aware_arrival_time_exposure,2022-02-27T12:00:00,2022-02-27T11:00:00,12:00
od_04,walking,walking-4,6502.696264260247,78.03235517112297,245,1074.1724582996696,1214.1154203940036,895.332763470494,139.942962094334,13.027978981685369,0.0068965517241379,0.993103448275862,development_exploratory_not_untouched_final,C_xgboost_current_pm,hourly_forecast_bucket_aware_arrival_time_exposure,2022-02-27T12:00:00,2022-02-27T11:00:00,12:00
od_04,walking,walking-5,6661.096289052556,79.93315546863067,201,1106.8388938489247,1253.0238722397896,917.2272287806062,146.1849783908649,13.207430566748592,0.2468354430379747,0.7531645569620253,development_exploratory_not_untouched_final,C_xgboost_current_pm,hourly_forecast_bucket_aware_arrival_time_exposure,2022-02-27T12:00:00,2022-02-27T11:00:00,12:00
od_04,walking,walking-6,5521.552651906517,66.2586318228782,193,915.185790961069,1040.5097712608588,762.5603535815941,125.3239802997898,13.69382933362445,0.9693877551020408,0.0306122448979592,development_exploratory_not_untouched_final,C_xgboost_current_pm,hourly_forecast_bucket_aware_arrival_time_exposure,2022-02-27T12:00:00,2022-02-27T11:00:00,12:00
od_04,walking,walking-7,5522.649405426444,66.27179286511733,193,915.3696509126546,1040.7217697712208,762.7120994987845,125.3521188585662,13.694152819419552,0.9794871794871794,0.0205128205128205,development_exploratory_not_untouched_final,C_xgboost_current_pm,hourly_forecast_bucket_aware_arrival_time_exposure,2022-02-27T12:00:00,2022-02-27T11:00:00,12:00
od_04,walking,walking-8,5522.945180980105,66.27534217176127,195,915.3938995276212,1040.691445686048,762.7655586973981,125.29754615842673,13.68782840076661,0.9595959595959596,0.0404040404040404,development_exploratory_not_untouched_final,C_xgboost_current_pm,hourly_forecast_bucket_aware_arrival_time_exposure,2022-02-27T12:00:00,2022-02-27T11:00:00,12:00
od_04,motorbike,motorbike-1,5531.617742970435,13.27588258312904,172,183.50641295233976,209.28493021844736,153.09007123052572,25.778517266107627,14.047747351915609,1.0,0.0,development_exploratory_not_untouched_final,C_xgboost_current_pm,hourly_forecast_bucket_aware_arrival_time_exposure,2022-02-27T12:00:00,2022-02-27T11:00:00,12:00
od_04,motorbike,motorbike-2,5675.2072322679305,13.620497357443034,179,188.3560974294032,214.72407245175,157.1266491113183,26.3679750223468,13.99900262439322,0.0415430267062314,0.9584569732937686,development_exploratory_not_untouched_final,C_xgboost_current_pm,hourly_forecast_bucket_aware_arrival_time_exposure,2022-02-27T12:00:00,2022-02-27T11:00:00,12:00
od_04,motorbike,motorbike-3,5934.702314462292,14.2432855547095,192,196.4450845699104,223.880669593328,164.16316325831008,27.435585023417588,13.96603283990742,0.0196078431372549,0.9803921568627452,development_exploratory_not_untouched_final,C_xgboost_current_pm,hourly_forecast_bucket_aware_arrival_time_exposure,2022-02-27T12:00:00,2022-02-27T11:00:00,12:00
od_04,motorbike,motorbike-4,6507.253056448894,15.617407335477344,243,214.98819883393185,244.87766447970907,179.93118459776764,29.88946564577725,13.90284015955008,0.0097323600973236,0.9902676399026764,development_exploratory_not_untouched_final,C_xgboost_current_pm,hourly_forecast_bucket_aware_arrival_time_exposure,2022-02-27T12:00:00,2022-02-27T11:00:00,12:00
od_04,motorbike,motorbike-5,7455.686349722729,17.89364723933455,237,246.1204529963573,280.3540096751884,206.09786072620983,34.233556678831064,13.90926932811136,0.0073891625615763,0.9926108374384236,development_exploratory_not_untouched_final,C_xgboost_current_pm,hourly_forecast_bucket_aware_arrival_time_exposure,2022-02-27T12:00:00,2022-02-27T11:00:00,12:00
od_04,motorbike,motorbike-6,8308.739262503555,19.94097423000853,286,274.4414553131044,311.406337346809,230.0394482551609,36.96488203370456,13.469132056427885,0.0065934065934065,0.9934065934065934,development_exploratory_not_untouched_final,C_xgboost_current_pm,hourly_forecast_bucket_aware_arrival_time_exposure,2022-02-27T12:00:00,2022-02-27T11:00:00,12:00
od_04,motorbike,motorbike-7,9058.58434508862,21.74060242821269,409,299.1103085565201,341.8365601666821,250.21911905205656,42.72625161016197,14.284446369085396,0.0069324090121317,0.9930675909878682,development_exploratory_not_untouched_final,C_xgboost_current_pm,hourly_forecast_bucket_aware_arrival_time_exposure,2022-02-27T12:00:00,2022-02-27T11:00:00,12:00
od_04,motorbike,motorbike-8,10551.5949527706,25.32382788664944,393,347.82779877296406,394.835649687408,291.9657838502221,47.00785091444391,13.514690625727448,0.0053380782918149,0.994661921708185,development_exploratory_not_untouched_final,C_xgboost_current_pm,hourly_forecast_bucket_aware_arrival_time_exposure,2022-02-27T12:00:00,2022-02-27T11:00:00,12:00
od_05,walking,walking-1,6599.1173935056095,79.18940872206731,249,1062.8315673795296,1217.3666563735717,893.2849989961995,154.5350889940421,14.539941580306742,1.0,0.0,development_exploratory_not_untouched_final,C_xgboost_current_pm,hourly_forecast_bucket_aware_arrival_time_exposure,2022-02-27T12:00:00,2022-02-27T11:00:00,12:00
od_05,walking,walking-2,6784.464022663192,81.41356827195831,246,1091.3570425446496,1249.6542063343547,917.1024646623208,158.2971637897051,14.504617427548132,0.0164271047227926,0.9835728952772074,development_exploratory_not_untouched_final,C_xgboost_current_pm,hourly_forecast_bucket_aware_arrival_time_exposure,2022-02-27T12:00:00,2022-02-27T11:00:00,12:00
od_05,walking,walking-3,7136.549089395779,85.63858907274934,298,1161.5028906205189,1326.6725548024283,970.2437040986694,165.16966418190964,14.220340346606434,0.0148423005565862,0.9851576994434136,development_exploratory_not_untouched_final,C_xgboost_current_pm,hourly_forecast_bucket_aware_arrival_time_exposure,2022-02-27T12:00:00,2022-02-27T11:00:00,12:00
od_05,walking,walking-4,7697.826013392555,92.37391216071067,308,1227.857692720786,1402.0946085223457,1034.316989127059,174.2369158015597,14.190318376022184,0.0182815356489945,0.9817184643510056,development_exploratory_not_untouched_final,C_xgboost_current_pm,hourly_forecast_bucket_aware_arrival_time_exposure,2022-02-27T12:00:00,2022-02-27T11:00:00,12:00
od_05,walking,walking-5,6599.228133870036,79.19073760644044,249,1062.8399054047604,1217.3785125605773,893.295695988622,154.53860715581686,14.540158529046202,0.9840637450199204,0.0159362549800796,development_exploratory_not_untouched_final,C_xgboost_current_pm,hourly_forecast_bucket_aware_arrival_time_exposure,2022-02-27T12:00:00,2022-02-27T11:00:00,12:00
od_05,walking,walking-6,6599.491968275206,79.19390361930249,249,1062.9106895581083,1217.456262275546,893.3441768596799,154.54557271743784,14.539845561407253,0.9840637450199204,0.0159362549800796,development_exploratory_not_untouched_final,C_xgboost_current_pm,hourly_forecast_bucket_aware_arrival_time_exposure,2022-02-27T12:00:00,2022-02-27T11:00:00,12:00
od_05,walking,walking-7,6599.6027086396325,79.1952325036756,249,1062.9190275833391,1217.4681184625515,893.3548738521023,154.5490908792126,14.540062494750574,0.9683794466403162,0.0316205533596838,development_exploratory_not_untouched_final,C_xgboost_current_pm,hourly_forecast_bucket_aware_arrival_time_exposure,2022-02-27T12:00:00,2022-02-27T11:00:00,12:00
od_05,walking,walking-8,6599.613248653397,79.19535898384078,249,1062.9122259594876,1217.4533083888512,893.3522753223967,154.54108242936354,14.539402093137069,0.9840637450199204,0.0159362549800796,development_exploratory_not_untouched_final,C_xgboost_current_pm,hourly_forecast_bucket_aware_arrival_time_exposure,2022-02-27T12:00:00,2022-02-27T11:00:00,12:00
od_05,motorbike,motorbike-1,6445.369478954613,15.468886749491071,243,207.68529525821137,240.1375859329334,175.35910362381102,32.45229067472204,15.625704571127526,1.0,0.0,development_exploratory_not_untouched_final,C_xgboost_current_pm,hourly_forecast_bucket_aware_arrival_time_exposure,2022-02-27T12:00:00,2022-02-27T11:00:00,12:00
od_05,motorbike,motorbike-2,6846.172276292444,16.430813463101863,284,222.89132692425144,258.0381525886881,187.1670870712432,35.14682566443665,15.768592770943092,0.0518962075848303,0.9481037924151696,development_exploratory_not_untouched_final,C_xgboost_current_pm,hourly_forecast_bucket_aware_arrival_time_exposure,2022-02-27T12:00:00,2022-02-27T11:00:00,12:00
od_05,motorbike,motorbike-3,7383.760810561117,17.721025945346682,281,237.87049861895196,275.0262677565918,200.8711972841127,37.15576913763985,15.620167004047104,0.048,0.952,development_exploratory_not_untouched_final,C_xgboost_current_pm,hourly_forecast_bucket_aware_arrival_time_exposure,2022-02-27T12:00:00,2022-02-27T11:00:00,12:00
od_05,motorbike,motorbike-4,8052.100580253528,19.325041392608465,300,263.7650892564568,305.225968779686,220.896161465244,41.46087952322921,15.718865464761,0.0422264875239923,0.9577735124760076,development_exploratory_not_untouched_final,C_xgboost_current_pm,hourly_forecast_bucket_aware_arrival_time_exposure,2022-02-27T12:00:00,2022-02-27T11:00:00,12:00
od_05,motorbike,motorbike-5,8792.392827452573,21.101742785886177,339,289.98868184056784,335.8554905180013,241.977088017412,45.86680867743348,15.81675822184346,0.0086655112651646,0.9913344887348352,development_exploratory_not_untouched_final,C_xgboost_current_pm,hourly_forecast_bucket_aware_arrival_time_exposure,2022-02-27T12:00:00,2022-02-27T11:00:00,12:00
od_05,motorbike,motorbike-6,10106.789805542736,24.25629553330257,404,327.1477192878643,378.8153667500112,275.5200060313903,51.66764746214688,15.79336929953756,0.001547987616099,0.9984520123839008,development_exploratory_not_untouched_final,C_xgboost_current_pm,hourly_forecast_bucket_aware_arrival_time_exposure,2022-02-27T12:00:00,2022-02-27T11:00:00,12:00
od_05,motorbike,motorbike-7,11003.54809635794,26.40851543125905,431,358.4958563162301,415.7716868331488,300.6467997448534,57.27583051691869,15.976706427087828,0.0044709388971684,0.9955290611028316,development_exploratory_not_untouched_final,C_xgboost_current_pm,hourly_forecast_bucket_aware_arrival_time_exposure,2022-02-27T12:00:00,2022-02-27T11:00:00,12:00
od_05,motorbike,motorbike-8,12618.001043919245,30.28320250540618,497,409.7669160801337,475.3510388877102,344.5083398888121,65.58412280757653,16.005226443110637,0.0013531799729364,0.9986468200270636,development_exploratory_not_untouched_final,C_xgboost_current_pm,hourly_forecast_bucket_aware_arrival_time_exposure,2022-02-27T12:00:00,2022-02-27T11:00:00,12:00
od_06,walking,walking-1,3537.365189594572,42.44838227513487,148,588.3502287159964,691.6208935430379,486.0415546961236,103.27066482704151,17.552583442079612,1.0,0.0,development_exploratory_not_untouched_final,C_xgboost_current_pm,hourly_forecast_bucket_aware_arrival_time_exposure,2022-02-27T12:00:00,2022-02-27T11:00:00,12:00
od_06,walking,walking-2,3644.4912539881616,43.733895047857935,180,604.8945314500439,711.141366799874,500.02248693945,106.24683534983012,17.564522379651347,0.0649350649350649,0.935064935064935,development_exploratory_not_untouched_final,C_xgboost_current_pm,hourly_forecast_bucket_aware_arrival_time_exposure,2022-02-27T12:00:00,2022-02-27T11:00:00,12:00
od_06,walking,walking-3,3861.827773806514,46.34193328567817,201,640.2235228506039,752.6290608868939,529.4009312874049,112.40553803628995,17.55723337621254,0.0294985250737463,0.9705014749262536,development_exploratory_not_untouched_final,C_xgboost_current_pm,hourly_forecast_bucket_aware_arrival_time_exposure,2022-02-27T12:00:00,2022-02-27T11:00:00,12:00
od_06,walking,walking-4,4270.552599826714,51.24663119792057,181,712.6160973566078,837.6168779455929,588.2456248822374,125.0007805889851,17.5411109926741,0.0030487804878048,0.9969512195121952,development_exploratory_not_untouched_final,C_xgboost_current_pm,hourly_forecast_bucket_aware_arrival_time_exposure,2022-02-27T12:00:00,2022-02-27T11:00:00,12:00
od_06,walking,walking-5,4555.358741668228,54.664304900018735,235,752.5401081485502,884.8100239166245,622.7976303232847,132.26991576807427,17.576460621280855,0.0,1.0,development_exploratory_not_untouched_final,C_xgboost_current_pm,hourly_forecast_bucket_aware_arrival_time_exposure,2022-02-27T12:00:00,2022-02-27T11:00:00,12:00
od_06,walking,walking-6,3537.459356155005,42.44951227386006,148,588.3669513171362,691.6403561052875,486.0548498370773,103.27340478815132,17.552550250648903,0.9473684210526316,0.0526315789473684,development_exploratory_not_untouched_final,C_xgboost_current_pm,hourly_forecast_bucket_aware_arrival_time_exposure,2022-02-27T12:00:00,2022-02-27T11:00:00,12:00
od_06,walking,walking-7,3538.2918404593456,42.45950208551215,148,588.5020527699643,691.7995624342792,486.1671997221115,103.29750966431492,17.55261671188974,0.9733333333333334,0.0266666666666666,development_exploratory_not_untouched_final,C_xgboost_current_pm,hourly_forecast_bucket_aware_arrival_time_exposure,2022-02-27T12:00:00,2022-02-27T11:00:00,12:00
od_06,walking,walking-8,3538.386007019779,42.46063208423735,148,588.5187753711041,691.8190249965289,486.1804948630652,103.30024962542484,17.552583528076312,0.922077922077922,0.0779220779220779,development_exploratory_not_untouched_final,C_xgboost_current_pm,hourly_forecast_bucket_aware_arrival_time_exposure,2022-02-27T12:00:00,2022-02-27T11:00:00,12:00
od_06,motorbike,motorbike-1,3664.907543438789,8.795778104253094,177,121.85126663136414,143.25515629978574,100.67804136610012,21.4038896684216,17.565586522111953,1.0,0.0,development_exploratory_not_untouched_final,C_xgboost_current_pm,hourly_forecast_bucket_aware_arrival_time_exposure,2022-02-27T12:00:00,2022-02-27T11:00:00,12:00
od_06,motorbike,motorbike-2,3713.55208690206,8.912525008564945,192,123.26121680265032,144.9140795093861,101.89129596261492,21.652862706735803,17.566646888942795,0.1941747572815534,0.8058252427184466,development_exploratory_not_untouched_final,C_xgboost_current_pm,hourly_forecast_bucket_aware_arrival_time_exposure,2022-02-27T12:00:00,2022-02-27T11:00:00,12:00
od_06,motorbike,motorbike-3,4055.6641293022394,9.733593910325371,183,134.03810424673733,157.69396065410922,111.05284564964896,23.65585640737189,17.648605626222665,0.0285714285714285,0.9714285714285714,development_exploratory_not_untouched_final,C_xgboost_current_pm,hourly_forecast_bucket_aware_arrival_time_exposure,2022-02-27T12:00:00,2022-02-27T11:00:00,12:00
od_06,motorbike,motorbike-4,4627.731482063553,11.106555556952523,244,152.94866638116588,179.82255006198528,126.56589661349696,26.873883680819404,17.57052501121295,0.0,1.0,development_exploratory_not_untouched_final,C_xgboost_current_pm,hourly_forecast_bucket_aware_arrival_time_exposure,2022-02-27T12:00:00,2022-02-27T11:00:00,12:00
od_06,motorbike,motorbike-5,4511.935414416441,10.82864499459946,194,150.19347836659713,176.5953612135082,124.11178223917554,26.401882846911064,17.578581396502777,0.0136612021857923,0.9863387978142076,development_exploratory_not_untouched_final,C_xgboost_current_pm,hourly_forecast_bucket_aware_arrival_time_exposure,2022-02-27T12:00:00,2022-02-27T11:00:00,12:00
od_06,motorbike,motorbike-6,5290.044003739078,12.696105608973786,227,174.4872272887188,205.22017203409752,144.40532554885635,30.73294474537872,17.613291942868592,0.0024813895781637,0.9975186104218362,development_exploratory_not_untouched_final,C_xgboost_current_pm,hourly_forecast_bucket_aware_arrival_time_exposure,2022-02-27T12:00:00,2022-02-27T11:00:00,12:00
od_06,motorbike,motorbike-7,5777.694021722921,13.86646565213501,240,190.859511002608,224.77540408053457,158.30429376202142,33.9158930779266,17.770082769133342,0.0,1.0,development_exploratory_not_untouched_final,C_xgboost_current_pm,hourly_forecast_bucket_aware_arrival_time_exposure,2022-02-27T12:00:00,2022-02-27T11:00:00,12:00
od_06,motorbike,motorbike-8,6403.564913596633,15.36855579263192,267,210.76700791320357,248.0300544823767,174.46820010126171,37.26304656917316,17.679734099806808,0.0,1.0,development_exploratory_not_untouched_final,C_xgboost_current_pm,hourly_forecast_bucket_aware_arrival_time_exposure,2022-02-27T12:00:00,2022-02-27T11:00:00,12:00
od_07,walking,walking-1,3010.078469087085,36.12094162904502,119,506.7552441957582,593.5324569937505,415.2554831327273,86.77721279799232,17.12408777055902,1.0,0.0,development_exploratory_not_untouched_final,C_xgboost_current_pm,hourly_forecast_bucket_aware_arrival_time_exposure,2022-02-27T12:00:00,2022-02-27T11:00:00,12:00
od_07,walking,walking-2,3052.1049210734086,36.62525905288091,128,513.8469497831917,601.8642788962981,421.0513120172001,88.01732911310637,17.12909440257331,0.0646551724137931,0.9353448275862069,development_exploratory_not_untouched_final,C_xgboost_current_pm,hourly_forecast_bucket_aware_arrival_time_exposure,2022-02-27T12:00:00,2022-02-27T11:00:00,12:00
od_07,walking,walking-3,3868.7068261117006,46.42448191334041,178,651.3285813554279,762.2196642787055,534.0100436347299,110.89108292327762,17.02536724129487,0.0067796610169491,0.9932203389830508,development_exploratory_not_untouched_final,C_xgboost_current_pm,hourly_forecast_bucket_aware_arrival_time_exposure,2022-02-27T12:00:00,2022-02-27T11:00:00,12:00
od_07,walking,walking-4,4012.041591928652,48.14449910314382,170,673.7775159689672,790.3818580010334,552.1567016781414,116.60434203206614,17.30606012644635,0.0140350877192982,0.9859649122807016,development_exploratory_not_untouched_final,C_xgboost_current_pm,hourly_forecast_bucket_aware_arrival_time_exposure,2022-02-27T12:00:00,2022-02-27T11:00:00,12:00
od_07,walking,walking-5,3962.97612968166,47.55571355617992,212,666.1630382900108,780.8649336484257,546.0088483064068,114.70189535841484,17.218291734234576,0.0122324159021406,0.9877675840978594,development_exploratory_not_untouched_final,C_xgboost_current_pm,hourly_forecast_bucket_aware_arrival_time_exposure,2022-02-27T12:00:00,2022-02-27T11:00:00,12:00
od_07,walking,walking-6,4080.9006073865394,48.97080728863848,190,686.204266409851,803.7884438941403,562.7355550376375,117.58417748428928,17.135448326411233,0.2213438735177865,0.7786561264822134,development_exploratory_not_untouched_final,C_xgboost_current_pm,hourly_forecast_bucket_aware_arrival_time_exposure,2022-02-27T12:00:00,2022-02-27T11:00:00,12:00
od_07,walking,walking-7,3015.7407748952337,36.1888892987428,120,507.7009556663504,594.6418703859517,416.0339461718505,86.94091471960138,17.124433930893957,0.8968253968253969,0.1031746031746031,development_exploratory_not_untouched_final,C_xgboost_current_pm,hourly_forecast_bucket_aware_arrival_time_exposure,2022-02-27T12:00:00,2022-02-27T11:00:00,12:00
od_07,walking,walking-8,3015.8570403392914,36.19028448407151,120,507.7205040572092,594.6647816991634,416.0500345111876,86.94427764195427,17.124436958361944,0.912,0.0879999999999999,development_exploratory_not_untouched_final,C_xgboost_current_pm,hourly_forecast_bucket_aware_arrival_time_exposure,2022-02-27T12:00:00,2022-02-27T11:00:00,12:00
od_07,motorbike,motorbike-1,3627.865375012017,8.70687690002884,138,122.04580682565364,142.95671343343582,100.0650122674283,20.910906607782195,17.133654282489278,1.0,0.0,development_exploratory_not_untouched_final,C_xgboost_current_pm,hourly_forecast_bucket_aware_arrival_time_exposure,2022-02-27T12:00:00,2022-02-27T11:00:00,12:00
od_07,motorbike,motorbike-2,3687.334379690573,8.849602511257377,163,124.1535476410592,145.31649157570575,101.78241584116331,21.162943934646563,17.045782691470755,0.2541666666666666,0.7458333333333333,development_exploratory_not_untouched_final,C_xgboost_current_pm,hourly_forecast_bucket_aware_arrival_time_exposure,2022-02-27T12:00:00,2022-02-27T11:00:00,12:00
od_07,motorbike,motorbike-3,3876.8683445495967,9.304484026919033,202,130.31623825460233,152.73344796159034,106.83440374637368,22.417209706988015,17.202161455267696,0.1074918566775244,0.8925081433224755,development_exploratory_not_untouched_final,C_xgboost_current_pm,hourly_forecast_bucket_aware_arrival_time_exposure,2022-02-27T12:00:00,2022-02-27T11:00:00,12:00
od_07,motorbike,motorbike-4,4415.441329392981,10.597059190543154,208,148.8422428300622,174.11589367002605,122.06093148823444,25.273650839963835,16.980159905826966,0.0028985507246376,0.9971014492753624,development_exploratory_not_untouched_final,C_xgboost_current_pm,hourly_forecast_bucket_aware_arrival_time_exposure,2022-02-27T12:00:00,2022-02-27T11:00:00,12:00
od_07,motorbike,motorbike-5,5170.4619718541535,12.409108732449967,191,174.39489051995267,204.5113720050741,142.60995280502698,30.116481485121422,17.26913064673519,0.0,1.0,development_exploratory_not_untouched_final,C_xgboost_current_pm,hourly_forecast_bucket_aware_arrival_time_exposure,2022-02-27T12:00:00,2022-02-27T11:00:00,12:00
od_07,motorbike,motorbike-6,5317.2180673122,12.761323361549278,202,179.49428766849366,209.9670715561954,147.09418150669512,30.472783887701752,16.97702154398454,0.0029498525073746,0.9970501474926252,development_exploratory_not_untouched_final,C_xgboost_current_pm,hourly_forecast_bucket_aware_arrival_time_exposure,2022-02-27T12:00:00,2022-02-27T11:00:00,12:00
od_07,motorbike,motorbike-7,5942.755175528985,14.262612421269564,256,200.45608949460205,234.27366166724568,164.45479053143728,33.81757217264362,16.8703142208879,0.0025445292620865,0.9974554707379136,development_exploratory_not_untouched_final,C_xgboost_current_pm,hourly_forecast_bucket_aware_arrival_time_exposure,2022-02-27T12:00:00,2022-02-27T11:00:00,12:00
od_07,motorbike,motorbike-8,6766.400071842087,16.239360172421005,240,228.53985333284405,266.84718226431914,187.35135746831187,38.3073289314751,16.76177190666371,0.008,0.992,development_exploratory_not_untouched_final,C_xgboost_current_pm,hourly_forecast_bucket_aware_arrival_time_exposure,2022-02-27T12:00:00,2022-02-27T11:00:00,12:00
od_08,walking,walking-1,6870.356216816323,82.44427460179587,346,1123.9216085445512,1299.6400516399683,932.1382484890446,175.71844309541734,15.634403837378668,1.0,0.0,development_exploratory_not_untouched_final,C_xgboost_current_pm,hourly_forecast_bucket_aware_arrival_time_exposure,2022-02-27T12:00:00,2022-02-27T11:00:00,12:00
od_08,walking,walking-2,7066.552712232213,84.79863254678656,281,1161.849925865306,1341.3933712809226,958.6918391261776,179.5434454156166,15.4532389612969,0.0096618357487922,0.9903381642512076,development_exploratory_not_untouched_final,C_xgboost_current_pm,hourly_forecast_bucket_aware_arrival_time_exposure,2022-02-27T12:00:00,2022-02-27T11:00:00,12:00
od_08,walking,walking-3,7181.705333275932,86.18046399931119,299,1176.5230780039694,1355.4144732846346,977.0713797054088,178.89139528066517,15.205090203939172,0.0369774919614147,0.9630225080385852,development_exploratory_not_untouched_final,C_xgboost_current_pm,hourly_forecast_bucket_aware_arrival_time_exposure,2022-02-27T12:00:00,2022-02-27T11:00:00,12:00
od_08,walking,walking-4,7442.834681192636,89.31401617431165,308,1223.2817702762368,1407.810033351693,1010.3760125945444,184.52826307545612,15.084690016576204,0.0077041602465331,0.9922958397534668,development_exploratory_not_untouched_final,C_xgboost_current_pm,hourly_forecast_bucket_aware_arrival_time_exposure,2022-02-27T12:00:00,2022-02-27T11:00:00,12:00
od_08,walking,walking-5,7891.429810836159,94.69715773003392,378,1295.4686756164892,1487.188651186581,1069.398106676016,191.7199755700917,14.799275287675773,0.0041608876560332,0.9958391123439668,development_exploratory_not_untouched_final,C_xgboost_current_pm,hourly_forecast_bucket_aware_arrival_time_exposure,2022-02-27T12:00:00,2022-02-27T11:00:00,12:00
od_08,walking,walking-6,8097.506608513472,97.17007930216168,351,1326.541164861927,1519.492982910357,1099.8703064034132,192.9518180484297,14.545482881303052,0.0043227665706051,0.9956772334293948,development_exploratory_not_untouched_final,C_xgboost_current_pm,hourly_forecast_bucket_aware_arrival_time_exposure,2022-02-27T12:00:00,2022-02-27T11:00:00,12:00
od_08,walking,walking-7,6870.482093297512,82.44578511957015,346,1123.9416353365532,1299.663917899568,932.1549848389054,175.7222825630147,15.63446686538989,0.9438202247191012,0.0561797752808989,development_exploratory_not_untouched_final,C_xgboost_current_pm,hourly_forecast_bucket_aware_arrival_time_exposure,2022-02-27T12:00:00,2022-02-27T11:00:00,12:00
od_08,walking,walking-8,6871.282867681097,82.45539441217315,346,1124.073432598519,1299.8187205312097,932.2638935150324,175.74528793269064,15.634680336356716,0.9885057471264368,0.0114942528735632,development_exploratory_not_untouched_final,C_xgboost_current_pm,hourly_forecast_bucket_aware_arrival_time_exposure,2022-02-27T12:00:00,2022-02-27T11:00:00,12:00
od_08,motorbike,motorbike-1,6958.727326352328,16.700945583245588,359,227.69602101464224,268.53447562582835,189.19721514650735,40.83845461118611,17.935515266891706,1.0,0.0,development_exploratory_not_untouched_final,C_xgboost_current_pm,hourly_forecast_bucket_aware_arrival_time_exposure,2022-02-27T12:00:00,2022-02-27T11:00:00,12:00
od_08,motorbike,motorbike-2,7215.548279104051,17.317315869849722,333,236.31508450534272,278.5680198938982,196.22668892055097,42.2529353885555,17.879914638965936,0.0484848484848484,0.9515151515151516,development_exploratory_not_untouched_final,C_xgboost_current_pm,hourly_forecast_bucket_aware_arrival_time_exposure,2022-02-27T12:00:00,2022-02-27T11:00:00,12:00
od_08,motorbike,motorbike-3,7573.324596391733,18.17597903134016,344,249.0217022854068,293.26925148862523,206.22555820545213,44.247549203218455,17.768551414248147,0.0014245014245014,0.9985754985754984,development_exploratory_not_untouched_final,C_xgboost_current_pm,hourly_forecast_bucket_aware_arrival_time_exposure,2022-02-27T12:00:00,2022-02-27T11:00:00,12:00
od_08,motorbike,motorbike-4,7575.277566997327,18.18066616079358,315,247.5642731565704,292.2243618846041,205.9332525526233,44.66008872803371,18.03979554828121,0.0337423312883435,0.9662576687116564,development_exploratory_not_untouched_final,C_xgboost_current_pm,hourly_forecast_bucket_aware_arrival_time_exposure,2022-02-27T12:00:00,2022-02-27T11:00:00,12:00
od_08,motorbike,motorbike-5,8390.002444496451,20.13600586679148,363,275.35435456400603,324.1829172545806,228.1232947106536,48.828562690574586,17.732990919242717,0.0,1.0,development_exploratory_not_untouched_final,C_xgboost_current_pm,hourly_forecast_bucket_aware_arrival_time_exposure,2022-02-27T12:00:00,2022-02-27T11:00:00,12:00
od_08,motorbike,motorbike-6,8834.829668619339,21.20359120468641,427,279.82334955347625,331.56708240564086,236.38842396070305,51.74373285216461,18.49157081949518,0.0,1.0,development_exploratory_not_untouched_final,C_xgboost_current_pm,hourly_forecast_bucket_aware_arrival_time_exposure,2022-02-27T12:00:00,2022-02-27T11:00:00,12:00
od_08,motorbike,motorbike-7,9392.556663716472,22.542135992919533,344,290.9187740461396,345.31605255974205,248.635202185306,54.39727851360249,18.69844209675348,0.0,1.0,development_exploratory_not_untouched_final,C_xgboost_current_pm,hourly_forecast_bucket_aware_arrival_time_exposure,2022-02-27T12:00:00,2022-02-27T11:00:00,12:00
od_08,motorbike,motorbike-8,9441.957784148508,22.66069868195642,437,310.5271128465492,365.5039006125601,257.031268686672,54.97678776601094,17.70434383717676,0.0012578616352201,0.99874213836478,development_exploratory_not_untouched_final,C_xgboost_current_pm,hourly_forecast_bucket_aware_arrival_time_exposure,2022-02-27T12:00:00,2022-02-27T11:00:00,12:00
od_09,walking,walking-1,3714.987884771448,44.57985461725738,100,533.0307798215539,646.8945121800626,472.4303530141416,113.86373235850874,21.361567974860225,1.0,0.0,development_exploratory_not_untouched_final,C_xgboost_current_pm,hourly_forecast_bucket_aware_arrival_time_exposure,2022-02-27T12:00:00,2022-02-27T11:00:00,12:00
od_09,walking,walking-2,3994.581068018032,47.93497281621638,155,584.1453354284574,705.834986353963,512.5644906116556,121.6896509255056,20.832084679106263,0.0944206008583691,0.9055793991416308,development_exploratory_not_untouched_final,C_xgboost_current_pm,hourly_forecast_bucket_aware_arrival_time_exposure,2022-02-27T12:00:00,2022-02-27T11:00:00,12:00
od_09,walking,walking-3,4409.140877200214,52.90969052640257,216,663.7137622469866,796.7006555183139,573.752266012334,132.9868932713273,20.036784052978412,0.0095846645367412,0.9904153354632588,development_exploratory_not_untouched_final,C_xgboost_current_pm,hourly_forecast_bucket_aware_arrival_time_exposure,2022-02-27T12:00:00,2022-02-27T11:00:00,12:00
od_09,walking,walking-4,4384.315892491492,52.61179070989791,134,629.9635615435734,764.3887743963837,557.794433765261,134.42521285281032,21.338569571140567,0.054054054054054,0.945945945945946,development_exploratory_not_untouched_final,C_xgboost_current_pm,hourly_forecast_bucket_aware_arrival_time_exposure,2022-02-27T12:00:00,2022-02-27T11:00:00,12:00
od_09,walking,walking-5,4742.4154350489225,56.90898522058707,219,716.958898958839,859.7913288474955,618.4785732681764,142.83242988865652,19.92198298899371,0.0063091482649842,0.9936908517350158,development_exploratory_not_untouched_final,C_xgboost_current_pm,hourly_forecast_bucket_aware_arrival_time_exposure,2022-02-27T12:00:00,2022-02-27T11:00:00,12:00
od_09,walking,walking-6,4802.7629451718985,57.63315534206278,171,697.8368463251344,844.6556052123111,614.2093829204863,146.81875888717673,21.039123924214703,0.1731601731601731,0.8268398268398268,development_exploratory_not_untouched_final,C_xgboost_current_pm,hourly_forecast_bucket_aware_arrival_time_exposure,2022-02-27T12:00:00,2022-02-27T11:00:00,12:00
od_09,walking,walking-7,3715.863015697599,44.59035618837118,100,533.1697528724226,647.0602571907712,472.5465592640551,113.89050431834858,21.36102127038711,0.9607843137254902,0.0392156862745097,development_exploratory_not_untouched_final,C_xgboost_current_pm,hourly_forecast_bucket_aware_arrival_time_exposure,2022-02-27T12:00:00,2022-02-27T11:00:00,12:00
od_09,walking,walking-8,3715.984332991464,44.59181199589757,103,533.1260074764236,647.0244910978582,472.5359566114192,113.8984836214346,21.36427073977844,0.897196261682243,0.102803738317757,development_exploratory_not_untouched_final,C_xgboost_current_pm,hourly_forecast_bucket_aware_arrival_time_exposure,2022-02-27T12:00:00,2022-02-27T11:00:00,12:00
od_09,motorbike,motorbike-1,4134.123639767717,9.92189673544252,158,120.58028755205288,145.7770659891586,105.95689962601936,25.19677843710572,20.89626666898486,1.0,0.0,development_exploratory_not_untouched_final,C_xgboost_current_pm,hourly_forecast_bucket_aware_arrival_time_exposure,2022-02-27T12:00:00,2022-02-27T11:00:00,12:00
od_09,motorbike,motorbike-2,4538.957874153826,10.893498897969184,218,137.4670435077089,164.7991888076716,118.47841950828686,27.332145299962747,19.882689408701815,0.010752688172043,0.989247311827957,development_exploratory_not_untouched_final,C_xgboost_current_pm,hourly_forecast_bucket_aware_arrival_time_exposure,2022-02-27T12:00:00,2022-02-27T11:00:00,12:00
od_09,motorbike,motorbike-3,4554.583954733635,10.931001491360725,192,135.71207370176057,163.26754036006153,117.95183720157571,27.55546665830096,20.304359005563917,0.1363636363636363,0.8636363636363636,development_exploratory_not_untouched_final,C_xgboost_current_pm,hourly_forecast_bucket_aware_arrival_time_exposure,2022-02-27T12:00:00,2022-02-27T11:00:00,12:00
od_09,motorbike,motorbike-4,5284.244385537157,12.682186525289175,179,153.99620597237774,186.2122802407148,135.38941253337734,32.216074268337024,20.920044143240524,0.053125,0.946875,development_exploratory_not_untouched_final,C_xgboost_current_pm,hourly_forecast_bucket_aware_arrival_time_exposure,2022-02-27T12:00:00,2022-02-27T11:00:00,12:00
od_09,motorbike,motorbike-5,6360.146358591584,15.2643512606198,284,199.6439782962909,237.493210547835,169.08317248732914,37.849232251544095,18.958364071152797,0.0045454545454545,0.9954545454545456,development_exploratory_not_untouched_final,C_xgboost_current_pm,hourly_forecast_bucket_aware_arrival_time_exposure,2022-02-27T12:00:00,2022-02-27T11:00:00,12:00
od_09,motorbike,motorbike-6,5752.129528566935,13.805110868560645,272,173.03369923463598,207.81186277101563,149.57959835213614,34.77816353637965,20.0990695397548,0.0023310023310023,0.9976689976689976,development_exploratory_not_untouched_final,C_xgboost_current_pm,hourly_forecast_bucket_aware_arrival_time_exposure,2022-02-27T12:00:00,2022-02-27T11:00:00,12:00
od_09,motorbike,motorbike-7,7766.043199904027,18.638503679769663,302,245.21697986995468,291.34297502589953,207.1166133270407,46.12599515594485,18.810277812085744,0.0109890109890109,0.989010989010989,development_exploratory_not_untouched_final,C_xgboost_current_pm,hourly_forecast_bucket_aware_arrival_time_exposure,2022-02-27T12:00:00,2022-02-27T11:00:00,12:00
od_09,motorbike,motorbike-8,9897.359620826115,23.75366308998268,417,316.5173733442936,375.0567666799448,266.0010975427288,58.53939333565114,18.494843653329124,0.0286225402504472,0.9713774597495528,development_exploratory_not_untouched_final,C_xgboost_current_pm,hourly_forecast_bucket_aware_arrival_time_exposure,2022-02-27T12:00:00,2022-02-27T11:00:00,12:00
od_10,walking,walking-1,4185.687637541589,50.22825165049906,164,700.914987673294,814.6504541096659,577.950020888394,113.7354664363719,16.226713429815476,1.0,0.0,development_exploratory_not_untouched_final,C_xgboost_current_pm,hourly_forecast_bucket_aware_arrival_time_exposure,2022-02-27T12:00:00,2022-02-27T11:00:00,12:00
od_10,walking,walking-2,4395.999188223484,52.7519902586818,247,738.5065722235391,859.6537161108482,607.4707178016614,121.14714388730908,16.404342011818816,0.0198511166253101,0.98014888337469,development_exploratory_not_untouched_final,C_xgboost_current_pm,hourly_forecast_bucket_aware_arrival_time_exposure,2022-02-27T12:00:00,2022-02-27T11:00:00,12:00
od_10,walking,walking-3,4422.248506346172,53.06698207615407,168,741.3318323525785,862.0039408334321,610.8560070475943,120.67210848085358,16.277745432555733,0.067524115755627,0.932475884244373,development_exploratory_not_untouched_final,C_xgboost_current_pm,hourly_forecast_bucket_aware_arrival_time_exposure,2022-02-27T12:00:00,2022-02-27T11:00:00,12:00
od_10,walking,walking-4,4671.923754688715,56.06308505626459,193,782.1783695759133,908.9094597146814,645.3192326403762,126.73109013876808,16.20232610209868,0.0142045454545454,0.9857954545454546,development_exploratory_not_untouched_final,C_xgboost_current_pm,hourly_forecast_bucket_aware_arrival_time_exposure,2022-02-27T12:00:00,2022-02-27T11:00:00,12:00
od_10,walking,walking-5,5276.724061903826,63.32068874284592,204,888.7451550584797,1033.1031334047127,728.2183186002097,144.35797834623304,16.242899049810767,0.0082191780821917,0.9917808219178084,development_exploratory_not_untouched_final,C_xgboost_current_pm,hourly_forecast_bucket_aware_arrival_time_exposure,2022-02-27T12:00:00,2022-02-27T11:00:00,12:00
od_10,walking,walking-6,4188.220874538794,50.258650494465535,162,701.3376841959698,815.1413348824102,578.2997324940746,113.8036506864404,16.22665561125631,0.963855421686747,0.036144578313253,development_exploratory_not_untouched_final,C_xgboost_current_pm,hourly_forecast_bucket_aware_arrival_time_exposure,2022-02-27T12:00:00,2022-02-27T11:00:00,12:00
od_10,walking,walking-7,4188.427303785825,50.26112764542989,161,701.3716223740321,815.1799974471071,578.3282826899249,113.808375073075,16.22654402353087,0.9461077844311376,0.0538922155688622,development_exploratory_not_untouched_final,C_xgboost_current_pm,hourly_forecast_bucket_aware_arrival_time_exposure,2022-02-27T12:00:00,2022-02-27T11:00:00,12:00
od_10,walking,walking-8,4191.191762378216,50.294301148538594,171,701.8398159885512,815.7487370999194,578.7017762510815,113.90892111136816,16.230045448607935,0.6666666666666666,0.3333333333333333,development_exploratory_not_untouched_final,C_xgboost_current_pm,hourly_forecast_bucket_aware_arrival_time_exposure,2022-02-27T12:00:00,2022-02-27T11:00:00,12:00
od_10,motorbike,motorbike-1,4185.687637541589,10.045650330099813,164,140.18299753465868,162.9300908219332,115.59000417767884,22.74709328727451,16.226713429815586,1.0,0.0,development_exploratory_not_untouched_final,C_xgboost_current_pm,hourly_forecast_bucket_aware_arrival_time_exposure,2022-02-27T12:00:00,2022-02-27T11:00:00,12:00
od_10,motorbike,motorbike-2,4394.830211426111,10.547592507422667,164,147.30938025713616,171.28804361627672,121.40033578674654,23.97866335914057,16.27775727335528,0.086092715231788,0.913907284768212,development_exploratory_not_untouched_final,C_xgboost_current_pm,hourly_forecast_bucket_aware_arrival_time_exposure,2022-02-27T12:00:00,2022-02-27T11:00:00,12:00
od_10,motorbike,motorbike-3,4654.755135099948,11.171412324239874,229,156.36984427027502,182.01771348672648,128.63294763101456,25.64786921645145,16.402055867063982,0.0261096605744125,0.9738903394255874,development_exploratory_not_untouched_final,C_xgboost_current_pm,hourly_forecast_bucket_aware_arrival_time_exposure,2022-02-27T12:00:00,2022-02-27T11:00:00,12:00
od_10,motorbike,motorbike-4,5386.858029237803,12.928459270170729,220,180.21873492615407,209.2221703601108,148.78735495628143,29.003435433956696,16.093463005298016,0.0052356020942408,0.9947643979057592,development_exploratory_not_untouched_final,C_xgboost_current_pm,hourly_forecast_bucket_aware_arrival_time_exposure,2022-02-27T12:00:00,2022-02-27T11:00:00,12:00
od_10,motorbike,motorbike-5,5511.374478011498,13.227298747227591,208,185.7024597875435,216.41065689929476,152.4149262792971,30.708197111751247,16.536236055722448,0.008130081300813,0.991869918699187,development_exploratory_not_untouched_final,C_xgboost_current_pm,hourly_forecast_bucket_aware_arrival_time_exposure,2022-02-27T12:00:00,2022-02-27T11:00:00,12:00
od_10,motorbike,motorbike-6,5634.416015636255,13.522598437527012,213,188.36258390862068,218.5188814314901,155.65243590752178,30.15629752286941,16.0097068627488,0.0272479564032697,0.9727520435967304,development_exploratory_not_untouched_final,C_xgboost_current_pm,hourly_forecast_bucket_aware_arrival_time_exposure,2022-02-27T12:00:00,2022-02-27T11:00:00,12:00
od_10,motorbike,motorbike-7,6236.241931359497,14.966980635262791,192,209.63435694451732,244.2818311730383,172.29402474248013,34.64747422852096,16.52757436019464,0.0028169014084507,0.9971830985915492,development_exploratory_not_untouched_final,C_xgboost_current_pm,hourly_forecast_bucket_aware_arrival_time_exposure,2022-02-27T12:00:00,2022-02-27T11:00:00,12:00
od_10,motorbike,motorbike-8,6017.043125469885,14.440903501127725,234,200.97536635805255,233.104017713342,166.1664261007192,32.128651355289406,15.986362874965394,0.0101522842639593,0.9898477157360406,development_exploratory_not_untouched_final,C_xgboost_current_pm,hourly_forecast_bucket_aware_arrival_time_exposure,2022-02-27T12:00:00,2022-02-27T11:00:00,12:00
od_11,walking,walking-1,5799.7898826035935,69.59747859124312,184,975.9487465484348,1137.389046953474,792.5131583607928,161.44030040503912,16.54188306260887,1.0,0.0,development_exploratory_not_untouched_final,C_xgboost_current_pm,hourly_forecast_bucket_aware_arrival_time_exposure,2022-02-27T12:00:00,2022-02-27T11:00:00,12:00
od_11,walking,walking-2,5899.73045264374,70.79676543172488,210,992.595235358546,1155.5941889233352,805.3157502098485,162.9989535647893,16.421492644573366,0.2236024844720497,0.7763975155279503,development_exploratory_not_untouched_final,C_xgboost_current_pm,hourly_forecast_bucket_aware_arrival_time_exposure,2022-02-27T12:00:00,2022-02-27T11:00:00,12:00
od_11,walking,walking-3,6156.7707067981255,73.88124848157752,281,1036.996108114333,1204.6734116655132,839.5412937104757,167.6773035511801,16.169521007758014,0.0889929742388758,0.911007025761124,development_exploratory_not_untouched_final,C_xgboost_current_pm,hourly_forecast_bucket_aware_arrival_time_exposure,2022-02-27T12:00:00,2022-02-27T11:00:00,12:00
od_11,walking,walking-4,5799.932240963838,69.59918689156605,183,975.973500023986,1137.4179782778597,792.5329433171013,161.44447825387374,16.54189158311225,0.962566844919786,0.0374331550802139,development_exploratory_not_untouched_final,C_xgboost_current_pm,hourly_forecast_bucket_aware_arrival_time_exposure,2022-02-27T12:00:00,2022-02-27T11:00:00,12:00
od_11,walking,walking-5,5805.109540891901,69.66131449070281,183,976.8307998306216,1138.427073177645,793.238802155112,161.59627334702338,16.542913406809397,0.952127659574468,0.0478723404255319,development_exploratory_not_untouched_final,C_xgboost_current_pm,hourly_forecast_bucket_aware_arrival_time_exposure,2022-02-27T12:00:00,2022-02-27T11:00:00,12:00
od_11,walking,walking-6,5805.251899252145,69.66302279102574,182,976.8555533061729,1138.4560045020307,793.2585871114205,161.6004511958579,16.542921893510286,0.9162303664921466,0.0837696335078533,development_exploratory_not_untouched_final,C_xgboost_current_pm,hourly_forecast_bucket_aware_arrival_time_exposure,2022-02-27T12:00:00,2022-02-27T11:00:00,12:00
od_11,walking,walking-7,5805.359775307745,69.66431730369294,184,976.89833024315,1138.5012866351494,793.285186656319,161.60295639199956,16.5424539472574,0.84,0.16,development_exploratory_not_untouched_final,C_xgboost_current_pm,hourly_forecast_bucket_aware_arrival_time_exposure,2022-02-27T12:00:00,2022-02-27T11:00:00,12:00
od_11,walking,walking-8,5805.502133667988,69.66602560401587,183,976.9230837187008,1138.5302179595349,793.3049716126275,161.60713424083394,16.542462445013506,0.8078817733990148,0.1921182266009852,development_exploratory_not_untouched_final,C_xgboost_current_pm,hourly_forecast_bucket_aware_arrival_time_exposure,2022-02-27T12:00:00,2022-02-27T11:00:00,12:00
od_11,motorbike,motorbike-1,7321.29135850387,17.571099260409287,245,245.8424957322327,288.623003964874,201.1880686107557,42.780508232641296,17.40159206618089,1.0,0.0,development_exploratory_not_untouched_final,C_xgboost_current_pm,hourly_forecast_bucket_aware_arrival_time_exposure,2022-02-27T12:00:00,2022-02-27T11:00:00,12:00
od_11,motorbike,motorbike-2,7633.162700227178,18.319590480545227,218,257.3994427838132,302.2516491061144,210.07475476874808,44.85220632230124,17.425137303025203,0.1721518987341772,0.8278481012658228,development_exploratory_not_untouched_final,C_xgboost_current_pm,hourly_forecast_bucket_aware_arrival_time_exposure,2022-02-27T12:00:00,2022-02-27T11:00:00,12:00
od_11,motorbike,motorbike-3,7889.25327154217,18.93420785170121,304,264.55299957256784,310.4303475605058,216.77141624155325,45.87734798793798,17.341458256780665,0.1366459627329192,0.8633540372670807,development_exploratory_not_untouched_final,C_xgboost_current_pm,hourly_forecast_bucket_aware_arrival_time_exposure,2022-02-27T12:00:00,2022-02-27T11:00:00,12:00
od_11,motorbike,motorbike-4,9666.540510810522,23.199697225945258,375,323.3502657487926,379.6889236946259,265.2003162610372,56.33865794583329,17.42341476521383,0.0367892976588628,0.9632107023411371,development_exploratory_not_untouched_final,C_xgboost_current_pm,hourly_forecast_bucket_aware_arrival_time_exposure,2022-02-27T12:00:00,2022-02-27T11:00:00,12:00
od_11,motorbike,motorbike-5,11246.266961598392,26.99104070783614,398,374.5823718224546,440.08230078351113,307.9391771460465,65.49992896105653,17.486121581851247,0.0255183413078149,0.9744816586921852,development_exploratory_not_untouched_final,C_xgboost_current_pm,hourly_forecast_bucket_aware_arrival_time_exposure,2022-02-27T12:00:00,2022-02-27T11:00:00,12:00
od_11,motorbike,motorbike-6,13020.355584141242,31.24885340193898,484,433.2198891451487,509.0434223615979,356.30661526361445,75.82353321644916,17.502320441951078,0.0267605633802816,0.9732394366197183,development_exploratory_not_untouched_final,C_xgboost_current_pm,hourly_forecast_bucket_aware_arrival_time_exposure,2022-02-27T12:00:00,2022-02-27T11:00:00,12:00
od_11,motorbike,motorbike-7,13564.85143099635,32.55564343439124,443,455.57209928539817,534.4803256618608,373.1300284256828,78.90822637646261,17.32068897551816,0.0584615384615384,0.9415384615384615,development_exploratory_not_untouched_final,C_xgboost_current_pm,hourly_forecast_bucket_aware_arrival_time_exposure,2022-02-27T12:00:00,2022-02-27T11:00:00,12:00
od_11,motorbike,motorbike-8,11223.628499005668,26.9367083976136,354,376.9702559878798,442.11923664443407,308.6052477117439,65.14898065655427,17.282260237170785,0.0812274368231047,0.9187725631768952,development_exploratory_not_untouched_final,C_xgboost_current_pm,hourly_forecast_bucket_aware_arrival_time_exposure,2022-02-27T12:00:00,2022-02-27T11:00:00,12:00
od_12,walking,walking-1,4720.801672969871,56.64962007563846,184,761.7852904896943,902.2836204466154,635.4513262661424,140.4983299569211,18.443297830889502,1.0,0.0,development_exploratory_not_untouched_final,C_xgboost_current_pm,hourly_forecast_bucket_aware_arrival_time_exposure,2022-02-27T12:00:00,2022-02-27T11:00:00,12:00
od_12,walking,walking-2,4873.757845553635,58.485094146643625,187,787.8215648645868,932.7336611755288,656.656383856079,144.91209631094193,18.39402509067518,0.1630094043887147,0.8369905956112853,development_exploratory_not_untouched_final,C_xgboost_current_pm,hourly_forecast_bucket_aware_arrival_time_exposure,2022-02-27T12:00:00,2022-02-27T11:00:00,12:00
od_12,walking,walking-3,5545.213763066034,66.5425651567924,257,922.6475127041972,1080.462912463955,757.8860384521073,157.81539975975795,17.10462528611985,0.0,1.0,development_exploratory_not_untouched_final,C_xgboost_current_pm,hourly_forecast_bucket_aware_arrival_time_exposure,2022-02-27T12:00:00,2022-02-27T11:00:00,12:00
od_12,walking,walking-4,5856.273320547576,70.27527984657091,240,940.2585099984476,1105.0736698324113,783.6566503276513,164.81515983396355,17.528707061022573,0.0266343825665859,0.973365617433414,development_exploratory_not_untouched_final,C_xgboost_current_pm,hourly_forecast_bucket_aware_arrival_time_exposure,2022-02-27T12:00:00,2022-02-27T11:00:00,12:00
od_12,walking,walking-5,4720.822679411884,56.64987215294261,185,761.7903692926553,902.2892701468388,635.4549005816566,140.4989008541835,18.443249812233887,0.9627659574468084,0.0372340425531915,development_exploratory_not_untouched_final,C_xgboost_current_pm,hourly_forecast_bucket_aware_arrival_time_exposure,2022-02-27T12:00:00,2022-02-27T11:00:00,12:00
od_12,walking,walking-6,4721.126792606221,56.65352151127466,183,761.8387421100573,902.3469187892706,635.4952021217263,140.5081766792133,18.443296318857342,0.9731182795698924,0.0268817204301075,development_exploratory_not_untouched_final,C_xgboost_current_pm,hourly_forecast_bucket_aware_arrival_time_exposure,2022-02-27T12:00:00,2022-02-27T11:00:00,12:00
od_12,walking,walking-7,4721.1477990482335,56.65377358857881,184,761.8438209130184,902.352568489494,635.4987764372405,140.50874757647568,18.44324830358084,0.936842105263158,0.063157894736842,development_exploratory_not_untouched_final,C_xgboost_current_pm,hourly_forecast_bucket_aware_arrival_time_exposure,2022-02-27T12:00:00,2022-02-27T11:00:00,12:00
od_12,walking,walking-8,4721.249689238599,56.6549962708632,182,761.8712072926138,902.3796368025244,635.5200050012555,140.50842950991068,18.442543590697117,0.8484848484848485,0.1515151515151515,development_exploratory_not_untouched_final,C_xgboost_current_pm,hourly_forecast_bucket_aware_arrival_time_exposure,2022-02-27T12:00:00,2022-02-27T11:00:00,12:00
od_12,motorbike,motorbike-1,4600.823120587895,11.041975489410948,168,148.3673292724718,175.7402571257074,123.84092464563786,27.37292785323558,18.44943087367036,1.0,0.0,development_exploratory_not_untouched_final,C_xgboost_current_pm,hourly_forecast_bucket_aware_arrival_time_exposure,2022-02-27T12:00:00,2022-02-27T11:00:00,12:00
od_12,motorbike,motorbike-2,4721.109525328519,11.330662860788443,166,152.25379111453432,180.34183000851425,127.08124799335629,28.088038893979927,18.448170445128977,0.3413654618473896,0.6586345381526104,development_exploratory_not_untouched_final,C_xgboost_current_pm,hourly_forecast_bucket_aware_arrival_time_exposure,2022-02-27T12:00:00,2022-02-27T11:00:00,12:00
od_12,motorbike,motorbike-3,5580.281754562078,13.392676210948988,249,185.6475745585929,218.6048273925505,152.88697563060876,32.95725283395757,17.75259004181377,0.0024038461538461,0.997596153846154,development_exploratory_not_untouched_final,C_xgboost_current_pm,hourly_forecast_bucket_aware_arrival_time_exposure,2022-02-27T12:00:00,2022-02-27T11:00:00,12:00
od_12,motorbike,motorbike-4,5904.804229009314,14.171530149622354,256,188.466813597148,223.70981902965423,158.08141066014036,35.24300543250624,18.69984681114148,0.029126213592233,0.970873786407767,development_exploratory_not_untouched_final,C_xgboost_current_pm,hourly_forecast_bucket_aware_arrival_time_exposure,2022-02-27T12:00:00,2022-02-27T11:00:00,12:00
od_12,motorbike,motorbike-5,7008.213626047753,16.819712702514604,202,231.1323383168425,272.5508064329875,190.9067731774508,41.418468116144965,17.919806643139395,0.0054347826086956,0.9945652173913044,development_exploratory_not_untouched_final,C_xgboost_current_pm,hourly_forecast_bucket_aware_arrival_time_exposure,2022-02-27T12:00:00,2022-02-27T11:00:00,12:00
od_12,motorbike,motorbike-6,7262.316209679331,17.429558903230394,304,226.4734888639884,269.9467148771642,192.20967687833905,43.47322601317583,19.195724069621345,0.0021231422505307,0.9978768577494692,development_exploratory_not_untouched_final,C_xgboost_current_pm,hourly_forecast_bucket_aware_arrival_time_exposure,2022-02-27T12:00:00,2022-02-27T11:00:00,12:00
od_12,motorbike,motorbike-7,6873.838377293402,16.497212105504165,281,229.8077079779369,270.3198503751457,188.8635080422705,40.51214239720878,17.628713481228495,0.0022321428571428,0.9977678571428572,development_exploratory_not_untouched_final,C_xgboost_current_pm,hourly_forecast_bucket_aware_arrival_time_exposure,2022-02-27T12:00:00,2022-02-27T11:00:00,12:00
od_12,motorbike,motorbike-8,9113.20463170502,21.87169111609205,354,283.51597032615655,338.18433429393394,240.8465929399111,54.6683639677774,19.282287309913077,0.0,1.0,development_exploratory_not_untouched_final,C_xgboost_current_pm,hourly_forecast_bucket_aware_arrival_time_exposure,2022-02-27T12:00:00,2022-02-27T11:00:00,12:00
od_13,walking,walking-1,6350.856943085906,76.21028331703089,223,1038.8501110184477,1213.7467221822524,856.1839333439739,174.8966111638049,16.835596329902028,1.0,0.0,development_exploratory_not_untouched_final,C_xgboost_current_pm,hourly_forecast_bucket_aware_arrival_time_exposure,2022-02-27T12:00:00,2022-02-27T11:00:00,12:00
od_13,walking,walking-2,6481.138228551883,77.77365874262259,245,1062.4778750675189,1239.70174555688,874.1703718540513,177.2238704893614,16.680241033546146,0.125,0.875,development_exploratory_not_untouched_final,C_xgboost_current_pm,hourly_forecast_bucket_aware_arrival_time_exposure,2022-02-27T12:00:00,2022-02-27T11:00:00,12:00
od_13,walking,walking-3,6866.266206369937,82.39519447643924,329,1115.7347893156436,1300.212435513913,921.2927599705844,184.47764619826944,16.53418428508644,0.0147058823529411,0.9852941176470588,development_exploratory_not_untouched_final,C_xgboost_current_pm,hourly_forecast_bucket_aware_arrival_time_exposure,2022-02-27T12:00:00,2022-02-27T11:00:00,12:00
od_13,walking,walking-4,7212.11435750965,86.54537229011581,281,1146.3461460077372,1340.21890089938,955.7215679594428,193.8727548916429,16.912235066766158,0.0019880715705765,0.9980119284294234,development_exploratory_not_untouched_final,C_xgboost_current_pm,hourly_forecast_bucket_aware_arrival_time_exposure,2022-02-27T12:00:00,2022-02-27T11:00:00,12:00
od_13,walking,walking-5,6351.157688633242,76.21389226359891,223,1038.9005276855812,1213.805752486978,856.2254479316398,174.9052248013968,16.83560842836833,0.9822222222222222,0.0177777777777777,development_exploratory_not_untouched_final,C_xgboost_current_pm,hourly_forecast_bucket_aware_arrival_time_exposure,2022-02-27T12:00:00,2022-02-27T11:00:00,12:00
od_13,walking,walking-6,6351.78359395068,76.22140312740817,223,1039.001935072415,1213.9253910734938,856.3095783699616,174.92345600107842,16.83571994395629,0.9822222222222222,0.0177777777777777,development_exploratory_not_untouched_final,C_xgboost_current_pm,hourly_forecast_bucket_aware_arrival_time_exposure,2022-02-27T12:00:00,2022-02-27T11:00:00,12:00
od_13,walking,walking-7,6351.903524558955,76.22284229470746,223,1039.018663576459,1213.9465672855272,856.3243513826956,174.92790370906823,16.835876952098243,0.9734513274336284,0.0265486725663717,development_exploratory_not_untouched_final,C_xgboost_current_pm,hourly_forecast_bucket_aware_arrival_time_exposure,2022-02-27T12:00:00,2022-02-27T11:00:00,12:00
od_13,walking,walking-8,6352.084339498016,76.22501207397619,223,1039.0523517395488,1213.9844213782194,856.3510929576278,174.93206963867055,16.835732034656846,0.9647577092511012,0.0352422907488987,development_exploratory_not_untouched_final,C_xgboost_current_pm,hourly_forecast_bucket_aware_arrival_time_exposure,2022-02-27T12:00:00,2022-02-27T11:00:00,12:00
od_13,motorbike,motorbike-1,6555.777236469699,15.733865367527278,238,214.90227641021764,254.17654749306783,177.6730514064792,39.27427108285019,18.275409520502816,1.0,0.0,development_exploratory_not_untouched_final,C_xgboost_current_pm,hourly_forecast_bucket_aware_arrival_time_exposure,2022-02-27T12:00:00,2022-02-27T11:00:00,12:00
od_13,motorbike,motorbike-2,6921.239270399785,16.610974248959483,313,224.76331471397225,266.3097557133253,186.79306483440536,41.54644099935305,18.484529404731347,0.1108870967741935,0.8891129032258065,development_exploratory_not_untouched_final,C_xgboost_current_pm,hourly_forecast_bucket_aware_arrival_time_exposure,2022-02-27T12:00:00,2022-02-27T11:00:00,12:00
od_13,motorbike,motorbike-3,7392.918193668919,17.743003664805407,276,235.389682308867,279.95750907684686,197.8269279115636,44.56782676797985,18.933636483480228,0.0098231827111984,0.9901768172888016,development_exploratory_not_untouched_final,C_xgboost_current_pm,hourly_forecast_bucket_aware_arrival_time_exposure,2022-02-27T12:00:00,2022-02-27T11:00:00,12:00
od_13,motorbike,motorbike-4,7691.718911691466,18.46012538805952,295,253.104435316254,299.1435773574774,208.6458104191629,46.03914204122341,18.189780824542844,0.0094696969696969,0.990530303030303,development_exploratory_not_untouched_final,C_xgboost_current_pm,hourly_forecast_bucket_aware_arrival_time_exposure,2022-02-27T12:00:00,2022-02-27T11:00:00,12:00
od_13,motorbike,motorbike-5,7740.785596864544,18.577885432474904,322,251.6469818286083,298.0229511606146,209.0021305505823,46.37596933200629,18.42897895894179,0.0163339382940108,0.9836660617059892,development_exploratory_not_untouched_final,C_xgboost_current_pm,hourly_forecast_bucket_aware_arrival_time_exposure,2022-02-27T12:00:00,2022-02-27T11:00:00,12:00
od_13,motorbike,motorbike-6,8737.311283772979,20.96954708105515,346,282.7203875012973,335.46190141595594,235.52042642170807,52.74151391465864,18.65500906418241,0.0017152658662092,0.9982847341337908,development_exploratory_not_untouched_final,C_xgboost_current_pm,hourly_forecast_bucket_aware_arrival_time_exposure,2022-02-27T12:00:00,2022-02-27T11:00:00,12:00
od_13,motorbike,motorbike-7,9053.865774029062,21.72927785766975,355,298.16218378920735,352.5711578956905,245.72287443396104,54.40897410648313,18.2481136323273,0.0085034013605442,0.9914965986394558,development_exploratory_not_untouched_final,C_xgboost_current_pm,hourly_forecast_bucket_aware_arrival_time_exposure,2022-02-27T12:00:00,2022-02-27T11:00:00,12:00
od_13,motorbike,motorbike-8,9451.855458954313,22.684453101490345,393,298.5511482230709,355.4305740205333,251.95373199427627,56.879425797462375,19.051819474150307,0.0079872204472843,0.9920127795527156,development_exploratory_not_untouched_final,C_xgboost_current_pm,hourly_forecast_bucket_aware_arrival_time_exposure,2022-02-27T12:00:00,2022-02-27T11:00:00,12:00
od_14,walking,walking-1,3449.3464763882066,41.39215771665848,138,570.0357736637208,676.1086741557446,465.8777901367172,106.0729004920238,18.608112927768463,1.0,0.0,development_exploratory_not_untouched_final,C_xgboost_current_pm,hourly_forecast_bucket_aware_arrival_time_exposure,2022-02-27T12:00:00,2022-02-27T11:00:00,12:00
od_14,walking,walking-2,3578.7470410233627,42.94496449228036,172,594.4171029837837,704.7553137271361,484.1817496365894,110.33821074335242,18.562421940669257,0.087719298245614,0.912280701754386,development_exploratory_not_untouched_final,C_xgboost_current_pm,hourly_forecast_bucket_aware_arrival_time_exposure,2022-02-27T12:00:00,2022-02-27T11:00:00,12:00
od_14,walking,walking-3,4058.601500731728,48.703218008780745,197,670.2001429107817,795.0840632151205,547.9846683009945,124.88392030433886,18.633824779855896,0.0806451612903225,0.9193548387096774,development_exploratory_not_untouched_final,C_xgboost_current_pm,hourly_forecast_bucket_aware_arrival_time_exposure,2022-02-27T12:00:00,2022-02-27T11:00:00,12:00
od_14,walking,walking-4,4395.024946910382,52.74029936292458,222,732.4737419169968,868.3387409075924,595.3819531216209,135.8649989905956,18.548787651420238,0.0285714285714285,0.9714285714285714,development_exploratory_not_untouched_final,C_xgboost_current_pm,hourly_forecast_bucket_aware_arrival_time_exposure,2022-02-27T12:00:00,2022-02-27T11:00:00,12:00
od_14,walking,walking-5,3910.353898415349,46.92424678098419,188,647.7403483861683,768.1318943541263,528.5169992173243,120.391545967958,18.58638978842541,0.2490421455938697,0.7509578544061303,development_exploratory_not_untouched_final,C_xgboost_current_pm,hourly_forecast_bucket_aware_arrival_time_exposure,2022-02-27T12:00:00,2022-02-27T11:00:00,12:00
od_14,walking,walking-6,4552.763815811306,54.63316578973567,212,753.1746937582424,893.1954514029459,615.1829432811928,140.0207576447035,18.59074113948497,0.1182108626198083,0.8817891373801917,development_exploratory_not_untouched_final,C_xgboost_current_pm,hourly_forecast_bucket_aware_arrival_time_exposure,2022-02-27T12:00:00,2022-02-27T11:00:00,12:00
od_14,walking,walking-7,3900.035635440011,46.80042762528013,158,644.8976503320755,764.7905199723145,526.8902422462191,119.89286964023904,18.59099185405667,0.2282157676348547,0.7717842323651453,development_exploratory_not_untouched_final,C_xgboost_current_pm,hourly_forecast_bucket_aware_arrival_time_exposure,2022-02-27T12:00:00,2022-02-27T11:00:00,12:00
od_14,walking,walking-8,3455.264828217764,41.46317793861317,144,570.9238724990545,677.1772857502156,466.647162330078,106.25341325116108,18.610784794488872,0.7961783439490446,0.2038216560509553,development_exploratory_not_untouched_final,C_xgboost_current_pm,hourly_forecast_bucket_aware_arrival_time_exposure,2022-02-27T12:00:00,2022-02-27T11:00:00,12:00
od_14,motorbike,motorbike-1,3010.5441753969367,7.225306020952647,145,100.0137477784937,118.62734742703974,81.43941628765202,18.61359964854604,18.61104104384796,1.0,0.0,development_exploratory_not_untouched_final,C_xgboost_current_pm,hourly_forecast_bucket_aware_arrival_time_exposure,2022-02-27T12:00:00,2022-02-27T11:00:00,12:00
od_14,motorbike,motorbike-2,3091.7023158472634,7.420085558033432,154,102.71892662080414,121.84053667033837,83.63571448688444,19.121610049534222,18.615469104465348,0.430622009569378,0.569377990430622,development_exploratory_not_untouched_final,C_xgboost_current_pm,hourly_forecast_bucket_aware_arrival_time_exposure,2022-02-27T12:00:00,2022-02-27T11:00:00,12:00
od_14,motorbike,motorbike-3,3322.57627571959,7.974183061727015,159,110.52343337582144,131.0712166594461,89.9252627862206,20.54778328362461,18.591336385429127,0.2063492063492063,0.7936507936507937,development_exploratory_not_untouched_final,C_xgboost_current_pm,hourly_forecast_bucket_aware_arrival_time_exposure,2022-02-27T12:00:00,2022-02-27T11:00:00,12:00
od_14,motorbike,motorbike-4,4154.239272164568,9.970174253194964,172,137.2704235613324,162.82674687577588,112.20635661083028,25.55632331444349,18.617501608440023,0.016025641025641,0.983974358974359,development_exploratory_not_untouched_final,C_xgboost_current_pm,hourly_forecast_bucket_aware_arrival_time_exposure,2022-02-27T12:00:00,2022-02-27T11:00:00,12:00
od_14,motorbike,motorbike-5,5029.718254103979,12.07132380984955,165,165.46485410065085,196.44918484222012,135.59178002703607,30.98433074156929,18.725626605104782,0.009771986970684,0.990228013029316,development_exploratory_not_untouched_final,C_xgboost_current_pm,hourly_forecast_bucket_aware_arrival_time_exposure,2022-02-27T12:00:00,2022-02-27T11:00:00,12:00
od_14,motorbike,motorbike-6,4517.9290852875,10.84302980469,182,149.37890853215953,177.29711087267273,121.9856447291986,27.918202340513204,18.689520906830527,0.0792079207920792,0.9207920792079208,development_exploratory_not_untouched_final,C_xgboost_current_pm,hourly_forecast_bucket_aware_arrival_time_exposure,2022-02-27T12:00:00,2022-02-27T11:00:00,12:00
od_14,motorbike,motorbike-7,6936.376700045968,16.647304080110324,323,229.63784575772632,272.09386167848294,187.63313511695117,42.45601592075661,18.488248651116844,0.0588235294117647,0.9411764705882352,development_exploratory_not_untouched_final,C_xgboost_current_pm,hourly_forecast_bucket_aware_arrival_time_exposure,2022-02-27T12:00:00,2022-02-27T11:00:00,12:00
od_14,motorbike,motorbike-8,7290.831731815147,17.49799615635635,360,242.002538314406,287.254341097726,197.1378553822806,45.25180278331993,18.69889592832678,0.0631578947368421,0.936842105263158,development_exploratory_not_untouched_final,C_xgboost_current_pm,hourly_forecast_bucket_aware_arrival_time_exposure,2022-02-27T12:00:00,2022-02-27T11:00:00,12:00
od_15,walking,walking-1,5536.69386072246,66.44032632866953,186,929.0923991813804,1073.1832112472684,763.6170022848881,144.09081206588803,15.508770946016334,1.0,0.0,development_exploratory_not_untouched_final,C_xgboost_current_pm,hourly_forecast_bucket_aware_arrival_time_exposure,2022-02-27T12:00:00,2022-02-27T11:00:00,12:00
od_15,walking,walking-2,5564.73083435787,66.77677001229445,194,933.877217657215,1078.6747419225496,767.5154832675073,144.79752426533457,15.5049851873015,0.1515151515151515,0.8484848484848485,development_exploratory_not_untouched_final,C_xgboost_current_pm,hourly_forecast_bucket_aware_arrival_time_exposure,2022-02-27T12:00:00,2022-02-27T11:00:00,12:00
od_15,walking,walking-3,6642.2980399657945,79.70757647958953,304,1112.8508310661907,1277.2952541909744,912.7543789470958,164.44442312478373,14.776861240893732,0.012396694214876,0.987603305785124,development_exploratory_not_untouched_final,C_xgboost_current_pm,hourly_forecast_bucket_aware_arrival_time_exposure,2022-02-27T12:00:00,2022-02-27T11:00:00,12:00
od_15,walking,walking-4,5539.285393453677,66.47142472144414,189,929.5381667238024,1073.704556881312,763.9781486443366,144.16639015750957,15.509464303723028,0.8656716417910447,0.1343283582089552,development_exploratory_not_untouched_final,C_xgboost_current_pm,hourly_forecast_bucket_aware_arrival_time_exposure,2022-02-27T12:00:00,2022-02-27T11:00:00,12:00
od_15,walking,walking-5,5540.419810345768,66.48503772414922,189,929.7075139298069,1073.8890221792517,764.1304003503946,144.18150824944485,15.508265351110262,0.9329896907216496,0.0670103092783505,development_exploratory_not_untouched_final,C_xgboost_current_pm,hourly_forecast_bucket_aware_arrival_time_exposure,2022-02-27T12:00:00,2022-02-27T11:00:00,12:00
od_15,walking,walking-6,5540.793403493031,66.48952084191637,195,929.7824704519372,1073.9737990425133,764.1862130051621,144.19132859057606,15.508071314840914,0.6008403361344538,0.3991596638655462,development_exploratory_not_untouched_final,C_xgboost_current_pm,hourly_forecast_bucket_aware_arrival_time_exposure,2022-02-27T12:00:00,2022-02-27T11:00:00,12:00
od_15,walking,walking-7,5540.837695520378,66.49005234624452,194,929.7890491875144,1073.9795373272686,764.1923921327412,144.19048813975428,15.507871195703316,0.5767634854771784,0.4232365145228216,development_exploratory_not_untouched_final,C_xgboost_current_pm,hourly_forecast_bucket_aware_arrival_time_exposure,2022-02-27T12:00:00,2022-02-27T11:00:00,12:00
od_15,walking,walking-8,5540.979390083845,66.49175268100615,191,929.8112331639524,1073.996044666476,764.213126404822,144.18481150252342,15.506890684885873,0.47265625,0.52734375,development_exploratory_not_untouched_final,C_xgboost_current_pm,hourly_forecast_bucket_aware_arrival_time_exposure,2022-02-27T12:00:00,2022-02-27T11:00:00,12:00
od_15,motorbike,motorbike-1,6597.866213869733,15.834878913287358,206,222.2832084243743,258.0648240014272,182.67515259472916,35.781615577052946,16.097309297758606,1.0,0.0,development_exploratory_not_untouched_final,C_xgboost_current_pm,hourly_forecast_bucket_aware_arrival_time_exposure,2022-02-27T12:00:00,2022-02-27T11:00:00,12:00
od_15,motorbike,motorbike-2,7259.933104184688,17.423839450043253,284,244.2990989585137,283.9359819388182,200.846958201412,39.636882980304506,16.224735641385053,0.0913140311804008,0.9086859688195992,development_exploratory_not_untouched_final,C_xgboost_current_pm,hourly_forecast_bucket_aware_arrival_time_exposure,2022-02-27T12:00:00,2022-02-27T11:00:00,12:00
od_15,motorbike,motorbike-3,8286.265009658548,19.88703602318051,288,279.9763689987673,324.1727335074348,229.9602517636409,44.1963645086675,15.785748156788936,0.051063829787234,0.948936170212766,development_exploratory_not_untouched_final,C_xgboost_current_pm,hourly_forecast_bucket_aware_arrival_time_exposure,2022-02-27T12:00:00,2022-02-27T11:00:00,12:00
od_15,motorbike,motorbike-4,8479.19339785534,20.35006415485282,266,287.3819351186225,332.085865252832,235.86582297141703,44.703930134209486,15.555581152224152,0.0442477876106194,0.9557522123893806,development_exploratory_not_untouched_final,C_xgboost_current_pm,hourly_forecast_bucket_aware_arrival_time_exposure,2022-02-27T12:00:00,2022-02-27T11:00:00,12:00
od_15,motorbike,motorbike-5,8534.445133326042,20.4826683199825,282,288.3986518702256,334.874482667229,236.642335093715,46.47583079700343,16.115134552680484,0.0494623655913978,0.9505376344086022,development_exploratory_not_untouched_final,C_xgboost_current_pm,hourly_forecast_bucket_aware_arrival_time_exposure,2022-02-27T12:00:00,2022-02-27T11:00:00,12:00
od_15,motorbike,motorbike-6,9231.543438768904,22.155704253045368,279,312.89604153182967,362.501035289034,256.53598379339843,49.60499375720434,15.853506332120926,0.0543478260869565,0.9456521739130436,development_exploratory_not_untouched_final,C_xgboost_current_pm,hourly_forecast_bucket_aware_arrival_time_exposure,2022-02-27T12:00:00,2022-02-27T11:00:00,12:00
od_15,motorbike,motorbike-7,9919.657394086717,23.807177745808115,469,333.31382696894,387.1526821107916,274.37950549451045,53.838855141851525,16.152601778164012,0.0481366459627329,0.9518633540372672,development_exploratory_not_untouched_final,C_xgboost_current_pm,hourly_forecast_bucket_aware_arrival_time_exposure,2022-02-27T12:00:00,2022-02-27T11:00:00,12:00
od_15,motorbike,motorbike-8,11122.098007482558,26.693035217958137,533,374.95898641451583,436.5506259168116,307.9129784969412,61.59163950229578,16.426233730588987,0.0423131170662905,0.9576868829337094,development_exploratory_not_untouched_final,C_xgboost_current_pm,hourly_forecast_bucket_aware_arrival_time_exposure,2022-02-27T12:00:00,2022-02-27T11:00:00,12:00
od_16,walking,walking-1,3526.7526483840734,42.32103178060888,93,599.6993392759636,696.6763486328831,490.1013092085132,96.97700935691957,16.17093816945055,1.0,0.0,development_exploratory_not_untouched_final,C_xgboost_current_pm,hourly_forecast_bucket_aware_arrival_time_exposure,2022-02-27T12:00:00,2022-02-27T11:00:00,12:00
od_16,walking,walking-2,3567.1582323977727,42.80589878877327,97,606.5223940919323,704.3445552975063,495.752671350606,97.82216120557403,16.12836758517887,0.1111111111111111,0.8888888888888888,development_exploratory_not_untouched_final,C_xgboost_current_pm,hourly_forecast_bucket_aware_arrival_time_exposure,2022-02-27T12:00:00,2022-02-27T11:00:00,12:00
od_16,walking,walking-3,3734.965631994319,44.81958758393183,103,636.3118731455181,739.8317329935267,519.3750033786389,103.51985984800854,16.268729881822367,0.0155440414507772,0.9844559585492229,development_exploratory_not_untouched_final,C_xgboost_current_pm,hourly_forecast_bucket_aware_arrival_time_exposure,2022-02-27T12:00:00,2022-02-27T11:00:00,12:00
od_16,walking,walking-4,4130.93814370375,49.571257724445005,172,704.8747608169958,820.9988888594064,574.5407035205383,116.12412804241058,16.47443411192864,0.0037878787878787,0.9962121212121212,development_exploratory_not_untouched_final,C_xgboost_current_pm,hourly_forecast_bucket_aware_arrival_time_exposure,2022-02-27T12:00:00,2022-02-27T11:00:00,12:00
od_16,walking,walking-5,4672.320754159965,56.06784904991958,178,796.1227162870382,927.5125384839506,649.3667862955629,131.3898221969124,16.503714755143406,0.0037037037037037,0.9962962962962963,development_exploratory_not_untouched_final,C_xgboost_current_pm,hourly_forecast_bucket_aware_arrival_time_exposure,2022-02-27T12:00:00,2022-02-27T11:00:00,12:00
od_16,walking,walking-6,4619.874164764931,55.43848997717917,117,784.4784757476328,910.6603555486952,641.7464624996825,126.18187980106234,16.084810954284883,0.0606060606060606,0.9393939393939394,development_exploratory_not_untouched_final,C_xgboost_current_pm,hourly_forecast_bucket_aware_arrival_time_exposure,2022-02-27T12:00:00,2022-02-27T11:00:00,12:00
od_16,walking,walking-7,4741.988775572993,56.90386530687592,141,806.1483071248701,937.4209332262244,658.6933567908038,131.27262610135426,16.28393000904987,0.1142857142857142,0.8857142857142857,development_exploratory_not_untouched_final,C_xgboost_current_pm,hourly_forecast_bucket_aware_arrival_time_exposure,2022-02-27T12:00:00,2022-02-27T11:00:00,12:00
od_16,walking,walking-8,4638.060823025682,55.65672987630819,146,788.1592523668985,915.7537209953772,644.3005950821876,127.59446862847858,16.188919719625606,0.0669642857142857,0.9330357142857144,development_exploratory_not_untouched_final,C_xgboost_current_pm,hourly_forecast_bucket_aware_arrival_time_exposure,2022-02-27T12:00:00,2022-02-27T11:00:00,12:00
od_16,motorbike,motorbike-1,3518.2726482470057,8.443854355792814,92,119.64352826084748,138.9886292981131,97.78194402000156,19.34510103726562,16.16894897573509,1.0,0.0,development_exploratory_not_untouched_final,C_xgboost_current_pm,hourly_forecast_bucket_aware_arrival_time_exposure,2022-02-27T12:00:00,2022-02-27T11:00:00,12:00
od_16,motorbike,motorbike-2,3558.917201928772,8.541401284629051,96,121.01645987836314,140.53275769185095,98.91873911391777,19.51629781348781,16.1269779607701,0.1058823529411764,0.8941176470588236,development_exploratory_not_untouched_final,C_xgboost_current_pm,hourly_forecast_bucket_aware_arrival_time_exposure,2022-02-27T12:00:00,2022-02-27T11:00:00,12:00
od_16,motorbike,motorbike-3,3730.253531844718,8.952608476427322,104,127.0996333367645,147.7911271973198,103.73967117067625,20.691493860555312,16.27974315687514,0.0103092783505154,0.9896907216494846,development_exploratory_not_untouched_final,C_xgboost_current_pm,hourly_forecast_bucket_aware_arrival_time_exposure,2022-02-27T12:00:00,2022-02-27T11:00:00,12:00
od_16,motorbike,motorbike-4,4315.9206768779495,10.35820962450708,171,147.26988538183335,171.5093745860378,120.05554386229292,24.23948920420446,16.459230032913812,0.0,1.0,development_exploratory_not_untouched_final,C_xgboost_current_pm,hourly_forecast_bucket_aware_arrival_time_exposure,2022-02-27T12:00:00,2022-02-27T11:00:00,12:00
od_16,motorbike,motorbike-5,4371.406174047021,10.49137481771285,167,148.91280566389537,173.49906590430487,121.47778568972936,24.5862602404095,16.510507696632942,0.0,1.0,development_exploratory_not_untouched_final,C_xgboost_current_pm,hourly_forecast_bucket_aware_arrival_time_exposure,2022-02-27T12:00:00,2022-02-27T11:00:00,12:00
od_16,motorbike,motorbike-6,5438.996656530225,13.053591975672536,174,185.63772572323236,216.13759388301068,151.3275502862509,30.499868159778345,16.429779044616534,0.0,1.0,development_exploratory_not_untouched_final,C_xgboost_current_pm,hourly_forecast_bucket_aware_arrival_time_exposure,2022-02-27T12:00:00,2022-02-27T11:00:00,12:00
od_16,motorbike,motorbike-7,5740.59407093733,13.777425770249591,216,195.77156860863275,228.19116901027303,159.61611284687652,32.41960040164031,16.559912469440537,0.0,1.0,development_exploratory_not_untouched_final,C_xgboost_current_pm,hourly_forecast_bucket_aware_arrival_time_exposure,2022-02-27T12:00:00,2022-02-27T11:00:00,12:00
od_16,motorbike,motorbike-8,4046.094071154421,9.71062577077061,111,137.64775405112078,159.8351384295349,112.48640203856274,22.187384378414123,16.11895851942051,0.0572916666666666,0.9427083333333334,development_exploratory_not_untouched_final,C_xgboost_current_pm,hourly_forecast_bucket_aware_arrival_time_exposure,2022-02-27T12:00:00,2022-02-27T11:00:00,12:00
od_17,walking,walking-1,2869.567443923257,34.43480932707909,109,472.8002455834196,561.6673226172945,386.77664545407066,88.86707703387498,18.79590331519731,1.0,0.0,development_exploratory_not_untouched_final,C_xgboost_current_pm,hourly_forecast_bucket_aware_arrival_time_exposure,2022-02-27T12:00:00,2022-02-27T11:00:00,12:00
od_17,walking,walking-2,3117.1436411806258,37.40572369416751,127,512.5824014153552,609.2042043767259,419.7638872685173,96.62180296137068,18.850003959280727,0.0305676855895196,0.9694323144104804,development_exploratory_not_untouched_final,C_xgboost_current_pm,hourly_forecast_bucket_aware_arrival_time_exposure,2022-02-27T12:00:00,2022-02-27T11:00:00,12:00
od_17,walking,walking-3,3492.8486766457945,41.91418411974953,138,571.6652056731506,680.1420730012114,469.29586844512704,108.47686732806083,18.97559380062786,0.0040650406504065,0.9959349593495936,development_exploratory_not_untouched_final,C_xgboost_current_pm,hourly_forecast_bucket_aware_arrival_time_exposure,2022-02-27T12:00:00,2022-02-27T11:00:00,12:00
od_17,walking,walking-4,3798.92964477752,45.58715573733024,189,625.9860471622148,743.1873973404754,512.2521162080562,117.20135017826055,18.72267771934693,0.0719424460431654,0.9280575539568344,development_exploratory_not_untouched_final,C_xgboost_current_pm,hourly_forecast_bucket_aware_arrival_time_exposure,2022-02-27T12:00:00,2022-02-27T11:00:00,12:00
od_17,walking,walking-5,3699.564317421375,44.3947718090565,171,606.5888602784644,721.0368446308247,497.66079273514976,114.44798435236032,18.867472162251897,0.0108303249097472,0.9891696750902528,development_exploratory_not_untouched_final,C_xgboost_current_pm,hourly_forecast_bucket_aware_arrival_time_exposure,2022-02-27T12:00:00,2022-02-27T11:00:00,12:00
od_17,walking,walking-6,4039.383924892288,48.47260709870746,189,666.4178777400551,791.6601204297987,544.6673117643114,125.24224268974352,18.793349769436396,0.1778656126482213,0.8221343873517787,development_exploratory_not_untouched_final,C_xgboost_current_pm,hourly_forecast_bucket_aware_arrival_time_exposure,2022-02-27T12:00:00,2022-02-27T11:00:00,12:00
od_17,walking,walking-7,3979.441860286413,47.75330232343696,175,649.7353894513913,772.9444479608372,534.2556646132715,123.20905850944598,18.962959461616897,0.0106761565836298,0.98932384341637,development_exploratory_not_untouched_final,C_xgboost_current_pm,hourly_forecast_bucket_aware_arrival_time_exposure,2022-02-27T12:00:00,2022-02-27T11:00:00,12:00
od_17,walking,walking-8,3406.846781900452,40.88216138280541,133,559.9204933754854,665.6160478867841,458.6305742480396,105.69555451129872,18.876886229705967,0.0476190476190476,0.9523809523809524,development_exploratory_not_untouched_final,C_xgboost_current_pm,hourly_forecast_bucket_aware_arrival_time_exposure,2022-02-27T12:00:00,2022-02-27T11:00:00,12:00
od_17,motorbike,motorbike-1,3100.431544695214,7.441035707268513,123,101.97172530084768,121.1422122773096,83.52777664513086,19.17048697646193,18.79980643644417,1.0,0.0,development_exploratory_not_untouched_final,C_xgboost_current_pm,hourly_forecast_bucket_aware_arrival_time_exposure,2022-02-27T12:00:00,2022-02-27T11:00:00,12:00
od_17,motorbike,motorbike-2,3430.7028674671524,8.233686881921164,158,112.04802934277365,133.32801083391817,92.11052404373152,21.279981491144525,18.991839138951303,0.0035714285714285,0.9964285714285714,development_exploratory_not_untouched_final,C_xgboost_current_pm,hourly_forecast_bucket_aware_arrival_time_exposure,2022-02-27T12:00:00,2022-02-27T11:00:00,12:00
od_17,motorbike,motorbike-3,3598.669823020513,8.63680757524923,172,118.02391605759344,140.32166219533312,96.80991279660336,22.297746137739665,18.8925659159274,0.0034013605442176,0.9965986394557824,development_exploratory_not_untouched_final,C_xgboost_current_pm,hourly_forecast_bucket_aware_arrival_time_exposure,2022-02-27T12:00:00,2022-02-27T11:00:00,12:00
od_17,motorbike,motorbike-4,3910.031297179511,9.384075113230828,207,128.71806590819344,152.8375936894016,105.39806014836438,24.11952778120815,18.738261495018968,0.0610932475884244,0.9389067524115756,development_exploratory_not_untouched_final,C_xgboost_current_pm,hourly_forecast_bucket_aware_arrival_time_exposure,2022-02-27T12:00:00,2022-02-27T11:00:00,12:00
od_17,motorbike,motorbike-5,4322.052827981246,10.37292678715499,179,140.83869963802897,167.600268652794,115.95453666579704,26.76156901476503,19.00157349048608,0.0033222591362126,0.9966777408637874,development_exploratory_not_untouched_final,C_xgboost_current_pm,hourly_forecast_bucket_aware_arrival_time_exposure,2022-02-27T12:00:00,2022-02-27T11:00:00,12:00
od_17,motorbike,motorbike-6,4425.4574769019055,10.621097944564571,173,146.03154128742,173.2451743728871,119.47295846209938,27.213633085467137,18.635448784249377,0.1003717472118959,0.8996282527881041,development_exploratory_not_untouched_final,C_xgboost_current_pm,hourly_forecast_bucket_aware_arrival_time_exposure,2022-02-27T12:00:00,2022-02-27T11:00:00,12:00
od_17,motorbike,motorbike-7,4846.264008247869,11.631033619794886,212,157.85190274912256,187.9790687075571,129.93768335558107,30.127165958434546,19.085716062806224,0.0029940119760479,0.997005988023952,development_exploratory_not_untouched_final,C_xgboost_current_pm,hourly_forecast_bucket_aware_arrival_time_exposure,2022-02-27T12:00:00,2022-02-27T11:00:00,12:00
od_17,motorbike,motorbike-8,4544.134894653479,10.90592374716835,236,149.84213039893393,177.89921450576858,122.58838953951869,28.05708410683465,18.72442952601952,0.0466472303206997,0.9533527696793004,development_exploratory_not_untouched_final,C_xgboost_current_pm,hourly_forecast_bucket_aware_arrival_time_exposure,2022-02-27T12:00:00,2022-02-27T11:00:00,12:00
od_18,walking,walking-1,5302.621662889769,63.63145995467723,203,889.8483012555378,1039.8498265950102,730.3010539015753,150.00152533947244,16.856977209241926,1.0,0.0,development_exploratory_not_untouched_final,C_xgboost_current_pm,hourly_forecast_bucket_aware_arrival_time_exposure,2022-02-27T12:00:00,2022-02-27T11:00:00,12:00
od_18,walking,walking-2,5453.31078610955,65.43972943331461,229,914.5301188565948,1066.5080019122822,750.5233880426754,151.97788305568747,16.618138639949894,0.1612903225806451,0.8387096774193549,development_exploratory_not_untouched_final,C_xgboost_current_pm,hourly_forecast_bucket_aware_arrival_time_exposure,2022-02-27T12:00:00,2022-02-27T11:00:00,12:00
od_18,walking,walking-3,5886.37401271426,70.63648815257112,231,992.4501753701342,1149.7546974213633,813.3321058418729,157.30452205122913,15.85011781498879,0.0,1.0,development_exploratory_not_untouched_final,C_xgboost_current_pm,hourly_forecast_bucket_aware_arrival_time_exposure,2022-02-27T12:00:00,2022-02-27T11:00:00,12:00
od_18,walking,walking-4,5942.626807119122,71.31152168542945,200,1001.3593585823992,1159.1213630246968,820.8847187878793,157.76200444229778,15.75478404332664,0.0176767676767676,0.9823232323232324,development_exploratory_not_untouched_final,C_xgboost_current_pm,hourly_forecast_bucket_aware_arrival_time_exposure,2022-02-27T12:00:00,2022-02-27T11:00:00,12:00
od_18,walking,walking-5,5308.283968697918,63.69940762437501,204,890.79401272613,1040.2704994757005,731.0177743915593,149.4764867495703,16.78014048299695,0.938095238095238,0.0619047619047619,development_exploratory_not_untouched_final,C_xgboost_current_pm,hourly_forecast_bucket_aware_arrival_time_exposure,2022-02-27T12:00:00,2022-02-27T11:00:00,12:00
od_18,walking,walking-6,5308.400234141976,63.70080280970371,204,890.8135611169888,1040.2934107889118,731.0338627308964,149.47984967192303,16.78014976382832,0.9473684210526316,0.0526315789473684,development_exploratory_not_untouched_final,C_xgboost_current_pm,hourly_forecast_bucket_aware_arrival_time_exposure,2022-02-27T12:00:00,2022-02-27T11:00:00,12:00
od_18,walking,walking-7,5309.089136494983,63.7090696379398,205,890.929168031465,1040.4284854073665,731.1280535230843,149.49931737590146,16.780157473823056,0.933649289099526,0.0663507109004739,development_exploratory_not_untouched_final,C_xgboost_current_pm,hourly_forecast_bucket_aware_arrival_time_exposure,2022-02-27T12:00:00,2022-02-27T11:00:00,12:00
od_18,walking,walking-8,5309.1663973922905,63.70999676870749,197,890.9548797547111,1040.4611733705572,731.1404996484499,149.50629361584606,16.78045622882796,0.6194331983805668,0.3805668016194332,development_exploratory_not_untouched_final,C_xgboost_current_pm,hourly_forecast_bucket_aware_arrival_time_exposure,2022-02-27T12:00:00,2022-02-27T11:00:00,12:00
od_18,motorbike,motorbike-1,5302.621662889769,12.726291990935444,203,177.96966025110743,208.7391844729607,146.15892459459187,30.76952422185326,17.289196472274433,1.0,0.0,development_exploratory_not_untouched_final,C_xgboost_current_pm,hourly_forecast_bucket_aware_arrival_time_exposure,2022-02-27T12:00:00,2022-02-27T11:00:00,12:00
od_18,motorbike,motorbike-2,5717.7226839283285,13.722534441427989,212,193.01686414918984,225.96097498795285,158.32959457251937,32.94411083876301,17.067996096599774,0.0272277227722772,0.9727722772277227,development_exploratory_not_untouched_final,C_xgboost_current_pm,hourly_forecast_bucket_aware_arrival_time_exposure,2022-02-27T12:00:00,2022-02-27T11:00:00,12:00
od_18,motorbike,motorbike-3,6081.216092446163,14.594918621870791,196,204.7625374319384,239.94059330136585,168.08679728520875,35.17805586942748,17.1799276911776,0.0,1.0,development_exploratory_not_untouched_final,C_xgboost_current_pm,hourly_forecast_bucket_aware_arrival_time_exposure,2022-02-27T12:00:00,2022-02-27T11:00:00,12:00
od_18,motorbike,motorbike-4,6866.884558121766,16.48052293949224,281,228.80946139973307,268.8856604227914,188.35231633243217,40.07619902305831,17.515096962290677,0.0,1.0,development_exploratory_not_untouched_final,C_xgboost_current_pm,hourly_forecast_bucket_aware_arrival_time_exposure,2022-02-27T12:00:00,2022-02-27T11:00:00,12:00
od_18,motorbike,motorbike-5,6679.123938559837,16.02989745254361,243,225.4682872675484,264.0059714473466,184.96556785143747,38.53768417979819,17.09228585839571,0.0,1.0,development_exploratory_not_untouched_final,C_xgboost_current_pm,hourly_forecast_bucket_aware_arrival_time_exposure,2022-02-27T12:00:00,2022-02-27T11:00:00,12:00
od_18,motorbike,motorbike-6,7275.468701341869,17.461124883220485,263,246.07097838216376,287.66385624198085,201.8248379591165,41.59287785981709,16.90279696259862,0.0130434782608695,0.9869565217391304,development_exploratory_not_untouched_final,C_xgboost_current_pm,hourly_forecast_bucket_aware_arrival_time_exposure,2022-02-27T12:00:00,2022-02-27T11:00:00,12:00
od_18,motorbike,motorbike-7,7933.760205359548,19.04102449286292,333,265.9053344656312,311.09657823477727,218.81789742449791,45.19124376914607,16.995237745028064,0.0132325141776937,0.9867674858223062,development_exploratory_not_untouched_final,C_xgboost_current_pm,hourly_forecast_bucket_aware_arrival_time_exposure,2022-02-27T12:00:00,2022-02-27T11:00:00,12:00
od_18,motorbike,motorbike-8,8688.186354942,20.8516472518608,323,288.6341014416925,339.56635797601683,237.69627364204888,50.93225653432432,17.645959462143885,0.0,1.0,development_exploratory_not_untouched_final,C_xgboost_current_pm,hourly_forecast_bucket_aware_arrival_time_exposure,2022-02-27T12:00:00,2022-02-27T11:00:00,12:00
od_19,walking,walking-1,4418.02744247005,53.01632930964061,189,729.4286499841613,842.0102758922018,608.3962670787568,112.58162590804044,15.434220456035696,1.0,0.0,development_exploratory_not_untouched_final,C_xgboost_current_pm,hourly_forecast_bucket_aware_arrival_time_exposure,2022-02-27T12:00:00,2022-02-27T11:00:00,12:00
od_19,walking,walking-2,4669.099392270077,56.02919270724093,200,772.7090266623298,893.0459145151043,643.3821883150733,120.33688785277444,15.57337674345056,0.0428954423592493,0.9571045576407506,development_exploratory_not_untouched_final,C_xgboost_current_pm,hourly_forecast_bucket_aware_arrival_time_exposure,2022-02-27T12:00:00,2022-02-27T11:00:00,12:00
od_19,walking,walking-3,4794.828675782964,57.53794410939557,214,796.8641837972195,921.7201952960366,661.8664610830295,124.85601149881713,15.668418036289808,0.0176767676767676,0.9823232323232324,development_exploratory_not_untouched_final,C_xgboost_current_pm,hourly_forecast_bucket_aware_arrival_time_exposure,2022-02-27T12:00:00,2022-02-27T11:00:00,12:00
od_19,walking,walking-4,4983.018894738077,59.79622673685692,199,822.4491400116407,949.603413473285,686.0871951595224,127.15427346164428,15.460442144768315,0.0291777188328912,0.9708222811671088,development_exploratory_not_untouched_final,C_xgboost_current_pm,hourly_forecast_bucket_aware_arrival_time_exposure,2022-02-27T12:00:00,2022-02-27T11:00:00,12:00
od_19,walking,walking-5,5519.494188661551,66.23393026393862,225,917.3080245503436,1053.150941086852,762.2973906965192,135.8429165365086,14.808866040727992,0.0072992700729927,0.9927007299270072,development_exploratory_not_untouched_final,C_xgboost_current_pm,hourly_forecast_bucket_aware_arrival_time_exposure,2022-02-27T12:00:00,2022-02-27T11:00:00,12:00
od_19,walking,walking-6,4419.070388169506,53.02884465803408,189,729.6028321211346,842.2147511698884,608.540168505126,112.61191904875376,15.434687763116717,0.9790575916230366,0.0209424083769633,development_exploratory_not_untouched_final,C_xgboost_current_pm,hourly_forecast_bucket_aware_arrival_time_exposure,2022-02-27T12:00:00,2022-02-27T11:00:00,12:00
od_19,walking,walking-7,4419.312988553481,53.031755862641766,190,729.6392796145178,842.2487462604184,608.5737147923847,112.60946664590062,15.433580646233072,0.9739583333333334,0.0260416666666666,development_exploratory_not_untouched_final,C_xgboost_current_pm,hourly_forecast_bucket_aware_arrival_time_exposure,2022-02-27T12:00:00,2022-02-27T11:00:00,12:00
od_19,walking,walking-8,4420.03263678007,53.04039164136084,188,729.755522019813,842.3864640942315,608.670737613383,112.6309420744185,15.434065063691362,0.904040404040404,0.0959595959595959,development_exploratory_not_untouched_final,C_xgboost_current_pm,hourly_forecast_bucket_aware_arrival_time_exposure,2022-02-27T12:00:00,2022-02-27T11:00:00,12:00
od_19,motorbike,motorbike-1,4452.229550030954,10.685350920074288,188,147.00902912867835,169.6997025419948,122.6186242905984,22.69067341331646,15.434884202558136,1.0,0.0,development_exploratory_not_untouched_final,C_xgboost_current_pm,hourly_forecast_bucket_aware_arrival_time_exposure,2022-02-27T12:00:00,2022-02-27T11:00:00,12:00
od_19,motorbike,motorbike-2,4754.873068349656,11.411695364039174,204,157.38679811459096,181.85594172275856,131.04952838899635,24.4691436081676,15.54713857915324,0.0343007915567282,0.9656992084432716,development_exploratory_not_untouched_final,C_xgboost_current_pm,hourly_forecast_bucket_aware_arrival_time_exposure,2022-02-27T12:00:00,2022-02-27T11:00:00,12:00
od_19,motorbike,motorbike-3,4874.50019299605,11.698800463190516,224,161.9745171427214,187.3562126636321,134.55480114250773,25.38169552091071,15.670178228434548,0.03,0.97,development_exploratory_not_untouched_final,C_xgboost_current_pm,hourly_forecast_bucket_aware_arrival_time_exposure,2022-02-27T12:00:00,2022-02-27T11:00:00,12:00
od_19,motorbike,motorbike-4,5145.295096555073,12.348708231732171,202,169.81109408954163,196.0874711813129,141.6679665302938,26.27637709177125,15.473887164236558,0.0893854748603352,0.9106145251396648,development_exploratory_not_untouched_final,C_xgboost_current_pm,hourly_forecast_bucket_aware_arrival_time_exposure,2022-02-27T12:00:00,2022-02-27T11:00:00,12:00
od_19,motorbike,motorbike-5,6605.204278532614,15.852490268478272,248,216.4516296525504,249.3179448263444,181.4001810271791,32.866315173793936,15.184138473131924,0.0022988505747126,0.9977011494252872,development_exploratory_not_untouched_final,C_xgboost_current_pm,hourly_forecast_bucket_aware_arrival_time_exposure,2022-02-27T12:00:00,2022-02-27T11:00:00,12:00
od_19,motorbike,motorbike-6,5903.006512813113,14.16721563075147,246,196.9660082792854,228.03098762331655,163.23160218659382,31.064979344031173,15.771746412194627,0.0163934426229508,0.9836065573770492,development_exploratory_not_untouched_final,C_xgboost_current_pm,hourly_forecast_bucket_aware_arrival_time_exposure,2022-02-27T12:00:00,2022-02-27T11:00:00,12:00
od_19,motorbike,motorbike-7,6287.954321782368,15.091090372277684,233,209.14926811479663,241.8151559146304,173.66157337570934,32.66588779983371,15.618456662207514,0.0120192307692307,0.9879807692307692,development_exploratory_not_untouched_final,C_xgboost_current_pm,hourly_forecast_bucket_aware_arrival_time_exposure,2022-02-27T12:00:00,2022-02-27T11:00:00,12:00
od_19,motorbike,motorbike-8,8408.646974442783,20.18075273866268,306,281.84456167936355,326.9578309345323,232.9094742278863,45.113269255168746,16.00643595404591,0.0102249488752556,0.9897750511247444,development_exploratory_not_untouched_final,C_xgboost_current_pm,hourly_forecast_bucket_aware_arrival_time_exposure,2022-02-27T12:00:00,2022-02-27T11:00:00,12:00
od_20,walking,walking-1,3870.689305537254,46.44827166644704,130,567.13408636077,685.7167980834503,496.5740241974228,118.5827117226803,20.909113836484604,1.0,0.0,development_exploratory_not_untouched_final,C_xgboost_current_pm,hourly_forecast_bucket_aware_arrival_time_exposure,2022-02-27T12:00:00,2022-02-27T11:00:00,12:00
od_20,walking,walking-2,3950.8530504774094,47.41023660572891,187,596.2103994851724,716.6484765696777,513.6472388883882,120.43807708450528,20.200599853424823,0.1241134751773049,0.875886524822695,development_exploratory_not_untouched_final,C_xgboost_current_pm,hourly_forecast_bucket_aware_arrival_time_exposure,2022-02-27T12:00:00,2022-02-27T11:00:00,12:00
od_20,walking,walking-3,4345.859001048228,52.15030801257873,109,629.8075893464313,763.2096004821328,554.7991570947181,133.4020111357015,21.18139149039732,0.0622222222222222,0.9377777777777778,development_exploratory_not_untouched_final,C_xgboost_current_pm,hourly_forecast_bucket_aware_arrival_time_exposure,2022-02-27T12:00:00,2022-02-27T11:00:00,12:00
od_20,walking,walking-4,4882.235947122253,58.58683136546703,155,727.9423567264064,876.850549228694,631.4816655318499,148.90819250228765,20.456041762968063,0.051660516605166,0.948339483394834,development_exploratory_not_untouched_final,C_xgboost_current_pm,hourly_forecast_bucket_aware_arrival_time_exposure,2022-02-27T12:00:00,2022-02-27T11:00:00,12:00
od_20,walking,walking-5,4964.158644154792,59.5699037298575,207,748.5143885052298,900.0803490295152,644.9719346971195,151.5659605242854,20.248904076107337,0.0664556962025316,0.9335443037974684,development_exploratory_not_untouched_final,C_xgboost_current_pm,hourly_forecast_bucket_aware_arrival_time_exposure,2022-02-27T12:00:00,2022-02-27T11:00:00,12:00
od_20,walking,walking-6,3870.805038637056,46.44966046364468,131,567.1478114666716,685.734184959958,496.5874862874433,118.58637349328647,20.909253477786752,0.9191176470588236,0.0808823529411765,development_exploratory_not_untouched_final,C_xgboost_current_pm,hourly_forecast_bucket_aware_arrival_time_exposure,2022-02-27T12:00:00,2022-02-27T11:00:00,12:00
od_20,walking,walking-7,3871.082348784088,46.452988185409055,131,567.1913868523113,685.786282601094,496.62411633064255,118.59489574878262,20.90914962706637,0.9333333333333332,0.0666666666666666,development_exploratory_not_untouched_final,C_xgboost_current_pm,hourly_forecast_bucket_aware_arrival_time_exposure,2022-02-27T12:00:00,2022-02-27T11:00:00,12:00
od_20,walking,walking-8,3872.345590797201,46.468147089566415,131,567.3904945369254,686.0242222559469,496.7912027390614,118.63372771902152,20.90865618322425,0.962406015037594,0.037593984962406,development_exploratory_not_untouched_final,C_xgboost_current_pm,hourly_forecast_bucket_aware_arrival_time_exposure,2022-02-27T12:00:00,2022-02-27T11:00:00,12:00
od_20,motorbike,motorbike-1,3654.393112300191,8.770543469520456,116,107.05254284770936,129.47145094147635,93.72795428099036,22.418908093766987,20.941966904662547,1.0,0.0,development_exploratory_not_untouched_final,C_xgboost_current_pm,hourly_forecast_bucket_aware_arrival_time_exposure,2022-02-27T12:00:00,2022-02-27T11:00:00,12:00
od_20,motorbike,motorbike-2,3919.565781839212,9.406957876414108,140,115.38779953257608,139.41052114192047,100.7551019935092,24.022721609344387,20.81911753812615,0.3544973544973545,0.6455026455026456,development_exploratory_not_untouched_final,C_xgboost_current_pm,hourly_forecast_bucket_aware_arrival_time_exposure,2022-02-27T12:00:00,2022-02-27T11:00:00,12:00
od_20,motorbike,motorbike-3,4201.855861486638,10.08445406756793,131,122.529082816252,148.31040367443018,107.5663625805334,25.78132085817816,21.04098085581897,0.235,0.765,development_exploratory_not_untouched_final,C_xgboost_current_pm,hourly_forecast_bucket_aware_arrival_time_exposure,2022-02-27T12:00:00,2022-02-27T11:00:00,12:00
od_20,motorbike,motorbike-4,4941.221431558331,11.858931435739994,218,148.9634141285723,179.0747930819267,128.43272253927194,30.111378953354404,20.21394255059492,0.0536277602523659,0.946372239747634,development_exploratory_not_untouched_final,C_xgboost_current_pm,hourly_forecast_bucket_aware_arrival_time_exposure,2022-02-27T12:00:00,2022-02-27T11:00:00,12:00
od_20,motorbike,motorbike-5,5457.211260147203,13.097307024353286,244,169.630803879359,202.8240248066296,143.8014199839876,33.1932209272706,19.567920547542496,0.0169491525423728,0.9830508474576272,development_exploratory_not_untouched_final,C_xgboost_current_pm,hourly_forecast_bucket_aware_arrival_time_exposure,2022-02-27T12:00:00,2022-02-27T11:00:00,12:00
od_20,motorbike,motorbike-6,6581.540642478123,15.795697541947495,278,202.11961594474053,242.27421315388625,172.43639469551607,40.15459720914572,19.866749212567267,0.0233766233766233,0.9766233766233766,development_exploratory_not_untouched_final,C_xgboost_current_pm,hourly_forecast_bucket_aware_arrival_time_exposure,2022-02-27T12:00:00,2022-02-27T11:00:00,12:00
od_20,motorbike,motorbike-7,7460.396092847425,17.90495062283382,316,234.98571663155715,279.8347574752049,198.26206597899147,44.84904084364777,19.08585827536414,0.0236966824644549,0.976303317535545,development_exploratory_not_untouched_final,C_xgboost_current_pm,hourly_forecast_bucket_aware_arrival_time_exposure,2022-02-27T12:00:00,2022-02-27T11:00:00,12:00
od_20,motorbike,motorbike-8,7893.002443534943,18.94320586448386,322,250.4828746639793,298.35654402261787,210.10328885830216,47.87366935863861,19.112551875197354,0.0115473441108545,0.9884526558891455,development_exploratory_not_untouched_final,C_xgboost_current_pm,hourly_forecast_bucket_aware_arrival_time_exposure,2022-02-27T12:00:00,2022-02-27T11:00:00,12:00
od_21,walking,walking-1,3656.554209845969,43.87865051815163,198,587.3360983654916,695.9423935774906,491.5281595694896,108.60629521199904,18.49133664936337,1.0,0.0,development_exploratory_not_untouched_final,C_xgboost_current_pm,hourly_forecast_bucket_aware_arrival_time_exposure,2022-02-27T12:00:00,2022-02-27T11:00:00,12:00
od_21,walking,walking-2,3703.420846934152,44.44105016320982,153,599.4391828492064,709.3161803522574,499.53094634582726,109.87699750305104,18.329965849211334,0.0636363636363636,0.9363636363636364,development_exploratory_not_untouched_final,C_xgboost_current_pm,hourly_forecast_bucket_aware_arrival_time_exposure,2022-02-27T12:00:00,2022-02-27T11:00:00,12:00
od_21,walking,walking-3,3775.065186328442,45.300782235941305,157,613.9359534698332,725.8543803354099,510.1956917963345,111.91842686557676,18.22965835980741,0.0349854227405247,0.9650145772594751,development_exploratory_not_untouched_final,C_xgboost_current_pm,hourly_forecast_bucket_aware_arrival_time_exposure,2022-02-27T12:00:00,2022-02-27T11:00:00,12:00
od_21,walking,walking-4,4127.407665016449,49.52889198019739,170,673.150832893209,795.2962301417208,558.4711660567298,122.1453972485118,18.14532364515241,0.0137741046831955,0.9862258953168044,development_exploratory_not_untouched_final,C_xgboost_current_pm,hourly_forecast_bucket_aware_arrival_time_exposure,2022-02-27T12:00:00,2022-02-27T11:00:00,12:00
od_21,walking,walking-5,4231.384507489439,50.77661408987327,209,683.0848646966124,808.6848169754883,570.3012145924723,125.59995227887588,18.38716662748197,0.0074257425742574,0.9925742574257426,development_exploratory_not_untouched_final,C_xgboost_current_pm,hourly_forecast_bucket_aware_arrival_time_exposure,2022-02-27T12:00:00,2022-02-27T11:00:00,12:00
od_21,walking,walking-6,4736.583304188543,56.83899965026252,231,773.4032594123772,913.7296664611312,641.2192901272365,140.32640704875394,18.14401547200257,0.0046838407494145,0.9953161592505856,development_exploratory_not_untouched_final,C_xgboost_current_pm,hourly_forecast_bucket_aware_arrival_time_exposure,2022-02-27T12:00:00,2022-02-27T11:00:00,12:00
od_21,walking,walking-7,4840.254960892578,58.08305953071094,256,781.7476497910652,925.3796102120166,652.293829489692,143.63196042095137,18.37318736542916,0.1209876543209876,0.8790123456790123,development_exploratory_not_untouched_final,C_xgboost_current_pm,hourly_forecast_bucket_aware_arrival_time_exposure,2022-02-27T12:00:00,2022-02-27T11:00:00,12:00
od_21,walking,walking-8,4738.2173129590965,56.85860775550916,191,768.0842200982153,908.7961678690608,639.4150703449474,140.71194777084543,18.31985921450808,0.0236842105263157,0.9763157894736842,development_exploratory_not_untouched_final,C_xgboost_current_pm,hourly_forecast_bucket_aware_arrival_time_exposure,2022-02-27T12:00:00,2022-02-27T11:00:00,12:00
od_21,motorbike,motorbike-1,3770.566646302767,9.04935995112664,154,122.62795359194756,144.98482350347024,101.90984195086575,22.356869911522665,18.231462938635172,1.0,0.0,development_exploratory_not_untouched_final,C_xgboost_current_pm,hourly_forecast_bucket_aware_arrival_time_exposure,2022-02-27T12:00:00,2022-02-27T11:00:00,12:00
od_21,motorbike,motorbike-2,3880.3113618434136,9.312747268424191,202,124.83684248853852,147.86840102776762,104.40113288483585,23.03155853922911,18.449328002944064,0.0953846153846153,0.9046153846153846,development_exploratory_not_untouched_final,C_xgboost_current_pm,hourly_forecast_bucket_aware_arrival_time_exposure,2022-02-27T12:00:00,2022-02-27T11:00:00,12:00
od_21,motorbike,motorbike-3,4009.0199907207616,9.621647977729827,176,129.3668776633855,153.15878604779485,108.04116550750672,23.79190838440934,18.391035490797133,0.03125,0.96875,development_exploratory_not_untouched_final,C_xgboost_current_pm,hourly_forecast_bucket_aware_arrival_time_exposure,2022-02-27T12:00:00,2022-02-27T11:00:00,12:00
od_21,motorbike,motorbike-4,4351.407359613082,10.443377663071397,197,141.6395350745308,167.42032060766715,117.63869681727655,25.78078553313634,18.20168748758634,0.0144508670520231,0.9855491329479767,development_exploratory_not_untouched_final,C_xgboost_current_pm,hourly_forecast_bucket_aware_arrival_time_exposure,2022-02-27T12:00:00,2022-02-27T11:00:00,12:00
od_21,motorbike,motorbike-5,4780.991840857919,11.474380418059006,236,151.86088123626558,180.32355540402384,127.91885893646736,28.46267416775828,18.74259778821905,0.0051546391752577,0.9948453608247424,development_exploratory_not_untouched_final,C_xgboost_current_pm,hourly_forecast_bucket_aware_arrival_time_exposure,2022-02-27T12:00:00,2022-02-27T11:00:00,12:00
od_21,motorbike,motorbike-6,5023.670349757082,12.056808839416997,227,162.46151846198427,192.28856757564773,135.46756058828046,29.827049113663463,18.35945483954278,0.0052770448548812,0.9947229551451188,development_exploratory_not_untouched_final,C_xgboost_current_pm,hourly_forecast_bucket_aware_arrival_time_exposure,2022-02-27T12:00:00,2022-02-27T11:00:00,12:00
od_21,motorbike,motorbike-7,6111.949874884903,14.668679699723764,290,200.784264310352,237.061694328609,165.74977599034526,36.27743001825704,18.06786510031636,0.004524886877828,0.995475113122172,development_exploratory_not_untouched_final,C_xgboost_current_pm,hourly_forecast_bucket_aware_arrival_time_exposure,2022-02-27T12:00:00,2022-02-27T11:00:00,12:00
od_21,motorbike,motorbike-8,6565.283984766543,15.756681563439704,324,207.0168327166753,246.2380205029872,175.15820578562946,39.22118778631187,18.945893081066632,0.0042016806722689,0.9957983193277312,development_exploratory_not_untouched_final,C_xgboost_current_pm,hourly_forecast_bucket_aware_arrival_time_exposure,2022-02-27T12:00:00,2022-02-27T11:00:00,12:00
od_22,walking,walking-1,2923.0830049804026,35.07699605976483,139,478.39839757962335,547.020500821739,401.9156874711141,68.62210324211566,14.344133172121332,1.0,0.0,development_exploratory_not_untouched_final,C_xgboost_current_pm,hourly_forecast_bucket_aware_arrival_time_exposure,2022-02-27T12:00:00,2022-02-27T11:00:00,12:00
od_22,walking,walking-2,3130.359741676711,37.56431690012053,141,511.8244321448561,585.1931275333299,430.2227390661986,73.36869538847378,14.334738785527346,0.081081081081081,0.9189189189189187,development_exploratory_not_untouched_final,C_xgboost_current_pm,hourly_forecast_bucket_aware_arrival_time_exposure,2022-02-27T12:00:00,2022-02-27T11:00:00,12:00
od_22,walking,walking-3,3298.849895487439,39.58619874584927,128,538.6009651919322,616.1254926666066,452.98006452419946,77.52452747467441,14.393685211285929,0.0075471698113207,0.9924528301886792,development_exploratory_not_untouched_final,C_xgboost_current_pm,hourly_forecast_bucket_aware_arrival_time_exposure,2022-02-27T12:00:00,2022-02-27T11:00:00,12:00
od_22,walking,walking-4,3634.672604218706,43.61607125062448,178,595.8537492508041,681.262223277199,500.15256505559626,85.40847402639497,14.333798206990089,0.0325732899022801,0.96742671009772,development_exploratory_not_untouched_final,C_xgboost_current_pm,hourly_forecast_bucket_aware_arrival_time_exposure,2022-02-27T12:00:00,2022-02-27T11:00:00,12:00
od_22,walking,walking-5,3937.347627248149,47.248171526977785,194,642.1688931529823,734.3505870468556,540.4495600280901,92.18169389387332,14.354742946403215,0.003012048192771,0.9969879518072288,development_exploratory_not_untouched_final,C_xgboost_current_pm,hourly_forecast_bucket_aware_arrival_time_exposure,2022-02-27T12:00:00,2022-02-27T11:00:00,12:00
od_22,walking,walking-6,4028.912822926736,48.34695387512083,213,658.5814562397627,752.9969307862694,553.6620223545451,94.41547454650674,14.336187824901938,0.0114942528735632,0.9885057471264368,development_exploratory_not_untouched_final,C_xgboost_current_pm,hourly_forecast_bucket_aware_arrival_time_exposure,2022-02-27T12:00:00,2022-02-27T11:00:00,12:00
od_22,walking,walking-7,3966.091453703494,47.59309744444193,223,649.6661130104986,742.5476455867439,545.6266246220589,92.88153257624526,14.2968104255646,0.13125,0.86875,development_exploratory_not_untouched_final,C_xgboost_current_pm,hourly_forecast_bucket_aware_arrival_time_exposure,2022-02-27T12:00:00,2022-02-27T11:00:00,12:00
od_22,walking,walking-8,3906.1922019945778,46.87430642393494,186,638.0646733034856,729.8562475258924,536.512815502063,91.79157422240678,14.385935793494014,0.0517799352750809,0.948220064724919,development_exploratory_not_untouched_final,C_xgboost_current_pm,hourly_forecast_bucket_aware_arrival_time_exposure,2022-02-27T12:00:00,2022-02-27T11:00:00,12:00
od_22,motorbike,motorbike-1,2923.0830049804026,7.015399211952966,139,95.6796795159246,109.40410016434778,80.3831374942228,13.724420648423177,14.34413317212139,1.0,0.0,development_exploratory_not_untouched_final,C_xgboost_current_pm,hourly_forecast_bucket_aware_arrival_time_exposure,2022-02-27T12:00:00,2022-02-27T11:00:00,12:00
od_22,motorbike,motorbike-2,3253.4797045440173,7.80835129090564,151,106.2989383211851,121.59819354702717,89.37438583318752,15.299255225842046,14.392669830450172,0.0069444444444444,0.9930555555555556,development_exploratory_not_untouched_final,C_xgboost_current_pm,hourly_forecast_bucket_aware_arrival_time_exposure,2022-02-27T12:00:00,2022-02-27T11:00:00,12:00
od_22,motorbike,motorbike-3,3246.293405767103,7.791104173841047,155,106.23543792578036,121.4931809573889,89.2565691163101,15.257743031608529,14.362197143921124,0.1484375,0.8515625,development_exploratory_not_untouched_final,C_xgboost_current_pm,hourly_forecast_bucket_aware_arrival_time_exposure,2022-02-27T12:00:00,2022-02-27T11:00:00,12:00
od_22,motorbike,motorbike-4,3447.2453151415484,8.273388756339717,165,112.46879626828516,128.7613669472646,94.60384196168576,16.29257067897946,14.486303063220184,0.0066225165562913,0.9933774834437086,development_exploratory_not_untouched_final,C_xgboost_current_pm,hourly_forecast_bucket_aware_arrival_time_exposure,2022-02-27T12:00:00,2022-02-27T11:00:00,12:00
od_22,motorbike,motorbike-5,3792.1061157127183,9.101054677710524,198,124.3475462934338,142.2454660610215,104.35026825641538,17.897919767587695,14.393464367485311,0.0305810397553516,0.9694189602446484,development_exploratory_not_untouched_final,C_xgboost_current_pm,hourly_forecast_bucket_aware_arrival_time_exposure,2022-02-27T12:00:00,2022-02-27T11:00:00,12:00
od_22,motorbike,motorbike-6,5150.575893512994,12.361382144431188,235,169.27667929518466,193.36570498067132,141.96520185535647,24.08902568548669,14.230563705399874,0.0080862533692722,0.9919137466307276,development_exploratory_not_untouched_final,C_xgboost_current_pm,hourly_forecast_bucket_aware_arrival_time_exposure,2022-02-27T12:00:00,2022-02-27T11:00:00,12:00
od_22,motorbike,motorbike-7,4930.396361172614,11.832951266814272,245,161.04498894539344,183.46443580164905,135.64002071038348,22.419446856255576,13.92123219919465,0.0294906166219839,0.970509383378016,development_exploratory_not_untouched_final,C_xgboost_current_pm,hourly_forecast_bucket_aware_arrival_time_exposure,2022-02-27T12:00:00,2022-02-27T11:00:00,12:00
od_22,motorbike,motorbike-8,7206.146067977132,17.294750563145115,287,236.88165726379,269.563801964728,198.9403317583247,32.68214470093798,13.79682372981009,0.0023529411764705,0.9976470588235294,development_exploratory_not_untouched_final,C_xgboost_current_pm,hourly_forecast_bucket_aware_arrival_time_exposure,2022-02-27T12:00:00,2022-02-27T11:00:00,12:00
od_23,walking,walking-1,4221.266579474209,50.65519895369051,125,712.5267952394837,834.8765526385389,584.4437062001953,122.3497573990552,17.171250010034058,1.0,0.0,development_exploratory_not_untouched_final,C_xgboost_current_pm,hourly_forecast_bucket_aware_arrival_time_exposure,2022-02-27T12:00:00,2022-02-27T11:00:00,12:00
od_23,walking,walking-2,4277.290032966221,51.327480395594655,135,721.8968506985252,845.8413528194176,592.1676005989056,123.94450212089237,17.16928145634111,0.1872146118721461,0.812785388127854,development_exploratory_not_untouched_final,C_xgboost_current_pm,hourly_forecast_bucket_aware_arrival_time_exposure,2022-02-27T12:00:00,2022-02-27T11:00:00,12:00
od_23,walking,walking-3,5021.308970105159,60.2557076412619,175,849.431998123372,995.2706860837898,696.0703024752895,145.8386879604178,17.168965647940674,0.0101010101010101,0.98989898989899,development_exploratory_not_untouched_final,C_xgboost_current_pm,hourly_forecast_bucket_aware_arrival_time_exposure,2022-02-27T12:00:00,2022-02-27T11:00:00,12:00
od_23,walking,walking-4,5288.480351008413,63.46176421210096,202,889.4642943227227,1039.7303194275391,730.4030566636338,150.26602510481644,16.893991817764377,0.0,1.0,development_exploratory_not_untouched_final,C_xgboost_current_pm,hourly_forecast_bucket_aware_arrival_time_exposure,2022-02-27T12:00:00,2022-02-27T11:00:00,12:00
od_23,walking,walking-5,5373.048826836592,64.4765859220391,234,902.2566572286548,1053.8198092907635,741.2219946745157,151.56315206210866,16.79823039794969,0.0169971671388102,0.9830028328611898,development_exploratory_not_untouched_final,C_xgboost_current_pm,hourly_forecast_bucket_aware_arrival_time_exposure,2022-02-27T12:00:00,2022-02-27T11:00:00,12:00
od_23,walking,walking-6,4221.918341608979,50.66302009930776,125,712.6511378110673,835.0217708622855,584.5407247704651,122.3706330512182,17.171183284304274,0.968503937007874,0.031496062992126,development_exploratory_not_untouched_final,C_xgboost_current_pm,hourly_forecast_bucket_aware_arrival_time_exposure,2022-02-27T12:00:00,2022-02-27T11:00:00,12:00
od_23,walking,walking-7,4223.545173895734,50.6825420867488,124,712.8973244107827,835.3116985442274,584.7534295841599,122.41437413344464,17.171389194737326,0.9606299212598424,0.0393700787401575,development_exploratory_not_untouched_final,C_xgboost_current_pm,hourly_forecast_bucket_aware_arrival_time_exposure,2022-02-27T12:00:00,2022-02-27T11:00:00,12:00
od_23,walking,walking-8,4225.394324659734,50.7047318959168,125,713.236564131664,835.7082929937543,585.0225110007343,122.47172886209034,17.17126336774316,0.968503937007874,0.031496062992126,development_exploratory_not_untouched_final,C_xgboost_current_pm,hourly_forecast_bucket_aware_arrival_time_exposure,2022-02-27T12:00:00,2022-02-27T11:00:00,12:00
od_23,motorbike,motorbike-1,4397.937440340368,10.555049856816884,142,148.45714149929796,173.95124017840595,121.78353726001032,25.494098679107992,17.17269942128621,1.0,0.0,development_exploratory_not_untouched_final,C_xgboost_current_pm,hourly_forecast_bucket_aware_arrival_time_exposure,2022-02-27T12:00:00,2022-02-27T11:00:00,12:00
od_23,motorbike,motorbike-2,4618.640272626199,11.084736654302876,144,155.8415273690785,182.6061166992056,127.85324832338743,26.76458933012705,17.17423448163508,0.1532258064516129,0.8467741935483871,development_exploratory_not_untouched_final,C_xgboost_current_pm,hourly_forecast_bucket_aware_arrival_time_exposure,2022-02-27T12:00:00,2022-02-27T11:00:00,12:00
od_23,motorbike,motorbike-3,4979.400370424192,11.95056088901806,171,167.8096197185913,196.84302327804275,137.75004545617344,29.033403559451443,17.30139404888651,0.102112676056338,0.897887323943662,development_exploratory_not_untouched_final,C_xgboost_current_pm,hourly_forecast_bucket_aware_arrival_time_exposure,2022-02-27T12:00:00,2022-02-27T11:00:00,12:00
od_23,motorbike,motorbike-4,5334.869162264364,12.803685989434474,205,179.23466289201642,210.44597830927677,147.2582968382151,31.211315417260323,17.41366034541221,0.0266272189349112,0.9733727810650888,development_exploratory_not_untouched_final,C_xgboost_current_pm,hourly_forecast_bucket_aware_arrival_time_exposure,2022-02-27T12:00:00,2022-02-27T11:00:00,12:00
od_23,motorbike,motorbike-5,6846.717874696213,16.43212289927091,228,229.9344245614372,269.3210794846914,189.0269817802887,39.38665492325418,17.12951638206322,0.0335195530726257,0.9664804469273744,development_exploratory_not_untouched_final,C_xgboost_current_pm,hourly_forecast_bucket_aware_arrival_time_exposure,2022-02-27T12:00:00,2022-02-27T11:00:00,12:00
od_23,motorbike,motorbike-6,8374.061852065422,20.097748444957013,289,278.6463613790382,327.6479926461474,229.6341890645292,49.00163126710919,17.58559883021514,0.0070093457943925,0.9929906542056076,development_exploratory_not_untouched_final,C_xgboost_current_pm,hourly_forecast_bucket_aware_arrival_time_exposure,2022-02-27T12:00:00,2022-02-27T11:00:00,12:00
od_23,motorbike,motorbike-7,7900.239487965283,18.96057477111668,304,266.6773507487211,311.7354048792187,218.63031758311664,45.05805413049762,16.89609335175747,0.0324074074074074,0.9675925925925926,development_exploratory_not_untouched_final,C_xgboost_current_pm,hourly_forecast_bucket_aware_arrival_time_exposure,2022-02-27T12:00:00,2022-02-27T11:00:00,12:00
od_23,motorbike,motorbike-8,8731.427376937661,20.955425704650388,344,287.5191177762627,338.5011993728231,238.2930706417188,50.98208159656042,17.731718847382137,0.0188679245283018,0.981132075471698,development_exploratory_not_untouched_final,C_xgboost_current_pm,hourly_forecast_bucket_aware_arrival_time_exposure,2022-02-27T12:00:00,2022-02-27T11:00:00,12:00
od_24,walking,walking-1,3217.1952186069398,38.60634262328327,169,526.915359547788,623.3873185228429,434.31156426947234,96.47195897505492,18.30881511175715,1.0,0.0,development_exploratory_not_untouched_final,C_xgboost_current_pm,hourly_forecast_bucket_aware_arrival_time_exposure,2022-02-27T12:00:00,2022-02-27T11:00:00,12:00
od_24,walking,walking-2,3376.4768292075096,40.51772195049011,162,553.4026787749938,654.8774424604197,455.7577367474074,101.47476368542596,18.336514725597173,0.1863799283154122,0.8136200716845878,development_exploratory_not_untouched_final,C_xgboost_current_pm,hourly_forecast_bucket_aware_arrival_time_exposure,2022-02-27T12:00:00,2022-02-27T11:00:00,12:00
od_24,walking,walking-3,3455.2813170415407,41.46337580449848,120,564.5572217610054,667.1544694438096,467.0876796615399,102.5972476828042,18.17304672195599,0.1747967479674796,0.8252032520325203,development_exploratory_not_untouched_final,C_xgboost_current_pm,hourly_forecast_bucket_aware_arrival_time_exposure,2022-02-27T12:00:00,2022-02-27T11:00:00,12:00
od_24,walking,walking-4,3697.223517795296,44.36668221354355,153,604.2399469757422,713.9511615739605,499.9357956807777,109.71121459821823,18.156895310766785,0.1541218637992831,0.8458781362007168,development_exploratory_not_untouched_final,C_xgboost_current_pm,hourly_forecast_bucket_aware_arrival_time_exposure,2022-02-27T12:00:00,2022-02-27T11:00:00,12:00
od_24,walking,walking-5,4167.745900027202,50.01295080032642,210,683.1522228791716,808.2356544552266,562.7474114250213,125.08343157605498,18.3097452349472,0.0859598853868194,0.9140401146131804,development_exploratory_not_untouched_final,C_xgboost_current_pm,hourly_forecast_bucket_aware_arrival_time_exposure,2022-02-27T12:00:00,2022-02-27T11:00:00,12:00
od_24,walking,walking-6,4158.3684544541575,49.90042145344989,222,680.6729556044661,805.4715271735065,561.1558324671242,124.7985715690404,18.334586462042413,0.15,0.85,development_exploratory_not_untouched_final,C_xgboost_current_pm,hourly_forecast_bucket_aware_arrival_time_exposure,2022-02-27T12:00:00,2022-02-27T11:00:00,12:00
od_24,walking,walking-7,4325.690506521784,51.90828607826142,223,709.0748684672159,839.0792433430379,583.9247048219926,130.004374875822,18.334365051866563,0.0828729281767955,0.9171270718232044,development_exploratory_not_untouched_final,C_xgboost_current_pm,hourly_forecast_bucket_aware_arrival_time_exposure,2022-02-27T12:00:00,2022-02-27T11:00:00,12:00
od_24,walking,walking-8,4429.411243953382,53.15293492744058,226,725.154119272999,858.0915384518692,597.7639785139127,132.9374191788702,18.332298699777944,0.2539682539682539,0.746031746031746,development_exploratory_not_untouched_final,C_xgboost_current_pm,hourly_forecast_bucket_aware_arrival_time_exposure,2022-02-27T12:00:00,2022-02-27T11:00:00,12:00
od_24,motorbike,motorbike-1,3533.6228842866053,8.480694922287851,145,115.75901451058208,136.99101169125052,95.37791941965652,21.231997180668444,18.341549701710296,1.0,0.0,development_exploratory_not_untouched_final,C_xgboost_current_pm,hourly_forecast_bucket_aware_arrival_time_exposure,2022-02-27T12:00:00,2022-02-27T11:00:00,12:00
od_24,motorbike,motorbike-2,3630.0838233931054,8.712201176143452,138,118.8073938461809,140.59699859981356,97.96556435309252,21.78960475363266,18.34027668500456,0.1890756302521008,0.8109243697478992,development_exploratory_not_untouched_final,C_xgboost_current_pm,hourly_forecast_bucket_aware_arrival_time_exposure,2022-02-27T12:00:00,2022-02-27T11:00:00,12:00
od_24,motorbike,motorbike-3,4208.9241180908175,10.10141788341796,167,137.32257011333795,162.33245389703572,113.71951891129328,25.009883783697774,18.21250779318803,0.0684931506849315,0.9315068493150684,development_exploratory_not_untouched_final,C_xgboost_current_pm,hourly_forecast_bucket_aware_arrival_time_exposure,2022-02-27T12:00:00,2022-02-27T11:00:00,12:00
od_24,motorbike,motorbike-4,4565.795915007203,10.957910196017286,177,149.9524867685632,177.48750690142955,123.28935456945598,27.53502013286635,18.362496498883623,0.1180555555555555,0.8819444444444444,development_exploratory_not_untouched_final,C_xgboost_current_pm,hourly_forecast_bucket_aware_arrival_time_exposure,2022-02-27T12:00:00,2022-02-27T11:00:00,12:00
od_24,motorbike,motorbike-5,4700.748857607914,11.281797258258994,232,153.8350868772231,181.9494964558485,126.96771501462965,28.114409578625413,18.2756808926586,0.1023391812865497,0.8976608187134503,development_exploratory_not_untouched_final,C_xgboost_current_pm,hourly_forecast_bucket_aware_arrival_time_exposure,2022-02-27T12:00:00,2022-02-27T11:00:00,12:00
od_24,motorbike,motorbike-6,5161.740202140574,12.388176485137375,211,168.50338036259507,199.11890428692269,139.57089494176478,30.61552392432762,18.16908590109433,0.0439882697947214,0.9560117302052786,development_exploratory_not_untouched_final,C_xgboost_current_pm,hourly_forecast_bucket_aware_arrival_time_exposure,2022-02-27T12:00:00,2022-02-27T11:00:00,12:00
od_24,motorbike,motorbike-7,5020.245201313301,12.04858848315192,196,164.10888877101726,194.1931298707348,135.45249681437383,30.08424109971753,18.3318778921807,0.1291390728476821,0.8708609271523179,development_exploratory_not_untouched_final,C_xgboost_current_pm,hourly_forecast_bucket_aware_arrival_time_exposure,2022-02-27T12:00:00,2022-02-27T11:00:00,12:00
od_24,motorbike,motorbike-8,6984.4440615726935,16.762665747774466,326,226.6970030396685,268.24996311237527,188.29915690384425,41.55296007270681,18.329735071722887,0.0328947368421052,0.9671052631578948,development_exploratory_not_untouched_final,C_xgboost_current_pm,hourly_forecast_bucket_aware_arrival_time_exposure,2022-02-27T12:00:00,2022-02-27T11:00:00,12:00
od_25,walking,walking-1,4470.538515459889,53.64646218551867,183,752.4432485945943,879.3735191120946,616.6122247056593,126.9302705175004,16.869082253655602,1.0,0.0,development_exploratory_not_untouched_final,C_xgboost_current_pm,hourly_forecast_bucket_aware_arrival_time_exposure,2022-02-27T12:00:00,2022-02-27T11:00:00,12:00
od_25,walking,walking-2,4607.483581433419,55.28980297720103,178,776.5624193908995,907.5092025679726,635.8990825921245,130.94678317707303,16.86236417154744,0.1316614420062695,0.8683385579937304,development_exploratory_not_untouched_final,C_xgboost_current_pm,hourly_forecast_bucket_aware_arrival_time_exposure,2022-02-27T12:00:00,2022-02-27T11:00:00,12:00
od_25,walking,walking-3,4895.412353447138,58.74494824136566,185,830.1331066917056,969.7632033863598,677.6144100515477,139.63009669465418,16.820205768098578,0.0308123249299719,0.969187675070028,development_exploratory_not_untouched_final,C_xgboost_current_pm,hourly_forecast_bucket_aware_arrival_time_exposure,2022-02-27T12:00:00,2022-02-27T11:00:00,12:00
od_25,walking,walking-4,4734.231662335523,56.81077994802627,192,793.9423993167637,927.6493843903104,652.2325879330538,133.70698507354678,16.840892385720913,0.0932944606413994,0.9067055393586004,development_exploratory_not_untouched_final,C_xgboost_current_pm,hourly_forecast_bucket_aware_arrival_time_exposure,2022-02-27T12:00:00,2022-02-27T11:00:00,12:00
od_25,walking,walking-5,5337.013678056967,64.0441641366836,196,907.230719082468,1056.079199786409,738.197278402633,148.84848070394105,16.406904833919167,0.0326975476839237,0.9673024523160764,development_exploratory_not_untouched_final,C_xgboost_current_pm,hourly_forecast_bucket_aware_arrival_time_exposure,2022-02-27T12:00:00,2022-02-27T11:00:00,12:00
od_25,walking,walking-6,5196.567199682312,62.35880639618775,194,879.8795722179057,1026.118331511899,717.8085117599559,146.23875929399333,16.620315314898196,0.0472222222222222,0.9527777777777776,development_exploratory_not_untouched_final,C_xgboost_current_pm,hourly_forecast_bucket_aware_arrival_time_exposure,2022-02-27T12:00:00,2022-02-27T11:00:00,12:00
od_25,walking,walking-7,5713.187947409113,68.55825536890936,181,963.913238700151,1118.2438945575636,785.342472437544,154.33065585741258,16.010845132237147,0.0996978851963746,0.9003021148036254,development_exploratory_not_untouched_final,C_xgboost_current_pm,hourly_forecast_bucket_aware_arrival_time_exposure,2022-02-27T12:00:00,2022-02-27T11:00:00,12:00
od_25,walking,walking-8,5465.027062490462,65.58032474988555,210,922.8515259510444,1072.9862459861197,752.6777794005174,150.13472003507502,16.268567132763174,0.1039325842696629,0.8960674157303371,development_exploratory_not_untouched_final,C_xgboost_current_pm,hourly_forecast_bucket_aware_arrival_time_exposure,2022-02-27T12:00:00,2022-02-27T11:00:00,12:00
od_25,motorbike,motorbike-1,5074.162420415552,12.177989808997324,195,170.7805650813946,199.6989293710118,139.90708549921754,28.918364289617216,16.93305340442844,1.0,0.0,development_exploratory_not_untouched_final,C_xgboost_current_pm,hourly_forecast_bucket_aware_arrival_time_exposure,2022-02-27T12:00:00,2022-02-27T11:00:00,12:00
od_25,motorbike,motorbike-2,5095.070126138192,12.22816830273166,212,171.180841163808,200.14004811669503,140.40033424872908,28.959206952887055,16.917317823654773,0.1274238227146814,0.8725761772853186,development_exploratory_not_untouched_final,C_xgboost_current_pm,hourly_forecast_bucket_aware_arrival_time_exposure,2022-02-27T12:00:00,2022-02-27T11:00:00,12:00
od_25,motorbike,motorbike-3,5589.160331046289,13.413984794511094,185,189.56006779614177,221.57855066170077,154.673892564685,32.01848286555898,16.89094292791273,0.0584958217270195,0.9415041782729804,development_exploratory_not_untouched_final,C_xgboost_current_pm,hourly_forecast_bucket_aware_arrival_time_exposure,2022-02-27T12:00:00,2022-02-27T11:00:00,12:00
od_25,motorbike,motorbike-4,5670.159232882905,13.608382158918973,201,190.26990808046983,222.44398169195,156.19487330356932,32.17407361148014,16.909701558205896,0.0879120879120879,0.912087912087912,development_exploratory_not_untouched_final,C_xgboost_current_pm,hourly_forecast_bucket_aware_arrival_time_exposure,2022-02-27T12:00:00,2022-02-27T11:00:00,12:00
od_25,motorbike,motorbike-5,7792.868426528579,18.70288422366859,329,260.11378921544303,304.40336411617835,214.0983581258742,44.28957490073532,17.027000004237312,0.0376237623762376,0.9623762376237625,development_exploratory_not_untouched_final,C_xgboost_current_pm,hourly_forecast_bucket_aware_arrival_time_exposure,2022-02-27T12:00:00,2022-02-27T11:00:00,12:00
od_25,motorbike,motorbike-6,8778.593070021463,21.068623368051515,310,294.535325924415,344.79929745775206,241.5724061823396,50.26397153333704,17.06551544388805,0.024340770791075,0.975659229208925,development_exploratory_not_untouched_final,C_xgboost_current_pm,hourly_forecast_bucket_aware_arrival_time_exposure,2022-02-27T12:00:00,2022-02-27T11:00:00,12:00
od_25,motorbike,motorbike-7,7958.908879463801,19.101381310713123,256,270.9037302840398,316.77887659707227,220.61952020945392,45.87514631303248,16.934113924873923,0.0488372093023255,0.9511627906976744,development_exploratory_not_untouched_final,C_xgboost_current_pm,hourly_forecast_bucket_aware_arrival_time_exposure,2022-02-27T12:00:00,2022-02-27T11:00:00,12:00
od_25,motorbike,motorbike-8,7918.284047414298,19.003881713794318,254,267.0886845593333,312.4672695320026,218.50377472625783,45.37858497266933,16.990081420910425,0.0741626794258373,0.9258373205741628,development_exploratory_not_untouched_final,C_xgboost_current_pm,hourly_forecast_bucket_aware_arrival_time_exposure,2022-02-27T12:00:00,2022-02-27T11:00:00,12:00
od_26,walking,walking-1,2896.3240824541845,34.75588898945021,127,472.2509081630001,536.6639626579429,398.4168049018441,64.4130544949428,13.639582980475764,1.0,0.0,development_exploratory_not_untouched_final,C_xgboost_current_pm,hourly_forecast_bucket_aware_arrival_time_exposure,2022-02-27T12:00:00,2022-02-27T11:00:00,12:00
od_26,walking,walking-2,2980.864070874784,35.77036885049741,112,485.172449926956,551.776998055932,409.5623748792952,66.60454812897609,13.728015294150277,0.0622222222222222,0.9377777777777778,development_exploratory_not_untouched_final,C_xgboost_current_pm,hourly_forecast_bucket_aware_arrival_time_exposure,2022-02-27T12:00:00,2022-02-27T11:00:00,12:00
od_26,walking,walking-3,3108.560616540251,37.302727398483015,109,507.27735320820256,576.2506853299624,427.8589178820172,68.97333212175982,13.596769436985095,0.0216450216450216,0.9783549783549784,development_exploratory_not_untouched_final,C_xgboost_current_pm,hourly_forecast_bucket_aware_arrival_time_exposure,2022-02-27T12:00:00,2022-02-27T11:00:00,12:00
od_26,walking,walking-4,2986.2787647878768,35.83534517745452,145,486.6257462678348,552.9855355778278,410.6740934003347,66.35978930999306,13.636719762350838,0.1193415637860082,0.8806584362139918,development_exploratory_not_untouched_final,C_xgboost_current_pm,hourly_forecast_bucket_aware_arrival_time_exposure,2022-02-27T12:00:00,2022-02-27T11:00:00,12:00
od_26,walking,walking-5,3746.634063035978,44.95960875643174,154,610.1745434221419,693.1461375688914,515.161549868847,82.97159414674945,13.598009789363918,0.0107913669064748,0.9892086330935252,development_exploratory_not_untouched_final,C_xgboost_current_pm,hourly_forecast_bucket_aware_arrival_time_exposure,2022-02-27T12:00:00,2022-02-27T11:00:00,12:00
od_26,walking,walking-6,4134.677900527131,49.616134806325576,188,674.2827220070623,768.0830192909361,568.2701193951978,93.80029728387387,13.91112277127152,0.1330935251798561,0.8669064748201438,development_exploratory_not_untouched_final,C_xgboost_current_pm,hourly_forecast_bucket_aware_arrival_time_exposure,2022-02-27T12:00:00,2022-02-27T11:00:00,12:00
od_26,walking,walking-7,3987.778437209056,47.85334124650868,165,648.8399217771,737.7118922084906,547.8731229258539,88.87197043139054,13.697056461627724,0.0034364261168384,0.9965635738831616,development_exploratory_not_untouched_final,C_xgboost_current_pm,hourly_forecast_bucket_aware_arrival_time_exposure,2022-02-27T12:00:00,2022-02-27T11:00:00,12:00
od_26,walking,walking-8,3411.853954168932,40.94224745002718,173,556.0469873841691,632.5684519695096,469.0237169117567,76.52146458534048,13.76169034658798,0.1235955056179775,0.8764044943820225,development_exploratory_not_untouched_final,C_xgboost_current_pm,hourly_forecast_bucket_aware_arrival_time_exposure,2022-02-27T12:00:00,2022-02-27T11:00:00,12:00
od_26,motorbike,motorbike-1,2937.338739477396,7.049612974745751,112,95.8308259783547,108.82169255454004,80.85350247248003,12.99086657618534,13.556041538366356,1.0,0.0,development_exploratory_not_untouched_final,C_xgboost_current_pm,hourly_forecast_bucket_aware_arrival_time_exposure,2022-02-27T12:00:00,2022-02-27T11:00:00,12:00
od_26,motorbike,motorbike-2,2984.8899456370477,7.163735869528913,115,97.23361815251003,110.54441579956448,82.06129811533874,13.310797647054445,13.689501532460284,0.1073170731707317,0.8926829268292683,development_exploratory_not_untouched_final,C_xgboost_current_pm,hourly_forecast_bucket_aware_arrival_time_exposure,2022-02-27T12:00:00,2022-02-27T11:00:00,12:00
od_26,motorbike,motorbike-3,3258.678841448659,7.820829219476781,165,106.2661508210232,120.64404928584976,89.68581657846934,14.377898464826572,13.530083054426504,0.2096069868995633,0.7903930131004366,development_exploratory_not_untouched_final,C_xgboost_current_pm,hourly_forecast_bucket_aware_arrival_time_exposure,2022-02-27T12:00:00,2022-02-27T11:00:00,12:00
od_26,motorbike,motorbike-4,3649.860252873173,8.759664606895615,121,118.7566012211428,134.89582538024467,100.32197475788334,16.139224159101886,13.590170140561876,0.0043103448275862,0.9956896551724138,development_exploratory_not_untouched_final,C_xgboost_current_pm,hourly_forecast_bucket_aware_arrival_time_exposure,2022-02-27T12:00:00,2022-02-27T11:00:00,12:00
od_26,motorbike,motorbike-5,4538.665524224427,10.892797258138623,191,148.25184300530117,167.94675243907778,125.13322025990897,19.694909433776616,13.284765325360825,0.0167785234899328,0.9832214765100672,development_exploratory_not_untouched_final,C_xgboost_current_pm,hourly_forecast_bucket_aware_arrival_time_exposure,2022-02-27T12:00:00,2022-02-27T11:00:00,12:00
od_26,motorbike,motorbike-6,4792.008542306752,11.500820501536204,231,156.12577537766737,177.18998764389715,131.84419725389031,21.064212266229788,13.49182235622246,0.0269461077844311,0.9730538922155688,development_exploratory_not_untouched_final,C_xgboost_current_pm,hourly_forecast_bucket_aware_arrival_time_exposure,2022-02-27T12:00:00,2022-02-27T11:00:00,12:00
od_26,motorbike,motorbike-7,5637.919340989541,13.531006418374895,268,184.61836307138455,209.44448272836016,155.53529153315762,24.826119656975607,13.447264532064091,0.0052910052910052,0.9947089947089948,development_exploratory_not_untouched_final,C_xgboost_current_pm,hourly_forecast_bucket_aware_arrival_time_exposure,2022-02-27T12:00:00,2022-02-27T11:00:00,12:00
od_26,motorbike,motorbike-8,9144.710064192806,21.94730415406273,329,299.61899378549475,338.74927037483485,252.72448662455264,39.1302765893401,13.060012015578195,0.0022727272727272,0.9977272727272728,development_exploratory_not_untouched_final,C_xgboost_current_pm,hourly_forecast_bucket_aware_arrival_time_exposure,2022-02-27T12:00:00,2022-02-27T11:00:00,12:00
od_27,walking,walking-1,3464.3506661395845,41.572207993675015,112,554.7000225906924,656.7076216708027,466.7752110203445,102.00759908011035,18.38968720493108,1.0,0.0,development_exploratory_not_untouched_final,C_xgboost_current_pm,hourly_forecast_bucket_aware_arrival_time_exposure,2022-02-27T12:00:00,2022-02-27T11:00:00,12:00
od_27,walking,walking-2,3535.842562360606,42.43011074832727,135,551.396521952007,656.2697967463525,469.91229682273655,104.87327479434556,19.019574955438983,0.1706161137440758,0.8293838862559242,development_exploratory_not_untouched_final,C_xgboost_current_pm,hourly_forecast_bucket_aware_arrival_time_exposure,2022-02-27T12:00:00,2022-02-27T11:00:00,12:00
od_27,walking,walking-3,3869.557886931462,46.43469464317754,139,628.6280393191666,742.3233260784405,525.8146971593428,113.6952867592738,18.08625763534364,0.0120967741935483,0.9879032258064516,development_exploratory_not_untouched_final,C_xgboost_current_pm,hourly_forecast_bucket_aware_arrival_time_exposure,2022-02-27T12:00:00,2022-02-27T11:00:00,12:00
od_27,walking,walking-4,3848.3424962212457,46.18010995465495,155,620.6785901625409,734.156696629559,520.7575198151635,113.47810646701804,18.282909748393426,0.1033057851239669,0.8966942148760331,development_exploratory_not_untouched_final,C_xgboost_current_pm,hourly_forecast_bucket_aware_arrival_time_exposure,2022-02-27T12:00:00,2022-02-27T11:00:00,12:00
od_27,walking,walking-5,4640.402220056612,55.68482664067935,163,756.8805159360143,892.9027429161291,632.0010199206297,136.02222698011485,17.97142668045824,0.0073260073260073,0.9926739926739928,development_exploratory_not_untouched_final,C_xgboost_current_pm,hourly_forecast_bucket_aware_arrival_time_exposure,2022-02-27T12:00:00,2022-02-27T11:00:00,12:00
od_27,walking,walking-6,4565.968522067712,54.79162226481255,182,740.3623826770882,875.0203845500337,619.627522774259,134.65800187294542,18.188120442591018,0.1666666666666666,0.8333333333333334,development_exploratory_not_untouched_final,C_xgboost_current_pm,hourly_forecast_bucket_aware_arrival_time_exposure,2022-02-27T12:00:00,2022-02-27T11:00:00,12:00
od_27,walking,walking-7,3468.6783622341645,41.62414034680998,111,555.3450377658078,657.4807586417204,467.3376190926002,102.13572087591264,18.391398847608656,0.8739495798319328,0.1260504201680672,development_exploratory_not_untouched_final,C_xgboost_current_pm,hourly_forecast_bucket_aware_arrival_time_exposure,2022-02-27T12:00:00,2022-02-27T11:00:00,12:00
od_27,walking,walking-8,3469.479999896061,41.63375999875273,112,555.4136581701383,657.5835439082742,467.4155170865552,102.16988573813592,18.3952778681648,0.8064516129032258,0.1935483870967742,development_exploratory_not_untouched_final,C_xgboost_current_pm,hourly_forecast_bucket_aware_arrival_time_exposure,2022-02-27T12:00:00,2022-02-27T11:00:00,12:00
od_27,motorbike,motorbike-1,3470.9311321175137,8.330234717082032,124,110.90590765326532,131.3483019398346,93.41564659398658,20.442394286569296,18.43219601112694,1.0,0.0,development_exploratory_not_untouched_final,C_xgboost_current_pm,hourly_forecast_bucket_aware_arrival_time_exposure,2022-02-27T12:00:00,2022-02-27T11:00:00,12:00
od_27,motorbike,motorbike-2,3605.9840264691393,8.654361663525934,131,116.46668375700304,137.72417758690662,97.65591954805076,21.257493829903595,18.251995458422595,0.1697247706422018,0.8302752293577982,development_exploratory_not_untouched_final,C_xgboost_current_pm,hourly_forecast_bucket_aware_arrival_time_exposure,2022-02-27T12:00:00,2022-02-27T11:00:00,12:00
od_27,motorbike,motorbike-3,3937.277758173279,9.449466619615867,140,128.07389206269673,151.20987820239546,107.06817851688504,23.13598613969873,18.06456083053433,0.0434782608695652,0.9565217391304348,development_exploratory_not_untouched_final,C_xgboost_current_pm,hourly_forecast_bucket_aware_arrival_time_exposure,2022-02-27T12:00:00,2022-02-27T11:00:00,12:00
od_27,motorbike,motorbike-4,3898.0488850884126,9.35531732421219,180,120.61814651715795,143.8009597641002,103.21882805476052,23.18281324694226,19.220004548523303,0.089605734767025,0.910394265232975,development_exploratory_not_untouched_final,C_xgboost_current_pm,hourly_forecast_bucket_aware_arrival_time_exposure,2022-02-27T12:00:00,2022-02-27T11:00:00,12:00
od_27,motorbike,motorbike-5,4586.669331161132,11.008006394786715,157,149.8959184188846,176.79978386494156,125.05553324083132,26.903865446056955,17.948364258240854,0.007168458781362,0.992831541218638,development_exploratory_not_untouched_final,C_xgboost_current_pm,hourly_forecast_bucket_aware_arrival_time_exposure,2022-02-27T12:00:00,2022-02-27T11:00:00,12:00
od_27,motorbike,motorbike-6,5158.036814181108,12.379288354034658,263,157.49251531474758,188.276061999628,135.59805448742253,30.783546684880434,19.546037869393192,0.0051948051948051,0.9948051948051948,development_exploratory_not_untouched_final,C_xgboost_current_pm,hourly_forecast_bucket_aware_arrival_time_exposure,2022-02-27T12:00:00,2022-02-27T11:00:00,12:00
od_27,motorbike,motorbike-7,5527.038154061122,13.264891569746691,251,171.23372400999992,204.11007904328088,146.25438878184224,32.87635503328096,19.19969633514541,0.0359116022099447,0.9640883977900552,development_exploratory_not_untouched_final,C_xgboost_current_pm,hourly_forecast_bucket_aware_arrival_time_exposure,2022-02-27T12:00:00,2022-02-27T11:00:00,12:00
od_27,motorbike,motorbike-8,6556.612732062874,15.735870556950896,287,200.7461738321489,239.93193762110465,172.86888046108922,39.18576378895571,19.520055122804152,0.0073529411764705,0.9926470588235294,development_exploratory_not_untouched_final,C_xgboost_current_pm,hourly_forecast_bucket_aware_arrival_time_exposure,2022-02-27T12:00:00,2022-02-27T11:00:00,12:00
od_28,walking,walking-1,3337.8457045527,40.0541484546324,111,551.3654692294983,648.8904684439228,455.3392359873104,97.5249992144245,17.687904784953272,1.0,0.0,development_exploratory_not_untouched_final,C_xgboost_current_pm,hourly_forecast_bucket_aware_arrival_time_exposure,2022-02-27T12:00:00,2022-02-27T11:00:00,12:00
od_28,walking,walking-2,3441.879177727777,41.30255013273333,141,568.5376013064023,669.1160506286163,469.5284253771418,100.57844932221406,17.690729529779905,0.1666666666666666,0.8333333333333334,development_exploratory_not_untouched_final,C_xgboost_current_pm,hourly_forecast_bucket_aware_arrival_time_exposure,2022-02-27T12:00:00,2022-02-27T11:00:00,12:00
od_28,walking,walking-3,3877.4038999370327,46.5288467992444,168,640.0381309299825,753.2748100631077,528.9269794831024,113.23667913312522,17.69217702210821,0.025735294117647,0.9742647058823528,development_exploratory_not_untouched_final,C_xgboost_current_pm,hourly_forecast_bucket_aware_arrival_time_exposure,2022-02-27T12:00:00,2022-02-27T11:00:00,12:00
od_28,walking,walking-4,3905.403995968121,46.86484795161745,153,645.7211565677536,759.7084567287664,532.8977226685578,113.98730016101274,17.652712630154063,0.056,0.944,development_exploratory_not_untouched_final,C_xgboost_current_pm,hourly_forecast_bucket_aware_arrival_time_exposure,2022-02-27T12:00:00,2022-02-27T11:00:00,12:00
od_28,walking,walking-5,4163.759453961655,49.96511344753987,208,686.1918881820925,807.9132821533768,567.9894821885241,121.72139397128431,17.73868156526262,0.0257234726688102,0.9742765273311896,development_exploratory_not_untouched_final,C_xgboost_current_pm,hourly_forecast_bucket_aware_arrival_time_exposure,2022-02-27T12:00:00,2022-02-27T11:00:00,12:00
od_28,walking,walking-6,4492.620440211811,53.911445282541735,199,741.5165521676142,872.8721089690227,612.9820245238535,131.3555568014085,17.714447023121416,0.0580204778156996,0.9419795221843004,development_exploratory_not_untouched_final,C_xgboost_current_pm,hourly_forecast_bucket_aware_arrival_time_exposure,2022-02-27T12:00:00,2022-02-27T11:00:00,12:00
od_28,walking,walking-7,3995.186008508664,47.94223210210397,145,660.7479039405731,777.3656703241943,545.2789582579438,116.6177663836212,17.649358505435327,0.1179039301310043,0.8820960698689957,development_exploratory_not_untouched_final,C_xgboost_current_pm,hourly_forecast_bucket_aware_arrival_time_exposure,2022-02-27T12:00:00,2022-02-27T11:00:00,12:00
od_28,walking,walking-8,3338.022955668135,40.05627546801762,110,551.3963620394982,648.9265081086547,455.3639534787295,97.53014606915656,17.687847215460987,0.9557522123893806,0.0442477876106194,development_exploratory_not_untouched_final,C_xgboost_current_pm,hourly_forecast_bucket_aware_arrival_time_exposure,2022-02-27T12:00:00,2022-02-27T11:00:00,12:00
od_28,motorbike,motorbike-1,3389.785610177372,8.135485464425692,123,112.00297441184614,131.80792268088553,92.49341768970577,19.804948269039382,17.682519926849988,1.0,0.0,development_exploratory_not_untouched_final,C_xgboost_current_pm,hourly_forecast_bucket_aware_arrival_time_exposure,2022-02-27T12:00:00,2022-02-27T11:00:00,12:00
od_28,motorbike,motorbike-2,3622.982621352327,8.695158291245583,149,119.53647468983192,140.71127127917742,98.80182121994524,21.17479658934549,17.714088226450492,0.2088888888888889,0.7911111111111111,development_exploratory_not_untouched_final,C_xgboost_current_pm,hourly_forecast_bucket_aware_arrival_time_exposure,2022-02-27T12:00:00,2022-02-27T11:00:00,12:00
od_28,motorbike,motorbike-3,3884.876431604947,9.323703435851872,163,128.55420149518167,151.20855556117502,106.07942273999284,22.654354065993346,17.62241436102923,0.1721311475409836,0.8278688524590164,development_exploratory_not_untouched_final,C_xgboost_current_pm,hourly_forecast_bucket_aware_arrival_time_exposure,2022-02-27T12:00:00,2022-02-27T11:00:00,12:00
od_28,motorbike,motorbike-4,4264.353384699511,10.234448123278826,216,140.53549770655104,165.46813716315086,116.3239395453352,24.932639456599816,17.741168504388188,0.0272727272727272,0.9727272727272728,development_exploratory_not_untouched_final,C_xgboost_current_pm,hourly_forecast_bucket_aware_arrival_time_exposure,2022-02-27T12:00:00,2022-02-27T11:00:00,12:00
od_28,motorbike,motorbike-5,5353.296638577329,12.847911932585587,211,175.81550545062558,207.20468536385377,145.8474850340064,31.38917991322819,17.853476479663076,0.0245398773006134,0.9754601226993864,development_exploratory_not_untouched_final,C_xgboost_current_pm,hourly_forecast_bucket_aware_arrival_time_exposure,2022-02-27T12:00:00,2022-02-27T11:00:00,12:00
od_28,motorbike,motorbike-6,5442.02633130595,13.060863195134282,217,180.48850075653823,212.24634646041355,149.03924074575133,31.75784570387532,17.595495320066746,0.033434650455927,0.9665653495440728,development_exploratory_not_untouched_final,C_xgboost_current_pm,hourly_forecast_bucket_aware_arrival_time_exposure,2022-02-27T12:00:00,2022-02-27T11:00:00,12:00
od_28,motorbike,motorbike-7,5915.756843480607,14.197816424353457,216,194.61857507588311,229.3436432529566,161.2345328505623,34.725068177073496,17.842627901028436,0.0335365853658536,0.9664634146341464,development_exploratory_not_untouched_final,C_xgboost_current_pm,hourly_forecast_bucket_aware_arrival_time_exposure,2022-02-27T12:00:00,2022-02-27T11:00:00,12:00
od_28,motorbike,motorbike-8,7965.851166958149,19.11804280069956,270,263.921570299532,310.7144788379189,217.18632379347312,46.79290853838688,17.729853791518554,0.0181347150259067,0.9818652849740932,development_exploratory_not_untouched_final,C_xgboost_current_pm,hourly_forecast_bucket_aware_arrival_time_exposure,2022-02-27T12:00:00,2022-02-27T11:00:00,12:00
od_29,walking,walking-1,5079.132038692887,60.949584464314654,161,820.1483692559627,969.6167733279024,683.4778714796879,149.46840407193952,18.2245566381528,1.0,0.0,development_exploratory_not_untouched_final,C_xgboost_current_pm,hourly_forecast_bucket_aware_arrival_time_exposure,2022-02-27T12:00:00,2022-02-27T11:00:00,12:00
od_29,walking,walking-2,5161.661432530971,61.93993719037166,162,836.6812786269215,987.8234912383228,695.0874435044198,151.1422126114012,18.064490801018135,0.0453074433656957,0.9546925566343042,development_exploratory_not_untouched_final,C_xgboost_current_pm,hourly_forecast_bucket_aware_arrival_time_exposure,2022-02-27T12:00:00,2022-02-27T11:00:00,12:00
od_29,walking,walking-3,5462.205900886824,65.54647081064189,208,883.8576673723026,1040.4187622386391,734.2642911939311,156.5610948663366,17.71338312103924,0.0081967213114754,0.9918032786885246,development_exploratory_not_untouched_final,C_xgboost_current_pm,hourly_forecast_bucket_aware_arrival_time_exposure,2022-02-27T12:00:00,2022-02-27T11:00:00,12:00
od_29,walking,walking-4,5856.208691849777,70.27450430219733,220,943.0623206269194,1107.8218199993685,783.2168298670681,164.7594993724491,17.470690512046115,0.0106100795755968,0.9893899204244032,development_exploratory_not_untouched_final,C_xgboost_current_pm,hourly_forecast_bucket_aware_arrival_time_exposure,2022-02-27T12:00:00,2022-02-27T11:00:00,12:00
od_29,walking,walking-5,6084.160506353648,73.00992607624379,208,985.5445640808276,1154.9368163304653,814.5226062007235,169.39225224963752,17.18768064106994,0.0054495912806539,0.994550408719346,development_exploratory_not_untouched_final,C_xgboost_current_pm,hourly_forecast_bucket_aware_arrival_time_exposure,2022-02-27T12:00:00,2022-02-27T11:00:00,12:00
od_29,walking,walking-6,5079.34298264047,60.95211579168564,161,820.1984881330754,969.6738757897912,683.5109240102889,149.47538765671572,18.224294462789068,0.9754601226993864,0.0245398773006134,development_exploratory_not_untouched_final,C_xgboost_current_pm,hourly_forecast_bucket_aware_arrival_time_exposure,2022-02-27T12:00:00,2022-02-27T11:00:00,12:00
od_29,walking,walking-7,5079.71013679666,60.95652164155992,161,820.2290041933853,969.7134048560482,683.5527499534643,149.4844006626629,18.224715280541208,0.9754601226993864,0.0245398773006134,development_exploratory_not_untouched_final,C_xgboost_current_pm,hourly_forecast_bucket_aware_arrival_time_exposure,2022-02-27T12:00:00,2022-02-27T11:00:00,12:00
od_29,walking,walking-8,5079.921080744242,60.959052968930905,161,820.279123070498,969.7705073179372,683.5858024840653,149.4913842474391,18.224453121256776,0.9515151515151516,0.0484848484848484,development_exploratory_not_untouched_final,C_xgboost_current_pm,hourly_forecast_bucket_aware_arrival_time_exposure,2022-02-27T12:00:00,2022-02-27T11:00:00,12:00
od_29,motorbike,motorbike-1,5050.844486464221,12.12202676751413,138,163.67436354704262,193.60356431485735,136.17499741804454,29.929200767814763,18.285820771933317,1.0,0.0,development_exploratory_not_untouched_final,C_xgboost_current_pm,hourly_forecast_bucket_aware_arrival_time_exposure,2022-02-27T12:00:00,2022-02-27T11:00:00,12:00
od_29,motorbike,motorbike-2,5206.6809567022565,12.496034296085416,185,168.16079130467364,198.9626331368507,140.24130019629635,30.801841832177075,18.316898721278204,0.0766666666666666,0.9233333333333332,development_exploratory_not_untouched_final,C_xgboost_current_pm,hourly_forecast_bucket_aware_arrival_time_exposure,2022-02-27T12:00:00,2022-02-27T11:00:00,12:00
od_29,motorbike,motorbike-3,5669.304232967304,13.60633015912153,252,183.2785032947903,216.7316037141657,152.89278825890509,33.453100419375374,18.2526045433536,0.0290237467018469,0.9709762532981532,development_exploratory_not_untouched_final,C_xgboost_current_pm,hourly_forecast_bucket_aware_arrival_time_exposure,2022-02-27T12:00:00,2022-02-27T11:00:00,12:00
od_29,motorbike,motorbike-4,6168.868846153235,14.805285230767764,285,196.69263115759773,233.1267157866856,165.46094960001005,36.43408462908784,18.523360237067266,0.0,1.0,development_exploratory_not_untouched_final,C_xgboost_current_pm,hourly_forecast_bucket_aware_arrival_time_exposure,2022-02-27T12:00:00,2022-02-27T11:00:00,12:00
od_29,motorbike,motorbike-5,7086.2660565245305,17.007038535658875,311,224.4242985984464,266.40293590222143,189.47671324411357,41.97863730377506,18.705032193900625,0.0251141552511415,0.9748858447488584,development_exploratory_not_untouched_final,C_xgboost_current_pm,hourly_forecast_bucket_aware_arrival_time_exposure,2022-02-27T12:00:00,2022-02-27T11:00:00,12:00
od_29,motorbike,motorbike-6,8524.917271326063,20.459801451182557,296,278.9412988756951,329.7220838095067,230.52543029592172,50.78078493381162,18.204828449028305,0.0023094688221709,0.9976905311778292,development_exploratory_not_untouched_final,C_xgboost_current_pm,hourly_forecast_bucket_aware_arrival_time_exposure,2022-02-27T12:00:00,2022-02-27T11:00:00,12:00
od_29,motorbike,motorbike-7,8941.478017489768,21.459547241975443,341,285.3847461084793,338.1968872893024,239.97770434613085,52.81214118082306,18.50559355430592,0.0,1.0,development_exploratory_not_untouched_final,C_xgboost_current_pm,hourly_forecast_bucket_aware_arrival_time_exposure,2022-02-27T12:00:00,2022-02-27T11:00:00,12:00
od_29,motorbike,motorbike-8,10821.455984145145,25.97149436194835,440,352.37984102406443,416.2183561322771,292.80852141490624,63.83851510821268,18.11639250494272,0.0017331022530329,0.9982668977469672,development_exploratory_not_untouched_final,C_xgboost_current_pm,hourly_forecast_bucket_aware_arrival_time_exposure,2022-02-27T12:00:00,2022-02-27T11:00:00,12:00
od_30,walking,walking-1,4593.91625322452,55.12699503869423,188,766.1376194024655,894.8518069869538,631.920133918339,128.7141875844883,16.80040038823266,1.0,0.0,development_exploratory_not_untouched_final,C_xgboost_current_pm,hourly_forecast_bucket_aware_arrival_time_exposure,2022-02-27T12:00:00,2022-02-27T11:00:00,12:00
od_30,walking,walking-2,4720.889976741293,56.65067972089552,211,787.3723522644358,919.7204348236096,649.4157946578399,132.34808255917392,16.80883030481687,0.3951048951048951,0.6048951048951049,development_exploratory_not_untouched_final,C_xgboost_current_pm,hourly_forecast_bucket_aware_arrival_time_exposure,2022-02-27T12:00:00,2022-02-27T11:00:00,12:00
od_30,walking,walking-3,5302.356708761759,63.62828050514111,270,884.8897137169524,1030.027098784688,729.3385902698906,145.13738506773552,16.401748468528393,0.0269058295964125,0.9730941704035876,development_exploratory_not_untouched_final,C_xgboost_current_pm,hourly_forecast_bucket_aware_arrival_time_exposure,2022-02-27T12:00:00,2022-02-27T11:00:00,12:00
od_30,walking,walking-4,5705.196758152187,68.46236109782625,267,951.8694718137016,1104.0786726097515,782.4979314627803,152.2092007960498,15.990553884035052,0.015625,0.984375,development_exploratory_not_untouched_final,C_xgboost_current_pm,hourly_forecast_bucket_aware_arrival_time_exposure,2022-02-27T12:00:00,2022-02-27T11:00:00,12:00
od_30,walking,walking-5,5695.941411156685,68.3512969338802,271,951.8334315949772,1104.1628907057288,783.2013897992639,152.3294591107517,16.003793736840578,0.0177383592017738,0.9822616407982262,development_exploratory_not_untouched_final,C_xgboost_current_pm,hourly_forecast_bucket_aware_arrival_time_exposure,2022-02-27T12:00:00,2022-02-27T11:00:00,12:00
od_30,walking,walking-6,4594.01082475317,55.12812989703804,187,766.1532310390156,894.8702209944138,631.9329183277238,128.71698995539816,16.80042382394435,0.9736842105263158,0.0263157894736841,development_exploratory_not_untouched_final,C_xgboost_current_pm,hourly_forecast_bucket_aware_arrival_time_exposure,2022-02-27T12:00:00,2022-02-27T11:00:00,12:00
od_30,walking,walking-7,4594.165186918211,55.129982243018524,188,766.1791741294611,894.9000242781025,631.9542031127752,128.72085014864138,16.8003587796412,0.9789473684210528,0.0210526315789473,development_exploratory_not_untouched_final,C_xgboost_current_pm,hourly_forecast_bucket_aware_arrival_time_exposure,2022-02-27T12:00:00,2022-02-27T11:00:00,12:00
od_30,walking,walking-8,4594.259758446861,55.13111710136233,187,766.1947857660113,894.9184382855626,631.9669875221599,128.72365251955137,16.80038221492966,0.953125,0.046875,development_exploratory_not_untouched_final,C_xgboost_current_pm,hourly_forecast_bucket_aware_arrival_time_exposure,2022-02-27T12:00:00,2022-02-27T11:00:00,12:00
od_30,motorbike,motorbike-1,4838.482538571107,11.612358092570656,235,161.39159613149846,188.56096702053145,133.13574691999656,27.16937088903296,16.83443967360973,1.0,0.0,development_exploratory_not_untouched_final,C_xgboost_current_pm,hourly_forecast_bucket_aware_arrival_time_exposure,2022-02-27T12:00:00,2022-02-27T11:00:00,12:00
od_30,motorbike,motorbike-2,5024.3916783357845,12.058540028005885,189,167.56897132321052,195.79117047177803,138.1832198229616,28.222199148567512,16.842139046215152,0.2619047619047619,0.7380952380952381,development_exploratory_not_untouched_final,C_xgboost_current_pm,hourly_forecast_bucket_aware_arrival_time_exposure,2022-02-27T12:00:00,2022-02-27T11:00:00,12:00
od_30,motorbike,motorbike-3,5358.238208967597,12.859771701522227,274,178.82294377997948,208.82147653729984,147.59990940185585,29.99853275732036,16.77555023041675,0.1065217391304347,0.8934782608695653,development_exploratory_not_untouched_final,C_xgboost_current_pm,hourly_forecast_bucket_aware_arrival_time_exposure,2022-02-27T12:00:00,2022-02-27T11:00:00,12:00
od_30,motorbike,motorbike-4,5707.894042702269,13.698945702485446,275,190.75915375021088,222.7557434892421,157.43009029475937,31.99658973903124,16.773291928590275,0.0303030303030303,0.9696969696969696,development_exploratory_not_untouched_final,C_xgboost_current_pm,hourly_forecast_bucket_aware_arrival_time_exposure,2022-02-27T12:00:00,2022-02-27T11:00:00,12:00
od_30,motorbike,motorbike-5,6023.788039967166,14.4570912959212,249,201.0617192209505,234.7491065770609,165.72558778267182,33.687387356110406,16.75474948022836,0.0146750524109014,0.9853249475890984,development_exploratory_not_untouched_final,C_xgboost_current_pm,hourly_forecast_bucket_aware_arrival_time_exposure,2022-02-27T12:00:00,2022-02-27T11:00:00,12:00
od_30,motorbike,motorbike-6,7065.537407407111,16.957289777777067,261,236.28840067026843,275.7651737224936,194.4797718891675,39.47677305222513,16.70702960460318,0.0143149284253578,0.985685071574642,development_exploratory_not_untouched_final,C_xgboost_current_pm,hourly_forecast_bucket_aware_arrival_time_exposure,2022-02-27T12:00:00,2022-02-27T11:00:00,12:00
od_30,motorbike,motorbike-7,6895.296589894337,16.548711815746408,331,229.75751649245777,268.0509376685373,189.8952618567824,38.29342117607953,16.666885053719923,0.0198198198198198,0.9801801801801802,development_exploratory_not_untouched_final,C_xgboost_current_pm,hourly_forecast_bucket_aware_arrival_time_exposure,2022-02-27T12:00:00,2022-02-27T11:00:00,12:00
od_30,motorbike,motorbike-8,8296.947894816516,19.91267494755964,391,276.383818188382,322.48093364174355,228.57121610946533,46.09711545336154,16.678659320764556,0.011308562197092,0.988691437802908,development_exploratory_not_untouched_final,C_xgboost_current_pm,hourly_forecast_bucket_aware_arrival_time_exposure,2022-02-27T12:00:00,2022-02-27T11:00:00,12:00
od_01,walking,walking-1,3333.8306473718903,40.00596776846269,111,560.8819311456671,577.3170047058271,629.7357015824016,16.43507356016005,2.930219828367351,1.0,0.0,development_exploratory_not_untouched_final,C_xgboost_current_pm,hourly_forecast_bucket_aware_arrival_time_exposure,2022-02-27T17:00:00,2022-02-27T16:00:00,17:00
od_01,walking,walking-2,3462.8236191283786,41.55388342954054,105,583.752990795382,601.1323453214699,656.6287701117939,17.379354526087923,2.97717610018717,0.0140845070422535,0.9859154929577464,development_exploratory_not_untouched_final,C_xgboost_current_pm,hourly_forecast_bucket_aware_arrival_time_exposure,2022-02-27T17:00:00,2022-02-27T16:00:00,17:00
od_01,walking,walking-3,3879.232303808173,46.55078764569807,143,656.6336066497996,676.2283180251133,739.4774950548,19.59471137531364,2.984116435235095,0.0119521912350597,0.9880478087649402,development_exploratory_not_untouched_final,C_xgboost_current_pm,hourly_forecast_bucket_aware_arrival_time_exposure,2022-02-27T17:00:00,2022-02-27T16:00:00,17:00
od_01,walking,walking-4,4290.157666544244,51.48189199853094,191,718.7330592003448,739.5023870550998,805.2105592157769,20.769327854755037,2.8897137245729008,0.0272108843537414,0.9727891156462584,development_exploratory_not_untouched_final,C_xgboost_current_pm,hourly_forecast_bucket_aware_arrival_time_exposure,2022-02-27T17:00:00,2022-02-27T16:00:00,17:00
od_01,walking,walking-5,4479.890669998318,53.758688039979816,215,757.1862850578616,778.8544414989892,850.941455341788,21.66815644112762,2.861667844323384,0.0584415584415584,0.9415584415584416,development_exploratory_not_untouched_final,C_xgboost_current_pm,hourly_forecast_bucket_aware_arrival_time_exposure,2022-02-27T17:00:00,2022-02-27T16:00:00,17:00
od_01,walking,walking-6,3940.520850847591,47.2862502101711,135,663.851778612907,684.3216636440135,747.4485714186104,20.469885031106514,3.0835023254554743,0.28125,0.71875,development_exploratory_not_untouched_final,C_xgboost_current_pm,hourly_forecast_bucket_aware_arrival_time_exposure,2022-02-27T17:00:00,2022-02-27T16:00:00,17:00
od_01,walking,walking-7,3334.877228844938,40.01852674613926,111,561.057215197362,577.4973823571843,629.9324886660381,16.440167159822295,2.930212234065856,0.9473684210526316,0.0526315789473684,development_exploratory_not_untouched_final,C_xgboost_current_pm,hourly_forecast_bucket_aware_arrival_time_exposure,2022-02-27T17:00:00,2022-02-27T16:00:00,17:00
od_01,walking,walking-8,3337.200169121715,40.04640202946059,114,561.4457189087041,577.8931792087793,630.3628831836701,16.44746030007525,2.9294836074348534,0.9565217391304348,0.0434782608695651,development_exploratory_not_untouched_final,C_xgboost_current_pm,hourly_forecast_bucket_aware_arrival_time_exposure,2022-02-27T17:00:00,2022-02-27T16:00:00,17:00
od_01,motorbike,motorbike-1,3429.2941499099547,8.230305959783891,119,115.4157546426098,118.76245847735348,129.53579460632008,3.346703834743664,2.899694105979626,1.0,0.0,development_exploratory_not_untouched_final,C_xgboost_current_pm,hourly_forecast_bucket_aware_arrival_time_exposure,2022-02-27T17:00:00,2022-02-27T16:00:00,17:00
od_01,motorbike,motorbike-2,3720.545172132016,8.92930841311684,139,125.93162019472555,129.60439482003736,141.64497042488352,3.672774625311789,2.916483262609224,0.0117647058823529,0.9882352941176472,development_exploratory_not_untouched_final,C_xgboost_current_pm,hourly_forecast_bucket_aware_arrival_time_exposure,2022-02-27T17:00:00,2022-02-27T16:00:00,17:00
od_01,motorbike,motorbike-3,4368.011727860995,10.483228146866388,203,146.0474227041477,150.2676139644024,163.52063451674448,4.2201912602547225,2.889603378214815,0.0769230769230769,0.9230769230769232,development_exploratory_not_untouched_final,C_xgboost_current_pm,hourly_forecast_bucket_aware_arrival_time_exposure,2022-02-27T17:00:00,2022-02-27T16:00:00,17:00
od_01,motorbike,motorbike-4,4957.587299606684,11.898209519056042,237,169.37225510515515,174.68777753993584,191.9093395926166,5.315522434780689,3.1383666890899784,0.0,1.0,development_exploratory_not_untouched_final,C_xgboost_current_pm,hourly_forecast_bucket_aware_arrival_time_exposure,2022-02-27T17:00:00,2022-02-27T16:00:00,17:00
od_01,motorbike,motorbike-5,4883.279133582821,11.71986992059877,218,162.7518739048969,167.4097334897957,181.94661400205257,4.657859584898802,2.8619391427840606,0.012012012012012,0.987987987987988,development_exploratory_not_untouched_final,C_xgboost_current_pm,hourly_forecast_bucket_aware_arrival_time_exposure,2022-02-27T17:00:00,2022-02-27T16:00:00,17:00
od_01,motorbike,motorbike-6,5990.124200785455,14.376298081885093,272,201.28726701817345,207.018977775181,225.19674345972268,5.731710757007591,2.8475277358155484,0.0,1.0,development_exploratory_not_untouched_final,C_xgboost_current_pm,hourly_forecast_bucket_aware_arrival_time_exposure,2022-02-27T17:00:00,2022-02-27T16:00:00,17:00
od_01,motorbike,motorbike-7,5350.426005528613,12.841022413268671,207,181.52204532539847,186.7725151308353,203.8696544745789,5.250469805436779,2.892469504750636,0.0251572327044025,0.9748427672955976,development_exploratory_not_untouched_final,C_xgboost_current_pm,hourly_forecast_bucket_aware_arrival_time_exposure,2022-02-27T17:00:00,2022-02-27T16:00:00,17:00
od_01,motorbike,motorbike-8,7908.227114304611,18.979745074331063,368,264.3880260008805,271.724758347934,295.0150886175482,7.336732347053555,2.7749866202447167,0.0041237113402061,0.9958762886597938,development_exploratory_not_untouched_final,C_xgboost_current_pm,hourly_forecast_bucket_aware_arrival_time_exposure,2022-02-27T17:00:00,2022-02-27T16:00:00,17:00
od_02,walking,walking-1,4031.174773347975,48.3740972801757,136,678.1697036913092,737.0877977489245,843.2294999158645,58.91809405761524,8.687809811750851,1.0,0.0,development_exploratory_not_untouched_final,C_xgboost_current_pm,hourly_forecast_bucket_aware_arrival_time_exposure,2022-02-27T17:00:00,2022-02-27T16:00:00,17:00
od_02,walking,walking-2,4179.665283735303,50.15598340482364,132,708.2683544958551,757.6902803736101,849.7831260483217,49.42192587775503,6.97785317726549,0.0307692307692307,0.9692307692307692,development_exploratory_not_untouched_final,C_xgboost_current_pm,hourly_forecast_bucket_aware_arrival_time_exposure,2022-02-27T17:00:00,2022-02-27T16:00:00,17:00
od_02,walking,walking-3,4203.115373844201,50.43738448613041,118,708.6333013025381,766.5544735790468,872.0006019978973,57.92117227650863,8.173645264771466,0.0495867768595041,0.9504132231404958,development_exploratory_not_untouched_final,C_xgboost_current_pm,hourly_forecast_bucket_aware_arrival_time_exposure,2022-02-27T17:00:00,2022-02-27T16:00:00,17:00
od_02,walking,walking-4,4798.739244471271,57.58487093365526,200,811.1260401823308,872.8086690758731,986.3376165754148,61.6826288935423,7.604567704382518,0.009009009009009,0.990990990990991,development_exploratory_not_untouched_final,C_xgboost_current_pm,hourly_forecast_bucket_aware_arrival_time_exposure,2022-02-27T17:00:00,2022-02-27T16:00:00,17:00
od_02,walking,walking-5,4768.99194159527,57.22790329914324,156,802.7917452599418,871.0970908892996,994.4518588099852,68.30534562935782,8.50847633058817,0.0391459074733096,0.9608540925266904,development_exploratory_not_untouched_final,C_xgboost_current_pm,hourly_forecast_bucket_aware_arrival_time_exposure,2022-02-27T17:00:00,2022-02-27T16:00:00,17:00
od_02,walking,walking-6,4882.431836484403,58.58918203781283,186,818.5282878469526,896.0178570744138,1033.4206343394435,77.48956922746117,9.46693845258407,0.032051282051282,0.967948717948718,development_exploratory_not_untouched_final,C_xgboost_current_pm,hourly_forecast_bucket_aware_arrival_time_exposure,2022-02-27T17:00:00,2022-02-27T16:00:00,17:00
od_02,walking,walking-7,5247.301907237375,62.9676228868485,143,882.5250877676784,959.2605173090508,1093.6093100618443,76.73542954137224,8.694985627600943,0.0856031128404669,0.914396887159533,development_exploratory_not_untouched_final,C_xgboost_current_pm,hourly_forecast_bucket_aware_arrival_time_exposure,2022-02-27T17:00:00,2022-02-27T16:00:00,17:00
od_02,walking,walking-8,4032.874831255277,48.39449797506333,134,678.2749294448354,737.6094316505953,844.3729466390699,59.33450220575992,8.747854244638662,0.656441717791411,0.3435582822085889,development_exploratory_not_untouched_final,C_xgboost_current_pm,hourly_forecast_bucket_aware_arrival_time_exposure,2022-02-27T17:00:00,2022-02-27T16:00:00,17:00
od_02,motorbike,motorbike-1,4031.174773347975,9.67481945603514,136,135.63394073826183,147.41755954978487,168.6458999831728,11.78361881152304,8.68780981175085,1.0,0.0,development_exploratory_not_untouched_final,C_xgboost_current_pm,hourly_forecast_bucket_aware_arrival_time_exposure,2022-02-27T17:00:00,2022-02-27T16:00:00,17:00
od_02,motorbike,motorbike-2,4179.665283735303,10.031196680964728,132,141.65367089917095,151.53805607472208,169.9566252096643,9.884385175551133,6.977853177265582,0.0307692307692307,0.9692307692307692,development_exploratory_not_untouched_final,C_xgboost_current_pm,hourly_forecast_bucket_aware_arrival_time_exposure,2022-02-27T17:00:00,2022-02-27T16:00:00,17:00
od_02,motorbike,motorbike-3,4206.177077687737,10.094824986450568,116,141.83087671304722,153.42165230495743,174.52351355159328,11.590775591910216,8.172251247773584,0.05,0.95,development_exploratory_not_untouched_final,C_xgboost_current_pm,hourly_forecast_bucket_aware_arrival_time_exposure,2022-02-27T17:00:00,2022-02-27T16:00:00,17:00
od_02,motorbike,motorbike-4,4662.852950896125,11.190847082150698,153,157.93016031475983,169.24898324169766,190.27729823369572,11.318822926937829,7.166979951377909,0.0104895104895104,0.9895104895104896,development_exploratory_not_untouched_final,C_xgboost_current_pm,hourly_forecast_bucket_aware_arrival_time_exposure,2022-02-27T17:00:00,2022-02-27T16:00:00,17:00
od_02,motorbike,motorbike-5,4794.898408301863,11.507756179924469,170,161.39898548048367,175.19955958901804,200.10058834450624,13.800574108534365,8.55059532589387,0.0372881355932203,0.9627118644067796,development_exploratory_not_untouched_final,C_xgboost_current_pm,hourly_forecast_bucket_aware_arrival_time_exposure,2022-02-27T17:00:00,2022-02-27T16:00:00,17:00
od_02,motorbike,motorbike-6,5404.728891443751,12.971349339465004,211,182.9458418481707,196.42867475271885,221.3753960923773,13.48283290454816,7.36984933264444,0.0087209302325581,0.9912790697674418,development_exploratory_not_untouched_final,C_xgboost_current_pm,hourly_forecast_bucket_aware_arrival_time_exposure,2022-02-27T17:00:00,2022-02-27T16:00:00,17:00
od_02,motorbike,motorbike-7,5018.097801026264,12.043434722463036,172,167.81599765157372,184.6833834304836,214.2254655422023,16.867385778909863,10.05111909171532,0.0335570469798657,0.9664429530201344,development_exploratory_not_untouched_final,C_xgboost_current_pm,hourly_forecast_bucket_aware_arrival_time_exposure,2022-02-27T17:00:00,2022-02-27T16:00:00,17:00
od_02,motorbike,motorbike-8,6275.567685737707,15.061362445770497,241,213.18399204719927,227.161390663398,253.4411226775468,13.977398616198712,6.556495392535896,0.0053333333333333,0.9946666666666668,development_exploratory_not_untouched_final,C_xgboost_current_pm,hourly_forecast_bucket_aware_arrival_time_exposure,2022-02-27T17:00:00,2022-02-27T16:00:00,17:00
od_03,walking,walking-1,2868.5704745351272,34.422845694421525,187,489.47472973199183,512.9768357232489,557.1646074865674,23.502105991257054,4.801495269045954,1.0,0.0,development_exploratory_not_untouched_final,C_xgboost_current_pm,hourly_forecast_bucket_aware_arrival_time_exposure,2022-02-27T17:00:00,2022-02-27T16:00:00,17:00
od_03,walking,walking-2,2948.851636448961,35.386219637387526,139,502.47813689243145,525.446354730708,571.0083622043388,22.96821783827653,4.570988497195746,0.0,1.0,development_exploratory_not_untouched_final,C_xgboost_current_pm,hourly_forecast_bucket_aware_arrival_time_exposure,2022-02-27T17:00:00,2022-02-27T16:00:00,17:00
od_03,walking,walking-3,3018.080756930005,36.21696908316007,126,514.3330245464967,538.476728907673,585.2880816828123,24.14370436117622,4.69417735376111,0.0296052631578947,0.9703947368421052,development_exploratory_not_untouched_final,C_xgboost_current_pm,hourly_forecast_bucket_aware_arrival_time_exposure,2022-02-27T17:00:00,2022-02-27T16:00:00,17:00
od_03,walking,walking-4,3502.8060662306657,42.03367279476799,151,598.3477280726596,627.4898936266021,681.2553513091628,29.142165553942505,4.870439743761117,0.0180722891566265,0.9819277108433736,development_exploratory_not_untouched_final,C_xgboost_current_pm,hourly_forecast_bucket_aware_arrival_time_exposure,2022-02-27T17:00:00,2022-02-27T16:00:00,17:00
od_03,walking,walking-5,3439.206865857348,41.27048239028817,156,585.9897182795935,612.7158201770341,665.8783028395488,26.72610189744057,4.560848264694081,0.014792899408284,0.985207100591716,development_exploratory_not_untouched_final,C_xgboost_current_pm,hourly_forecast_bucket_aware_arrival_time_exposure,2022-02-27T17:00:00,2022-02-27T16:00:00,17:00
od_03,walking,walking-6,3671.8372304681416,44.0620467656177,159,625.5995173655248,654.5383599308465,710.4518590459633,28.938842565321693,4.625777636016514,0.0,1.0,development_exploratory_not_untouched_final,C_xgboost_current_pm,hourly_forecast_bucket_aware_arrival_time_exposure,2022-02-27T17:00:00,2022-02-27T16:00:00,17:00
od_03,walking,walking-7,4047.1230223139096,48.56547626776692,194,689.7650052158203,721.8928295068463,784.1408552906652,32.127824291025945,4.657792733479351,0.1140350877192982,0.8859649122807017,development_exploratory_not_untouched_final,C_xgboost_current_pm,hourly_forecast_bucket_aware_arrival_time_exposure,2022-02-27T17:00:00,2022-02-27T16:00:00,17:00
od_03,walking,walking-8,3757.112562960388,45.08535075552466,160,640.5946513397223,670.3375641088666,728.2666314114374,29.74291276914425,4.643016095582555,0.0146198830409356,0.9853801169590644,development_exploratory_not_untouched_final,C_xgboost_current_pm,hourly_forecast_bucket_aware_arrival_time_exposure,2022-02-27T17:00:00,2022-02-27T16:00:00,17:00
od_03,motorbike,motorbike-1,2879.1708152343526,6.910009956562447,177,98.25511471253184,102.97059718384068,111.8348142463525,4.7154824713088175,4.799223414582595,1.0,0.0,development_exploratory_not_untouched_final,C_xgboost_current_pm,hourly_forecast_bucket_aware_arrival_time_exposure,2022-02-27T17:00:00,2022-02-27T16:00:00,17:00
od_03,motorbike,motorbike-2,2965.050267630812,7.116120642313948,147,101.04931682093994,105.66763068173728,114.82999166817204,4.618313860797343,4.570356342914248,0.0,1.0,development_exploratory_not_untouched_final,C_xgboost_current_pm,hourly_forecast_bucket_aware_arrival_time_exposure,2022-02-27T17:00:00,2022-02-27T16:00:00,17:00
od_03,motorbike,motorbike-3,3037.969810029627,7.291127544071104,132,103.54267764532582,108.39792202039663,117.81594503375214,4.855244375070825,4.6891238332679945,0.047457627118644,0.952542372881356,development_exploratory_not_untouched_final,C_xgboost_current_pm,hourly_forecast_bucket_aware_arrival_time_exposure,2022-02-27T17:00:00,2022-02-27T16:00:00,17:00
od_03,motorbike,motorbike-4,3730.3427598280064,8.952822623587215,186,127.13110325854726,133.20513856960446,144.83597595361627,6.074035311057202,4.777772830858237,0.0,1.0,development_exploratory_not_untouched_final,C_xgboost_current_pm,hourly_forecast_bucket_aware_arrival_time_exposure,2022-02-27T17:00:00,2022-02-27T16:00:00,17:00
od_03,motorbike,motorbike-5,3722.69973823452,8.934479371762848,146,126.80031658309731,132.61976356472056,144.0420992266605,5.819446981623244,4.589457769854642,0.0157232704402515,0.9842767295597484,development_exploratory_not_untouched_final,C_xgboost_current_pm,hourly_forecast_bucket_aware_arrival_time_exposure,2022-02-27T17:00:00,2022-02-27T16:00:00,17:00
od_03,motorbike,motorbike-6,4226.954621077359,10.144691090585662,221,144.06913259645893,150.58602882853526,163.6419151739265,6.516896232076334,4.523450731344594,0.0,1.0,development_exploratory_not_untouched_final,C_xgboost_current_pm,hourly_forecast_bucket_aware_arrival_time_exposure,2022-02-27T17:00:00,2022-02-27T16:00:00,17:00
od_03,motorbike,motorbike-7,4796.108130375025,11.51065951290006,224,163.66386337350065,171.82365005531355,187.0197000744972,8.159786681812903,4.985698439240242,0.007537688442211,0.992462311557789,development_exploratory_not_untouched_final,C_xgboost_current_pm,hourly_forecast_bucket_aware_arrival_time_exposure,2022-02-27T17:00:00,2022-02-27T16:00:00,17:00
od_03,motorbike,motorbike-8,5295.943269727383,12.710263847345718,208,180.7025550238385,188.72143955345047,205.0377196465728,8.018884529612023,4.43761546623077,0.0052219321148825,0.9947780678851176,development_exploratory_not_untouched_final,C_xgboost_current_pm,hourly_forecast_bucket_aware_arrival_time_exposure,2022-02-27T17:00:00,2022-02-27T16:00:00,17:00
od_04,walking,walking-1,5520.488372880517,66.24586047456621,193,945.8000586533362,999.2214429124336,1097.479617186637,53.42138425909741,5.6482745766754,1.0,0.0,development_exploratory_not_untouched_final,C_xgboost_current_pm,hourly_forecast_bucket_aware_arrival_time_exposure,2022-02-27T17:00:00,2022-02-27T16:00:00,17:00
od_04,walking,walking-2,5675.2072322679305,68.10248678721517,179,971.3487783427302,1028.5898568854566,1131.6968059894295,57.24107854272643,5.892948014037602,0.0391061452513966,0.9608938547486032,development_exploratory_not_untouched_final,C_xgboost_current_pm,hourly_forecast_bucket_aware_arrival_time_exposure,2022-02-27T17:00:00,2022-02-27T16:00:00,17:00
od_04,walking,walking-3,5963.507083947719,71.56208500737262,180,1022.1242800668564,1077.994891191771,1177.2165378534028,55.870611124914944,5.466126988125209,0.0448179271708683,0.9551820728291316,development_exploratory_not_untouched_final,C_xgboost_current_pm,hourly_forecast_bucket_aware_arrival_time_exposure,2022-02-27T17:00:00,2022-02-27T16:00:00,17:00
od_04,walking,walking-4,6502.696264260247,78.03235517112297,245,1116.780307565125,1171.9056254857223,1266.16155528623,55.12531792059736,4.93609329849172,0.0068965517241379,0.993103448275862,development_exploratory_not_untouched_final,C_xgboost_current_pm,hourly_forecast_bucket_aware_arrival_time_exposure,2022-02-27T17:00:00,2022-02-27T16:00:00,17:00
od_04,walking,walking-5,6661.096289052556,79.93315546863067,201,1138.5643216647293,1206.534440139308,1319.2130672736732,67.97011847457861,5.9698092748240565,0.2468354430379747,0.7531645569620253,development_exploratory_not_untouched_final,C_xgboost_current_pm,hourly_forecast_bucket_aware_arrival_time_exposure,2022-02-27T17:00:00,2022-02-27T16:00:00,17:00
od_04,walking,walking-6,5521.552651906517,66.2586318228782,193,945.9817984538888,999.4142267114016,1097.693765740832,53.4324282575127,5.648356907589826,0.9693877551020408,0.0306122448979592,development_exploratory_not_untouched_final,C_xgboost_current_pm,hourly_forecast_bucket_aware_arrival_time_exposure,2022-02-27T17:00:00,2022-02-27T16:00:00,17:00
od_04,walking,walking-7,5522.649405426444,66.27179286511733,193,946.1675520436952,999.614170473144,1097.9201727026657,53.44661842944879,5.648747762910027,0.9794871794871794,0.0205128205128205,development_exploratory_not_untouched_final,C_xgboost_current_pm,hourly_forecast_bucket_aware_arrival_time_exposure,2022-02-27T17:00:00,2022-02-27T16:00:00,17:00
od_04,walking,walking-8,5522.945180980105,66.27534217176127,195,946.2542655104598,999.6626318845148,1097.9039010570823,53.40836637405505,5.644187648152237,0.9595959595959596,0.0404040404040404,development_exploratory_not_untouched_final,C_xgboost_current_pm,hourly_forecast_bucket_aware_arrival_time_exposure,2022-02-27T17:00:00,2022-02-27T16:00:00,17:00
od_04,motorbike,motorbike-1,5531.617742970435,13.27588258312904,172,189.4371009673855,200.5471385797826,221.8721123231711,11.110037612397091,5.864763320206139,1.0,0.0,development_exploratory_not_untouched_final,C_xgboost_current_pm,hourly_forecast_bucket_aware_arrival_time_exposure,2022-02-27T17:00:00,2022-02-27T16:00:00,17:00
od_04,motorbike,motorbike-2,5675.2072322679305,13.620497357443034,179,194.269755668546,205.89891604766277,228.09521252705383,11.62916037911674,5.9860889509522375,0.0415430267062314,0.9584569732937686,development_exploratory_not_untouched_final,C_xgboost_current_pm,hourly_forecast_bucket_aware_arrival_time_exposure,2022-02-27T17:00:00,2022-02-27T16:00:00,17:00
od_04,motorbike,motorbike-3,5934.702314462292,14.2432855547095,192,203.513729555632,214.70252432736703,236.33543829901944,11.18879477173502,5.497808327804478,0.0196078431372549,0.9803921568627452,development_exploratory_not_untouched_final,C_xgboost_current_pm,hourly_forecast_bucket_aware_arrival_time_exposure,2022-02-27T17:00:00,2022-02-27T16:00:00,17:00
od_04,motorbike,motorbike-4,6507.253056448894,15.617407335477344,243,223.50964331335612,234.95289191158403,257.22549059740817,11.443248598227882,5.119800841069158,0.0097323600973236,0.9902676399026764,development_exploratory_not_untouched_final,C_xgboost_current_pm,hourly_forecast_bucket_aware_arrival_time_exposure,2022-02-27T17:00:00,2022-02-27T16:00:00,17:00
od_04,motorbike,motorbike-5,7455.686349722729,17.89364723933455,237,256.0936030647208,268.9316480187182,293.94767407364253,12.838044953997382,5.013028361646702,0.0073891625615763,0.9926108374384236,development_exploratory_not_untouched_final,C_xgboost_current_pm,hourly_forecast_bucket_aware_arrival_time_exposure,2022-02-27T17:00:00,2022-02-27T16:00:00,17:00
od_04,motorbike,motorbike-6,8308.739262503555,19.94097423000853,286,285.6446738019324,300.59187515022256,329.5307079607181,14.947201348290209,5.2327953990329545,0.0065934065934065,0.9934065934065934,development_exploratory_not_untouched_final,C_xgboost_current_pm,hourly_forecast_bucket_aware_arrival_time_exposure,2022-02-27T17:00:00,2022-02-27T16:00:00,17:00
od_04,motorbike,motorbike-7,9058.58434508862,21.74060242821269,409,311.1682536326403,326.0836187258513,355.0055944295154,14.91536509321105,4.793344089278421,0.0069324090121317,0.9930675909878682,development_exploratory_not_untouched_final,C_xgboost_current_pm,hourly_forecast_bucket_aware_arrival_time_exposure,2022-02-27T17:00:00,2022-02-27T16:00:00,17:00
od_04,motorbike,motorbike-8,10551.5949527706,25.32382788664944,393,363.4433124334472,380.6433912473384,414.1273076453015,17.200078813891196,4.732534132689766,0.0053380782918149,0.994661921708185,development_exploratory_not_untouched_final,C_xgboost_current_pm,hourly_forecast_bucket_aware_arrival_time_exposure,2022-02-27T17:00:00,2022-02-27T16:00:00,17:00
od_05,walking,walking-1,6599.1173935056095,79.18940872206731,249,1109.7495505064533,1148.6825205955618,1219.2925402498684,38.932970089108494,3.508266353551643,1.0,0.0,development_exploratory_not_untouched_final,C_xgboost_current_pm,hourly_forecast_bucket_aware_arrival_time_exposure,2022-02-27T17:00:00,2022-02-27T16:00:00,17:00
od_05,walking,walking-2,6784.464022663192,81.41356827195831,246,1138.473618206636,1178.7314145124992,1250.324638537224,40.25779630586317,3.5361202633117377,0.0164271047227926,0.9835728952772074,development_exploratory_not_untouched_final,C_xgboost_current_pm,hourly_forecast_bucket_aware_arrival_time_exposure,2022-02-27T17:00:00,2022-02-27T16:00:00,17:00
od_05,walking,walking-3,7136.549089395779,85.63858907274934,298,1209.0522609185446,1254.141483854211,1327.158300968041,45.08922293566639,3.7293030577033184,0.0148423005565862,0.9851576994434136,development_exploratory_not_untouched_final,C_xgboost_current_pm,hourly_forecast_bucket_aware_arrival_time_exposure,2022-02-27T17:00:00,2022-02-27T16:00:00,17:00
od_05,walking,walking-4,7697.826013392555,92.37391216071067,308,1281.4231529300876,1324.4170312613803,1398.514954286856,42.99387833129276,3.3551663424360214,0.0182815356489945,0.9817184643510056,development_exploratory_not_untouched_final,C_xgboost_current_pm,hourly_forecast_bucket_aware_arrival_time_exposure,2022-02-27T17:00:00,2022-02-27T16:00:00,17:00
od_05,walking,walking-5,6599.228133870036,79.19073760644044,249,1109.758478995381,1148.69081190687,1219.3023787607574,38.93233291148909,3.5081807121431443,0.9840637450199204,0.0159362549800796,development_exploratory_not_untouched_final,C_xgboost_current_pm,hourly_forecast_bucket_aware_arrival_time_exposure,2022-02-27T17:00:00,2022-02-27T16:00:00,17:00
od_05,walking,walking-6,6599.491968275206,79.19390361930249,249,1109.8294759206588,1148.7680093694264,1219.3824264409234,38.93853344876766,3.5085149830307225,0.9840637450199204,0.0159362549800796,development_exploratory_not_untouched_final,C_xgboost_current_pm,hourly_forecast_bucket_aware_arrival_time_exposure,2022-02-27T17:00:00,2022-02-27T16:00:00,17:00
od_05,walking,walking-7,6599.6027086396325,79.1952325036756,249,1109.8384044095865,1148.7763006807352,1219.3922649518126,38.9378962711487,3.508429345789574,0.9683794466403162,0.0316205533596838,development_exploratory_not_untouched_final,C_xgboost_current_pm,hourly_forecast_bucket_aware_arrival_time_exposure,2022-02-27T17:00:00,2022-02-27T16:00:00,17:00
od_05,walking,walking-8,6599.613248653397,79.19535898384078,249,1109.8356267429117,1148.7708534552137,1219.381975176348,38.93522671230221,3.5081975901753406,0.9840637450199204,0.0159362549800796,development_exploratory_not_untouched_final,C_xgboost_current_pm,hourly_forecast_bucket_aware_arrival_time_exposure,2022-02-27T17:00:00,2022-02-27T16:00:00,17:00
od_05,motorbike,motorbike-1,6445.369478954613,15.468886749491071,243,216.90131716113845,224.90748951356997,241.92546182295936,8.006172352431491,3.691158936800561,1.0,0.0,development_exploratory_not_untouched_final,C_xgboost_current_pm,hourly_forecast_bucket_aware_arrival_time_exposure,2022-02-27T17:00:00,2022-02-27T16:00:00,17:00
od_05,motorbike,motorbike-2,6846.172276292444,16.430813463101863,284,231.7976466865996,241.0110383933696,259.2602189002846,9.213391706770013,3.974756361192448,0.0518962075848303,0.9481037924151696,development_exploratory_not_untouched_final,C_xgboost_current_pm,hourly_forecast_bucket_aware_arrival_time_exposure,2022-02-27T17:00:00,2022-02-27T16:00:00,17:00
od_05,motorbike,motorbike-3,7383.760810561117,17.721025945346682,281,248.33886936866185,257.6125360744683,277.2859187155351,9.273666705806503,3.734279184479834,0.048,0.952,development_exploratory_not_untouched_final,C_xgboost_current_pm,hourly_forecast_bucket_aware_arrival_time_exposure,2022-02-27T17:00:00,2022-02-27T16:00:00,17:00
od_05,motorbike,motorbike-4,8052.100580253528,19.325041392608465,300,274.17981502941285,285.0896097653264,305.85987943134785,10.909794735913522,3.9790656123767407,0.0422264875239923,0.9577735124760076,development_exploratory_not_untouched_final,C_xgboost_current_pm,hourly_forecast_bucket_aware_arrival_time_exposure,2022-02-27T17:00:00,2022-02-27T16:00:00,17:00
od_05,motorbike,motorbike-5,8792.392827452573,21.101742785886177,339,300.5094620765052,313.12744228129185,336.09965059366147,12.617980204786647,4.198862863617352,0.0086655112651646,0.9913344887348352,development_exploratory_not_untouched_final,C_xgboost_current_pm,hourly_forecast_bucket_aware_arrival_time_exposure,2022-02-27T17:00:00,2022-02-27T16:00:00,17:00
od_05,motorbike,motorbike-6,10106.789805542736,24.25629553330257,404,339.96482651974645,353.83368691011884,381.6614078007992,13.86886039037239,4.079498615297731,0.001547987616099,0.9984520123839008,development_exploratory_not_untouched_final,C_xgboost_current_pm,hourly_forecast_bucket_aware_arrival_time_exposure,2022-02-27T17:00:00,2022-02-27T16:00:00,17:00
od_05,motorbike,motorbike-7,11003.54809635794,26.40851543125905,431,370.1624834635285,387.424200234538,420.99874342379866,17.261716771009503,4.663281002843789,0.0044709388971684,0.9955290611028316,development_exploratory_not_untouched_final,C_xgboost_current_pm,hourly_forecast_bucket_aware_arrival_time_exposure,2022-02-27T17:00:00,2022-02-27T16:00:00,17:00
od_05,motorbike,motorbike-8,12618.001043919245,30.28320250540618,497,424.1552469595369,442.40318765300265,477.08836876910766,18.24794069346575,4.302184359210944,0.0013531799729364,0.9986468200270636,development_exploratory_not_untouched_final,C_xgboost_current_pm,hourly_forecast_bucket_aware_arrival_time_exposure,2022-02-27T17:00:00,2022-02-27T16:00:00,17:00
od_06,walking,walking-1,3537.365189594572,42.44838227513487,148,602.4925973731009,629.4567091084326,677.5754029553675,26.9641117353317,4.47542622978218,1.0,0.0,development_exploratory_not_untouched_final,C_xgboost_current_pm,hourly_forecast_bucket_aware_arrival_time_exposure,2022-02-27T17:00:00,2022-02-27T16:00:00,17:00
od_06,walking,walking-2,3644.4912539881616,43.733895047857935,180,619.5040853147847,647.4507064430193,698.8528570062459,27.9466211282346,4.511127818315234,0.0649350649350649,0.935064935064935,development_exploratory_not_untouched_final,C_xgboost_current_pm,hourly_forecast_bucket_aware_arrival_time_exposure,2022-02-27T17:00:00,2022-02-27T16:00:00,17:00
od_06,walking,walking-3,3861.827773806514,46.34193328567817,201,655.6201055378945,685.5356701847126,741.5502864785666,29.915564646818098,4.562941922330812,0.0294985250737463,0.9705014749262536,development_exploratory_not_untouched_final,C_xgboost_current_pm,hourly_forecast_bucket_aware_arrival_time_exposure,2022-02-27T17:00:00,2022-02-27T16:00:00,17:00
od_06,walking,walking-4,4270.552599826714,51.24663119792057,181,729.3608245023798,761.6960628740219,815.7884495550742,32.33523837164205,4.433366488212933,0.0030487804878048,0.9969512195121952,development_exploratory_not_untouched_final,C_xgboost_current_pm,hourly_forecast_bucket_aware_arrival_time_exposure,2022-02-27T17:00:00,2022-02-27T16:00:00,17:00
od_06,walking,walking-5,4555.358741668228,54.664304900018735,235,770.4631356367191,806.6014200348986,878.0971244997606,36.13828439817951,4.690462492837433,0.0,1.0,development_exploratory_not_untouched_final,C_xgboost_current_pm,hourly_forecast_bucket_aware_arrival_time_exposure,2022-02-27T17:00:00,2022-02-27T16:00:00,17:00
od_06,walking,walking-6,3537.459356155005,42.44951227386006,148,602.5098821569621,629.4747793913099,677.5953271225903,26.964897234347745,4.475428210042706,0.9473684210526316,0.0526315789473684,development_exploratory_not_untouched_final,C_xgboost_current_pm,hourly_forecast_bucket_aware_arrival_time_exposure,2022-02-27T17:00:00,2022-02-27T16:00:00,17:00
od_06,walking,walking-7,3538.2918404593456,42.45950208551215,148,602.6484612415852,629.6200150769539,677.7567448627979,26.97155383536869,4.475503642671136,0.9733333333333334,0.0266666666666666,development_exploratory_not_untouched_final,C_xgboost_current_pm,hourly_forecast_bucket_aware_arrival_time_exposure,2022-02-27T17:00:00,2022-02-27T16:00:00,17:00
od_06,walking,walking-8,3538.386007019779,42.46063208423735,148,602.6657460254464,629.6380853598312,677.7766690300207,26.972339334384746,4.475505620199275,0.922077922077922,0.0779220779220779,development_exploratory_not_untouched_final,C_xgboost_current_pm,hourly_forecast_bucket_aware_arrival_time_exposure,2022-02-27T17:00:00,2022-02-27T16:00:00,17:00
od_06,motorbike,motorbike-1,3664.907543438789,8.795778104253094,177,124.7966757209891,130.36616670819362,140.36778317145777,5.569490987204517,4.462852039149152,1.0,0.0,development_exploratory_not_untouched_final,C_xgboost_current_pm,hourly_forecast_bucket_aware_arrival_time_exposure,2022-02-27T17:00:00,2022-02-27T16:00:00,17:00
od_06,motorbike,motorbike-2,3713.55208690206,8.912525008564945,192,126.23956444044532,131.93630045016994,142.43750430932388,5.696736009724617,4.512639151580807,0.1941747572815534,0.8058252427184466,development_exploratory_not_untouched_final,C_xgboost_current_pm,hourly_forecast_bucket_aware_arrival_time_exposure,2022-02-27T17:00:00,2022-02-27T16:00:00,17:00
od_06,motorbike,motorbike-3,4055.6641293022394,9.733593910325371,183,137.26322850679307,143.40359692010216,154.6864032125633,6.140368413309091,4.473425607212209,0.0285714285714285,0.9714285714285714,development_exploratory_not_untouched_final,C_xgboost_current_pm,hourly_forecast_bucket_aware_arrival_time_exposure,2022-02-27T17:00:00,2022-02-27T16:00:00,17:00
od_06,motorbike,motorbike-4,4627.731482063553,11.106555556952523,244,156.59149691993017,163.93187859463566,178.40971130674097,7.3403816747054975,4.687599147518751,0.0,1.0,development_exploratory_not_untouched_final,C_xgboost_current_pm,hourly_forecast_bucket_aware_arrival_time_exposure,2022-02-27T17:00:00,2022-02-27T16:00:00,17:00
od_06,motorbike,motorbike-5,4511.935414416441,10.82864499459946,194,153.7507348427063,160.55007651081513,172.13921055828422,6.799341668108866,4.422314908000206,0.0136612021857923,0.9863387978142076,development_exploratory_not_untouched_final,C_xgboost_current_pm,hourly_forecast_bucket_aware_arrival_time_exposure,2022-02-27T17:00:00,2022-02-27T16:00:00,17:00
od_06,motorbike,motorbike-6,5290.044003739078,12.696105608973786,227,178.5581939211879,187.14044312608303,204.7636929783892,8.582249204895163,4.8064157776389695,0.0024813895781637,0.9975186104218362,development_exploratory_not_untouched_final,C_xgboost_current_pm,hourly_forecast_bucket_aware_arrival_time_exposure,2022-02-27T17:00:00,2022-02-27T16:00:00,17:00
od_06,motorbike,motorbike-7,5777.694021722921,13.86646565213501,240,195.4662569751461,203.8226472610893,218.2033101089276,8.356390285943178,4.275106310039848,0.0,1.0,development_exploratory_not_untouched_final,C_xgboost_current_pm,hourly_forecast_bucket_aware_arrival_time_exposure,2022-02-27T17:00:00,2022-02-27T16:00:00,17:00
od_06,motorbike,motorbike-8,6403.564913596633,15.36855579263192,267,215.80882890922285,226.13151526286177,248.24403795313168,10.322686353638945,4.783254886194228,0.0,1.0,development_exploratory_not_untouched_final,C_xgboost_current_pm,hourly_forecast_bucket_aware_arrival_time_exposure,2022-02-27T17:00:00,2022-02-27T16:00:00,17:00
od_07,walking,walking-1,3010.078469087085,36.12094162904502,119,508.4338711186927,545.2845467797233,613.0526074842414,36.85067566103066,7.247879764569808,1.0,0.0,development_exploratory_not_untouched_final,C_xgboost_current_pm,hourly_forecast_bucket_aware_arrival_time_exposure,2022-02-27T17:00:00,2022-02-27T16:00:00,17:00
od_07,walking,walking-2,3052.1049210734086,36.62525905288091,128,515.5036163778227,552.9036403788643,621.6803551424667,37.40002400104163,7.255045903233862,0.0646551724137931,0.9353448275862069,development_exploratory_not_untouched_final,C_xgboost_current_pm,hourly_forecast_bucket_aware_arrival_time_exposure,2022-02-27T17:00:00,2022-02-27T16:00:00,17:00
od_07,walking,walking-3,3868.7068261117006,46.42448191334041,178,653.9070057758231,701.0511817872607,787.019665428443,47.1441760114376,7.209614760971055,0.0067796610169491,0.9932203389830508,development_exploratory_not_untouched_final,C_xgboost_current_pm,hourly_forecast_bucket_aware_arrival_time_exposure,2022-02-27T17:00:00,2022-02-27T16:00:00,17:00
od_07,walking,walking-4,4012.041591928652,48.14449910314382,170,676.3785908112682,724.7798010824819,816.654096525503,48.4012102712137,7.1559346982227625,0.0140350877192982,0.9859649122807016,development_exploratory_not_untouched_final,C_xgboost_current_pm,hourly_forecast_bucket_aware_arrival_time_exposure,2022-02-27T17:00:00,2022-02-27T16:00:00,17:00
od_07,walking,walking-5,3962.97612968166,47.55571355617992,212,668.8317628462155,716.6445508754538,805.9414339546422,47.81278802923828,7.148701764068563,0.0122324159021406,0.9877675840978594,development_exploratory_not_untouched_final,C_xgboost_current_pm,hourly_forecast_bucket_aware_arrival_time_exposure,2022-02-27T17:00:00,2022-02-27T16:00:00,17:00
od_07,walking,walking-6,4080.9006073865394,48.97080728863848,190,690.345334204502,738.1547483242812,826.4027106406718,47.80941411977915,6.925434525442378,0.2213438735177865,0.7786561264822134,development_exploratory_not_untouched_final,C_xgboost_current_pm,hourly_forecast_bucket_aware_arrival_time_exposure,2022-02-27T17:00:00,2022-02-27T16:00:00,17:00
od_07,walking,walking-7,3015.7407748952337,36.1888892987428,120,509.3977964196645,546.2998145448714,614.1658826434893,36.902018125206894,7.244243768735382,0.8968253968253969,0.1031746031746031,development_exploratory_not_untouched_final,C_xgboost_current_pm,hourly_forecast_bucket_aware_arrival_time_exposure,2022-02-27T17:00:00,2022-02-27T16:00:00,17:00
od_07,walking,walking-8,3015.8570403392914,36.19028448407151,120,509.4178251153223,546.3207415779918,614.1882805817133,36.902916462669566,7.244135293914276,0.912,0.0879999999999999,development_exploratory_not_untouched_final,C_xgboost_current_pm,hourly_forecast_bucket_aware_arrival_time_exposure,2022-02-27T17:00:00,2022-02-27T16:00:00,17:00
od_07,motorbike,motorbike-1,3627.865375012017,8.70687690002884,138,122.700810750339,131.29425345933043,147.14072853417963,8.593442708991432,7.003574513029605,1.0,0.0,development_exploratory_not_untouched_final,C_xgboost_current_pm,hourly_forecast_bucket_aware_arrival_time_exposure,2022-02-27T17:00:00,2022-02-27T16:00:00,17:00
od_07,motorbike,motorbike-2,3687.334379690573,8.849602511257377,163,124.66506150112404,133.62061328270872,149.98602801340962,8.955551781584688,7.183690180511355,0.2541666666666666,0.7458333333333333,development_exploratory_not_untouched_final,C_xgboost_current_pm,hourly_forecast_bucket_aware_arrival_time_exposure,2022-02-27T17:00:00,2022-02-27T16:00:00,17:00
od_07,motorbike,motorbike-3,3876.8683445495967,9.304484026919033,202,130.88826178750517,140.19222692312542,157.5418080928493,9.303965135620246,7.108326605119924,0.1074918566775244,0.8925081433224755,development_exploratory_not_untouched_final,C_xgboost_current_pm,hourly_forecast_bucket_aware_arrival_time_exposure,2022-02-27T17:00:00,2022-02-27T16:00:00,17:00
od_07,motorbike,motorbike-4,4415.441329392981,10.597059190543154,208,149.82645983294154,160.11275805085066,178.5026387943882,10.28629821790912,6.865475049853329,0.0028985507246376,0.9971014492753624,development_exploratory_not_untouched_final,C_xgboost_current_pm,hourly_forecast_bucket_aware_arrival_time_exposure,2022-02-27T17:00:00,2022-02-27T16:00:00,17:00
od_07,motorbike,motorbike-5,5170.4619718541535,12.409108732449967,191,173.77954746125786,187.67345043074005,213.38619247342743,13.893902969482184,7.995131287000081,0.0,1.0,development_exploratory_not_untouched_final,C_xgboost_current_pm,hourly_forecast_bucket_aware_arrival_time_exposure,2022-02-27T17:00:00,2022-02-27T16:00:00,17:00
od_07,motorbike,motorbike-6,5317.2180673122,12.761323361549278,202,180.3552571002543,193.0882235553974,215.68253207993297,12.7329664551431,7.059936405438523,0.0029498525073746,0.9970501474926252,development_exploratory_not_untouched_final,C_xgboost_current_pm,hourly_forecast_bucket_aware_arrival_time_exposure,2022-02-27T17:00:00,2022-02-27T16:00:00,17:00
od_07,motorbike,motorbike-7,5942.755175528985,14.262612421269564,256,202.1445685397753,215.6586436837026,239.4957874503902,13.514075143927329,6.6853515983874745,0.0025445292620865,0.9974554707379136,development_exploratory_not_untouched_final,C_xgboost_current_pm,hourly_forecast_bucket_aware_arrival_time_exposure,2022-02-27T17:00:00,2022-02-27T16:00:00,17:00
od_07,motorbike,motorbike-8,6766.400071842087,16.239360172421005,240,229.2659628501681,246.16421902544127,275.9580708705275,16.89825617527316,7.370590891556222,0.008,0.992,development_exploratory_not_untouched_final,C_xgboost_current_pm,hourly_forecast_bucket_aware_arrival_time_exposure,2022-02-27T17:00:00,2022-02-27T16:00:00,17:00
od_08,walking,walking-1,6870.356216816323,82.44427460179587,346,1158.5098305481292,1199.075083103445,1287.219670174369,40.56525255531574,3.50150266192588,1.0,0.0,development_exploratory_not_untouched_final,C_xgboost_current_pm,hourly_forecast_bucket_aware_arrival_time_exposure,2022-02-27T17:00:00,2022-02-27T16:00:00,17:00
od_08,walking,walking-2,7066.552712232213,84.79863254678656,281,1197.1114531250817,1242.7333222298369,1343.2386025354028,45.621869104755206,3.810995959119635,0.0096618357487922,0.9903381642512076,development_exploratory_not_untouched_final,C_xgboost_current_pm,hourly_forecast_bucket_aware_arrival_time_exposure,2022-02-27T17:00:00,2022-02-27T16:00:00,17:00
od_08,walking,walking-3,7181.705333275932,86.18046399931119,299,1213.1498958884024,1253.379276806463,1346.29936256375,40.22938091806054,3.316109662491472,0.0369774919614147,0.9630225080385852,development_exploratory_not_untouched_final,C_xgboost_current_pm,hourly_forecast_bucket_aware_arrival_time_exposure,2022-02-27T17:00:00,2022-02-27T16:00:00,17:00
od_08,walking,walking-4,7442.834681192636,89.31401617431165,308,1261.8905311800563,1306.2758076984578,1403.247563288456,44.38527651840127,3.517363465505553,0.0077041602465331,0.9922958397534668,development_exploratory_not_untouched_final,C_xgboost_current_pm,hourly_forecast_bucket_aware_arrival_time_exposure,2022-02-27T17:00:00,2022-02-27T16:00:00,17:00
od_08,walking,walking-5,7891.429810836159,94.69715773003392,378,1335.1165530298838,1383.8729951624614,1486.66857302019,48.7564421325776,3.6518491229796246,0.0041608876560332,0.9958391123439668,development_exploratory_not_untouched_final,C_xgboost_current_pm,hourly_forecast_bucket_aware_arrival_time_exposure,2022-02-27T17:00:00,2022-02-27T16:00:00,17:00
od_08,walking,walking-6,8097.506608513472,97.17007930216168,351,1368.0855246726396,1413.395291253665,1517.9854638290312,45.30976658102532,3.311910386002161,0.0043227665706051,0.9956772334293948,development_exploratory_not_untouched_final,C_xgboost_current_pm,hourly_forecast_bucket_aware_arrival_time_exposure,2022-02-27T17:00:00,2022-02-27T16:00:00,17:00
od_08,walking,walking-7,6870.482093297512,82.44578511957015,346,1158.5309080684035,1199.096466402044,1287.242883265048,40.56555833364064,3.5014653516041983,0.9438202247191012,0.0561797752808989,development_exploratory_not_untouched_final,C_xgboost_current_pm,hourly_forecast_bucket_aware_arrival_time_exposure,2022-02-27T17:00:00,2022-02-27T16:00:00,17:00
od_08,walking,walking-8,6871.282867681097,82.45539441217315,346,1158.6656944166136,1199.2383890719664,1287.401012081799,40.572694655352734,3.501673938467732,0.9885057471264368,0.0114942528735632,development_exploratory_not_untouched_final,C_xgboost_current_pm,hourly_forecast_bucket_aware_arrival_time_exposure,2022-02-27T17:00:00,2022-02-27T16:00:00,17:00
od_08,motorbike,motorbike-1,6958.727326352328,16.700945583245588,359,234.6880139700748,243.57659496932345,263.0576205551531,8.888580999248632,3.7874030500688542,1.0,0.0,development_exploratory_not_untouched_final,C_xgboost_current_pm,hourly_forecast_bucket_aware_arrival_time_exposure,2022-02-27T17:00:00,2022-02-27T16:00:00,17:00
od_08,motorbike,motorbike-2,7215.548279104051,17.317315869849722,333,243.5788319938522,252.9491341447041,273.756105596437,9.370302150851929,3.846927942855243,0.0484848484848484,0.9515151515151516,development_exploratory_not_untouched_final,C_xgboost_current_pm,hourly_forecast_bucket_aware_arrival_time_exposure,2022-02-27T17:00:00,2022-02-27T16:00:00,17:00
od_08,motorbike,motorbike-3,7573.324596391733,18.17597903134016,344,256.7869773625722,266.87845058415473,290.07172217508787,10.091473221582532,3.929900700273365,0.0014245014245014,0.9985754985754984,development_exploratory_not_untouched_final,C_xgboost_current_pm,hourly_forecast_bucket_aware_arrival_time_exposure,2022-02-27T17:00:00,2022-02-27T16:00:00,17:00
od_08,motorbike,motorbike-4,7575.277566997327,18.18066616079358,315,255.16083988911632,264.4997197945914,284.33494429418926,9.338879905475068,3.659997321506469,0.0337423312883435,0.9662576687116564,development_exploratory_not_untouched_final,C_xgboost_current_pm,hourly_forecast_bucket_aware_arrival_time_exposure,2022-02-27T17:00:00,2022-02-27T16:00:00,17:00
od_08,motorbike,motorbike-5,8390.002444496451,20.13600586679148,363,283.4869461669349,295.4149618277948,323.25140029632644,11.9280156608599,4.207606671890964,0.0,1.0,development_exploratory_not_untouched_final,C_xgboost_current_pm,hourly_forecast_bucket_aware_arrival_time_exposure,2022-02-27T17:00:00,2022-02-27T16:00:00,17:00
od_08,motorbike,motorbike-6,8834.829668619339,21.20359120468641,427,288.85504288935493,298.67703372842215,321.9339100158941,9.821990839067212,3.400318284500055,0.0,1.0,development_exploratory_not_untouched_final,C_xgboost_current_pm,hourly_forecast_bucket_aware_arrival_time_exposure,2022-02-27T17:00:00,2022-02-27T16:00:00,17:00
od_08,motorbike,motorbike-7,9392.556663716472,22.542135992919533,344,300.70248302446925,310.4895167214866,335.2581092067401,9.787033697017364,3.2547232728440614,0.0,1.0,development_exploratory_not_untouched_final,C_xgboost_current_pm,hourly_forecast_bucket_aware_arrival_time_exposure,2022-02-27T17:00:00,2022-02-27T16:00:00,17:00
od_08,motorbike,motorbike-8,9441.957784148508,22.66069868195642,437,320.4098354094815,333.0768032076253,363.133077154444,12.666967798143787,3.9533642224045615,0.0012578616352201,0.99874213836478,development_exploratory_not_untouched_final,C_xgboost_current_pm,hourly_forecast_bucket_aware_arrival_time_exposure,2022-02-27T17:00:00,2022-02-27T16:00:00,17:00
od_09,walking,walking-1,3714.987884771448,44.57985461725738,100,548.7949145498916,562.0109934452091,606.8794318498014,13.216078895317535,2.408199956837619,1.0,0.0,development_exploratory_not_untouched_final,C_xgboost_current_pm,hourly_forecast_bucket_aware_arrival_time_exposure,2022-02-27T17:00:00,2022-02-27T16:00:00,17:00
od_09,walking,walking-2,3994.581068018032,47.93497281621638,155,602.208817677588,617.5393142479389,667.472009740652,15.330496570350988,2.545711075681836,0.0944206008583691,0.9055793991416308,development_exploratory_not_untouched_final,C_xgboost_current_pm,hourly_forecast_bucket_aware_arrival_time_exposure,2022-02-27T17:00:00,2022-02-27T16:00:00,17:00
od_09,walking,walking-3,4409.140877200214,52.90969052640257,216,685.6588746737042,704.3221454580749,761.605493440315,18.663270784370752,2.7219469438432267,0.0095846645367412,0.9904153354632588,development_exploratory_not_untouched_final,C_xgboost_current_pm,hourly_forecast_bucket_aware_arrival_time_exposure,2022-02-27T17:00:00,2022-02-27T16:00:00,17:00
od_09,walking,walking-4,4384.315892491492,52.61179070989791,134,649.323098142813,664.3509401887972,717.2639587729927,15.02784204598413,2.314385871835855,0.054054054054054,0.945945945945946,development_exploratory_not_untouched_final,C_xgboost_current_pm,hourly_forecast_bucket_aware_arrival_time_exposure,2022-02-27T17:00:00,2022-02-27T16:00:00,17:00
od_09,walking,walking-5,4742.4154350489225,56.90898522058707,219,740.4795012363162,761.19127555971,823.2494146417014,20.7117743233938,2.797075987763752,0.0063091482649842,0.9936908517350158,development_exploratory_not_untouched_final,C_xgboost_current_pm,hourly_forecast_bucket_aware_arrival_time_exposure,2022-02-27T17:00:00,2022-02-27T16:00:00,17:00
od_09,walking,walking-6,4802.7629451718985,57.63315534206278,171,719.6448473347951,737.0703150543178,796.606189612754,17.425467719522658,2.4213982472128968,0.1731601731601731,0.8268398268398268,development_exploratory_not_untouched_final,C_xgboost_current_pm,hourly_forecast_bucket_aware_arrival_time_exposure,2022-02-27T17:00:00,2022-02-27T16:00:00,17:00
od_09,walking,walking-7,3715.863015697599,44.59035618837118,100,548.9414130788177,562.1593166527198,607.0403068960811,13.21790357390205,2.407889668911572,0.9607843137254902,0.0392156862745097,development_exploratory_not_untouched_final,C_xgboost_current_pm,hourly_forecast_bucket_aware_arrival_time_exposure,2022-02-27T17:00:00,2022-02-27T16:00:00,17:00
od_09,walking,walking-8,3715.984332991464,44.59181199589757,103,548.8993867669593,562.1041609324969,606.971024831995,13.204774165537629,2.4056820765121105,0.897196261682243,0.102803738317757,development_exploratory_not_untouched_final,C_xgboost_current_pm,hourly_forecast_bucket_aware_arrival_time_exposure,2022-02-27T17:00:00,2022-02-27T16:00:00,17:00
od_09,motorbike,motorbike-1,4134.123639767717,9.92189673544252,158,124.38143393308768,127.43073374771907,137.61793763317104,3.0492998146314108,2.4515715233447253,1.0,0.0,development_exploratory_not_untouched_final,C_xgboost_current_pm,hourly_forecast_bucket_aware_arrival_time_exposure,2022-02-27T17:00:00,2022-02-27T16:00:00,17:00
od_09,motorbike,motorbike-2,4538.957874153826,10.893498897969184,218,142.0136932045297,145.97830546866197,157.8878493881401,3.9646122641322847,2.791711260140532,0.010752688172043,0.989247311827957,development_exploratory_not_untouched_final,C_xgboost_current_pm,hourly_forecast_bucket_aware_arrival_time_exposure,2022-02-27T17:00:00,2022-02-27T16:00:00,17:00
od_09,motorbike,motorbike-3,4554.583954733635,10.931001491360725,192,140.0553397552215,143.83041202158887,155.5163994474234,3.775072266367374,2.6954147360358918,0.1363636363636363,0.8636363636363636,development_exploratory_not_untouched_final,C_xgboost_current_pm,hourly_forecast_bucket_aware_arrival_time_exposure,2022-02-27T17:00:00,2022-02-27T16:00:00,17:00
od_09,motorbike,motorbike-4,5284.244385537157,12.682186525289175,179,158.8610011537804,162.71172835600137,175.62526041495073,3.850727202220981,2.423960049511085,0.053125,0.946875,development_exploratory_not_untouched_final,C_xgboost_current_pm,hourly_forecast_bucket_aware_arrival_time_exposure,2022-02-27T17:00:00,2022-02-27T16:00:00,17:00
od_09,motorbike,motorbike-5,6360.146358591584,15.2643512606198,284,206.3506497524986,212.81358351178048,229.99613135124213,6.462933759281867,3.132015221194432,0.0045454545454545,0.9954545454545456,development_exploratory_not_untouched_final,C_xgboost_current_pm,hourly_forecast_bucket_aware_arrival_time_exposure,2022-02-27T17:00:00,2022-02-27T16:00:00,17:00
od_09,motorbike,motorbike-6,5752.129528566935,13.805110868560645,272,178.9752609819826,183.59500836515647,198.5385364755866,4.619747383173859,2.5812212022079004,0.0023310023310023,0.9976689976689976,development_exploratory_not_untouched_final,C_xgboost_current_pm,hourly_forecast_bucket_aware_arrival_time_exposure,2022-02-27T17:00:00,2022-02-27T16:00:00,17:00
od_09,motorbike,motorbike-7,7766.043199904027,18.638503679769663,302,253.480309825696,261.51552372048604,282.3721565636057,8.035213894790047,3.169955844031991,0.0109890109890109,0.989010989010989,development_exploratory_not_untouched_final,C_xgboost_current_pm,hourly_forecast_bucket_aware_arrival_time_exposure,2022-02-27T17:00:00,2022-02-27T16:00:00,17:00
od_09,motorbike,motorbike-8,9897.359620826115,23.75366308998268,417,326.1716615670171,337.7028912801227,363.7376053035626,11.531229713105574,3.535325434989177,0.0286225402504472,0.9713774597495528,development_exploratory_not_untouched_final,C_xgboost_current_pm,hourly_forecast_bucket_aware_arrival_time_exposure,2022-02-27T17:00:00,2022-02-27T16:00:00,17:00
od_10,walking,walking-1,4185.687637541589,50.22825165049906,164,712.0264718717324,757.2404727202389,840.6763965256991,45.214000848506544,6.35004492594927,1.0,0.0,development_exploratory_not_untouched_final,C_xgboost_current_pm,hourly_forecast_bucket_aware_arrival_time_exposure,2022-02-27T17:00:00,2022-02-27T16:00:00,17:00
od_10,walking,walking-2,4395.999188223484,52.7519902586818,247,745.771035561748,797.3274923726,891.2695518494698,51.55645681085196,6.913175003104986,0.0198511166253101,0.98014888337469,development_exploratory_not_untouched_final,C_xgboost_current_pm,hourly_forecast_bucket_aware_arrival_time_exposure,2022-02-27T17:00:00,2022-02-27T16:00:00,17:00
od_10,walking,walking-3,4422.248506346172,53.06698207615407,168,751.9666716197479,800.6695767741419,889.9153212298272,48.70290515439399,6.476737200265429,0.067524115755627,0.932475884244373,development_exploratory_not_untouched_final,C_xgboost_current_pm,hourly_forecast_bucket_aware_arrival_time_exposure,2022-02-27T17:00:00,2022-02-27T16:00:00,17:00
od_10,walking,walking-4,4671.923754688715,56.06308505626459,193,796.3618535765714,844.7576401489941,933.3936927876658,48.39578657242271,6.077110091985261,0.0142045454545454,0.9857954545454546,development_exploratory_not_untouched_final,C_xgboost_current_pm,hourly_forecast_bucket_aware_arrival_time_exposure,2022-02-27T17:00:00,2022-02-27T16:00:00,17:00
od_10,walking,walking-5,5276.724061903826,63.32068874284592,204,892.5290798662226,958.9997386567468,1073.8443461453292,66.47065879052434,7.447450205262482,0.0082191780821917,0.9917808219178084,development_exploratory_not_untouched_final,C_xgboost_current_pm,hourly_forecast_bucket_aware_arrival_time_exposure,2022-02-27T17:00:00,2022-02-27T16:00:00,17:00
od_10,walking,walking-6,4188.220874538794,50.258650494465535,162,712.4598477255767,757.6967372162779,841.1742447481034,45.23688949070129,6.349394935744577,0.963855421686747,0.036144578313253,development_exploratory_not_untouched_final,C_xgboost_current_pm,hourly_forecast_bucket_aware_arrival_time_exposure,2022-02-27T17:00:00,2022-02-27T16:00:00,17:00
od_10,walking,walking-7,4188.427303785825,50.26112764542989,161,712.4956117824971,757.7337193412844,841.2133596356642,45.238107558787306,6.349247182815928,0.9461077844311376,0.0538922155688622,development_exploratory_not_untouched_final,C_xgboost_current_pm,hourly_forecast_bucket_aware_arrival_time_exposure,2022-02-27T17:00:00,2022-02-27T16:00:00,17:00
od_10,walking,walking-8,4191.191762378216,50.294301148538594,171,712.939691097941,758.2311891835596,841.8248055141645,45.29149808561863,6.352781118956757,0.6666666666666666,0.3333333333333333,development_exploratory_not_untouched_final,C_xgboost_current_pm,hourly_forecast_bucket_aware_arrival_time_exposure,2022-02-27T17:00:00,2022-02-27T16:00:00,17:00
od_10,motorbike,motorbike-1,4185.687637541589,10.045650330099813,164,142.4052943743464,151.44809454404773,168.1352793051398,9.042800169701335,6.350044925949293,1.0,0.0,development_exploratory_not_untouched_final,C_xgboost_current_pm,hourly_forecast_bucket_aware_arrival_time_exposure,2022-02-27T17:00:00,2022-02-27T16:00:00,17:00
od_10,motorbike,motorbike-2,4394.830211426111,10.547592507422667,164,149.48247181054091,159.0973130856023,176.73765311236244,9.614841275061394,6.432086089162056,0.086092715231788,0.913907284768212,development_exploratory_not_untouched_final,C_xgboost_current_pm,hourly_forecast_bucket_aware_arrival_time_exposure,2022-02-27T17:00:00,2022-02-27T16:00:00,17:00
od_10,motorbike,motorbike-3,4654.755135099948,11.171412324239874,229,157.91415026671874,168.83195588319325,188.7506153731462,10.91780561647451,6.913760165276017,0.0261096605744125,0.9738903394255874,development_exploratory_not_untouched_final,C_xgboost_current_pm,hourly_forecast_bucket_aware_arrival_time_exposure,2022-02-27T17:00:00,2022-02-27T16:00:00,17:00
od_10,motorbike,motorbike-4,5386.858029237803,12.928459270170729,220,183.6223365433199,194.77445208508547,215.32329771774928,11.152115541765568,6.073398123400188,0.0052356020942408,0.9947643979057592,development_exploratory_not_untouched_final,C_xgboost_current_pm,hourly_forecast_bucket_aware_arrival_time_exposure,2022-02-27T17:00:00,2022-02-27T16:00:00,17:00
od_10,motorbike,motorbike-5,5511.374478011498,13.227298747227591,208,186.3666970805808,200.4414594576945,225.91104997256437,14.074762377113728,7.552187487138927,0.008130081300813,0.991869918699187,development_exploratory_not_untouched_final,C_xgboost_current_pm,hourly_forecast_bucket_aware_arrival_time_exposure,2022-02-27T17:00:00,2022-02-27T16:00:00,17:00
od_10,motorbike,motorbike-6,5634.416015636255,13.522598437527012,213,192.41471697916137,203.5987743639146,224.16469449851212,11.184057384753231,5.81247503327122,0.0272479564032697,0.9727520435967304,development_exploratory_not_untouched_final,C_xgboost_current_pm,hourly_forecast_bucket_aware_arrival_time_exposure,2022-02-27T17:00:00,2022-02-27T16:00:00,17:00
od_10,motorbike,motorbike-7,6236.241931359497,14.966980635262791,192,211.35628480400752,226.2312627112288,253.44968578667223,14.874977907221307,7.037868744246238,0.0028169014084507,0.9971830985915492,development_exploratory_not_untouched_final,C_xgboost_current_pm,hourly_forecast_bucket_aware_arrival_time_exposure,2022-02-27T17:00:00,2022-02-27T16:00:00,17:00
od_10,motorbike,motorbike-8,6017.043125469885,14.440903501127725,234,205.45399363168545,217.2581828935096,239.0348922861644,11.80418926182412,5.745417284506686,0.0101522842639593,0.9898477157360406,development_exploratory_not_untouched_final,C_xgboost_current_pm,hourly_forecast_bucket_aware_arrival_time_exposure,2022-02-27T17:00:00,2022-02-27T16:00:00,17:00
od_11,walking,walking-1,5799.7898826035935,69.59747859124312,184,974.6111251853685,1050.2385443610942,1170.670590534842,75.62741917572578,7.759753323290008,1.0,0.0,development_exploratory_not_untouched_final,C_xgboost_current_pm,hourly_forecast_bucket_aware_arrival_time_exposure,2022-02-27T17:00:00,2022-02-27T16:00:00,17:00
od_11,walking,walking-2,5899.73045264374,70.79676543172488,210,991.4126910312162,1068.0747205253026,1186.5803424775786,76.66202949408637,7.732605219562651,0.2236024844720497,0.7763975155279503,development_exploratory_not_untouched_final,C_xgboost_current_pm,hourly_forecast_bucket_aware_arrival_time_exposure,2022-02-27T17:00:00,2022-02-27T16:00:00,17:00
od_11,walking,walking-3,6156.7707067981255,73.88124848157752,281,1034.577902076736,1116.0584295495105,1236.0226469816976,81.48052747277438,7.875726642644921,0.0889929742388758,0.911007025761124,development_exploratory_not_untouched_final,C_xgboost_current_pm,hourly_forecast_bucket_aware_arrival_time_exposure,2022-02-27T17:00:00,2022-02-27T16:00:00,17:00
od_11,walking,walking-4,5799.932240963838,69.59918689156605,183,974.6357570590894,1050.2654147317498,1170.7021501204954,75.62965767266041,7.75978688703858,0.962566844919786,0.0374331550802139,development_exploratory_not_untouched_final,C_xgboost_current_pm,hourly_forecast_bucket_aware_arrival_time_exposure,2022-02-27T17:00:00,2022-02-27T16:00:00,17:00
od_11,walking,walking-5,5805.109540891901,69.66131449070281,183,975.5136094647462,1051.1865172518442,1171.7224760419138,75.67290778709798,7.757237526252339,0.952127659574468,0.0478723404255319,development_exploratory_not_untouched_final,C_xgboost_current_pm,hourly_forecast_bucket_aware_arrival_time_exposure,2022-02-27T17:00:00,2022-02-27T16:00:00,17:00
od_11,walking,walking-6,5805.251899252145,69.66302279102574,182,975.5382413384672,1051.2133876225,1171.7540356275672,75.67514628403285,7.7572711224733055,0.9162303664921466,0.0837696335078533,development_exploratory_not_untouched_final,C_xgboost_current_pm,hourly_forecast_bucket_aware_arrival_time_exposure,2022-02-27T17:00:00,2022-02-27T16:00:00,17:00
od_11,walking,walking-7,5805.359775307745,69.66431730369294,184,975.5401305006636,1051.2621510861782,1171.8626699449885,75.72202058551466,7.762061059103007,0.84,0.16,development_exploratory_not_untouched_final,C_xgboost_current_pm,hourly_forecast_bucket_aware_arrival_time_exposure,2022-02-27T17:00:00,2022-02-27T16:00:00,17:00
od_11,walking,walking-8,5805.502133667988,69.66602560401587,183,975.5647623743844,1051.289021456834,1171.894229530642,75.72425908244952,7.762094532622063,0.8078817733990148,0.1921182266009852,development_exploratory_not_untouched_final,C_xgboost_current_pm,hourly_forecast_bucket_aware_arrival_time_exposure,2022-02-27T17:00:00,2022-02-27T16:00:00,17:00
od_11,motorbike,motorbike-1,7321.29135850387,17.571099260409287,245,246.79847551772136,264.6041463097149,299.9626320109246,17.80567079199352,7.214659958754479,1.0,0.0,development_exploratory_not_untouched_final,C_xgboost_current_pm,hourly_forecast_bucket_aware_arrival_time_exposure,2022-02-27T17:00:00,2022-02-27T16:00:00,17:00
od_11,motorbike,motorbike-2,7633.162700227178,18.319590480545227,218,256.58830366233605,277.1564033649744,317.33296392706023,20.56809970263833,8.015992704681292,0.1721518987341772,0.8278481012658228,development_exploratory_not_untouched_final,C_xgboost_current_pm,hourly_forecast_bucket_aware_arrival_time_exposure,2022-02-27T17:00:00,2022-02-27T16:00:00,17:00
od_11,motorbike,motorbike-3,7889.25327154217,18.93420785170121,304,266.2056264894076,284.7322201315733,321.44536725339594,18.526593642165665,6.959504908474518,0.1366459627329192,0.8633540372670807,development_exploratory_not_untouched_final,C_xgboost_current_pm,hourly_forecast_bucket_aware_arrival_time_exposure,2022-02-27T17:00:00,2022-02-27T16:00:00,17:00
od_11,motorbike,motorbike-4,9666.540510810522,23.199697225945258,375,326.664353740466,347.8528479148362,390.9967902634111,21.18849417437019,6.486319652497007,0.0367892976588628,0.9632107023411371,development_exploratory_not_untouched_final,C_xgboost_current_pm,hourly_forecast_bucket_aware_arrival_time_exposure,2022-02-27T17:00:00,2022-02-27T16:00:00,17:00
od_11,motorbike,motorbike-5,11246.266961598392,26.99104070783614,398,380.0133960972391,402.7052947313219,450.0031123583332,22.691898634082804,5.9713417650877565,0.0255183413078149,0.9744816586921852,development_exploratory_not_untouched_final,C_xgboost_current_pm,hourly_forecast_bucket_aware_arrival_time_exposure,2022-02-27T17:00:00,2022-02-27T16:00:00,17:00
od_11,motorbike,motorbike-6,13020.355584141242,31.24885340193898,484,441.7430601642073,465.6059522586322,517.1910247066131,23.86289209442498,5.40198460289439,0.0267605633802816,0.9732394366197183,development_exploratory_not_untouched_final,C_xgboost_current_pm,hourly_forecast_bucket_aware_arrival_time_exposure,2022-02-27T17:00:00,2022-02-27T16:00:00,17:00
od_11,motorbike,motorbike-7,13564.85143099635,32.55564343439124,443,457.5942322765144,490.2421937074415,553.7317087014111,32.647961430927126,7.134696883853786,0.0584615384615384,0.9415384615384615,development_exploratory_not_untouched_final,C_xgboost_current_pm,hourly_forecast_bucket_aware_arrival_time_exposure,2022-02-27T17:00:00,2022-02-27T16:00:00,17:00
od_11,motorbike,motorbike-8,11223.628499005668,26.9367083976136,354,378.4618983277942,405.96955983723245,460.1936559419488,27.507661509438265,7.268277634017804,0.0812274368231047,0.9187725631768952,development_exploratory_not_untouched_final,C_xgboost_current_pm,hourly_forecast_bucket_aware_arrival_time_exposure,2022-02-27T17:00:00,2022-02-27T16:00:00,17:00
od_12,walking,walking-1,4720.801672969871,56.64962007563846,184,788.9130190900681,814.4184934463574,883.5194200339408,25.505474356289252,3.232989409365719,1.0,0.0,development_exploratory_not_untouched_final,C_xgboost_current_pm,hourly_forecast_bucket_aware_arrival_time_exposure,2022-02-27T17:00:00,2022-02-27T16:00:00,17:00
od_12,walking,walking-2,4873.757845553635,58.485094146643625,187,815.4862454000986,842.4492510013907,914.373900939743,26.96300560129214,3.306371597728591,0.1630094043887147,0.8369905956112853,development_exploratory_not_untouched_final,C_xgboost_current_pm,hourly_forecast_bucket_aware_arrival_time_exposure,2022-02-27T17:00:00,2022-02-27T16:00:00,17:00
od_12,walking,walking-3,5545.213763066034,66.5425651567924,257,949.07737592627,987.6859608605512,1065.0195954771675,38.608584934281225,4.06801235743297,0.0,1.0,development_exploratory_not_untouched_final,C_xgboost_current_pm,hourly_forecast_bucket_aware_arrival_time_exposure,2022-02-27T17:00:00,2022-02-27T16:00:00,17:00
od_12,walking,walking-4,5856.273320547576,70.27527984657091,240,973.9024049996586,1004.0804470031544,1079.325177534448,30.17804200349576,3.098672089582358,0.0266343825665859,0.973365617433414,development_exploratory_not_untouched_final,C_xgboost_current_pm,hourly_forecast_bucket_aware_arrival_time_exposure,2022-02-27T17:00:00,2022-02-27T16:00:00,17:00
od_12,walking,walking-5,4720.822679411884,56.64987215294261,185,788.9182032404096,814.4240499387082,883.5253432876493,25.50584669829857,3.2330153612295454,0.9627659574468084,0.0372340425531915,development_exploratory_not_untouched_final,C_xgboost_current_pm,hourly_forecast_bucket_aware_arrival_time_exposure,2022-02-27T17:00:00,2022-02-27T16:00:00,17:00
od_12,walking,walking-6,4721.126792606221,56.65352151127466,183,788.9692482030973,814.4758554109521,883.5822842891547,25.506607207854813,3.232902583458978,0.9731182795698924,0.0268817204301075,development_exploratory_not_untouched_final,C_xgboost_current_pm,hourly_forecast_bucket_aware_arrival_time_exposure,2022-02-27T17:00:00,2022-02-27T16:00:00,17:00
od_12,walking,walking-7,4721.1477990482335,56.65377358857881,184,788.9744323534388,814.481411903303,883.5882075428632,25.506979549864127,3.2329285340437623,0.936842105263158,0.063157894736842,development_exploratory_not_untouched_final,C_xgboost_current_pm,hourly_forecast_bucket_aware_arrival_time_exposure,2022-02-27T17:00:00,2022-02-27T16:00:00,17:00
od_12,walking,walking-8,4721.249689238599,56.6549962708632,182,788.990667238421,814.5119237738692,883.6232135636956,25.52125653544817,3.234671536074841,0.8484848484848485,0.1515151515151515,development_exploratory_not_untouched_final,C_xgboost_current_pm,hourly_forecast_bucket_aware_arrival_time_exposure,2022-02-27T17:00:00,2022-02-27T16:00:00,17:00
od_12,motorbike,motorbike-1,4600.823120587895,11.041975489410948,168,153.5842090690453,158.58970720460027,171.94561638365968,5.005498135554973,3.2591229045589585,1.0,0.0,development_exploratory_not_untouched_final,C_xgboost_current_pm,hourly_forecast_bucket_aware_arrival_time_exposure,2022-02-27T17:00:00,2022-02-27T16:00:00,17:00
od_12,motorbike,motorbike-2,4721.109525328519,11.330662860788443,166,157.60732861288574,162.7456585518499,176.4572345419849,5.138329938964176,3.2602100322282057,0.3413654618473896,0.6586345381526104,development_exploratory_not_untouched_final,C_xgboost_current_pm,hourly_forecast_bucket_aware_arrival_time_exposure,2022-02-27T17:00:00,2022-02-27T16:00:00,17:00
od_12,motorbike,motorbike-3,5580.281754562078,13.392676210948988,249,190.89390162355323,198.7961921802737,215.4998008804897,7.902290556720459,4.139624414143905,0.0024038461538461,0.997596153846154,development_exploratory_not_untouched_final,C_xgboost_current_pm,hourly_forecast_bucket_aware_arrival_time_exposure,2022-02-27T17:00:00,2022-02-27T16:00:00,17:00
od_12,motorbike,motorbike-4,5904.804229009314,14.171530149622354,256,195.27592706539536,201.24613432863987,218.0452579253051,5.970207263244504,3.057318612163167,0.029126213592233,0.970873786407767,development_exploratory_not_untouched_final,C_xgboost_current_pm,hourly_forecast_bucket_aware_arrival_time_exposure,2022-02-27T17:00:00,2022-02-27T16:00:00,17:00
od_12,motorbike,motorbike-5,7008.213626047753,16.819712702514604,202,238.1316692298752,247.62000602950067,269.6740880154588,9.488336799625472,3.984491785704536,0.0054347826086956,0.9945652173913044,development_exploratory_not_untouched_final,C_xgboost_current_pm,hourly_forecast_bucket_aware_arrival_time_exposure,2022-02-27T17:00:00,2022-02-27T16:00:00,17:00
od_12,motorbike,motorbike-6,7262.316209679331,17.429558903230394,304,234.50353594122492,241.31983654188943,261.40990262357843,6.816300600664505,2.906694167022247,0.0021231422505307,0.9978768577494692,development_exploratory_not_untouched_final,C_xgboost_current_pm,hourly_forecast_bucket_aware_arrival_time_exposure,2022-02-27T17:00:00,2022-02-27T16:00:00,17:00
od_12,motorbike,motorbike-7,6873.838377293402,16.497212105504165,281,235.8401369137812,246.19121598126296,267.2566412739926,10.351079067481775,4.389023515223764,0.0022321428571428,0.9977678571428572,development_exploratory_not_untouched_final,C_xgboost_current_pm,hourly_forecast_bucket_aware_arrival_time_exposure,2022-02-27T17:00:00,2022-02-27T16:00:00,17:00
od_12,motorbike,motorbike-8,9113.20463170502,21.87169111609205,354,293.8756622565736,301.9993005227468,326.9925376448532,8.123638266173202,2.764311343033473,0.0,1.0,development_exploratory_not_untouched_final,C_xgboost_current_pm,hourly_forecast_bucket_aware_arrival_time_exposure,2022-02-27T17:00:00,2022-02-27T16:00:00,17:00
od_13,walking,walking-1,6350.856943085906,76.21028331703089,223,1081.1016801611293,1110.430998676271,1191.2558807980993,29.32931851514172,2.712910270453972,1.0,0.0,development_exploratory_not_untouched_final,C_xgboost_current_pm,hourly_forecast_bucket_aware_arrival_time_exposure,2022-02-27T17:00:00,2022-02-27T16:00:00,17:00
od_13,walking,walking-2,6481.138228551883,77.77365874262259,245,1105.4123198537457,1136.2676919870307,1220.787203071022,30.855372133285076,2.79129982352354,0.125,0.875,development_exploratory_not_untouched_final,C_xgboost_current_pm,hourly_forecast_bucket_aware_arrival_time_exposure,2022-02-27T17:00:00,2022-02-27T16:00:00,17:00
od_13,walking,walking-3,6866.266206369937,82.39519447643924,329,1160.3680804590065,1191.69785152378,1274.4419235736202,31.32977106477369,2.6999855987404096,0.0147058823529411,0.9852941176470588,development_exploratory_not_untouched_final,C_xgboost_current_pm,hourly_forecast_bucket_aware_arrival_time_exposure,2022-02-27T17:00:00,2022-02-27T16:00:00,17:00
od_13,walking,walking-4,7212.11435750965,86.54537229011581,281,1188.9160927569703,1220.609525331109,1297.5751824645445,31.69343257413857,2.6657417430228283,0.0019880715705765,0.9980119284294234,development_exploratory_not_untouched_final,C_xgboost_current_pm,hourly_forecast_bucket_aware_arrival_time_exposure,2022-02-27T17:00:00,2022-02-27T16:00:00,17:00
od_13,walking,walking-5,6351.157688633242,76.21389226359891,223,1081.1532132946452,1110.4850928923186,1191.314497668569,29.331879597673375,2.7130178440009503,0.9822222222222222,0.0177777777777777,development_exploratory_not_untouched_final,C_xgboost_current_pm,hourly_forecast_bucket_aware_arrival_time_exposure,2022-02-27T17:00:00,2022-02-27T16:00:00,17:00
od_13,walking,walking-6,6351.78359395068,76.22140312740817,223,1081.2575440296134,1110.594304644792,1191.4372227055296,29.33676061517872,2.713207484855731,0.9822222222222222,0.0177777777777777,development_exploratory_not_untouched_final,C_xgboost_current_pm,hourly_forecast_bucket_aware_arrival_time_exposure,2022-02-27T17:00:00,2022-02-27T16:00:00,17:00
od_13,walking,walking-7,6351.903524558955,76.22284229470746,223,1081.2769642128242,1110.611376327628,1191.4526678817358,29.33441211480385,2.71294155759246,0.9734513274336284,0.0265486725663717,development_exploratory_not_untouched_final,C_xgboost_current_pm,hourly_forecast_bucket_aware_arrival_time_exposure,2022-02-27T17:00:00,2022-02-27T16:00:00,17:00
od_13,walking,walking-8,6352.084339498016,76.22501207397619,223,1081.3090771631294,1110.6483988608395,1191.4958395759993,29.33932169771037,2.7133150287319894,0.9647577092511012,0.0352422907488987,development_exploratory_not_untouched_final,C_xgboost_current_pm,hourly_forecast_bucket_aware_arrival_time_exposure,2022-02-27T17:00:00,2022-02-27T16:00:00,17:00
od_13,motorbike,motorbike-1,6555.777236469699,15.733865367527278,238,223.55598796888685,229.9032962237904,249.21984817337645,6.347308254903595,2.839247703705872,1.0,0.0,development_exploratory_not_untouched_final,C_xgboost_current_pm,hourly_forecast_bucket_aware_arrival_time_exposure,2022-02-27T17:00:00,2022-02-27T16:00:00,17:00
od_13,motorbike,motorbike-2,6921.239270399785,16.610974248959483,313,233.77973581581577,240.10453650176837,259.39917091211777,6.324800685952567,2.7054529186976177,0.1108870967741935,0.8891129032258065,development_exploratory_not_untouched_final,C_xgboost_current_pm,hourly_forecast_bucket_aware_arrival_time_exposure,2022-02-27T17:00:00,2022-02-27T16:00:00,17:00
od_13,motorbike,motorbike-3,7392.918193668919,17.743003664805407,276,244.074964528014,250.67329942483596,269.42979268592137,6.598334896821939,2.703405041800019,0.0098231827111984,0.9901768172888016,development_exploratory_not_untouched_final,C_xgboost_current_pm,hourly_forecast_bucket_aware_arrival_time_exposure,2022-02-27T17:00:00,2022-02-27T16:00:00,17:00
od_13,motorbike,motorbike-4,7691.718911691466,18.46012538805952,295,263.54248772006844,271.1152238394415,295.40318277386825,7.572736119373076,2.8734403264101926,0.0094696969696969,0.990530303030303,development_exploratory_not_untouched_final,C_xgboost_current_pm,hourly_forecast_bucket_aware_arrival_time_exposure,2022-02-27T17:00:00,2022-02-27T16:00:00,17:00
od_13,motorbike,motorbike-5,7740.785596864544,18.577885432474904,322,261.6052803950719,268.96260506609684,291.1587445295544,7.357324671024969,2.8123762104167245,0.0163339382940108,0.9836660617059892,development_exploratory_not_untouched_final,C_xgboost_current_pm,hourly_forecast_bucket_aware_arrival_time_exposure,2022-02-27T17:00:00,2022-02-27T16:00:00,17:00
od_13,motorbike,motorbike-6,8737.311283772979,20.96954708105515,346,294.05757871274983,301.4899431277069,324.0110245707428,7.432364414957078,2.5275201025229768,0.0017152658662092,0.9982847341337908,development_exploratory_not_untouched_final,C_xgboost_current_pm,hourly_forecast_bucket_aware_arrival_time_exposure,2022-02-27T17:00:00,2022-02-27T16:00:00,17:00
od_13,motorbike,motorbike-7,9053.865774029062,21.72927785766975,355,311.117308058579,319.1082058094075,346.0236176091996,7.990897750828481,2.56845168810856,0.0085034013605442,0.9914965986394558,development_exploratory_not_untouched_final,C_xgboost_current_pm,hourly_forecast_bucket_aware_arrival_time_exposure,2022-02-27T17:00:00,2022-02-27T16:00:00,17:00
od_13,motorbike,motorbike-8,9451.855458954313,22.684453101490345,393,309.5190461414271,317.81370248536257,341.6732748810589,8.294656343935458,2.679853290884535,0.0079872204472843,0.9920127795527156,development_exploratory_not_untouched_final,C_xgboost_current_pm,hourly_forecast_bucket_aware_arrival_time_exposure,2022-02-27T17:00:00,2022-02-27T16:00:00,17:00
od_14,walking,walking-1,3449.3464763882066,41.39215771665848,138,605.1765598677753,610.9026919747081,666.059470525519,5.726132106932823,0.9461919853908292,1.0,0.0,development_exploratory_not_untouched_final,C_xgboost_current_pm,hourly_forecast_bucket_aware_arrival_time_exposure,2022-02-27T17:00:00,2022-02-27T16:00:00,17:00
od_14,walking,walking-2,3578.7470410233627,42.94496449228036,172,632.4268037221278,637.3904441415967,695.3930576466471,4.963640419468902,0.7848561114512469,0.087719298245614,0.912280701754386,development_exploratory_not_untouched_final,C_xgboost_current_pm,hourly_forecast_bucket_aware_arrival_time_exposure,2022-02-27T17:00:00,2022-02-27T16:00:00,17:00
od_14,walking,walking-3,4058.601500731728,48.703218008780745,197,711.622265137689,718.071173290826,782.5112897509756,6.448908153136927,0.9062263041881008,0.0806451612903225,0.9193548387096774,development_exploratory_not_untouched_final,C_xgboost_current_pm,hourly_forecast_bucket_aware_arrival_time_exposure,2022-02-27T17:00:00,2022-02-27T16:00:00,17:00
od_14,walking,walking-4,4395.024946910382,52.74029936292458,222,780.555584337791,785.4581619352562,856.6600540797687,4.902577597465211,0.6280882099670669,0.0285714285714285,0.9714285714285714,development_exploratory_not_untouched_final,C_xgboost_current_pm,hourly_forecast_bucket_aware_arrival_time_exposure,2022-02-27T17:00:00,2022-02-27T16:00:00,17:00
od_14,walking,walking-5,3910.353898415349,46.92424678098419,188,688.4288127486371,694.4226319497469,757.507742596751,5.993819201109773,0.87065199627231,0.2490421455938697,0.7509578544061303,development_exploratory_not_untouched_final,C_xgboost_current_pm,hourly_forecast_bucket_aware_arrival_time_exposure,2022-02-27T17:00:00,2022-02-27T16:00:00,17:00
od_14,walking,walking-6,4552.763815811306,54.63316578973567,212,799.7451375405115,807.2688019818248,880.2721645528829,7.523664441313372,0.9407577599597792,0.1182108626198083,0.8817891373801917,development_exploratory_not_untouched_final,C_xgboost_current_pm,hourly_forecast_bucket_aware_arrival_time_exposure,2022-02-27T17:00:00,2022-02-27T16:00:00,17:00
od_14,walking,walking-7,3900.035635440011,46.80042762528013,158,684.5565727622064,691.2311744984037,753.9069164057391,6.674601736197246,0.9750255861637596,0.2282157676348547,0.7717842323651453,development_exploratory_not_untouched_final,C_xgboost_current_pm,hourly_forecast_bucket_aware_arrival_time_exposure,2022-02-27T17:00:00,2022-02-27T16:00:00,17:00
od_14,walking,walking-8,3455.264828217764,41.46317793861317,144,606.1064257879052,611.8411114120441,667.0545815611306,5.734685624138933,0.9461515965095,0.7961783439490446,0.2038216560509553,development_exploratory_not_untouched_final,C_xgboost_current_pm,hourly_forecast_bucket_aware_arrival_time_exposure,2022-02-27T17:00:00,2022-02-27T16:00:00,17:00
od_14,motorbike,motorbike-1,3010.5441753969367,7.225306020952647,145,106.59334527434254,107.20997616102731,116.824760342941,0.6166308866847743,0.5784891027650296,1.0,0.0,development_exploratory_not_untouched_final,C_xgboost_current_pm,hourly_forecast_bucket_aware_arrival_time_exposure,2022-02-27T17:00:00,2022-02-27T16:00:00,17:00
od_14,motorbike,motorbike-2,3091.7023158472634,7.420085558033432,154,109.49751440786014,110.10588882738234,119.96513617924349,0.6083744195222067,0.5556056891447897,0.430622009569378,0.569377990430622,development_exploratory_not_untouched_final,C_xgboost_current_pm,hourly_forecast_bucket_aware_arrival_time_exposure,2022-02-27T17:00:00,2022-02-27T16:00:00,17:00
od_14,motorbike,motorbike-3,3322.57627571959,7.974183061727015,159,117.83049672171796,118.49756874540984,129.15889130923617,0.6670720236918868,0.5661285000497968,0.2063492063492063,0.7936507936507937,development_exploratory_not_untouched_final,C_xgboost_current_pm,hourly_forecast_bucket_aware_arrival_time_exposure,2022-02-27T17:00:00,2022-02-27T16:00:00,17:00
od_14,motorbike,motorbike-4,4154.239272164568,9.970174253194964,172,145.73024912634185,147.09591334676566,160.35522142691832,1.3656642204238096,0.937117879514388,0.016025641025641,0.983974358974359,development_exploratory_not_untouched_final,C_xgboost_current_pm,hourly_forecast_bucket_aware_arrival_time_exposure,2022-02-27T17:00:00,2022-02-27T16:00:00,17:00
od_14,motorbike,motorbike-5,5029.718254103979,12.07132380984955,165,175.66133965677614,177.15301403515255,192.82643906834124,1.491674378376416,0.8491762508990264,0.009771986970684,0.990228013029316,development_exploratory_not_untouched_final,C_xgboost_current_pm,hourly_forecast_bucket_aware_arrival_time_exposure,2022-02-27T17:00:00,2022-02-27T16:00:00,17:00
od_14,motorbike,motorbike-6,4517.9290852875,10.84302980469,182,159.05659783177512,160.01877398900035,174.19144512482592,0.9621761572252296,0.6049269067372277,0.0792079207920792,0.9207920792079208,development_exploratory_not_untouched_final,C_xgboost_current_pm,hourly_forecast_bucket_aware_arrival_time_exposure,2022-02-27T17:00:00,2022-02-27T16:00:00,17:00
od_14,motorbike,motorbike-7,6936.376700045968,16.647304080110324,323,242.93176619940883,246.2643363841705,269.2178060051972,3.332570184761664,1.3718132613526333,0.0588235294117647,0.9411764705882352,development_exploratory_not_untouched_final,C_xgboost_current_pm,hourly_forecast_bucket_aware_arrival_time_exposure,2022-02-27T17:00:00,2022-02-27T16:00:00,17:00
od_14,motorbike,motorbike-8,7290.831731815147,17.49799615635635,360,258.298721981219,259.1800432600256,281.8668309008486,0.8813212788065812,0.3412023381481006,0.0631578947368421,0.936842105263158,development_exploratory_not_untouched_final,C_xgboost_current_pm,hourly_forecast_bucket_aware_arrival_time_exposure,2022-02-27T17:00:00,2022-02-27T16:00:00,17:00
od_15,walking,walking-1,5536.69386072246,66.44032632866953,186,935.9547666264236,1005.012735761416,1126.5164697828502,69.05796913499262,7.378344723207802,1.0,0.0,development_exploratory_not_untouched_final,C_xgboost_current_pm,hourly_forecast_bucket_aware_arrival_time_exposure,2022-02-27T17:00:00,2022-02-27T16:00:00,17:00
od_15,walking,walking-2,5564.73083435787,66.77677001229445,194,940.6245572790842,1010.2117331702212,1132.589412021025,69.5871758911369,7.397975669743259,0.1515151515151515,0.8484848484848485,development_exploratory_not_untouched_final,C_xgboost_current_pm,hourly_forecast_bucket_aware_arrival_time_exposure,2022-02-27T17:00:00,2022-02-27T16:00:00,17:00
od_15,walking,walking-3,6642.2980399657945,79.70757647958953,304,1124.552623722325,1201.871044494638,1330.3996643493783,77.31842077231295,6.875482671178618,0.012396694214876,0.987603305785124,development_exploratory_not_untouched_final,C_xgboost_current_pm,hourly_forecast_bucket_aware_arrival_time_exposure,2022-02-27T17:00:00,2022-02-27T16:00:00,17:00
od_15,walking,walking-4,5539.285393453677,66.47142472144414,189,936.383544573026,1005.4936369350518,1127.086074635574,69.11009236202585,7.380532556618006,0.8656716417910447,0.1343283582089552,development_exploratory_not_untouched_final,C_xgboost_current_pm,hourly_forecast_bucket_aware_arrival_time_exposure,2022-02-27T17:00:00,2022-02-27T16:00:00,17:00
od_15,walking,walking-5,5540.419810345768,66.48503772414922,189,936.592354773515,1005.6823915808592,1127.2497601417888,69.09003680734406,7.376745758729931,0.9329896907216496,0.0670103092783505,development_exploratory_not_untouched_final,C_xgboost_current_pm,hourly_forecast_bucket_aware_arrival_time_exposure,2022-02-27T17:00:00,2022-02-27T16:00:00,17:00
od_15,walking,walking-6,5540.793403493031,66.48952084191637,195,936.6414666257692,1005.7671246818436,1127.3935464440478,69.1256580560746,7.38016204910277,0.6008403361344538,0.3991596638655462,development_exploratory_not_untouched_final,C_xgboost_current_pm,hourly_forecast_bucket_aware_arrival_time_exposure,2022-02-27T17:00:00,2022-02-27T16:00:00,17:00
od_15,walking,walking-7,5540.837695520378,66.49005234624452,194,936.6490698881734,1005.775478412422,1127.403906950978,69.12640852424863,7.380182263192943,0.5767634854771784,0.4232365145228216,development_exploratory_not_untouched_final,C_xgboost_current_pm,hourly_forecast_bucket_aware_arrival_time_exposure,2022-02-27T17:00:00,2022-02-27T16:00:00,17:00
od_15,walking,walking-8,5540.979390083845,66.49175268100615,191,936.6730043958182,1005.8056931875212,1127.4478887558496,69.13268879170289,7.380664166391293,0.47265625,0.52734375,development_exploratory_not_untouched_final,C_xgboost_current_pm,hourly_forecast_bucket_aware_arrival_time_exposure,2022-02-27T17:00:00,2022-02-27T16:00:00,17:00
od_15,motorbike,motorbike-1,6597.866213869733,15.834878913287358,206,222.3356718421006,240.5686531823645,273.3795869564629,18.232981340263905,8.200654977763843,1.0,0.0,development_exploratory_not_untouched_final,C_xgboost_current_pm,hourly_forecast_bucket_aware_arrival_time_exposure,2022-02-27T17:00:00,2022-02-27T16:00:00,17:00
od_15,motorbike,motorbike-2,7259.933104184688,17.423839450043253,284,244.94205068800864,264.1531555176392,298.8273826119867,19.2111048296305,7.843122393916903,0.0913140311804008,0.9086859688195992,development_exploratory_not_untouched_final,C_xgboost_current_pm,hourly_forecast_bucket_aware_arrival_time_exposure,2022-02-27T17:00:00,2022-02-27T16:00:00,17:00
od_15,motorbike,motorbike-3,8286.265009658548,19.88703602318051,288,278.5766429392685,303.56013880672384,347.80705958821704,24.98349586745536,8.968266543761144,0.051063829787234,0.948936170212766,development_exploratory_not_untouched_final,C_xgboost_current_pm,hourly_forecast_bucket_aware_arrival_time_exposure,2022-02-27T17:00:00,2022-02-27T16:00:00,17:00
od_15,motorbike,motorbike-4,8479.19339785534,20.35006415485282,266,284.4007349947183,311.9710266339251,359.9551039844596,27.5702916392068,9.694170319116376,0.0442477876106194,0.9557522123893806,development_exploratory_not_untouched_final,C_xgboost_current_pm,hourly_forecast_bucket_aware_arrival_time_exposure,2022-02-27T17:00:00,2022-02-27T16:00:00,17:00
od_15,motorbike,motorbike-5,8534.445133326042,20.4826683199825,282,286.7141909153391,312.1134456090469,357.01052022944526,25.39925469370786,8.858736504328713,0.0494623655913978,0.9505376344086022,development_exploratory_not_untouched_final,C_xgboost_current_pm,hourly_forecast_bucket_aware_arrival_time_exposure,2022-02-27T17:00:00,2022-02-27T16:00:00,17:00
od_15,motorbike,motorbike-6,9231.543438768904,22.155704253045368,279,309.4286560895145,339.16234734895204,391.0660976238526,29.73369125943753,9.6092235396698,0.0543478260869565,0.9456521739130436,development_exploratory_not_untouched_final,C_xgboost_current_pm,hourly_forecast_bucket_aware_arrival_time_exposure,2022-02-27T17:00:00,2022-02-27T16:00:00,17:00
od_15,motorbike,motorbike-7,9919.657394086717,23.807177745808115,469,334.9665097567658,360.42951027342457,406.2635551145384,25.46300051665878,7.601655620780898,0.0481366459627329,0.9518633540372672,development_exploratory_not_untouched_final,C_xgboost_current_pm,hourly_forecast_bucket_aware_arrival_time_exposure,2022-02-27T17:00:00,2022-02-27T16:00:00,17:00
od_15,motorbike,motorbike-8,11122.098007482558,26.693035217958137,533,374.91945509488727,404.82651261812055,457.75816644862994,29.90705752323328,7.976928675430884,0.0423131170662905,0.9576868829337094,development_exploratory_not_untouched_final,C_xgboost_current_pm,hourly_forecast_bucket_aware_arrival_time_exposure,2022-02-27T17:00:00,2022-02-27T16:00:00,17:00
od_16,walking,walking-1,3526.7526483840734,42.32103178060888,93,589.5588760709219,649.3054056698055,753.4916959147704,59.746529598883626,10.134107385009726,1.0,0.0,development_exploratory_not_untouched_final,C_xgboost_current_pm,hourly_forecast_bucket_aware_arrival_time_exposure,2022-02-27T17:00:00,2022-02-27T16:00:00,17:00
od_16,walking,walking-2,3567.1582323977727,42.80589878877327,97,596.3969044799131,656.8571361134142,762.3323030059355,60.46023163350105,10.137583072505262,0.1111111111111111,0.8888888888888888,development_exploratory_not_untouched_final,C_xgboost_current_pm,hourly_forecast_bucket_aware_arrival_time_exposure,2022-02-27T17:00:00,2022-02-27T16:00:00,17:00
od_16,walking,walking-3,3734.965631994319,44.81958758393183,103,623.2656101944087,688.597348953333,801.7380942402359,65.3317387589243,10.4821664616705,0.0155440414507772,0.9844559585492229,development_exploratory_not_untouched_final,C_xgboost_current_pm,hourly_forecast_bucket_aware_arrival_time_exposure,2022-02-27T17:00:00,2022-02-27T16:00:00,17:00
od_16,walking,walking-4,4130.93814370375,49.571257724445005,172,688.2900171226497,761.9289715464298,888.7907509685124,73.63895442378009,10.698826452782622,0.0037878787878787,0.9962121212121212,development_exploratory_not_untouched_final,C_xgboost_current_pm,hourly_forecast_bucket_aware_arrival_time_exposure,2022-02-27T17:00:00,2022-02-27T16:00:00,17:00
od_16,walking,walking-5,4672.320754159965,56.06784904991958,178,779.4762545826237,860.332013133178,1000.2247569523544,80.85575855055424,10.373088092830878,0.0037037037037037,0.9962962962962963,development_exploratory_not_untouched_final,C_xgboost_current_pm,hourly_forecast_bucket_aware_arrival_time_exposure,2022-02-27T17:00:00,2022-02-27T16:00:00,17:00
od_16,walking,walking-6,4619.874164764931,55.43848997717917,117,773.2900678119713,849.7265658124223,983.6526202126412,76.43649800045102,9.884582924584633,0.0606060606060606,0.9393939393939394,development_exploratory_not_untouched_final,C_xgboost_current_pm,hourly_forecast_bucket_aware_arrival_time_exposure,2022-02-27T17:00:00,2022-02-27T16:00:00,17:00
od_16,walking,walking-7,4741.988775572993,56.90386530687592,141,792.7944604735834,872.2544712057551,1010.9633246737556,79.46001073217167,10.02277572483358,0.1142857142857142,0.8857142857142857,development_exploratory_not_untouched_final,C_xgboost_current_pm,hourly_forecast_bucket_aware_arrival_time_exposure,2022-02-27T17:00:00,2022-02-27T16:00:00,17:00
od_16,walking,walking-8,4638.060823025682,55.65672987630819,146,775.7512326914518,853.2482751848394,988.7307415781931,77.49704249338754,9.989934817700934,0.0669642857142857,0.9330357142857144,development_exploratory_not_untouched_final,C_xgboost_current_pm,hourly_forecast_bucket_aware_arrival_time_exposure,2022-02-27T17:00:00,2022-02-27T16:00:00,17:00
od_16,motorbike,motorbike-1,3518.2726482470057,8.443854355792814,92,117.63529005311833,129.5414518342053,150.3088373672907,11.90616178108698,10.12124998859674,1.0,0.0,development_exploratory_not_untouched_final,C_xgboost_current_pm,hourly_forecast_bucket_aware_arrival_time_exposure,2022-02-27T17:00:00,2022-02-27T16:00:00,17:00
od_16,motorbike,motorbike-2,3558.917201928772,8.541401284629051,96,119.01064984024524,131.06031375300728,152.0866901758803,12.049663912762028,10.124861874913694,0.1058823529411764,0.8941176470588236,development_exploratory_not_untouched_final,C_xgboost_current_pm,hourly_forecast_bucket_aware_arrival_time_exposure,2022-02-27T17:00:00,2022-02-27T16:00:00,17:00
od_16,motorbike,motorbike-3,3730.253531844718,8.952608476427322,104,124.49614400360886,137.53485307646326,160.11704971425124,13.038709072854402,10.473183067000406,0.0103092783505154,0.9896907216494846,development_exploratory_not_untouched_final,C_xgboost_current_pm,hourly_forecast_bucket_aware_arrival_time_exposure,2022-02-27T17:00:00,2022-02-27T16:00:00,17:00
od_16,motorbike,motorbike-4,4315.9206768779495,10.35820962450708,171,143.83537608818975,159.19882832360045,185.65887056470385,15.363452235410705,10.681275116902336,0.0,1.0,development_exploratory_not_untouched_final,C_xgboost_current_pm,hourly_forecast_bucket_aware_arrival_time_exposure,2022-02-27T17:00:00,2022-02-27T16:00:00,17:00
od_16,motorbike,motorbike-5,4371.406174047021,10.49137481771285,167,145.91016910318083,160.92266763970136,186.96181959651463,15.012498536520525,10.288863777482424,0.0,1.0,development_exploratory_not_untouched_final,C_xgboost_current_pm,hourly_forecast_bucket_aware_arrival_time_exposure,2022-02-27T17:00:00,2022-02-27T16:00:00,17:00
od_16,motorbike,motorbike-6,5438.996656530225,13.053591975672536,174,181.23025493459411,200.7085507753401,234.23012244597237,19.47829584074597,10.74781682990827,0.0,1.0,development_exploratory_not_untouched_final,C_xgboost_current_pm,hourly_forecast_bucket_aware_arrival_time_exposure,2022-02-27T17:00:00,2022-02-27T16:00:00,17:00
od_16,motorbike,motorbike-7,5740.59407093733,13.777425770249591,216,191.4129705133996,211.4739367789758,246.0148351938404,20.060966265576184,10.480463372868371,0.0,1.0,development_exploratory_not_untouched_final,C_xgboost_current_pm,hourly_forecast_bucket_aware_arrival_time_exposure,2022-02-27T17:00:00,2022-02-27T16:00:00,17:00
od_16,motorbike,motorbike-8,4046.094071154421,9.71062577077061,111,135.25144140257058,149.08329462982243,173.18475883928608,13.831853227251855,10.226769551447433,0.0572916666666666,0.9427083333333334,development_exploratory_not_untouched_final,C_xgboost_current_pm,hourly_forecast_bucket_aware_arrival_time_exposure,2022-02-27T17:00:00,2022-02-27T16:00:00,17:00
od_17,walking,walking-1,2869.567443923257,34.43480932707909,109,503.9521508549794,506.0564906162113,549.6949395101594,2.10433976123187,0.4175673737400971,1.0,0.0,development_exploratory_not_untouched_final,C_xgboost_current_pm,hourly_forecast_bucket_aware_arrival_time_exposure,2022-02-27T17:00:00,2022-02-27T16:00:00,17:00
od_17,walking,walking-2,3117.1436411806258,37.40572369416751,127,546.4771457399514,548.4114273678597,595.2622971483198,1.9342816279082624,0.3539547157620232,0.0305676855895196,0.9694323144104804,development_exploratory_not_untouched_final,C_xgboost_current_pm,hourly_forecast_bucket_aware_arrival_time_exposure,2022-02-27T17:00:00,2022-02-27T16:00:00,17:00
od_17,walking,walking-3,3492.8486766457945,41.91418411974953,138,609.7275389340326,611.1158736520588,662.3920923776961,1.388334718026158,0.227697558232869,0.0040650406504065,0.9959349593495936,development_exploratory_not_untouched_final,C_xgboost_current_pm,hourly_forecast_bucket_aware_arrival_time_exposure,2022-02-27T17:00:00,2022-02-27T16:00:00,17:00
od_17,walking,walking-4,3798.92964477752,45.58715573733024,189,665.8374821428696,670.3666186346541,729.2310866362234,4.52913649178447,0.6802165112736396,0.0719424460431654,0.9280575539568344,development_exploratory_not_untouched_final,C_xgboost_current_pm,hourly_forecast_bucket_aware_arrival_time_exposure,2022-02-27T17:00:00,2022-02-27T16:00:00,17:00
od_17,walking,walking-5,3699.564317421375,44.3947718090565,171,645.7674111629761,648.9207718860862,704.5025198417749,3.1533607231100405,0.4883121490183418,0.0108303249097472,0.9891696750902528,development_exploratory_not_untouched_final,C_xgboost_current_pm,hourly_forecast_bucket_aware_arrival_time_exposure,2022-02-27T17:00:00,2022-02-27T16:00:00,17:00
od_17,walking,walking-6,4039.383924892288,48.47260709870746,189,710.9548766013734,713.3455855317654,774.7837796341263,2.3907089303920657,0.3362673228743484,0.1778656126482213,0.8221343873517787,development_exploratory_not_untouched_final,C_xgboost_current_pm,hourly_forecast_bucket_aware_arrival_time_exposure,2022-02-27T17:00:00,2022-02-27T16:00:00,17:00
od_17,walking,walking-7,3979.441860286413,47.75330232343696,175,691.7224994932,694.6665488295123,753.4645672347199,2.9440493363123323,0.4256113309122272,0.0106761565836298,0.98932384341637,development_exploratory_not_untouched_final,C_xgboost_current_pm,hourly_forecast_bucket_aware_arrival_time_exposure,2022-02-27T17:00:00,2022-02-27T16:00:00,17:00
od_17,walking,walking-8,3406.846781900452,40.88216138280541,133,597.1908354088165,598.944039177577,649.8429855020787,1.7532037687604998,0.2935751295580944,0.0476190476190476,0.9523809523809524,development_exploratory_not_untouched_final,C_xgboost_current_pm,hourly_forecast_bucket_aware_arrival_time_exposure,2022-02-27T17:00:00,2022-02-27T16:00:00,17:00
od_17,motorbike,motorbike-1,3100.431544695214,7.441035707268513,123,108.55741587346908,109.13586386033528,118.56285310234448,0.5784479868662089,0.5328498124351345,1.0,0.0,development_exploratory_not_untouched_final,C_xgboost_current_pm,hourly_forecast_bucket_aware_arrival_time_exposure,2022-02-27T17:00:00,2022-02-27T16:00:00,17:00
od_17,motorbike,motorbike-2,3430.7028674671524,8.233686881921164,158,119.39309542868628,119.77015399699316,129.8331456136159,0.3770585683068788,0.3158127083924184,0.0035714285714285,0.9964285714285714,development_exploratory_not_untouched_final,C_xgboost_current_pm,hourly_forecast_bucket_aware_arrival_time_exposure,2022-02-27T17:00:00,2022-02-27T16:00:00,17:00
od_17,motorbike,motorbike-3,3598.669823020513,8.63680757524923,172,125.74396365784052,126.23724641969063,136.98243398013437,0.4932827618501392,0.3922914050907457,0.0034013605442176,0.9965986394557824,development_exploratory_not_untouched_final,C_xgboost_current_pm,hourly_forecast_bucket_aware_arrival_time_exposure,2022-02-27T17:00:00,2022-02-27T16:00:00,17:00
od_17,motorbike,motorbike-4,3910.031297179511,9.384075113230828,207,136.8773987280675,137.83082034784917,149.92193330668778,0.9534216197816648,0.69655153344623,0.0610932475884244,0.9389067524115756,development_exploratory_not_untouched_final,C_xgboost_current_pm,hourly_forecast_bucket_aware_arrival_time_exposure,2022-02-27T17:00:00,2022-02-27T16:00:00,17:00
od_17,motorbike,motorbike-5,4322.052827981246,10.37292678715499,179,149.86372537915793,150.5288106496217,163.20302012433865,0.6650852704637771,0.4437933654599199,0.0033222591362126,0.9966777408637874,development_exploratory_not_untouched_final,C_xgboost_current_pm,hourly_forecast_bucket_aware_arrival_time_exposure,2022-02-27T17:00:00,2022-02-27T16:00:00,17:00
od_17,motorbike,motorbike-6,4425.4574769019055,10.621097944564571,173,155.0086929661133,156.45516570508937,170.407661511207,1.4464727389760696,0.933155883904063,0.1003717472118959,0.8996282527881041,development_exploratory_not_untouched_final,C_xgboost_current_pm,hourly_forecast_bucket_aware_arrival_time_exposure,2022-02-27T17:00:00,2022-02-27T16:00:00,17:00
od_17,motorbike,motorbike-7,4846.264008247869,11.631033619794886,212,168.31016414311992,168.6212275839098,182.58783202370475,0.3110634407898658,0.1848156006344084,0.0029940119760479,0.997005988023952,development_exploratory_not_untouched_final,C_xgboost_current_pm,hourly_forecast_bucket_aware_arrival_time_exposure,2022-02-27T17:00:00,2022-02-27T16:00:00,17:00
od_17,motorbike,motorbike-8,4544.134894653479,10.90592374716835,236,159.4033404400734,160.4394432497731,174.472694396526,1.0361028096996847,0.64998814130197,0.0466472303206997,0.9533527696793004,development_exploratory_not_untouched_final,C_xgboost_current_pm,hourly_forecast_bucket_aware_arrival_time_exposure,2022-02-27T17:00:00,2022-02-27T16:00:00,17:00
od_18,walking,walking-1,5302.621662889769,63.63145995467723,203,895.827980626282,955.308999182046,1062.8260238930557,59.48101855576397,6.639781279680526,1.0,0.0,development_exploratory_not_untouched_final,C_xgboost_current_pm,hourly_forecast_bucket_aware_arrival_time_exposure,2022-02-27T17:00:00,2022-02-27T16:00:00,17:00
od_18,walking,walking-2,5453.31078610955,65.43972943331461,229,920.8913882238012,981.5515766402536,1091.5522185723603,60.660188416452456,6.587116482156787,0.1612903225806451,0.8387096774193549,development_exploratory_not_untouched_final,C_xgboost_current_pm,hourly_forecast_bucket_aware_arrival_time_exposure,2022-02-27T17:00:00,2022-02-27T16:00:00,17:00
od_18,walking,walking-3,5886.37401271426,70.63648815257112,231,1003.2268745075096,1064.0867145654938,1169.6284720237252,60.85984005798434,6.066408466964248,0.0,1.0,development_exploratory_not_untouched_final,C_xgboost_current_pm,hourly_forecast_bucket_aware_arrival_time_exposure,2022-02-27T17:00:00,2022-02-27T16:00:00,17:00
od_18,walking,walking-4,5942.626807119122,71.31152168542945,200,1011.651782647046,1073.5928151513144,1183.493891879871,61.94103250426838,6.122762156578823,0.0176767676767676,0.9823232323232324,development_exploratory_not_untouched_final,C_xgboost_current_pm,hourly_forecast_bucket_aware_arrival_time_exposure,2022-02-27T17:00:00,2022-02-27T16:00:00,17:00
od_18,walking,walking-5,5308.283968697918,63.69940762437501,204,896.7919059272541,956.2534094240208,1063.804635143023,59.46150349676657,6.630468350992226,0.938095238095238,0.0619047619047619,development_exploratory_not_untouched_final,C_xgboost_current_pm,hourly_forecast_bucket_aware_arrival_time_exposure,2022-02-27T17:00:00,2022-02-27T16:00:00,17:00
od_18,walking,walking-6,5308.400234141976,63.70080280970371,204,896.8119346229118,956.274336457141,1063.8270330812468,59.46240183422913,6.630420441408561,0.9473684210526316,0.0526315789473684,development_exploratory_not_untouched_final,C_xgboost_current_pm,hourly_forecast_bucket_aware_arrival_time_exposure,2022-02-27T17:00:00,2022-02-27T16:00:00,17:00
od_18,walking,walking-7,5309.089136494983,63.7090696379398,205,896.9251545052936,956.4000736360404,1063.9789787950858,59.4749191307468,6.630979054606923,0.933649289099526,0.0663507109004739,development_exploratory_not_untouched_final,C_xgboost_current_pm,hourly_forecast_bucket_aware_arrival_time_exposure,2022-02-27T17:00:00,2022-02-27T16:00:00,17:00
od_18,walking,walking-8,5309.1663973922905,63.70999676870749,197,896.9201478576981,956.4302701599868,1064.074616205197,59.51012230228866,6.634940963744557,0.6194331983805668,0.3805668016194332,development_exploratory_not_untouched_final,C_xgboost_current_pm,hourly_forecast_bucket_aware_arrival_time_exposure,2022-02-27T17:00:00,2022-02-27T16:00:00,17:00
od_18,motorbike,motorbike-1,5302.621662889769,12.726291990935444,203,179.16559612525646,191.13373842194756,212.7339708811595,11.96814229669107,6.679933288265914,1.0,0.0,development_exploratory_not_untouched_final,C_xgboost_current_pm,hourly_forecast_bucket_aware_arrival_time_exposure,2022-02-27T17:00:00,2022-02-27T16:00:00,17:00
od_18,motorbike,motorbike-2,5717.7226839283285,13.722534441427989,212,195.08422950028196,207.2219642323999,228.03025751062415,12.137734732117964,6.221791870726496,0.0272277227722772,0.9727722772277227,development_exploratory_not_untouched_final,C_xgboost_current_pm,hourly_forecast_bucket_aware_arrival_time_exposure,2022-02-27T17:00:00,2022-02-27T16:00:00,17:00
od_18,motorbike,motorbike-3,6081.216092446163,14.594918621870791,196,206.8650446078435,219.78208361036255,242.29829118239527,12.91703900251909,6.244186410036589,0.0,1.0,development_exploratory_not_untouched_final,C_xgboost_current_pm,hourly_forecast_bucket_aware_arrival_time_exposure,2022-02-27T17:00:00,2022-02-27T16:00:00,17:00
od_18,motorbike,motorbike-4,6866.884558121766,16.48052293949224,281,230.16342415073697,245.6966870130972,274.9418443254315,15.533262862360232,6.748797259892736,0.0,1.0,development_exploratory_not_untouched_final,C_xgboost_current_pm,hourly_forecast_bucket_aware_arrival_time_exposure,2022-02-27T17:00:00,2022-02-27T16:00:00,17:00
od_18,motorbike,motorbike-5,6679.123938559837,16.02989745254361,243,227.90361091278288,241.9926546652729,265.99292244103674,14.089043752490028,6.182018659582277,0.0,1.0,development_exploratory_not_untouched_final,C_xgboost_current_pm,hourly_forecast_bucket_aware_arrival_time_exposure,2022-02-27T17:00:00,2022-02-27T16:00:00,17:00
od_18,motorbike,motorbike-6,7275.468701341869,17.461124883220485,263,248.9941943413344,264.29402629571564,290.02048339268765,15.29983195438126,6.144654093182368,0.0130434782608695,0.9869565217391304,development_exploratory_not_untouched_final,C_xgboost_current_pm,hourly_forecast_bucket_aware_arrival_time_exposure,2022-02-27T17:00:00,2022-02-27T16:00:00,17:00
od_18,motorbike,motorbike-7,7933.760205359548,19.04102449286292,333,268.6035619103871,285.91408156226123,316.8803665867981,17.31051965187413,6.444635182332152,0.0132325141776937,0.9867674858223062,development_exploratory_not_untouched_final,C_xgboost_current_pm,hourly_forecast_bucket_aware_arrival_time_exposure,2022-02-27T17:00:00,2022-02-27T16:00:00,17:00
od_18,motorbike,motorbike-8,8688.186354942,20.8516472518608,323,290.4879981276226,309.969219781497,347.98708638788656,19.4812216538744,6.706377468068594,0.0,1.0,development_exploratory_not_untouched_final,C_xgboost_current_pm,hourly_forecast_bucket_aware_arrival_time_exposure,2022-02-27T17:00:00,2022-02-27T16:00:00,17:00
od_19,walking,walking-1,4418.02744247005,53.01632930964061,189,757.8226322529783,789.9061342146607,851.2597177738227,32.08350196168237,4.233642622456302,1.0,0.0,development_exploratory_not_untouched_final,C_xgboost_current_pm,hourly_forecast_bucket_aware_arrival_time_exposure,2022-02-27T17:00:00,2022-02-27T16:00:00,17:00
od_19,walking,walking-2,4669.099392270077,56.02919270724093,200,800.8962867230317,836.1895617519841,902.9037308610256,35.293275028952394,4.406722270290363,0.0428954423592493,0.9571045576407506,development_exploratory_not_untouched_final,C_xgboost_current_pm,hourly_forecast_bucket_aware_arrival_time_exposure,2022-02-27T17:00:00,2022-02-27T16:00:00,17:00
od_19,walking,walking-3,4794.828675782964,57.53794410939557,214,823.542684636216,861.7908673600292,932.4680022145034,38.248182723813215,4.644347334675022,0.0176767676767676,0.9823232323232324,development_exploratory_not_untouched_final,C_xgboost_current_pm,hourly_forecast_bucket_aware_arrival_time_exposure,2022-02-27T17:00:00,2022-02-27T16:00:00,17:00
od_19,walking,walking-4,4983.018894738077,59.79622673685692,199,854.7279264842089,890.455136389889,958.7429459703832,35.72720990568018,4.179951163247765,0.0291777188328912,0.9708222811671088,development_exploratory_not_untouched_final,C_xgboost_current_pm,hourly_forecast_bucket_aware_arrival_time_exposure,2022-02-27T17:00:00,2022-02-27T16:00:00,17:00
od_19,walking,walking-5,5519.494188661551,66.23393026393862,225,948.5442267421506,990.6128502445476,1070.5745432578171,42.06862350239692,4.435072431665616,0.0072992700729927,0.9927007299270072,development_exploratory_not_untouched_final,C_xgboost_current_pm,hourly_forecast_bucket_aware_arrival_time_exposure,2022-02-27T17:00:00,2022-02-27T16:00:00,17:00
od_19,walking,walking-6,4419.070388169506,53.02884465803408,189,758.0013152916933,790.0923017261701,851.4576716141695,32.090986434476804,4.233632025048345,0.9790575916230366,0.0209424083769633,development_exploratory_not_untouched_final,C_xgboost_current_pm,hourly_forecast_bucket_aware_arrival_time_exposure,2022-02-27T17:00:00,2022-02-27T16:00:00,17:00
od_19,walking,walking-7,4419.312988553481,53.031755862641766,190,758.044425481728,790.1370752212846,851.5095716610791,32.09264973955658,4.233610677786079,0.9739583333333334,0.0260416666666666,development_exploratory_not_untouched_final,C_xgboost_current_pm,hourly_forecast_bucket_aware_arrival_time_exposure,2022-02-27T17:00:00,2022-02-27T16:00:00,17:00
od_19,walking,walking-8,4420.03263678007,53.04039164136084,188,758.1645037695897,790.2612543895265,851.6431387487389,32.09675061993676,4.233481053300688,0.904040404040404,0.0959595959595959,development_exploratory_not_untouched_final,C_xgboost_current_pm,hourly_forecast_bucket_aware_arrival_time_exposure,2022-02-27T17:00:00,2022-02-27T16:00:00,17:00
od_19,motorbike,motorbike-1,4452.229550030954,10.685350920074288,188,152.73343058802303,159.19724580973937,171.56012798059828,6.463815221716317,4.232089331609102,1.0,0.0,development_exploratory_not_untouched_final,C_xgboost_current_pm,hourly_forecast_bucket_aware_arrival_time_exposure,2022-02-27T17:00:00,2022-02-27T16:00:00,17:00
od_19,motorbike,motorbike-2,4754.873068349656,11.411695364039174,204,163.1247866377073,170.34547314107056,184.003130356964,7.220686503363254,4.426480274515281,0.0343007915567282,0.9656992084432716,development_exploratory_not_untouched_final,C_xgboost_current_pm,hourly_forecast_bucket_aware_arrival_time_exposure,2022-02-27T17:00:00,2022-02-27T16:00:00,17:00
od_19,motorbike,motorbike-3,4874.50019299605,11.698800463190516,224,167.4379480337241,175.1691130302276,189.47433528262687,7.731164996503509,4.617331427727695,0.03,0.97,development_exploratory_not_untouched_final,C_xgboost_current_pm,hourly_forecast_bucket_aware_arrival_time_exposure,2022-02-27T17:00:00,2022-02-27T16:00:00,17:00
od_19,motorbike,motorbike-4,5145.295096555073,12.348708231732171,202,176.47455675355974,183.83847390827884,197.91616253701423,7.363917154719104,4.172792548787951,0.0893854748603352,0.9106145251396648,development_exploratory_not_untouched_final,C_xgboost_current_pm,hourly_forecast_bucket_aware_arrival_time_exposure,2022-02-27T17:00:00,2022-02-27T16:00:00,17:00
od_19,motorbike,motorbike-5,6605.204278532614,15.852490268478272,248,225.9113763372991,234.7511910439893,252.3279857832368,8.839814706690248,3.9129568638862526,0.0022988505747126,0.9977011494252872,development_exploratory_not_untouched_final,C_xgboost_current_pm,hourly_forecast_bucket_aware_arrival_time_exposure,2022-02-27T17:00:00,2022-02-27T16:00:00,17:00
od_19,motorbike,motorbike-6,5903.006512813113,14.16721563075147,246,203.0547378518296,212.85965688576235,230.59565427981943,9.804919033932777,4.828707341508816,0.0163934426229508,0.9836065573770492,development_exploratory_not_untouched_final,C_xgboost_current_pm,hourly_forecast_bucket_aware_arrival_time_exposure,2022-02-27T17:00:00,2022-02-27T16:00:00,17:00
od_19,motorbike,motorbike-7,6287.954321782368,15.091090372277684,233,215.9670391332876,226.27678201223057,245.3051716947972,10.309742878942956,4.773757569820702,0.0120192307692307,0.9879807692307692,development_exploratory_not_untouched_final,C_xgboost_current_pm,hourly_forecast_bucket_aware_arrival_time_exposure,2022-02-27T17:00:00,2022-02-27T16:00:00,17:00
od_19,motorbike,motorbike-8,8408.646974442783,20.18075273866268,306,289.3361571998651,304.11975676702195,330.02961832890776,14.78359956715684,5.109489152765914,0.0102249488752556,0.9897750511247444,development_exploratory_not_untouched_final,C_xgboost_current_pm,hourly_forecast_bucket_aware_arrival_time_exposure,2022-02-27T17:00:00,2022-02-27T16:00:00,17:00
od_20,walking,walking-1,3870.689305537254,46.44827166644704,130,587.4613743259154,599.4680452116719,647.0379552000046,12.006670885756536,2.043823034243508,1.0,0.0,development_exploratory_not_untouched_final,C_xgboost_current_pm,hourly_forecast_bucket_aware_arrival_time_exposure,2022-02-27T17:00:00,2022-02-27T16:00:00,17:00
od_20,walking,walking-2,3950.8530504774094,47.41023660572891,187,620.4048070766311,632.5735662653572,683.5280086271233,12.168759188726083,1.961422453521226,0.1241134751773049,0.875886524822695,development_exploratory_not_untouched_final,C_xgboost_current_pm,hourly_forecast_bucket_aware_arrival_time_exposure,2022-02-27T17:00:00,2022-02-27T16:00:00,17:00
od_20,walking,walking-3,4345.859001048228,52.15030801257873,109,651.2867344733936,664.7584895311165,717.1849190637402,13.47175505772293,2.068482949927684,0.0622222222222222,0.9377777777777778,development_exploratory_not_untouched_final,C_xgboost_current_pm,hourly_forecast_bucket_aware_arrival_time_exposure,2022-02-27T17:00:00,2022-02-27T16:00:00,17:00
od_20,walking,walking-4,4882.235947122253,58.58683136546703,155,755.2348070280113,771.2023888629454,833.0898256892264,15.967581834934094,2.1142539626542747,0.051660516605166,0.948339483394834,development_exploratory_not_untouched_final,C_xgboost_current_pm,hourly_forecast_bucket_aware_arrival_time_exposure,2022-02-27T17:00:00,2022-02-27T16:00:00,17:00
od_20,walking,walking-5,4964.158644154792,59.5699037298575,207,779.5716875708424,794.0308397510031,857.7943018743152,14.459152180160686,1.854755939792481,0.0664556962025316,0.9335443037974684,development_exploratory_not_untouched_final,C_xgboost_current_pm,hourly_forecast_bucket_aware_arrival_time_exposure,2022-02-27T17:00:00,2022-02-27T16:00:00,17:00
od_20,walking,walking-6,3870.805038637056,46.44966046364468,131,587.4758325289398,599.4822142412827,647.0527772019151,12.006381712342886,2.043723511256344,0.9191176470588236,0.0808823529411765,development_exploratory_not_untouched_final,C_xgboost_current_pm,hourly_forecast_bucket_aware_arrival_time_exposure,2022-02-27T17:00:00,2022-02-27T16:00:00,17:00
od_20,walking,walking-7,3871.082348784088,46.452988185409055,131,587.5218063598405,599.5286464203081,647.1030372461355,12.00684006046754,2.04364160282992,0.9333333333333332,0.0666666666666666,development_exploratory_not_untouched_final,C_xgboost_current_pm,hourly_forecast_bucket_aware_arrival_time_exposure,2022-02-27T17:00:00,2022-02-27T16:00:00,17:00
od_20,walking,walking-8,3872.345590797201,46.468147089566415,131,587.7319929757637,599.7408676248866,647.3327912177799,12.00887464912296,2.0432569253751973,0.962406015037594,0.037593984962406,development_exploratory_not_untouched_final,C_xgboost_current_pm,hourly_forecast_bucket_aware_arrival_time_exposure,2022-02-27T17:00:00,2022-02-27T16:00:00,17:00
od_20,motorbike,motorbike-1,3654.393112300191,8.770543469520456,116,110.96586527677478,113.147558313353,122.13210187046664,2.18169303657821,1.9660938353759128,1.0,0.0,development_exploratory_not_untouched_final,C_xgboost_current_pm,hourly_forecast_bucket_aware_arrival_time_exposure,2022-02-27T17:00:00,2022-02-27T16:00:00,17:00
od_20,motorbike,motorbike-2,3919.565781839212,9.406957876414108,140,119.67247004596572,122.03531746226494,131.76470937065008,2.362847416299232,1.974428551020692,0.3544973544973545,0.6455026455026456,development_exploratory_not_untouched_final,C_xgboost_current_pm,hourly_forecast_bucket_aware_arrival_time_exposure,2022-02-27T17:00:00,2022-02-27T16:00:00,17:00
od_20,motorbike,motorbike-3,4201.855861486638,10.08445406756793,131,126.85496075189003,129.42745632327947,139.6704725767852,2.572495571389439,2.027903013127621,0.235,0.765,development_exploratory_not_untouched_final,C_xgboost_current_pm,hourly_forecast_bucket_aware_arrival_time_exposure,2022-02-27T17:00:00,2022-02-27T16:00:00,17:00
od_20,motorbike,motorbike-4,4941.221431558331,11.858931435739994,218,154.86498904065803,158.03159497001886,170.82259350569086,3.166605929360827,2.044752625481716,0.0536277602523659,0.946372239747634,development_exploratory_not_untouched_final,C_xgboost_current_pm,hourly_forecast_bucket_aware_arrival_time_exposure,2022-02-27T17:00:00,2022-02-27T16:00:00,17:00
od_20,motorbike,motorbike-5,5457.211260147203,13.097307024353286,244,177.25160300423985,180.5700325087911,195.4349651693744,3.3184295045512613,1.872157683376147,0.0169491525423728,0.9830508474576272,development_exploratory_not_untouched_final,C_xgboost_current_pm,hourly_forecast_bucket_aware_arrival_time_exposure,2022-02-27T17:00:00,2022-02-27T16:00:00,17:00
od_20,motorbike,motorbike-6,6581.540642478123,15.795697541947495,278,210.96041547066636,214.821005390272,232.38641123278765,3.860589919605673,1.8300067863406728,0.0233766233766233,0.9766233766233766,development_exploratory_not_untouched_final,C_xgboost_current_pm,hourly_forecast_bucket_aware_arrival_time_exposure,2022-02-27T17:00:00,2022-02-27T16:00:00,17:00
od_20,motorbike,motorbike-7,7460.396092847425,17.90495062283382,316,244.34395911672277,250.5005356178308,270.86501302801554,6.15657650110802,2.519635240160381,0.0236966824644549,0.976303317535545,development_exploratory_not_untouched_final,C_xgboost_current_pm,hourly_forecast_bucket_aware_arrival_time_exposure,2022-02-27T17:00:00,2022-02-27T16:00:00,17:00
od_20,motorbike,motorbike-8,7893.002443534943,18.94320586448386,322,262.02044106309785,267.1589481641114,289.26161582833834,5.138507101013545,1.9611092478758656,0.0115473441108545,0.9884526558891455,development_exploratory_not_untouched_final,C_xgboost_current_pm,hourly_forecast_bucket_aware_arrival_time_exposure,2022-02-27T17:00:00,2022-02-27T16:00:00,17:00
od_21,walking,walking-1,3656.554209845969,43.87865051815163,198,606.612453968263,627.4575784154995,680.1548043885808,20.845124447236454,3.4363165989874385,1.0,0.0,development_exploratory_not_untouched_final,C_xgboost_current_pm,hourly_forecast_bucket_aware_arrival_time_exposure,2022-02-27T17:00:00,2022-02-27T16:00:00,17:00
od_21,walking,walking-2,3703.420846934152,44.44105016320982,153,619.5084330344628,641.0618427194469,696.1820547100883,21.553409684984103,3.479114816792995,0.0636363636363636,0.9363636363636364,development_exploratory_not_untouched_final,C_xgboost_current_pm,hourly_forecast_bucket_aware_arrival_time_exposure,2022-02-27T17:00:00,2022-02-27T16:00:00,17:00
od_21,walking,walking-3,3775.065186328442,45.300782235941305,157,634.5422308602627,657.1031062549368,715.3355871275854,22.5608753946741,3.5554568785891254,0.0349854227405247,0.9650145772594751,development_exploratory_not_untouched_final,C_xgboost_current_pm,hourly_forecast_bucket_aware_arrival_time_exposure,2022-02-27T17:00:00,2022-02-27T16:00:00,17:00
od_21,walking,walking-4,4127.407665016449,49.52889198019739,170,694.8888595929861,721.0487654645673,787.8294161489855,26.159905871581145,3.764617249282664,0.0137741046831955,0.9862258953168044,development_exploratory_not_untouched_final,C_xgboost_current_pm,hourly_forecast_bucket_aware_arrival_time_exposure,2022-02-27T17:00:00,2022-02-27T16:00:00,17:00
od_21,walking,walking-5,4231.384507489439,50.77661408987327,209,705.4638226413709,729.983051467546,790.9028757174658,24.51922882617509,3.4756181733559526,0.0074257425742574,0.9925742574257426,development_exploratory_not_untouched_final,C_xgboost_current_pm,hourly_forecast_bucket_aware_arrival_time_exposure,2022-02-27T17:00:00,2022-02-27T16:00:00,17:00
od_21,walking,walking-6,4736.583304188543,56.83899965026252,231,799.3631988822614,828.352036866227,903.6994770419208,28.988837983965595,3.626491440248975,0.0046838407494145,0.9953161592505856,development_exploratory_not_untouched_final,C_xgboost_current_pm,hourly_forecast_bucket_aware_arrival_time_exposure,2022-02-27T17:00:00,2022-02-27T16:00:00,17:00
od_21,walking,walking-7,4840.254960892578,58.08305953071094,256,807.7750111303285,835.7326592227337,906.7129869429656,27.95764809240518,3.461068701950031,0.1209876543209876,0.8790123456790123,development_exploratory_not_untouched_final,C_xgboost_current_pm,hourly_forecast_bucket_aware_arrival_time_exposure,2022-02-27T17:00:00,2022-02-27T16:00:00,17:00
od_21,walking,walking-8,4738.2173129590965,56.85860775550916,191,794.5078924315364,821.5347566082629,892.1990168555706,27.026864176726463,3.401711227060642,0.0236842105263157,0.9763157894736842,development_exploratory_not_untouched_final,C_xgboost_current_pm,hourly_forecast_bucket_aware_arrival_time_exposure,2022-02-27T17:00:00,2022-02-27T16:00:00,17:00
od_21,motorbike,motorbike-1,3770.566646302767,9.04935995112664,154,126.74624917759569,131.252041657585,142.89881051343866,4.5057924799893385,3.55497106164922,1.0,0.0,development_exploratory_not_untouched_final,C_xgboost_current_pm,hourly_forecast_bucket_aware_arrival_time_exposure,2022-02-27T17:00:00,2022-02-27T16:00:00,17:00
od_21,motorbike,motorbike-2,3880.3113618434136,9.312747268424191,202,128.8900854845029,133.3935174430511,144.672032016311,4.503431958548219,3.494009598658921,0.0953846153846153,0.9046153846153846,development_exploratory_not_untouched_final,C_xgboost_current_pm,hourly_forecast_bucket_aware_arrival_time_exposure,2022-02-27T17:00:00,2022-02-27T16:00:00,17:00
od_21,motorbike,motorbike-3,4009.0199907207616,9.621647977729827,176,133.59949601934932,138.24638185490696,149.77454865002045,4.64688583555764,3.4782210816758083,0.03125,0.96875,development_exploratory_not_untouched_final,C_xgboost_current_pm,hourly_forecast_bucket_aware_arrival_time_exposure,2022-02-27T17:00:00,2022-02-27T16:00:00,17:00
od_21,motorbike,motorbike-4,4351.407359613082,10.443377663071397,197,146.3260252123598,151.6575724855788,165.42548937034826,5.331547273219002,3.6436083502449015,0.0144508670520231,0.9855491329479767,development_exploratory_not_untouched_final,C_xgboost_current_pm,hourly_forecast_bucket_aware_arrival_time_exposure,2022-02-27T17:00:00,2022-02-27T16:00:00,17:00
od_21,motorbike,motorbike-5,4780.991840857919,11.474380418059006,236,156.6469447934554,161.93714209271604,174.86332354725243,5.290197299260655,3.3771468101315154,0.0051546391752577,0.9948453608247424,development_exploratory_not_untouched_final,C_xgboost_current_pm,hourly_forecast_bucket_aware_arrival_time_exposure,2022-02-27T17:00:00,2022-02-27T16:00:00,17:00
od_21,motorbike,motorbike-6,5023.670349757082,12.056808839416997,227,167.89576730622883,173.6959444406425,188.48990558278552,5.800177134413701,3.454629754801757,0.0052770448548812,0.9947229551451188,development_exploratory_not_untouched_final,C_xgboost_current_pm,hourly_forecast_bucket_aware_arrival_time_exposure,2022-02-27T17:00:00,2022-02-27T16:00:00,17:00
od_21,motorbike,motorbike-7,6111.949874884903,14.668679699723764,290,207.71131753016107,215.34163414757504,236.23662809311196,7.630316617413996,3.6735199160758407,0.004524886877828,0.995475113122172,development_exploratory_not_untouched_final,C_xgboost_current_pm,hourly_forecast_bucket_aware_arrival_time_exposure,2022-02-27T17:00:00,2022-02-27T16:00:00,17:00
od_21,motorbike,motorbike-8,6565.283984766543,15.756681563439704,324,213.15860367511783,220.37242797222487,237.16046020484225,7.21382429710701,3.384251994867559,0.0042016806722689,0.9957983193277312,development_exploratory_not_untouched_final,C_xgboost_current_pm,hourly_forecast_bucket_aware_arrival_time_exposure,2022-02-27T17:00:00,2022-02-27T16:00:00,17:00
od_22,walking,walking-1,2923.0830049804026,35.07699605976483,139,501.3727372018402,521.4854589422483,563.0870083476119,20.11272174040812,4.011530792969949,1.0,0.0,development_exploratory_not_untouched_final,C_xgboost_current_pm,hourly_forecast_bucket_aware_arrival_time_exposure,2022-02-27T17:00:00,2022-02-27T16:00:00,17:00
od_22,walking,walking-2,3130.359741676711,37.56431690012053,141,536.8272652373643,557.9652605006399,602.0403293193182,21.137995263275684,3.9375785531178784,0.081081081081081,0.9189189189189187,development_exploratory_not_untouched_final,C_xgboost_current_pm,hourly_forecast_bucket_aware_arrival_time_exposure,2022-02-27T17:00:00,2022-02-27T16:00:00,17:00
od_22,walking,walking-3,3298.849895487439,39.58619874584927,128,565.2580662857439,587.0078932928228,632.8341806213151,21.74982700707892,3.8477694179571698,0.0075471698113207,0.9924528301886792,development_exploratory_not_untouched_final,C_xgboost_current_pm,hourly_forecast_bucket_aware_arrival_time_exposure,2022-02-27T17:00:00,2022-02-27T16:00:00,17:00
od_22,walking,walking-4,3634.672604218706,43.61607125062448,178,623.7382565958939,649.5600687828153,702.42214999565,25.82181218692142,4.139847430209945,0.0325732899022801,0.96742671009772,development_exploratory_not_untouched_final,C_xgboost_current_pm,hourly_forecast_bucket_aware_arrival_time_exposure,2022-02-27T17:00:00,2022-02-27T16:00:00,17:00
od_22,walking,walking-5,3937.347627248149,47.248171526977785,194,674.5155975263793,700.0380630686651,754.2129786104775,25.52246554228577,3.783821402482487,0.003012048192771,0.9969879518072288,development_exploratory_not_untouched_final,C_xgboost_current_pm,hourly_forecast_bucket_aware_arrival_time_exposure,2022-02-27T17:00:00,2022-02-27T16:00:00,17:00
od_22,walking,walking-6,4028.912822926736,48.34695387512083,213,690.8387657228142,717.9352998624034,774.4675189522022,27.096534139589263,3.9222660169104095,0.0114942528735632,0.9885057471264368,development_exploratory_not_untouched_final,C_xgboost_current_pm,hourly_forecast_bucket_aware_arrival_time_exposure,2022-02-27T17:00:00,2022-02-27T16:00:00,17:00
od_22,walking,walking-7,3966.091453703494,47.59309744444193,223,680.6466031443572,708.3441774900143,765.342760550081,27.69757434565713,4.069303250424479,0.13125,0.86875,development_exploratory_not_untouched_final,C_xgboost_current_pm,hourly_forecast_bucket_aware_arrival_time_exposure,2022-02-27T17:00:00,2022-02-27T16:00:00,17:00
od_22,walking,walking-8,3906.1922019945778,46.87430642393494,186,669.4390037660365,695.4303483743447,749.9906512048688,25.991344608308168,3.8825560599382,0.0517799352750809,0.948220064724919,development_exploratory_not_untouched_final,C_xgboost_current_pm,hourly_forecast_bucket_aware_arrival_time_exposure,2022-02-27T17:00:00,2022-02-27T16:00:00,17:00
od_22,motorbike,motorbike-1,2923.0830049804026,7.015399211952966,139,100.2745474403681,104.29709178844968,112.61740166952237,4.0225443480815954,4.011530792969919,1.0,0.0,development_exploratory_not_untouched_final,C_xgboost_current_pm,hourly_forecast_bucket_aware_arrival_time_exposure,2022-02-27T17:00:00,2022-02-27T16:00:00,17:00
od_22,motorbike,motorbike-2,3253.4797045440173,7.80835129090564,151,111.51677328478084,115.85194409884164,124.94803080295983,4.335170814060774,3.8874607705784574,0.0069444444444444,0.9930555555555556,development_exploratory_not_untouched_final,C_xgboost_current_pm,hourly_forecast_bucket_aware_arrival_time_exposure,2022-02-27T17:00:00,2022-02-27T16:00:00,17:00
od_22,motorbike,motorbike-3,3246.293405767103,7.791104173841047,155,111.35259759546987,115.79323637471217,124.99774516284224,4.440638779242264,3.987907669091431,0.1484375,0.8515625,development_exploratory_not_untouched_final,C_xgboost_current_pm,hourly_forecast_bucket_aware_arrival_time_exposure,2022-02-27T17:00:00,2022-02-27T16:00:00,17:00
od_22,motorbike,motorbike-4,3447.2453151415484,8.273388756339717,165,118.02334382016628,122.52465044626172,132.05891446340246,4.501306626095442,3.8139121299207903,0.0066225165562913,0.9933774834437086,development_exploratory_not_untouched_final,C_xgboost_current_pm,hourly_forecast_bucket_aware_arrival_time_exposure,2022-02-27T17:00:00,2022-02-27T16:00:00,17:00
od_22,motorbike,motorbike-5,3792.1061157127183,9.101054677710524,198,130.11588344886405,135.5136418483783,146.55114619667768,5.39775839951426,4.148423894486022,0.0305810397553516,0.9694189602446484,development_exploratory_not_untouched_final,C_xgboost_current_pm,hourly_forecast_bucket_aware_arrival_time_exposure,2022-02-27T17:00:00,2022-02-27T16:00:00,17:00
od_22,motorbike,motorbike-6,5150.575893512994,12.361382144431188,235,176.98409119377683,184.61292515501628,199.95118251806787,7.628833961239451,4.310463109866057,0.0080862533692722,0.9919137466307276,development_exploratory_not_untouched_final,C_xgboost_current_pm,hourly_forecast_bucket_aware_arrival_time_exposure,2022-02-27T17:00:00,2022-02-27T16:00:00,17:00
od_22,motorbike,motorbike-7,4930.396361172614,11.832951266814272,245,169.41556078540356,175.9121694555817,189.5282713360262,6.496608670178148,3.834717802815832,0.0294906166219839,0.970509383378016,development_exploratory_not_untouched_final,C_xgboost_current_pm,hourly_forecast_bucket_aware_arrival_time_exposure,2022-02-27T17:00:00,2022-02-27T16:00:00,17:00
od_22,motorbike,motorbike-8,7206.146067977132,17.294750563145115,287,248.19066712645056,258.8696060983031,280.2176230811833,10.678938971852546,4.3027157690872135,0.0023529411764705,0.9976470588235294,development_exploratory_not_untouched_final,C_xgboost_current_pm,hourly_forecast_bucket_aware_arrival_time_exposure,2022-02-27T17:00:00,2022-02-27T16:00:00,17:00
od_23,walking,walking-1,4221.266579474209,50.65519895369051,125,724.8458150441545,764.0675851130758,831.5879881131634,39.22177006892127,5.411050081944952,1.0,0.0,development_exploratory_not_untouched_final,C_xgboost_current_pm,hourly_forecast_bucket_aware_arrival_time_exposure,2022-02-27T17:00:00,2022-02-27T16:00:00,17:00
od_23,walking,walking-2,4277.290032966221,51.327480395594655,135,734.4128157231354,774.1298059805782,842.537991527202,39.71699025744283,5.407992535960272,0.1872146118721461,0.812785388127854,development_exploratory_not_untouched_final,C_xgboost_current_pm,hourly_forecast_bucket_aware_arrival_time_exposure,2022-02-27T17:00:00,2022-02-27T16:00:00,17:00
od_23,walking,walking-3,5021.308970105159,60.2557076412619,175,863.7153453813855,910.4171356422382,989.4381399476088,46.701790260852704,5.407081223065555,0.0101010101010101,0.98989898989899,development_exploratory_not_untouched_final,C_xgboost_current_pm,hourly_forecast_bucket_aware_arrival_time_exposure,2022-02-27T17:00:00,2022-02-27T16:00:00,17:00
od_23,walking,walking-4,5288.480351008413,63.46176421210096,202,906.2280915239212,952.3386825674528,1035.490088876906,46.1105910435316,5.088188224886257,0.0,1.0,development_exploratory_not_untouched_final,C_xgboost_current_pm,hourly_forecast_bucket_aware_arrival_time_exposure,2022-02-27T17:00:00,2022-02-27T16:00:00,17:00
od_23,walking,walking-5,5373.048826836592,64.4765859220391,234,920.153163558782,965.7474002149266,1048.2079923888095,45.59423665614452,4.955070358048257,0.0169971671388102,0.9830028328611898,development_exploratory_not_untouched_final,C_xgboost_current_pm,hourly_forecast_bucket_aware_arrival_time_exposure,2022-02-27T17:00:00,2022-02-27T16:00:00,17:00
od_23,walking,walking-6,4221.918341608979,50.66302009930776,125,724.9707321480574,764.199225560429,831.7221917450491,39.22849341237156,5.411045118489019,0.968503937007874,0.031496062992126,development_exploratory_not_untouched_final,C_xgboost_current_pm,hourly_forecast_bucket_aware_arrival_time_exposure,2022-02-27T17:00:00,2022-02-27T16:00:00,17:00
od_23,walking,walking-7,4223.545173895734,50.6825420867488,124,725.2273755434481,764.4648186316894,832.0159967717584,39.23744308824121,5.410364309377964,0.9606299212598424,0.0393700787401575,development_exploratory_not_untouched_final,C_xgboost_current_pm,hourly_forecast_bucket_aware_arrival_time_exposure,2022-02-27T17:00:00,2022-02-27T16:00:00,17:00
od_23,walking,walking-8,4225.394324659734,50.7047318959168,125,725.5702324943887,764.8250615657014,832.3879688148481,39.254829071312656,5.410203907671507,0.968503937007874,0.031496062992126,development_exploratory_not_untouched_final,C_xgboost_current_pm,hourly_forecast_bucket_aware_arrival_time_exposure,2022-02-27T17:00:00,2022-02-27T16:00:00,17:00
od_23,motorbike,motorbike-1,4397.937440340368,10.555049856816884,142,151.05353177445093,159.18363853940934,173.14361417729938,8.130106764958413,5.3822685702563176,1.0,0.0,development_exploratory_not_untouched_final,C_xgboost_current_pm,hourly_forecast_bucket_aware_arrival_time_exposure,2022-02-27T17:00:00,2022-02-27T16:00:00,17:00
od_23,motorbike,motorbike-2,4618.640272626199,11.084736654302876,144,158.5794238954143,167.12200886579157,181.89296474951692,8.542584970377305,5.386944132179015,0.1532258064516129,0.8467741935483871,development_exploratory_not_untouched_final,C_xgboost_current_pm,hourly_forecast_bucket_aware_arrival_time_exposure,2022-02-27T17:00:00,2022-02-27T16:00:00,17:00
od_23,motorbike,motorbike-3,4979.400370424192,11.95056088901806,171,170.85608495524326,179.7783133639783,195.06873693268705,8.922228408735037,5.222072372237879,0.102112676056338,0.897887323943662,development_exploratory_not_untouched_final,C_xgboost_current_pm,hourly_forecast_bucket_aware_arrival_time_exposure,2022-02-27T17:00:00,2022-02-27T16:00:00,17:00
od_23,motorbike,motorbike-4,5334.869162264364,12.803685989434474,205,182.7758380437998,191.9799993778611,208.3092977104614,9.204161334061297,5.03576481036604,0.0266272189349112,0.9733727810650888,development_exploratory_not_untouched_final,C_xgboost_current_pm,hourly_forecast_bucket_aware_arrival_time_exposure,2022-02-27T17:00:00,2022-02-27T16:00:00,17:00
od_23,motorbike,motorbike-5,6846.717874696213,16.43212289927091,228,233.851011420326,246.8349505408561,270.01323034917846,12.98393912053018,5.55222705331504,0.0335195530726257,0.9664804469273744,development_exploratory_not_untouched_final,C_xgboost_current_pm,hourly_forecast_bucket_aware_arrival_time_exposure,2022-02-27T17:00:00,2022-02-27T16:00:00,17:00
od_23,motorbike,motorbike-6,8374.061852065422,20.097748444957013,289,283.8696801213813,298.7502661495543,327.57988466935694,14.880586028172957,5.242048401157209,0.0070093457943925,0.9929906542056076,development_exploratory_not_untouched_final,C_xgboost_current_pm,hourly_forecast_bucket_aware_arrival_time_exposure,2022-02-27T17:00:00,2022-02-27T16:00:00,17:00
od_23,motorbike,motorbike-7,7900.239487965283,18.96057477111668,304,268.04210695310263,286.9634284400888,320.3441970557264,18.921321486986187,7.059085492973204,0.0324074074074074,0.9675925925925926,development_exploratory_not_untouched_final,C_xgboost_current_pm,hourly_forecast_bucket_aware_arrival_time_exposure,2022-02-27T17:00:00,2022-02-27T16:00:00,17:00
od_23,motorbike,motorbike-8,8731.427376937661,20.955425704650388,344,293.8813469808425,307.9480228737355,335.6036524720547,14.066675892892988,4.78651538704495,0.0188679245283018,0.981132075471698,development_exploratory_not_untouched_final,C_xgboost_current_pm,hourly_forecast_bucket_aware_arrival_time_exposure,2022-02-27T17:00:00,2022-02-27T16:00:00,17:00
od_24,walking,walking-1,3217.1952186069398,38.60634262328327,169,548.9264969229865,565.4166884297515,622.0595391626912,16.490191506764972,3.004080072505321,1.0,0.0,development_exploratory_not_untouched_final,C_xgboost_current_pm,hourly_forecast_bucket_aware_arrival_time_exposure,2022-02-27T17:00:00,2022-02-27T16:00:00,17:00
od_24,walking,walking-2,3376.4768292075096,40.51772195049011,162,577.5742474117519,593.8495685209435,653.0431559877395,16.275321109191623,2.8178751359024785,0.1863799283154122,0.8136200716845878,development_exploratory_not_untouched_final,C_xgboost_current_pm,hourly_forecast_bucket_aware_arrival_time_exposure,2022-02-27T17:00:00,2022-02-27T16:00:00,17:00
od_24,walking,walking-3,3455.2813170415407,41.46337580449848,120,583.5460808223074,605.5142145068032,666.0508366229365,21.9681336844958,3.764592789919739,0.1747967479674796,0.8252032520325203,development_exploratory_not_untouched_final,C_xgboost_current_pm,hourly_forecast_bucket_aware_arrival_time_exposure,2022-02-27T17:00:00,2022-02-27T16:00:00,17:00
od_24,walking,walking-4,3697.223517795296,44.36668221354355,153,624.3045724504511,648.0719358150143,712.8073394615608,23.767363364563156,3.8070141423558903,0.1541218637992831,0.8458781362007168,development_exploratory_not_untouched_final,C_xgboost_current_pm,hourly_forecast_bucket_aware_arrival_time_exposure,2022-02-27T17:00:00,2022-02-27T16:00:00,17:00
od_24,walking,walking-5,4167.745900027202,50.01295080032642,210,712.0337789155635,733.1189299710985,806.7562595219932,21.085151055534997,2.961257131318678,0.0859598853868194,0.9140401146131804,development_exploratory_not_untouched_final,C_xgboost_current_pm,hourly_forecast_bucket_aware_arrival_time_exposure,2022-02-27T17:00:00,2022-02-27T16:00:00,17:00
od_24,walking,walking-6,4158.3684544541575,49.90042145344989,222,709.6225617356259,730.3024350916351,802.9449618349224,20.679873356009125,2.9142074211154427,0.15,0.85,development_exploratory_not_untouched_final,C_xgboost_current_pm,hourly_forecast_bucket_aware_arrival_time_exposure,2022-02-27T17:00:00,2022-02-27T16:00:00,17:00
od_24,walking,walking-7,4325.690506521784,51.90828607826142,223,740.0572456102637,760.8982673587677,836.7334544840638,20.841021748503977,2.816136437029019,0.0828729281767955,0.9171270718232044,development_exploratory_not_untouched_final,C_xgboost_current_pm,hourly_forecast_bucket_aware_arrival_time_exposure,2022-02-27T17:00:00,2022-02-27T16:00:00,17:00
od_24,walking,walking-8,4429.411243953382,53.15293492744058,226,756.041637402226,778.0478373310248,855.4702755250156,22.006199928798765,2.9107126962494423,0.2539682539682539,0.746031746031746,development_exploratory_not_untouched_final,C_xgboost_current_pm,hourly_forecast_bucket_aware_arrival_time_exposure,2022-02-27T17:00:00,2022-02-27T16:00:00,17:00
od_24,motorbike,motorbike-1,3533.6228842866053,8.480694922287851,145,120.79636939559374,124.20473331169944,136.52923777810452,3.4083639161056998,2.8215781096397965,1.0,0.0,development_exploratory_not_untouched_final,C_xgboost_current_pm,hourly_forecast_bucket_aware_arrival_time_exposure,2022-02-27T17:00:00,2022-02-27T16:00:00,17:00
od_24,motorbike,motorbike-2,3630.0838233931054,8.712201176143452,138,123.86041270782636,127.45850976679016,140.10256323199135,3.598097058963802,2.904961303052762,0.1890756302521008,0.8109243697478992,development_exploratory_not_untouched_final,C_xgboost_current_pm,hourly_forecast_bucket_aware_arrival_time_exposure,2022-02-27T17:00:00,2022-02-27T16:00:00,17:00
od_24,motorbike,motorbike-3,4208.9241180908175,10.10141788341796,167,142.0644659445038,147.22447839808402,161.6394846623123,5.160012453580208,3.6321626377675047,0.0684931506849315,0.9315068493150684,development_exploratory_not_untouched_final,C_xgboost_current_pm,hourly_forecast_bucket_aware_arrival_time_exposure,2022-02-27T17:00:00,2022-02-27T16:00:00,17:00
od_24,motorbike,motorbike-4,4565.795915007203,10.957910196017286,177,156.92651386452164,160.9213507800413,176.84026137152637,3.99483691551967,2.5456736514063563,0.1180555555555555,0.8819444444444444,development_exploratory_not_untouched_final,C_xgboost_current_pm,hourly_forecast_bucket_aware_arrival_time_exposure,2022-02-27T17:00:00,2022-02-27T16:00:00,17:00
od_24,motorbike,motorbike-5,4700.748857607914,11.281797258258994,232,159.93558488000994,165.02109719810446,181.4139503728546,5.085512318094516,3.179725338741763,0.1023391812865497,0.8976608187134503,development_exploratory_not_untouched_final,C_xgboost_current_pm,hourly_forecast_bucket_aware_arrival_time_exposure,2022-02-27T17:00:00,2022-02-27T16:00:00,17:00
od_24,motorbike,motorbike-6,5161.740202140574,12.388176485137375,211,174.0278066769054,180.64780868756108,198.3768281677276,6.620002010655696,3.8039909466572697,0.0439882697947214,0.9560117302052786,development_exploratory_not_untouched_final,C_xgboost_current_pm,hourly_forecast_bucket_aware_arrival_time_exposure,2022-02-27T17:00:00,2022-02-27T16:00:00,17:00
od_24,motorbike,motorbike-7,5020.245201313301,12.04858848315192,196,170.88427606731238,176.0446135557321,193.49790528867425,5.160337488419714,3.0197848550951667,0.1291390728476821,0.8708609271523179,development_exploratory_not_untouched_final,C_xgboost_current_pm,hourly_forecast_bucket_aware_arrival_time_exposure,2022-02-27T17:00:00,2022-02-27T16:00:00,17:00
od_24,motorbike,motorbike-8,6984.4440615726935,16.762665747774466,326,234.56619339396636,242.80650359271803,265.85328103974507,8.2403101987517,3.5129999253181654,0.0328947368421052,0.9671052631578948,development_exploratory_not_untouched_final,C_xgboost_current_pm,hourly_forecast_bucket_aware_arrival_time_exposure,2022-02-27T17:00:00,2022-02-27T16:00:00,17:00
od_25,walking,walking-1,4470.538515459889,53.64646218551867,183,754.0100660744703,811.5331536836076,919.3683217266148,57.52308760913729,7.628954863774457,1.0,0.0,development_exploratory_not_untouched_final,C_xgboost_current_pm,hourly_forecast_bucket_aware_arrival_time_exposure,2022-02-27T17:00:00,2022-02-27T16:00:00,17:00
od_25,walking,walking-2,4607.483581433419,55.28980297720103,178,776.3886728327662,837.6573577934362,951.7387972734316,61.26868496066993,7.891496502276659,0.1316614420062695,0.8683385579937304,development_exploratory_not_untouched_final,C_xgboost_current_pm,hourly_forecast_bucket_aware_arrival_time_exposure,2022-02-27T17:00:00,2022-02-27T16:00:00,17:00
od_25,walking,walking-3,4895.412353447138,58.74494824136566,185,820.4235563420985,895.9836271688566,1032.4487978069787,75.56007082675808,9.209885581984825,0.0308123249299719,0.969187675070028,development_exploratory_not_untouched_final,C_xgboost_current_pm,hourly_forecast_bucket_aware_arrival_time_exposure,2022-02-27T17:00:00,2022-02-27T16:00:00,17:00
od_25,walking,walking-4,4734.231662335523,56.81077994802627,192,801.797446870806,855.8541043139235,958.4673322949666,54.0566574431175,6.741934344401533,0.0932944606413994,0.9067055393586004,development_exploratory_not_untouched_final,C_xgboost_current_pm,hourly_forecast_bucket_aware_arrival_time_exposure,2022-02-27T17:00:00,2022-02-27T16:00:00,17:00
od_25,walking,walking-5,5337.013678056967,64.0441641366836,196,892.4861048056299,979.2150882431748,1127.9993723846596,86.72898343754503,9.717684451393591,0.0326975476839237,0.9673024523160764,development_exploratory_not_untouched_final,C_xgboost_current_pm,hourly_forecast_bucket_aware_arrival_time_exposure,2022-02-27T17:00:00,2022-02-27T16:00:00,17:00
od_25,walking,walking-6,5196.567199682312,62.35880639618775,194,872.1193870834003,949.2490484908388,1085.9533606739958,77.12966140743856,8.843933817981126,0.0472222222222222,0.9527777777777776,development_exploratory_not_untouched_final,C_xgboost_current_pm,hourly_forecast_bucket_aware_arrival_time_exposure,2022-02-27T17:00:00,2022-02-27T16:00:00,17:00
od_25,walking,walking-7,5713.187947409113,68.55825536890936,181,961.6242970355956,1039.3138750384878,1169.4451505048144,77.68957800289229,8.07899490917465,0.0996978851963746,0.9003021148036254,development_exploratory_not_untouched_final,C_xgboost_current_pm,hourly_forecast_bucket_aware_arrival_time_exposure,2022-02-27T17:00:00,2022-02-27T16:00:00,17:00
od_25,walking,walking-8,5465.027062490462,65.58032474988555,210,919.3318057537292,995.368374645634,1126.1793787176257,76.03656889190472,8.270851548485794,0.1039325842696629,0.8960674157303371,development_exploratory_not_untouched_final,C_xgboost_current_pm,hourly_forecast_bucket_aware_arrival_time_exposure,2022-02-27T17:00:00,2022-02-27T16:00:00,17:00
od_25,motorbike,motorbike-1,5074.162420415552,12.177989808997324,195,171.17811119094756,184.1604888697954,208.70169806889496,12.982377678847826,7.584134202980021,1.0,0.0,development_exploratory_not_untouched_final,C_xgboost_current_pm,hourly_forecast_bucket_aware_arrival_time_exposure,2022-02-27T17:00:00,2022-02-27T16:00:00,17:00
od_25,motorbike,motorbike-2,5095.070126138192,12.22816830273166,212,172.21385665102713,184.55578975927256,208.04886497396063,12.341933108245428,7.166631854285122,0.1274238227146814,0.8725761772853186,development_exploratory_not_untouched_final,C_xgboost_current_pm,hourly_forecast_bucket_aware_arrival_time_exposure,2022-02-27T17:00:00,2022-02-27T16:00:00,17:00
od_25,motorbike,motorbike-3,5589.160331046289,13.413984794511094,185,187.32311688558207,204.54449540220207,235.7979757773276,17.221378516620007,9.193408054991371,0.0584958217270195,0.9415041782729804,development_exploratory_not_untouched_final,C_xgboost_current_pm,hourly_forecast_bucket_aware_arrival_time_exposure,2022-02-27T17:00:00,2022-02-27T16:00:00,17:00
od_25,motorbike,motorbike-4,5670.159232882905,13.608382158918973,201,191.9408166260886,205.0868789639075,230.19618194611684,13.146062337818904,6.849018655280687,0.0879120879120879,0.912087912087912,development_exploratory_not_untouched_final,C_xgboost_current_pm,hourly_forecast_bucket_aware_arrival_time_exposure,2022-02-27T17:00:00,2022-02-27T16:00:00,17:00
od_25,motorbike,motorbike-5,7792.868426528579,18.70288422366859,329,264.6319139415934,280.07582074814366,310.7227120774886,15.443906806550274,5.835995582134845,0.0376237623762376,0.9623762376237625,development_exploratory_not_untouched_final,C_xgboost_current_pm,hourly_forecast_bucket_aware_arrival_time_exposure,2022-02-27T17:00:00,2022-02-27T16:00:00,17:00
od_25,motorbike,motorbike-6,8778.593070021463,21.068623368051515,310,296.6039735564557,317.3668453005809,357.6103513556019,20.76287174412522,7.000200130553279,0.024340770791075,0.975659229208925,development_exploratory_not_untouched_final,C_xgboost_current_pm,hourly_forecast_bucket_aware_arrival_time_exposure,2022-02-27T17:00:00,2022-02-27T16:00:00,17:00
od_25,motorbike,motorbike-7,7958.908879463801,19.101381310713123,256,265.86110666313675,292.27165781450344,339.3755587996662,26.41055115136669,9.933965702185452,0.0488372093023255,0.9511627906976744,development_exploratory_not_untouched_final,C_xgboost_current_pm,hourly_forecast_bucket_aware_arrival_time_exposure,2022-02-27T17:00:00,2022-02-27T16:00:00,17:00
od_25,motorbike,motorbike-8,7918.284047414298,19.003881713794318,254,266.5924677799886,287.96504976774014,327.8993502978201,21.37258198775152,8.016948927975609,0.0741626794258373,0.9258373205741628,development_exploratory_not_untouched_final,C_xgboost_current_pm,hourly_forecast_bucket_aware_arrival_time_exposure,2022-02-27T17:00:00,2022-02-27T16:00:00,17:00
od_26,walking,walking-1,2896.3240824541845,34.75588898945021,127,498.0754862342528,516.6290721965825,556.1470435406503,18.55358596232969,3.7250550318398217,1.0,0.0,development_exploratory_not_untouched_final,C_xgboost_current_pm,hourly_forecast_bucket_aware_arrival_time_exposure,2022-02-27T17:00:00,2022-02-27T16:00:00,17:00
od_26,walking,walking-2,2980.864070874784,35.77036885049741,112,511.99660005184114,530.5830058229691,570.7635352986804,18.586405771127943,3.630181483479776,0.0622222222222222,0.9377777777777778,development_exploratory_not_untouched_final,C_xgboost_current_pm,hourly_forecast_bucket_aware_arrival_time_exposure,2022-02-27T17:00:00,2022-02-27T16:00:00,17:00
od_26,walking,walking-3,3108.560616540251,37.302727398483015,109,534.8335383973649,555.030510616349,597.696208929266,20.196972218984115,3.776309967303954,0.0216450216450216,0.9783549783549784,development_exploratory_not_untouched_final,C_xgboost_current_pm,hourly_forecast_bucket_aware_arrival_time_exposure,2022-02-27T17:00:00,2022-02-27T16:00:00,17:00
od_26,walking,walking-4,2986.2787647878768,35.83534517745452,145,513.4447739333033,532.3727545915889,572.8853228743576,18.927980658285605,3.686468656265719,0.1193415637860082,0.8806584362139918,development_exploratory_not_untouched_final,C_xgboost_current_pm,hourly_forecast_bucket_aware_arrival_time_exposure,2022-02-27T17:00:00,2022-02-27T16:00:00,17:00
od_26,walking,walking-5,3746.634063035978,44.95960875643174,154,644.2590702546793,667.6656048068355,718.0317807197544,23.406534552156245,3.633093522905857,0.0107913669064748,0.9892086330935252,development_exploratory_not_untouched_final,C_xgboost_current_pm,hourly_forecast_bucket_aware_arrival_time_exposure,2022-02-27T17:00:00,2022-02-27T16:00:00,17:00
od_26,walking,walking-6,4134.677900527131,49.616134806325576,188,709.9357995460533,736.7215449136396,793.8126264140412,26.785745367586287,3.7729813575697424,0.1330935251798561,0.8669064748201438,development_exploratory_not_untouched_final,C_xgboost_current_pm,hourly_forecast_bucket_aware_arrival_time_exposure,2022-02-27T17:00:00,2022-02-27T16:00:00,17:00
od_26,walking,walking-7,3987.778437209056,47.85334124650868,165,685.0370639883217,709.6826611649369,763.1527730809725,24.645597176615183,3.597702733502801,0.0034364261168384,0.9965635738831616,development_exploratory_not_untouched_final,C_xgboost_current_pm,hourly_forecast_bucket_aware_arrival_time_exposure,2022-02-27T17:00:00,2022-02-27T16:00:00,17:00
od_26,walking,walking-8,3411.853954168932,40.94224745002718,173,586.2028086225198,607.968249581625,654.5432356965312,21.76544095910515,3.712954055994777,0.1235955056179775,0.8764044943820225,development_exploratory_not_untouched_final,C_xgboost_current_pm,hourly_forecast_bucket_aware_arrival_time_exposure,2022-02-27T17:00:00,2022-02-27T16:00:00,17:00
od_26,motorbike,motorbike-1,2937.338739477396,7.049612974745751,112,101.08280377835422,104.87496210655502,112.91151573957086,3.792158328200799,3.7515365487050807,1.0,0.0,development_exploratory_not_untouched_final,C_xgboost_current_pm,hourly_forecast_bucket_aware_arrival_time_exposure,2022-02-27T17:00:00,2022-02-27T16:00:00,17:00
od_26,motorbike,motorbike-2,2984.8899456370477,7.163735869528913,115,102.59357102842412,106.35161071656748,114.43484059318511,3.758039688143356,3.663036241425079,0.1073170731707317,0.8926829268292683,development_exploratory_not_untouched_final,C_xgboost_current_pm,hourly_forecast_bucket_aware_arrival_time_exposure,2022-02-27T17:00:00,2022-02-27T16:00:00,17:00
od_26,motorbike,motorbike-3,3258.678841448659,7.820829219476781,165,112.1410311992266,116.3121727171298,125.18726248216146,4.171141517903209,3.71954981445897,0.2096069868995633,0.7903930131004366,development_exploratory_not_untouched_final,C_xgboost_current_pm,hourly_forecast_bucket_aware_arrival_time_exposure,2022-02-27T17:00:00,2022-02-27T16:00:00,17:00
od_26,motorbike,motorbike-4,3649.860252873173,8.759664606895615,121,125.46598656674476,129.9556281414011,139.69149121679956,4.489641574656332,3.578373467990032,0.0043103448275862,0.9956896551724138,development_exploratory_not_untouched_final,C_xgboost_current_pm,hourly_forecast_bucket_aware_arrival_time_exposure,2022-02-27T17:00:00,2022-02-27T16:00:00,17:00
od_26,motorbike,motorbike-5,4538.665524224427,10.892797258138623,191,156.49674449906678,162.42737930180024,174.8105407176259,5.930634802733465,3.789621836362756,0.0167785234899328,0.9832214765100672,development_exploratory_not_untouched_final,C_xgboost_current_pm,hourly_forecast_bucket_aware_arrival_time_exposure,2022-02-27T17:00:00,2022-02-27T16:00:00,17:00
od_26,motorbike,motorbike-6,4792.008542306752,11.500820501536204,231,164.8934697821532,170.92175524247713,183.84471706656925,6.028285460323929,3.655866704902333,0.0269461077844311,0.9730538922155688,development_exploratory_not_untouched_final,C_xgboost_current_pm,hourly_forecast_bucket_aware_arrival_time_exposure,2022-02-27T17:00:00,2022-02-27T16:00:00,17:00
od_26,motorbike,motorbike-7,5637.919340989541,13.531006418374895,268,194.3207373470736,202.11556454815425,218.10398810811455,7.794827201080665,4.011320308628941,0.0052910052910052,0.9947089947089948,development_exploratory_not_untouched_final,C_xgboost_current_pm,hourly_forecast_bucket_aware_arrival_time_exposure,2022-02-27T17:00:00,2022-02-27T16:00:00,17:00
od_26,motorbike,motorbike-8,9144.710064192806,21.94730415406273,329,315.9461552887833,328.5496526709298,354.0630285735727,12.603497382146486,3.989128264791369,0.0022727272727272,0.9977272727272728,development_exploratory_not_untouched_final,C_xgboost_current_pm,hourly_forecast_bucket_aware_arrival_time_exposure,2022-02-27T17:00:00,2022-02-27T16:00:00,17:00
od_27,walking,walking-1,3464.3506661395845,41.572207993675015,112,568.6286760811021,591.3889800994901,635.0873125063016,22.76030401838807,4.002665531265227,1.0,0.0,development_exploratory_not_untouched_final,C_xgboost_current_pm,hourly_forecast_bucket_aware_arrival_time_exposure,2022-02-27T17:00:00,2022-02-27T16:00:00,17:00
od_27,walking,walking-2,3535.842562360606,42.43011074832727,135,564.8007029741663,586.4765886201598,631.0199398425569,21.675885645993503,3.837793673388,0.1706161137440758,0.8293838862559242,development_exploratory_not_untouched_final,C_xgboost_current_pm,hourly_forecast_bucket_aware_arrival_time_exposure,2022-02-27T17:00:00,2022-02-27T16:00:00,17:00
od_27,walking,walking-3,3869.557886931462,46.43469464317754,139,643.8716918924038,670.347311193139,716.168391543788,26.475619300735275,4.111940256749099,0.0120967741935483,0.9879032258064516,development_exploratory_not_untouched_final,C_xgboost_current_pm,hourly_forecast_bucket_aware_arrival_time_exposure,2022-02-27T17:00:00,2022-02-27T16:00:00,17:00
od_27,walking,walking-4,3848.3424962212457,46.18010995465495,155,635.5474076545794,661.5180625542508,708.209461044072,25.970654899671445,4.086344242282949,0.1033057851239669,0.8966942148760331,development_exploratory_not_untouched_final,C_xgboost_current_pm,hourly_forecast_bucket_aware_arrival_time_exposure,2022-02-27T17:00:00,2022-02-27T16:00:00,17:00
od_27,walking,walking-5,4640.402220056612,55.68482664067935,163,775.2066853765771,807.4240797925767,862.175422878602,32.21739441599959,4.155974790174719,0.0073260073260073,0.9926739926739928,development_exploratory_not_untouched_final,C_xgboost_current_pm,hourly_forecast_bucket_aware_arrival_time_exposure,2022-02-27T17:00:00,2022-02-27T16:00:00,17:00
od_27,walking,walking-6,4565.968522067712,54.79162226481255,182,758.0901466053737,789.2203125313713,844.0479493841062,31.13016592599763,4.106393687531008,0.1666666666666666,0.8333333333333334,development_exploratory_not_untouched_final,C_xgboost_current_pm,hourly_forecast_bucket_aware_arrival_time_exposure,2022-02-27T17:00:00,2022-02-27T16:00:00,17:00
od_27,walking,walking-7,3468.6783622341645,41.62414034680998,111,569.2903331442249,592.0732063606321,635.8243092320805,22.78287321640721,4.001977881931707,0.8739495798319328,0.1260504201680672,development_exploratory_not_untouched_final,C_xgboost_current_pm,hourly_forecast_bucket_aware_arrival_time_exposure,2022-02-27T17:00:00,2022-02-27T16:00:00,17:00
od_27,walking,walking-8,3469.479999896061,41.63375999875273,112,569.3595478871283,592.1383080089688,635.9091457129401,22.77876012184049,4.00076897039342,0.8064516129032258,0.1935483870967742,development_exploratory_not_untouched_final,C_xgboost_current_pm,hourly_forecast_bucket_aware_arrival_time_exposure,2022-02-27T17:00:00,2022-02-27T16:00:00,17:00
od_27,motorbike,motorbike-1,3470.9311321175137,8.330234717082032,124,113.7146972712587,118.23701651966957,127.04384650259225,4.5223192484108665,3.976899518646372,1.0,0.0,development_exploratory_not_untouched_final,C_xgboost_current_pm,hourly_forecast_bucket_aware_arrival_time_exposure,2022-02-27T17:00:00,2022-02-27T16:00:00,17:00
od_27,motorbike,motorbike-2,3605.9840264691393,8.654361663525934,131,119.2770490475166,124.14645706409767,132.8912713233947,4.869408016581076,4.082435016179216,0.1697247706422018,0.8302752293577982,development_exploratory_not_untouched_final,C_xgboost_current_pm,hourly_forecast_bucket_aware_arrival_time_exposure,2022-02-27T17:00:00,2022-02-27T16:00:00,17:00
od_27,motorbike,motorbike-3,3937.277758173279,9.449466619615867,140,131.16649813748734,136.58273959637842,145.92106857945896,5.416241458891079,4.129287230961851,0.0434782608695652,0.9565217391304348,development_exploratory_not_untouched_final,C_xgboost_current_pm,hourly_forecast_bucket_aware_arrival_time_exposure,2022-02-27T17:00:00,2022-02-27T16:00:00,17:00
od_27,motorbike,motorbike-4,3898.0488850884126,9.35531732421219,180,123.4165746770732,128.15882151164757,137.86189181289654,4.74224683457436,3.842471602361944,0.089605734767025,0.910394265232975,development_exploratory_not_untouched_final,C_xgboost_current_pm,hourly_forecast_bucket_aware_arrival_time_exposure,2022-02-27T17:00:00,2022-02-27T16:00:00,17:00
od_27,motorbike,motorbike-5,4586.669331161132,11.008006394786715,157,153.50473015556972,159.90788887730827,170.7097555276379,6.403158721738549,4.171310366298975,0.007168458781362,0.992831541218638,development_exploratory_not_untouched_final,C_xgboost_current_pm,hourly_forecast_bucket_aware_arrival_time_exposure,2022-02-27T17:00:00,2022-02-27T16:00:00,17:00
od_27,motorbike,motorbike-6,5158.036814181108,12.379288354034658,263,161.06566037003006,167.19813508089592,180.49561180561577,6.132474710865864,3.807437722464987,0.0051948051948051,0.9948051948051948,development_exploratory_not_untouched_final,C_xgboost_current_pm,hourly_forecast_bucket_aware_arrival_time_exposure,2022-02-27T17:00:00,2022-02-27T16:00:00,17:00
od_27,motorbike,motorbike-7,5527.038154061122,13.264891569746691,251,175.68703973494664,182.1451518644179,196.69097222641275,6.45811212947126,3.6759183484532527,0.0359116022099447,0.9640883977900552,development_exploratory_not_untouched_final,C_xgboost_current_pm,hourly_forecast_bucket_aware_arrival_time_exposure,2022-02-27T17:00:00,2022-02-27T16:00:00,17:00
od_27,motorbike,motorbike-8,6556.612732062874,15.735870556950896,287,204.74766952064388,212.8133512810992,228.26115610610665,8.065681760455277,3.939327748803533,0.0073529411764705,0.9926470588235294,development_exploratory_not_untouched_final,C_xgboost_current_pm,hourly_forecast_bucket_aware_arrival_time_exposure,2022-02-27T17:00:00,2022-02-27T16:00:00,17:00
od_28,walking,walking-1,3337.8457045527,40.0541484546324,111,565.2121389796866,591.5650095699789,648.9942179771731,26.35287059029224,4.662474276979276,1.0,0.0,development_exploratory_not_untouched_final,C_xgboost_current_pm,hourly_forecast_bucket_aware_arrival_time_exposure,2022-02-27T17:00:00,2022-02-27T16:00:00,17:00
od_28,walking,walking-2,3441.879177727777,41.30255013273333,141,582.8833731140865,609.9684199269836,669.0251404041863,27.08504681289719,4.646735189613291,0.1666666666666666,0.8333333333333334,development_exploratory_not_untouched_final,C_xgboost_current_pm,hourly_forecast_bucket_aware_arrival_time_exposure,2022-02-27T17:00:00,2022-02-27T16:00:00,17:00
od_28,walking,walking-3,3877.4038999370327,46.5288467992444,168,656.0355228855964,686.513836568917,752.0941297485837,30.478313683320607,4.645832827658573,0.025735294117647,0.9742647058823528,development_exploratory_not_untouched_final,C_xgboost_current_pm,hourly_forecast_bucket_aware_arrival_time_exposure,2022-02-27T17:00:00,2022-02-27T16:00:00,17:00
od_28,walking,walking-4,3905.403995968121,46.86484795161745,153,661.0723018628034,693.1479465578259,762.9677984377893,32.07564469502245,4.852063020132299,0.056,0.944,development_exploratory_not_untouched_final,C_xgboost_current_pm,hourly_forecast_bucket_aware_arrival_time_exposure,2022-02-27T17:00:00,2022-02-27T16:00:00,17:00
od_28,walking,walking-5,4163.759453961655,49.96511344753987,208,703.8556982456438,735.2323373858853,800.7807644235785,31.376639140241537,4.457822706905354,0.0257234726688102,0.9742765273311896,development_exploratory_not_untouched_final,C_xgboost_current_pm,hourly_forecast_bucket_aware_arrival_time_exposure,2022-02-27T17:00:00,2022-02-27T16:00:00,17:00
od_28,walking,walking-6,4492.620440211811,53.911445282541735,199,760.6735888698647,794.9799619773739,868.322250999988,34.306373107509216,4.509999244022434,0.0580204778156996,0.9419795221843004,development_exploratory_not_untouched_final,C_xgboost_current_pm,hourly_forecast_bucket_aware_arrival_time_exposure,2022-02-27T17:00:00,2022-02-27T16:00:00,17:00
od_28,walking,walking-7,3995.186008508664,47.94223210210397,145,676.4542612432551,709.2177455097631,780.1873459314345,32.76348426650793,4.843414572670727,0.1179039301310043,0.8820960698689957,development_exploratory_not_untouched_final,C_xgboost_current_pm,hourly_forecast_bucket_aware_arrival_time_exposure,2022-02-27T17:00:00,2022-02-27T16:00:00,17:00
od_28,walking,walking-8,3338.022955668135,40.05627546801762,110,565.2436606459878,591.5984751573666,649.0322151974198,26.354814511378777,4.662558175576745,0.9557522123893806,0.0442477876106194,development_exploratory_not_untouched_final,C_xgboost_current_pm,hourly_forecast_bucket_aware_arrival_time_exposure,2022-02-27T17:00:00,2022-02-27T16:00:00,17:00
od_28,motorbike,motorbike-1,3389.785610177372,8.135485464425692,123,114.80420044549577,120.17072092563367,131.84286750281285,5.366520480137922,4.674498371412571,1.0,0.0,development_exploratory_not_untouched_final,C_xgboost_current_pm,hourly_forecast_bucket_aware_arrival_time_exposure,2022-02-27T17:00:00,2022-02-27T16:00:00,17:00
od_28,motorbike,motorbike-2,3622.982621352327,8.695158291245583,149,122.56394871986129,128.21162210332602,140.46182275628212,5.647673383464735,4.607940134478989,0.2088888888888889,0.7911111111111111,development_exploratory_not_untouched_final,C_xgboost_current_pm,hourly_forecast_bucket_aware_arrival_time_exposure,2022-02-27T17:00:00,2022-02-27T16:00:00,17:00
od_28,motorbike,motorbike-3,3884.876431604947,9.323703435851872,163,131.53782572782748,138.0001425777769,151.89110659041583,6.462316849949417,4.912896206237262,0.1721311475409836,0.8278688524590164,development_exploratory_not_untouched_final,C_xgboost_current_pm,hourly_forecast_bucket_aware_arrival_time_exposure,2022-02-27T17:00:00,2022-02-27T16:00:00,17:00
od_28,motorbike,motorbike-4,4264.353384699511,10.234448123278826,216,144.1615216137878,150.59022970311864,164.08594325915422,6.428708089330826,4.459378631250501,0.0272727272727272,0.9727272727272728,development_exploratory_not_untouched_final,C_xgboost_current_pm,hourly_forecast_bucket_aware_arrival_time_exposure,2022-02-27T17:00:00,2022-02-27T16:00:00,17:00
od_28,motorbike,motorbike-5,5353.296638577329,12.847911932585587,211,180.5654378024173,188.1660321795515,203.9308527583546,7.600594377134172,4.209329575824515,0.0245398773006134,0.9754601226993864,development_exploratory_not_untouched_final,C_xgboost_current_pm,hourly_forecast_bucket_aware_arrival_time_exposure,2022-02-27T17:00:00,2022-02-27T16:00:00,17:00
od_28,motorbike,motorbike-6,5442.02633130595,13.060863195134282,217,185.0656332740245,193.404245139172,210.11996718258743,8.338611865147499,4.505759236670708,0.033434650455927,0.9665653495440728,development_exploratory_not_untouched_final,C_xgboost_current_pm,hourly_forecast_bucket_aware_arrival_time_exposure,2022-02-27T17:00:00,2022-02-27T16:00:00,17:00
od_28,motorbike,motorbike-7,5915.756843480607,14.197816424353457,216,199.97920284969615,208.36361953152488,226.14484784805407,8.384416681828696,4.192644316184419,0.0335365853658536,0.9664634146341464,development_exploratory_not_untouched_final,C_xgboost_current_pm,hourly_forecast_bucket_aware_arrival_time_exposure,2022-02-27T17:00:00,2022-02-27T16:00:00,17:00
od_28,motorbike,motorbike-8,7965.851166958149,19.11804280069956,270,269.8784610438075,283.58700589774315,315.1502772103852,13.708544853935678,5.079525354085395,0.0181347150259067,0.9818652849740932,development_exploratory_not_untouched_final,C_xgboost_current_pm,hourly_forecast_bucket_aware_arrival_time_exposure,2022-02-27T17:00:00,2022-02-27T16:00:00,17:00
od_29,walking,walking-1,5079.132038692887,60.949584464314654,161,843.5285074911313,878.0450560122486,963.0488640187876,34.516548521117215,4.091924364687831,1.0,0.0,development_exploratory_not_untouched_final,C_xgboost_current_pm,hourly_forecast_bucket_aware_arrival_time_exposure,2022-02-27T17:00:00,2022-02-27T16:00:00,17:00
od_29,walking,walking-2,5161.661432530971,61.93993719037166,162,861.7373613736797,896.2120232581676,983.24180278697,34.47466188448789,4.000599652489531,0.0453074433656957,0.9546925566343042,development_exploratory_not_untouched_final,C_xgboost_current_pm,hourly_forecast_bucket_aware_arrival_time_exposure,2022-02-27T17:00:00,2022-02-27T16:00:00,17:00
od_29,walking,walking-3,5462.205900886824,65.54647081064189,208,908.9387231341487,946.2934977280332,1033.6504253822825,37.354774593884486,4.109713190024511,0.0081967213114754,0.9918032786885246,development_exploratory_not_untouched_final,C_xgboost_current_pm,hourly_forecast_bucket_aware_arrival_time_exposure,2022-02-27T17:00:00,2022-02-27T16:00:00,17:00
od_29,walking,walking-4,5856.208691849777,70.27450430219733,220,967.8924301340488,1009.3692850977668,1102.753507124002,41.47685496371787,4.285275271547842,0.0106100795755968,0.9893899204244032,development_exploratory_not_untouched_final,C_xgboost_current_pm,hourly_forecast_bucket_aware_arrival_time_exposure,2022-02-27T17:00:00,2022-02-27T16:00:00,17:00
od_29,walking,walking-5,6084.160506353648,73.00992607624379,208,1014.9221957222233,1055.7368293138009,1154.0147122562737,40.81463359157772,4.021454429079053,0.0054495912806539,0.994550408719346,development_exploratory_not_untouched_final,C_xgboost_current_pm,hourly_forecast_bucket_aware_arrival_time_exposure,2022-02-27T17:00:00,2022-02-27T16:00:00,17:00
od_29,walking,walking-6,5079.34298264047,60.95211579168564,161,843.5529336414579,878.1032442296154,963.1677676916112,34.55031058815746,4.095808242763181,0.9754601226993864,0.0245398773006134,development_exploratory_not_untouched_final,C_xgboost_current_pm,hourly_forecast_bucket_aware_arrival_time_exposure,2022-02-27T17:00:00,2022-02-27T16:00:00,17:00
od_29,walking,walking-7,5079.71013679666,60.95652164155992,161,843.6359743434493,878.1272197640814,963.08660206206,34.491245420632026,4.088403822214252,0.9754601226993864,0.0245398773006134,development_exploratory_not_untouched_final,C_xgboost_current_pm,hourly_forecast_bucket_aware_arrival_time_exposure,2022-02-27T17:00:00,2022-02-27T16:00:00,17:00
od_29,walking,walking-8,5079.921080744242,60.959052968930905,161,843.6604004937759,878.1854079814481,963.2055057348836,34.52500748767216,4.092287307483606,0.9515151515151516,0.0484848484848484,development_exploratory_not_untouched_final,C_xgboost_current_pm,hourly_forecast_bucket_aware_arrival_time_exposure,2022-02-27T17:00:00,2022-02-27T16:00:00,17:00
od_29,motorbike,motorbike-1,5050.844486464221,12.12202676751413,138,168.60692881731086,175.3041129050415,192.48746627025488,6.697184087730648,3.972069318092608,1.0,0.0,development_exploratory_not_untouched_final,C_xgboost_current_pm,hourly_forecast_bucket_aware_arrival_time_exposure,2022-02-27T17:00:00,2022-02-27T16:00:00,17:00
od_29,motorbike,motorbike-2,5206.6809567022565,12.496034296085416,185,172.9005791738968,180.0186430556736,197.4850465681704,7.118063881776806,4.116853694641317,0.0766666666666666,0.9233333333333332,development_exploratory_not_untouched_final,C_xgboost_current_pm,hourly_forecast_bucket_aware_arrival_time_exposure,2022-02-27T17:00:00,2022-02-27T16:00:00,17:00
od_29,motorbike,motorbike-3,5669.304232967304,13.60633015912153,252,188.30791383195177,196.1605813594108,214.70000592909483,7.852667527459005,4.170120823741279,0.0290237467018469,0.9709762532981532,development_exploratory_not_untouched_final,C_xgboost_current_pm,hourly_forecast_bucket_aware_arrival_time_exposure,2022-02-27T17:00:00,2022-02-27T16:00:00,17:00
od_29,motorbike,motorbike-4,6168.868846153235,14.805285230767764,285,201.60585339701396,210.03421806304883,228.6956447190373,8.428364666034923,4.180615058550557,0.0,1.0,development_exploratory_not_untouched_final,C_xgboost_current_pm,hourly_forecast_bucket_aware_arrival_time_exposure,2022-02-27T17:00:00,2022-02-27T16:00:00,17:00
od_29,motorbike,motorbike-5,7086.2660565245305,17.007038535658875,311,230.01960405342905,239.36507066543228,259.98924673961244,9.345466612003264,4.062900051698418,0.0251141552511415,0.9748858447488584,development_exploratory_not_untouched_final,C_xgboost_current_pm,hourly_forecast_bucket_aware_arrival_time_exposure,2022-02-27T17:00:00,2022-02-27T16:00:00,17:00
od_29,motorbike,motorbike-6,8524.917271326063,20.459801451182557,296,287.6409520329843,299.201405023912,330.8790742637293,11.560452990927727,4.019056712620696,0.0023094688221709,0.9976905311778292,development_exploratory_not_untouched_final,C_xgboost_current_pm,hourly_forecast_bucket_aware_arrival_time_exposure,2022-02-27T17:00:00,2022-02-27T16:00:00,17:00
od_29,motorbike,motorbike-7,8941.478017489768,21.459547241975443,341,292.35964693771933,304.731219294967,331.8304669075981,12.371572357247658,4.231627889427279,0.0,1.0,development_exploratory_not_untouched_final,C_xgboost_current_pm,hourly_forecast_bucket_aware_arrival_time_exposure,2022-02-27T17:00:00,2022-02-27T16:00:00,17:00
od_29,motorbike,motorbike-8,10821.455984145145,25.97149436194835,440,362.35375447673744,377.4105925371045,413.6026694539962,15.056838060367056,4.155286891427444,0.0017331022530329,0.9982668977469672,development_exploratory_not_untouched_final,C_xgboost_current_pm,hourly_forecast_bucket_aware_arrival_time_exposure,2022-02-27T17:00:00,2022-02-27T16:00:00,17:00
od_30,walking,walking-1,4593.91625322452,55.12699503869423,188,781.3458425115597,825.1208011019373,909.1187907536316,43.77495859037765,5.6025073928425,1.0,0.0,development_exploratory_not_untouched_final,C_xgboost_current_pm,hourly_forecast_bucket_aware_arrival_time_exposure,2022-02-27T17:00:00,2022-02-27T16:00:00,17:00
od_30,walking,walking-2,4720.889976741293,56.65067972089552,211,803.0797285226561,847.9142044979271,933.863294464284,44.83447597527106,5.58281754387556,0.3951048951048951,0.6048951048951049,development_exploratory_not_untouched_final,C_xgboost_current_pm,hourly_forecast_bucket_aware_arrival_time_exposure,2022-02-27T17:00:00,2022-02-27T16:00:00,17:00
od_30,walking,walking-3,5302.356708761759,63.62828050514111,270,905.372010909884,951.8173916145248,1034.9609941121637,46.44538070464103,5.129977528017924,0.0269058295964125,0.9730941704035876,development_exploratory_not_untouched_final,C_xgboost_current_pm,hourly_forecast_bucket_aware_arrival_time_exposure,2022-02-27T17:00:00,2022-02-27T16:00:00,17:00
od_30,walking,walking-4,5705.196758152187,68.46236109782625,267,969.7114172214092,1024.594346593199,1120.105232042284,54.8829293717896,5.659717767276578,0.015625,0.984375,development_exploratory_not_untouched_final,C_xgboost_current_pm,hourly_forecast_bucket_aware_arrival_time_exposure,2022-02-27T17:00:00,2022-02-27T16:00:00,17:00
od_30,walking,walking-5,5695.941411156685,68.3512969338802,271,975.1041423283827,1022.6559196509508,1101.449111721792,47.551777322568,4.876584485532227,0.0177383592017738,0.9822616407982262,development_exploratory_not_untouched_final,C_xgboost_current_pm,hourly_forecast_bucket_aware_arrival_time_exposure,2022-02-27T17:00:00,2022-02-27T16:00:00,17:00
od_30,walking,walking-6,4594.01082475317,55.12812989703804,187,781.3617765473148,825.1376558770673,909.1381483536,43.77587932975257,5.602510980661179,0.9736842105263158,0.0263157894736841,development_exploratory_not_untouched_final,C_xgboost_current_pm,hourly_forecast_bucket_aware_arrival_time_exposure,2022-02-27T17:00:00,2022-02-27T16:00:00,17:00
od_30,walking,walking-7,4594.165186918211,55.129982243018524,188,781.3865045653732,825.1661721952491,909.1737308289604,43.77966762987592,5.60281849943483,0.9789473684210528,0.0210526315789473,development_exploratory_not_untouched_final,C_xgboost_current_pm,hourly_forecast_bucket_aware_arrival_time_exposure,2022-02-27T17:00:00,2022-02-27T16:00:00,17:00
od_30,walking,walking-8,4594.259758446861,55.13111710136233,187,781.4024386011283,825.1830269703792,909.1930884289288,43.78058836925084,5.602822080722851,0.953125,0.046875,development_exploratory_not_untouched_final,C_xgboost_current_pm,hourly_forecast_bucket_aware_arrival_time_exposure,2022-02-27T17:00:00,2022-02-27T16:00:00,17:00
od_30,motorbike,motorbike-1,4838.482538571107,11.612358092570656,235,164.65998455986033,173.73715531765953,191.01258642651152,9.077170757799196,5.512675579353823,1.0,0.0,development_exploratory_not_untouched_final,C_xgboost_current_pm,hourly_forecast_bucket_aware_arrival_time_exposure,2022-02-27T17:00:00,2022-02-27T16:00:00,17:00
od_30,motorbike,motorbike-2,5024.3916783357845,12.058540028005885,189,170.8222346363727,180.4563582223394,199.0383598352068,9.634123585966677,5.639853387045734,0.2619047619047619,0.7380952380952381,development_exploratory_not_untouched_final,C_xgboost_current_pm,hourly_forecast_bucket_aware_arrival_time_exposure,2022-02-27T17:00:00,2022-02-27T16:00:00,17:00
od_30,motorbike,motorbike-3,5358.238208967597,12.859771701522227,274,182.96701644171816,192.40945189485691,210.0333208367228,9.442435453138785,5.16073095401135,0.1065217391304347,0.8934782608695653,development_exploratory_not_untouched_final,C_xgboost_current_pm,hourly_forecast_bucket_aware_arrival_time_exposure,2022-02-27T17:00:00,2022-02-27T16:00:00,17:00
od_30,motorbike,motorbike-4,5707.894042702269,13.698945702485446,275,195.4303825181716,205.1122882518216,222.7352860322436,9.681905733650012,4.954145618964731,0.0303030303030303,0.9696969696969696,development_exploratory_not_untouched_final,C_xgboost_current_pm,hourly_forecast_bucket_aware_arrival_time_exposure,2022-02-27T17:00:00,2022-02-27T16:00:00,17:00
od_30,motorbike,motorbike-5,6023.788039967166,14.4570912959212,249,204.52300710735287,216.7092780575115,240.19689877100996,12.186270950158644,5.958386355898897,0.0146750524109014,0.9853249475890984,development_exploratory_not_untouched_final,C_xgboost_current_pm,hourly_forecast_bucket_aware_arrival_time_exposure,2022-02-27T17:00:00,2022-02-27T16:00:00,17:00
od_30,motorbike,motorbike-6,7065.537407407111,16.957289777777067,261,239.20804098859617,254.9213024868007,285.16831314130826,15.713261498204533,6.568868434884108,0.0143149284253578,0.985685071574642,development_exploratory_not_untouched_final,C_xgboost_current_pm,hourly_forecast_bucket_aware_arrival_time_exposure,2022-02-27T17:00:00,2022-02-27T16:00:00,17:00
od_30,motorbike,motorbike-7,6895.296589894337,16.548711815746408,331,235.60406837512173,247.31129007950048,269.2190480233641,11.707221704378751,4.969023576341163,0.0198198198198198,0.9801801801801802,development_exploratory_not_untouched_final,C_xgboost_current_pm,hourly_forecast_bucket_aware_arrival_time_exposure,2022-02-27T17:00:00,2022-02-27T16:00:00,17:00
od_30,motorbike,motorbike-8,8296.947894816516,19.91267494755964,391,283.9302762782801,297.3131788747316,322.01589397931707,13.382902596451515,4.713446826408513,0.011308562197092,0.988691437802908,development_exploratory_not_untouched_final,C_xgboost_current_pm,hourly_forecast_bucket_aware_arrival_time_exposure,2022-02-27T17:00:00,2022-02-27T16:00:00,17:00
od_01,walking,walking-1,3333.8306473718903,40.00596776846269,111,587.5063473207779,588.1229419318113,594.9416196423732,0.6165946110334062,0.1049511403315522,1.0,0.0,development_exploratory_not_untouched_final,C_xgboost_current_pm,hourly_forecast_bucket_aware_arrival_time_exposure,2022-02-27T20:00:00,2022-02-27T19:00:00,20:00
od_01,walking,walking-2,3462.8236191283786,41.55388342954054,105,611.3941060822591,612.3045927325007,618.7395836883456,0.9104866502416372,0.1489197624222987,0.0140845070422535,0.9859154929577464,development_exploratory_not_untouched_final,C_xgboost_current_pm,hourly_forecast_bucket_aware_arrival_time_exposure,2022-02-27T20:00:00,2022-02-27T19:00:00,20:00
od_01,walking,walking-3,3879.232303808173,46.55078764569807,143,687.1862190413444,688.6468183257198,695.3068718654974,1.4605992843753484,0.2125478136643877,0.0119521912350597,0.9880478087649402,development_exploratory_not_untouched_final,C_xgboost_current_pm,hourly_forecast_bucket_aware_arrival_time_exposure,2022-02-27T20:00:00,2022-02-27T19:00:00,20:00
od_01,walking,walking-4,4290.157666544244,51.48189199853094,191,753.3250801679484,753.5513544001157,763.3267546875312,0.2262742321672703,0.030036731568372,0.0272108843537414,0.9727891156462584,development_exploratory_not_untouched_final,C_xgboost_current_pm,hourly_forecast_bucket_aware_arrival_time_exposure,2022-02-27T20:00:00,2022-02-27T19:00:00,20:00
od_01,walking,walking-5,4479.890669998318,53.758688039979816,215,791.5743379304313,793.4886877715703,800.8626537735854,1.9143498411390285,0.2418408163842312,0.0584415584415584,0.9415584415584416,development_exploratory_not_untouched_final,C_xgboost_current_pm,hourly_forecast_bucket_aware_arrival_time_exposure,2022-02-27T20:00:00,2022-02-27T19:00:00,20:00
od_01,walking,walking-6,3940.520850847591,47.2862502101711,135,696.2711087075148,696.8031725782345,704.9623528709308,0.5320638707196395,0.0764161924953783,0.28125,0.71875,development_exploratory_not_untouched_final,C_xgboost_current_pm,hourly_forecast_bucket_aware_arrival_time_exposure,2022-02-27T20:00:00,2022-02-27T19:00:00,20:00
od_01,walking,walking-7,3334.877228844938,40.01852674613926,111,587.6899690677599,588.3067643762806,595.1273687218574,0.61679530852075,0.1049524989339463,0.9473684210526316,0.0526315789473684,development_exploratory_not_untouched_final,C_xgboost_current_pm,hourly_forecast_bucket_aware_arrival_time_exposure,2022-02-27T20:00:00,2022-02-27T19:00:00,20:00
od_01,walking,walking-8,3337.200169121715,40.04640202946059,114,588.0922858243111,588.7115159309044,595.5333274598152,0.6192301065932497,0.1052947167510102,0.9565217391304348,0.0434782608695651,development_exploratory_not_untouched_final,C_xgboost_current_pm,hourly_forecast_bucket_aware_arrival_time_exposure,2022-02-27T20:00:00,2022-02-27T19:00:00,20:00
od_01,motorbike,motorbike-1,3429.2941499099547,8.230305959783891,119,120.84873273894222,120.99562443364256,122.373049331764,0.1468916947003435,0.1215500496953157,1.0,0.0,development_exploratory_not_untouched_final,C_xgboost_current_pm,hourly_forecast_bucket_aware_arrival_time_exposure,2022-02-27T20:00:00,2022-02-27T19:00:00,20:00
od_01,motorbike,motorbike-2,3720.545172132016,8.92930841311684,139,131.7077200496791,132.00719680549173,133.28263106347947,0.2994767558126341,0.2273798040841295,0.0117647058823529,0.9882352941176472,development_exploratory_not_untouched_final,C_xgboost_current_pm,hourly_forecast_bucket_aware_arrival_time_exposure,2022-02-27T20:00:00,2022-02-27T19:00:00,20:00
od_01,motorbike,motorbike-3,4368.011727860995,10.483228146866388,203,153.14788015546765,153.1376500621624,155.20553682015716,-0.010230093305239,-0.0066798791435141,0.0769230769230769,0.9230769230769232,development_exploratory_not_untouched_final,C_xgboost_current_pm,hourly_forecast_bucket_aware_arrival_time_exposure,2022-02-27T20:00:00,2022-02-27T19:00:00,20:00
od_01,motorbike,motorbike-4,4957.587299606684,11.898209519056042,237,177.13429558305964,177.78477972487866,178.94133101666463,0.650484141819021,0.3672265383040993,0.0,1.0,development_exploratory_not_untouched_final,C_xgboost_current_pm,hourly_forecast_bucket_aware_arrival_time_exposure,2022-02-27T20:00:00,2022-02-27T19:00:00,20:00
od_01,motorbike,motorbike-5,4883.279133582821,11.71986992059877,218,170.7527046511404,170.6484501434019,173.11728564423044,-0.1042545077384886,-0.0610558456169041,0.012012012012012,0.987987987987988,development_exploratory_not_untouched_final,C_xgboost_current_pm,hourly_forecast_bucket_aware_arrival_time_exposure,2022-02-27T20:00:00,2022-02-27T19:00:00,20:00
od_01,motorbike,motorbike-6,5990.124200785455,14.376298081885093,272,210.87192408277863,210.9200932353403,213.9208422179371,0.048169152561627,0.0228428477480567,0.0,1.0,development_exploratory_not_untouched_final,C_xgboost_current_pm,hourly_forecast_bucket_aware_arrival_time_exposure,2022-02-27T20:00:00,2022-02-27T19:00:00,20:00
od_01,motorbike,motorbike-7,5350.426005528613,12.841022413268671,207,189.82123251656472,190.1870300808157,192.3610342265736,0.3657975642509825,0.192706347652158,0.0251572327044025,0.9748427672955976,development_exploratory_not_untouched_final,C_xgboost_current_pm,hourly_forecast_bucket_aware_arrival_time_exposure,2022-02-27T20:00:00,2022-02-27T19:00:00,20:00
od_01,motorbike,motorbike-8,7908.227114304611,18.979745074331063,368,277.1112380731777,276.9937434667801,281.2454032697237,-0.1174946063975994,-0.042399798439994,0.0041237113402061,0.9958762886597938,development_exploratory_not_untouched_final,C_xgboost_current_pm,hourly_forecast_bucket_aware_arrival_time_exposure,2022-02-27T20:00:00,2022-02-27T19:00:00,20:00
od_02,walking,walking-1,4031.174773347975,48.3740972801757,136,747.6988513418997,740.8342361596596,741.1291532382155,-6.864615182240186,-0.9180989338047288,1.0,0.0,development_exploratory_not_untouched_final,C_xgboost_current_pm,hourly_forecast_bucket_aware_arrival_time_exposure,2022-02-27T20:00:00,2022-02-27T19:00:00,20:00
od_02,walking,walking-2,4179.665283735303,50.15598340482364,132,768.4353631950835,761.9781760495628,769.381552910515,-6.45718714552072,-0.8403032258526378,0.0307692307692307,0.9692307692307692,development_exploratory_not_untouched_final,C_xgboost_current_pm,hourly_forecast_bucket_aware_arrival_time_exposure,2022-02-27T20:00:00,2022-02-27T19:00:00,20:00
od_02,walking,walking-3,4203.115373844201,50.43738448613041,118,777.458283107767,770.584454844741,772.762929693853,-6.873828263025985,-0.884141106008793,0.0495867768595041,0.9504132231404958,development_exploratory_not_untouched_final,C_xgboost_current_pm,hourly_forecast_bucket_aware_arrival_time_exposure,2022-02-27T20:00:00,2022-02-27T19:00:00,20:00
od_02,walking,walking-4,4798.739244471271,57.58487093365526,200,884.8725921364345,877.3668194962105,882.0824599911923,-7.505772640223995,-0.8482320174593806,0.009009009009009,0.990990990990991,development_exploratory_not_untouched_final,C_xgboost_current_pm,hourly_forecast_bucket_aware_arrival_time_exposure,2022-02-27T20:00:00,2022-02-27T19:00:00,20:00
od_02,walking,walking-5,4768.99194159527,57.22790329914324,156,883.7402027130022,875.6431181930758,877.034645253526,-8.097084519926398,-0.916229056352657,0.0391459074733096,0.9608540925266904,development_exploratory_not_untouched_final,C_xgboost_current_pm,hourly_forecast_bucket_aware_arrival_time_exposure,2022-02-27T20:00:00,2022-02-27T19:00:00,20:00
od_02,walking,walking-6,4882.431836484403,58.58918203781283,186,909.4628342597022,900.4691216080084,898.2106028237337,-8.993712651693727,-0.9889038136467182,0.032051282051282,0.967948717948718,development_exploratory_not_untouched_final,C_xgboost_current_pm,hourly_forecast_bucket_aware_arrival_time_exposure,2022-02-27T20:00:00,2022-02-27T19:00:00,20:00
od_02,walking,walking-7,5247.301907237375,62.9676228868485,143,973.5118096180112,962.1922303084432,965.2136430801288,-11.319579309567985,-1.1627572668080512,0.0856031128404669,0.914396887159533,development_exploratory_not_untouched_final,C_xgboost_current_pm,hourly_forecast_bucket_aware_arrival_time_exposure,2022-02-27T20:00:00,2022-02-27T19:00:00,20:00
od_02,walking,walking-8,4032.874831255277,48.39449797506333,134,748.2607447913341,741.3541143388042,741.4723663477174,-6.906630452529953,-0.9230245607039016,0.656441717791411,0.3435582822085889,development_exploratory_not_untouched_final,C_xgboost_current_pm,hourly_forecast_bucket_aware_arrival_time_exposure,2022-02-27T20:00:00,2022-02-27T19:00:00,20:00
od_02,motorbike,motorbike-1,4031.174773347975,9.67481945603514,136,149.53977026838004,148.16684723193197,148.2258306476431,-1.3729230364480711,-0.9180989338047512,1.0,0.0,development_exploratory_not_untouched_final,C_xgboost_current_pm,hourly_forecast_bucket_aware_arrival_time_exposure,2022-02-27T20:00:00,2022-02-27T19:00:00,20:00
od_02,motorbike,motorbike-2,4179.665283735303,10.031196680964728,132,153.68707263901678,152.39563520991246,153.876310582103,-1.2914374291043202,-0.8403032258527521,0.0307692307692307,0.9692307692307692,development_exploratory_not_untouched_final,C_xgboost_current_pm,hourly_forecast_bucket_aware_arrival_time_exposure,2022-02-27T20:00:00,2022-02-27T19:00:00,20:00
od_02,motorbike,motorbike-3,4206.177077687737,10.094824986450568,116,155.60369585743928,154.22817838359805,154.66482733733363,-1.375517473841228,-0.8839876625433416,0.05,0.95,development_exploratory_not_untouched_final,C_xgboost_current_pm,hourly_forecast_bucket_aware_arrival_time_exposure,2022-02-27T20:00:00,2022-02-27T19:00:00,20:00
od_02,motorbike,motorbike-4,4662.852950896125,11.190847082150698,153,171.57342102309738,170.15214754758955,171.47294375825726,-1.4212734755078316,-0.8283762525878051,0.0104895104895104,0.9895104895104896,development_exploratory_not_untouched_final,C_xgboost_current_pm,hourly_forecast_bucket_aware_arrival_time_exposure,2022-02-27T20:00:00,2022-02-27T19:00:00,20:00
od_02,motorbike,motorbike-5,4794.898408301863,11.507756179924469,170,177.7499572431168,176.1145980648513,176.36774413080653,-1.635359178265503,-0.9200335142858836,0.0372881355932203,0.9627118644067796,development_exploratory_not_untouched_final,C_xgboost_current_pm,hourly_forecast_bucket_aware_arrival_time_exposure,2022-02-27T20:00:00,2022-02-27T19:00:00,20:00
od_02,motorbike,motorbike-6,5404.728891443751,12.971349339465004,211,199.0248288176321,197.39577188764272,198.52229752018656,-1.629056929989389,-0.8185194478836133,0.0087209302325581,0.9912790697674418,development_exploratory_not_untouched_final,C_xgboost_current_pm,hourly_forecast_bucket_aware_arrival_time_exposure,2022-02-27T20:00:00,2022-02-27T19:00:00,20:00
od_02,motorbike,motorbike-7,5018.097801026264,12.043434722463036,172,187.5451938033904,185.5717848455475,184.75466588925568,-1.9734089578428493,-1.0522311544339746,0.0335570469798657,0.9664429530201344,development_exploratory_not_untouched_final,C_xgboost_current_pm,hourly_forecast_bucket_aware_arrival_time_exposure,2022-02-27T20:00:00,2022-02-27T19:00:00,20:00
od_02,motorbike,motorbike-8,6275.567685737707,15.061362445770497,241,230.19375080438147,228.34635000796183,230.84703245533467,-1.8474007964196064,-0.8025416806338616,0.0053333333333333,0.9946666666666668,development_exploratory_not_untouched_final,C_xgboost_current_pm,hourly_forecast_bucket_aware_arrival_time_exposure,2022-02-27T20:00:00,2022-02-27T19:00:00,20:00
od_03,walking,walking-1,2868.5704745351272,34.422845694421525,187,522.1734336129844,516.6937312712943,533.3306245017958,-5.479702341690086,-1.0494027441754992,1.0,0.0,development_exploratory_not_untouched_final,C_xgboost_current_pm,hourly_forecast_bucket_aware_arrival_time_exposure,2022-02-27T20:00:00,2022-02-27T19:00:00,20:00
od_03,walking,walking-2,2948.851636448961,35.386219637387526,139,532.9614397417811,528.6773042116862,541.2246985816989,-4.284135530094886,-0.8038359270739254,0.0,1.0,development_exploratory_not_untouched_final,C_xgboost_current_pm,hourly_forecast_bucket_aware_arrival_time_exposure,2022-02-27T20:00:00,2022-02-27T19:00:00,20:00
od_03,walking,walking-3,3018.080756930005,36.21696908316007,126,547.1057180976536,542.1181979861938,556.9203528363215,-4.987520111459844,-0.9116190795449912,0.0296052631578947,0.9703947368421052,development_exploratory_not_untouched_final,C_xgboost_current_pm,hourly_forecast_bucket_aware_arrival_time_exposure,2022-02-27T20:00:00,2022-02-27T19:00:00,20:00
od_03,walking,walking-4,3502.8060662306657,42.03367279476799,151,639.3240357765693,632.1190765643211,654.1706954252641,-7.204959212248241,-1.126965170877171,0.0180722891566265,0.9819277108433736,development_exploratory_not_untouched_final,C_xgboost_current_pm,hourly_forecast_bucket_aware_arrival_time_exposure,2022-02-27T20:00:00,2022-02-27T19:00:00,20:00
od_03,walking,walking-5,3439.206865857348,41.27048239028817,156,621.3469253233687,616.4367908482764,630.7589341823104,-4.910134475092377,-0.7902404075689257,0.014792899408284,0.985207100591716,development_exploratory_not_untouched_final,C_xgboost_current_pm,hourly_forecast_bucket_aware_arrival_time_exposure,2022-02-27T20:00:00,2022-02-27T19:00:00,20:00
od_03,walking,walking-6,3671.8372304681416,44.0620467656177,159,665.4499088912205,659.1509838139455,678.2979044612144,-6.298925077275044,-0.946566374585636,0.0,1.0,development_exploratory_not_untouched_final,C_xgboost_current_pm,hourly_forecast_bucket_aware_arrival_time_exposure,2022-02-27T20:00:00,2022-02-27T19:00:00,20:00
od_03,walking,walking-7,4047.1230223139096,48.56547626776692,194,733.5834763969204,726.8225470572102,747.1250278100159,-6.760929339710287,-0.9216305379337836,0.1140350877192982,0.8859649122807017,development_exploratory_not_untouched_final,C_xgboost_current_pm,hourly_forecast_bucket_aware_arrival_time_exposure,2022-02-27T20:00:00,2022-02-27T19:00:00,20:00
od_03,walking,walking-8,3757.112562960388,45.08535075552466,160,680.6964965356774,674.6716944864007,692.5865581139315,-6.024802049276673,-0.8850937355986368,0.0146198830409356,0.9853801169590644,development_exploratory_not_untouched_final,C_xgboost_current_pm,hourly_forecast_bucket_aware_arrival_time_exposure,2022-02-27T20:00:00,2022-02-27T19:00:00,20:00
od_03,motorbike,motorbike-1,2879.1708152343526,6.910009956562447,177,104.81935043415228,103.71784109392934,107.0643316829606,-1.1015093402229326,-1.0508644975003,1.0,0.0,development_exploratory_not_untouched_final,C_xgboost_current_pm,hourly_forecast_bucket_aware_arrival_time_exposure,2022-02-27T20:00:00,2022-02-27T19:00:00,20:00
od_03,motorbike,motorbike-2,2965.050267630812,7.116120642313948,147,107.17705753352716,106.31639718167764,108.83671827480704,-0.8606603518495177,-0.8030266660197176,0.0,1.0,development_exploratory_not_untouched_final,C_xgboost_current_pm,hourly_forecast_bucket_aware_arrival_time_exposure,2022-02-27T20:00:00,2022-02-27T19:00:00,20:00
od_03,motorbike,motorbike-3,3037.969810029627,7.291127544071104,132,110.13313328065234,109.1307307344623,112.10736993851802,-1.0024025461900408,-0.910173456734058,0.047457627118644,0.952542372881356,development_exploratory_not_untouched_final,C_xgboost_current_pm,hourly_forecast_bucket_aware_arrival_time_exposure,2022-02-27T20:00:00,2022-02-27T19:00:00,20:00
od_03,motorbike,motorbike-4,3730.3427598280064,8.952822623587215,186,135.47185728021415,134.1558267956788,138.07199252623673,-1.3160304845353608,-0.9714419739689868,0.0,1.0,development_exploratory_not_untouched_final,C_xgboost_current_pm,hourly_forecast_bucket_aware_arrival_time_exposure,2022-02-27T20:00:00,2022-02-27T19:00:00,20:00
od_03,motorbike,motorbike-5,3722.69973823452,8.934479371762848,146,134.694329161338,133.51731878553832,137.04519900009373,-1.1770103757996822,-0.8738381067178034,0.0157232704402515,0.9842767295597484,development_exploratory_not_untouched_final,C_xgboost_current_pm,hourly_forecast_bucket_aware_arrival_time_exposure,2022-02-27T20:00:00,2022-02-27T19:00:00,20:00
od_03,motorbike,motorbike-6,4226.954621077359,10.144691090585662,221,152.59408555597608,151.4495055124175,154.7530748383122,-1.1445800435585909,-0.7500815247119946,0.0,1.0,development_exploratory_not_untouched_final,C_xgboost_current_pm,hourly_forecast_bucket_aware_arrival_time_exposure,2022-02-27T20:00:00,2022-02-27T19:00:00,20:00
od_03,motorbike,motorbike-7,4796.108130375025,11.51065951290006,224,174.96127111023307,173.078451788507,178.6379360739707,-1.8828193217260605,-1.0761349124743178,0.007537688442211,0.992462311557789,development_exploratory_not_untouched_final,C_xgboost_current_pm,hourly_forecast_bucket_aware_arrival_time_exposure,2022-02-27T20:00:00,2022-02-27T19:00:00,20:00
od_03,motorbike,motorbike-8,5295.943269727383,12.710263847345718,208,190.83094364502392,189.59676220952568,193.0200133156368,-1.2341814354982432,-0.6467407286912641,0.0052219321148825,0.9947780678851176,development_exploratory_not_untouched_final,C_xgboost_current_pm,hourly_forecast_bucket_aware_arrival_time_exposure,2022-02-27T20:00:00,2022-02-27T19:00:00,20:00
od_04,walking,walking-1,5520.488372880517,66.24586047456621,193,1005.9186177406476,995.844372985921,1004.9481714344284,-10.074244754726692,-1.0014969975756127,1.0,0.0,development_exploratory_not_untouched_final,C_xgboost_current_pm,hourly_forecast_bucket_aware_arrival_time_exposure,2022-02-27T20:00:00,2022-02-27T19:00:00,20:00
od_04,walking,walking-2,5675.2072322679305,68.10248678721517,179,1035.501170725868,1023.7731787681626,1032.626530887659,-11.7279919577054,-1.1325908931116209,0.0391061452513966,0.9608938547486032,development_exploratory_not_untouched_final,C_xgboost_current_pm,hourly_forecast_bucket_aware_arrival_time_exposure,2022-02-27T20:00:00,2022-02-27T19:00:00,20:00
od_04,walking,walking-3,5963.507083947719,71.56208500737262,180,1085.5971903404857,1071.2588728404698,1085.3887811902048,-14.33831750001582,-1.3207769536985223,0.0448179271708683,0.9551820728291316,development_exploratory_not_untouched_final,C_xgboost_current_pm,hourly_forecast_bucket_aware_arrival_time_exposure,2022-02-27T20:00:00,2022-02-27T19:00:00,20:00
od_04,walking,walking-4,6502.696264260247,78.03235517112297,245,1180.927508406333,1160.9147871290013,1184.6399950404343,-20.01272127733137,-1.6946612840223043,0.0068965517241379,0.993103448275862,development_exploratory_not_untouched_final,C_xgboost_current_pm,hourly_forecast_bucket_aware_arrival_time_exposure,2022-02-27T20:00:00,2022-02-27T19:00:00,20:00
od_04,walking,walking-5,6661.096289052556,79.93315546863067,201,1216.7793774993747,1194.809810881373,1213.7666101861223,-21.96956661800141,-1.8055505397495688,0.2468354430379747,0.7531645569620253,development_exploratory_not_untouched_final,C_xgboost_current_pm,hourly_forecast_bucket_aware_arrival_time_exposure,2022-02-27T20:00:00,2022-02-27T19:00:00,20:00
od_04,walking,walking-6,5521.552651906517,66.2586318228782,193,1006.1128521834316,996.0375413556282,1005.142014927656,-10.075310827803378,-1.0014096138358917,0.9693877551020408,0.0306122448979592,development_exploratory_not_untouched_final,C_xgboost_current_pm,hourly_forecast_bucket_aware_arrival_time_exposure,2022-02-27T20:00:00,2022-02-27T19:00:00,20:00
od_04,walking,walking-7,5522.649405426444,66.27179286511733,193,1006.3148590151872,996.238165090048,1005.3423580596592,-10.07669392513924,-1.0013460334870363,0.9794871794871794,0.0205128205128205,development_exploratory_not_untouched_final,C_xgboost_current_pm,hourly_forecast_bucket_aware_arrival_time_exposure,2022-02-27T20:00:00,2022-02-27T19:00:00,20:00
od_04,walking,walking-8,5522.945180980105,66.27534217176127,195,1006.3467718215808,996.2535116272624,1005.3737599761852,-10.093260194318532,-1.0029604582572265,0.9595959595959596,0.0404040404040404,development_exploratory_not_untouched_final,C_xgboost_current_pm,hourly_forecast_bucket_aware_arrival_time_exposure,2022-02-27T20:00:00,2022-02-27T19:00:00,20:00
od_04,motorbike,motorbike-1,5531.617742970435,13.27588258312904,172,201.74611682656675,200.6608793469668,201.343773788493,-1.0852374795999538,-0.5379223633498186,1.0,0.0,development_exploratory_not_untouched_final,C_xgboost_current_pm,hourly_forecast_bucket_aware_arrival_time_exposure,2022-02-27T20:00:00,2022-02-27T19:00:00,20:00
od_04,motorbike,motorbike-2,5675.2072322679305,13.620497357443034,179,207.1002341451736,205.97349409321035,206.4981370494557,-1.126740051963253,-0.5440554215759256,0.0415430267062314,0.9584569732937686,development_exploratory_not_untouched_final,C_xgboost_current_pm,hourly_forecast_bucket_aware_arrival_time_exposure,2022-02-27T20:00:00,2022-02-27T19:00:00,20:00
od_04,motorbike,motorbike-3,5934.702314462292,14.2432855547095,192,215.96983467605023,214.81222985956956,216.02602771635432,-1.1576048164806991,-0.5360030108913496,0.0196078431372549,0.9803921568627452,development_exploratory_not_untouched_final,C_xgboost_current_pm,hourly_forecast_bucket_aware_arrival_time_exposure,2022-02-27T20:00:00,2022-02-27T19:00:00,20:00
od_04,motorbike,motorbike-4,6507.253056448894,15.617407335477344,243,236.35419019489493,235.06719344190623,237.05379974323168,-1.2869967529886708,-0.544520387782179,0.0097323600973236,0.9902676399026764,development_exploratory_not_untouched_final,C_xgboost_current_pm,hourly_forecast_bucket_aware_arrival_time_exposure,2022-02-27T20:00:00,2022-02-27T19:00:00,20:00
od_04,motorbike,motorbike-5,7455.686349722729,17.89364723933455,237,270.5811455021065,269.08139981752464,271.6142892005424,-1.499745684581853,-0.5542683625641528,0.0073891625615763,0.9926108374384236,development_exploratory_not_untouched_final,C_xgboost_current_pm,hourly_forecast_bucket_aware_arrival_time_exposure,2022-02-27T20:00:00,2022-02-27T19:00:00,20:00
od_04,motorbike,motorbike-6,8308.739262503555,19.94097423000853,286,301.8385836267252,300.3502466475961,301.84098812300243,-1.4883369791290877,-0.4930903667934214,0.0065934065934065,0.9934065934065934,development_exploratory_not_untouched_final,C_xgboost_current_pm,hourly_forecast_bucket_aware_arrival_time_exposure,2022-02-27T20:00:00,2022-02-27T19:00:00,20:00
od_04,motorbike,motorbike-7,9058.58434508862,21.74060242821269,409,328.7596155371605,326.61556950413564,331.52397221126364,-2.1440460330248925,-0.6521622278702737,0.0069324090121317,0.9930675909878682,development_exploratory_not_untouched_final,C_xgboost_current_pm,hourly_forecast_bucket_aware_arrival_time_exposure,2022-02-27T20:00:00,2022-02-27T19:00:00,20:00
od_04,motorbike,motorbike-8,10551.5949527706,25.32382788664944,393,382.5142422285055,380.4577530467725,384.2866405032277,-2.0564891817330704,-0.5376242123043798,0.0053380782918149,0.994661921708185,development_exploratory_not_untouched_final,C_xgboost_current_pm,hourly_forecast_bucket_aware_arrival_time_exposure,2022-02-27T20:00:00,2022-02-27T19:00:00,20:00
od_05,walking,walking-1,6599.1173935056095,79.18940872206731,249,1167.1915190559107,1144.4578825186095,1184.0443489887882,-22.73363653730121,-1.9477211893802515,1.0,0.0,development_exploratory_not_untouched_final,C_xgboost_current_pm,hourly_forecast_bucket_aware_arrival_time_exposure,2022-02-27T20:00:00,2022-02-27T19:00:00,20:00
od_05,walking,walking-2,6784.464022663192,81.41356827195831,246,1198.490654387823,1173.5669846604003,1215.3382612973587,-24.923669727422748,-2.0795881583368296,0.0164271047227926,0.9835728952772074,development_exploratory_not_untouched_final,C_xgboost_current_pm,hourly_forecast_bucket_aware_arrival_time_exposure,2022-02-27T20:00:00,2022-02-27T19:00:00,20:00
od_05,walking,walking-3,7136.549089395779,85.63858907274934,298,1275.8594971904515,1245.62748781489,1299.2076119760218,-30.23200937556157,-2.3695406462964743,0.0148423005565862,0.9851576994434136,development_exploratory_not_untouched_final,C_xgboost_current_pm,hourly_forecast_bucket_aware_arrival_time_exposure,2022-02-27T20:00:00,2022-02-27T19:00:00,20:00
od_05,walking,walking-4,7697.826013392555,92.37391216071067,308,1348.4796222865752,1314.5593998867184,1365.1819370919934,-33.92022239985681,-2.515441971777025,0.0182815356489945,0.9817184643510056,development_exploratory_not_untouched_final,C_xgboost_current_pm,hourly_forecast_bucket_aware_arrival_time_exposure,2022-02-27T20:00:00,2022-02-27T19:00:00,20:00
od_05,walking,walking-5,6599.228133870036,79.19073760644044,249,1167.200576298284,1144.4675094703882,1184.0504549158256,-22.733066827895755,-1.9476572655569184,0.9840637450199204,0.0159362549800796,development_exploratory_not_untouched_final,C_xgboost_current_pm,hourly_forecast_bucket_aware_arrival_time_exposure,2022-02-27T20:00:00,2022-02-27T19:00:00,20:00
od_05,walking,walking-6,6599.491968275206,79.19390361930249,249,1167.2786339251425,1144.5421413836914,1184.140474536269,-22.73649254145107,-1.9478205015195336,0.9840637450199204,0.0159362549800796,development_exploratory_not_untouched_final,C_xgboost_current_pm,hourly_forecast_bucket_aware_arrival_time_exposure,2022-02-27T20:00:00,2022-02-27T19:00:00,20:00
od_05,walking,walking-7,6599.6027086396325,79.1952325036756,249,1167.2876911675155,1144.55176833547,1184.1465804633065,-22.735922832045617,-1.9477565816962612,0.9683794466403162,0.0316205533596838,development_exploratory_not_untouched_final,C_xgboost_current_pm,hourly_forecast_bucket_aware_arrival_time_exposure,2022-02-27T20:00:00,2022-02-27T19:00:00,20:00
od_05,walking,walking-8,6599.613248653397,79.19535898384078,249,1167.2802900357235,1144.5420258766842,1184.1334264086877,-22.738264159039545,-1.9479695111054824,0.9840637450199204,0.0159362549800796,development_exploratory_not_untouched_final,C_xgboost_current_pm,hourly_forecast_bucket_aware_arrival_time_exposure,2022-02-27T20:00:00,2022-02-27T19:00:00,20:00
od_05,motorbike,motorbike-1,6445.369478954613,15.468886749491071,243,228.0841824629328,226.46953935046645,231.3600109035012,-1.6146431124663252,-0.7079154262390509,1.0,0.0,development_exploratory_not_untouched_final,C_xgboost_current_pm,hourly_forecast_bucket_aware_arrival_time_exposure,2022-02-27T20:00:00,2022-02-27T19:00:00,20:00
od_05,motorbike,motorbike-2,6846.172276292444,16.430813463101863,284,244.82210078700064,242.6117988783856,249.4577623174789,-2.2103019086150937,-0.9028195990108318,0.0518962075848303,0.9481037924151696,development_exploratory_not_untouched_final,C_xgboost_current_pm,hourly_forecast_bucket_aware_arrival_time_exposure,2022-02-27T20:00:00,2022-02-27T19:00:00,20:00
od_05,motorbike,motorbike-3,7383.760810561117,17.721025945346682,281,261.2406893873377,259.3978772311239,264.85765454496755,-1.842812156213768,-0.7054077833493455,0.048,0.952,development_exploratory_not_untouched_final,C_xgboost_current_pm,hourly_forecast_bucket_aware_arrival_time_exposure,2022-02-27T20:00:00,2022-02-27T19:00:00,20:00
od_05,motorbike,motorbike-4,8052.100580253528,19.325041392608465,300,289.7694648485199,286.8227896706307,296.3700808344726,-2.946675177889176,-1.0169032749636275,0.0422264875239923,0.9577735124760076,development_exploratory_not_untouched_final,C_xgboost_current_pm,hourly_forecast_bucket_aware_arrival_time_exposure,2022-02-27T20:00:00,2022-02-27T19:00:00,20:00
od_05,motorbike,motorbike-5,8792.392827452573,21.101742785886177,339,318.6192024075702,314.96743837394547,326.7499511718211,-3.651764033624716,-1.146121767310642,0.0086655112651646,0.9913344887348352,development_exploratory_not_untouched_final,C_xgboost_current_pm,hourly_forecast_bucket_aware_arrival_time_exposure,2022-02-27T20:00:00,2022-02-27T19:00:00,20:00
od_05,motorbike,motorbike-6,10106.789805542736,24.25629553330257,404,359.37459024650923,356.3050071387861,364.8821843612111,-3.0695831077230764,-0.8541458386408255,0.001547987616099,0.9984520123839008,development_exploratory_not_untouched_final,C_xgboost_current_pm,hourly_forecast_bucket_aware_arrival_time_exposure,2022-02-27T20:00:00,2022-02-27T19:00:00,20:00
od_05,motorbike,motorbike-7,11003.54809635794,26.40851543125905,431,393.7574659071183,390.19338630753856,399.0707561670927,-3.564079599579713,-0.9051459104067956,0.0044709388971684,0.9955290611028316,development_exploratory_not_untouched_final,C_xgboost_current_pm,hourly_forecast_bucket_aware_arrival_time_exposure,2022-02-27T20:00:00,2022-02-27T19:00:00,20:00
od_05,motorbike,motorbike-8,12618.001043919245,30.28320250540618,497,450.2645063287114,445.5967348666326,458.40885677194734,-4.667771462078804,-1.0366731990798184,0.0013531799729364,0.9986468200270636,development_exploratory_not_untouched_final,C_xgboost_current_pm,hourly_forecast_bucket_aware_arrival_time_exposure,2022-02-27T20:00:00,2022-02-27T19:00:00,20:00
od_06,walking,walking-1,3537.365189594572,42.44838227513487,148,645.4113242979328,636.2490086011959,667.5355727171332,-9.162315696736869,-1.4196087598406295,1.0,0.0,development_exploratory_not_untouched_final,C_xgboost_current_pm,hourly_forecast_bucket_aware_arrival_time_exposure,2022-02-27T20:00:00,2022-02-27T19:00:00,20:00
od_06,walking,walking-2,3644.4912539881616,43.733895047857935,180,663.3727892669368,654.6247456668667,684.2679389830064,-8.748043600070105,-1.318722103409935,0.0649350649350649,0.935064935064935,development_exploratory_not_untouched_final,C_xgboost_current_pm,hourly_forecast_bucket_aware_arrival_time_exposure,2022-02-27T20:00:00,2022-02-27T19:00:00,20:00
od_06,walking,walking-3,3861.827773806514,46.34193328567817,201,702.0047773298654,693.2151716855936,722.6842311994318,-8.789605644271774,-1.2520720553646063,0.0294985250737463,0.9705014749262536,development_exploratory_not_untouched_final,C_xgboost_current_pm,hourly_forecast_bucket_aware_arrival_time_exposure,2022-02-27T20:00:00,2022-02-27T19:00:00,20:00
od_06,walking,walking-4,4270.552599826714,51.24663119792057,181,782.211568163422,769.5177642258654,812.9863432500465,-12.693803937556597,-1.6228095382635106,0.0030487804878048,0.9969512195121952,development_exploratory_not_untouched_final,C_xgboost_current_pm,hourly_forecast_bucket_aware_arrival_time_exposure,2022-02-27T20:00:00,2022-02-27T19:00:00,20:00
od_06,walking,walking-5,4555.358741668228,54.664304900018735,235,824.6538751369114,816.0825546830611,843.9441516772604,-8.571320453850376,-1.0393840024613163,0.0,1.0,development_exploratory_not_untouched_final,C_xgboost_current_pm,hourly_forecast_bucket_aware_arrival_time_exposure,2022-02-27T20:00:00,2022-02-27T19:00:00,20:00
od_06,walking,walking-6,3537.459356155005,42.44951227386006,148,645.4295438414296,636.2672162966652,667.5542654525857,-9.162327544764366,-1.4195705220174095,0.9473684210526316,0.0526315789473684,development_exploratory_not_untouched_final,C_xgboost_current_pm,hourly_forecast_bucket_aware_arrival_time_exposure,2022-02-27T20:00:00,2022-02-27T19:00:00,20:00
od_06,walking,walking-7,3538.2918404593456,42.45950208551215,148,645.5771835046639,636.4146076878718,667.7021111566115,-9.162575816792128,-1.419284332053215,0.9733333333333334,0.0266666666666666,development_exploratory_not_untouched_final,C_xgboost_current_pm,hourly_forecast_bucket_aware_arrival_time_exposure,2022-02-27T20:00:00,2022-02-27T19:00:00,20:00
od_06,walking,walking-8,3538.386007019779,42.46063208423735,148,645.5954030481607,636.4328153833411,667.720803892064,-9.162587664819624,-1.4192461132094067,0.922077922077922,0.0779220779220779,development_exploratory_not_untouched_final,C_xgboost_current_pm,hourly_forecast_bucket_aware_arrival_time_exposure,2022-02-27T20:00:00,2022-02-27T19:00:00,20:00
od_06,motorbike,motorbike-1,3664.907543438789,8.795778104253094,177,133.65950483715125,131.78604367356883,138.1943122229618,-1.8734611635824197,-1.4016669939522943,1.0,0.0,development_exploratory_not_untouched_final,C_xgboost_current_pm,hourly_forecast_bucket_aware_arrival_time_exposure,2022-02-27T20:00:00,2022-02-27T19:00:00,20:00
od_06,motorbike,motorbike-2,3713.55208690206,8.912525008564945,192,135.17389334792168,133.40134678833294,139.40863863650011,-1.7725465595887329,-1.3113083567301025,0.1941747572815534,0.8058252427184466,development_exploratory_not_untouched_final,C_xgboost_current_pm,hourly_forecast_bucket_aware_arrival_time_exposure,2022-02-27T20:00:00,2022-02-27T19:00:00,20:00
od_06,motorbike,motorbike-3,4055.6641293022394,9.733593910325371,183,147.02130504561453,145.0485379465887,151.58790323661563,-1.972767099025816,-1.3418239611012497,0.0285714285714285,0.9714285714285714,development_exploratory_not_untouched_final,C_xgboost_current_pm,hourly_forecast_bucket_aware_arrival_time_exposure,2022-02-27T20:00:00,2022-02-27T19:00:00,20:00
od_06,motorbike,motorbike-4,4627.731482063553,11.106555556952523,244,167.61101832782967,165.8503759896029,171.58485740579954,-1.7606423382267735,-1.0504335310362118,0.0,1.0,development_exploratory_not_untouched_final,C_xgboost_current_pm,hourly_forecast_bucket_aware_arrival_time_exposure,2022-02-27T20:00:00,2022-02-27T19:00:00,20:00
od_06,motorbike,motorbike-5,4511.935414416441,10.82864499459946,194,164.84103766579716,162.24830978586735,171.07392728049118,-2.592727879929811,-1.5728655416416222,0.0136612021857923,0.9863387978142076,development_exploratory_not_untouched_final,C_xgboost_current_pm,hourly_forecast_bucket_aware_arrival_time_exposure,2022-02-27T20:00:00,2022-02-27T19:00:00,20:00
od_06,motorbike,motorbike-6,5290.044003739078,12.696105608973786,227,191.1064643501089,189.42527449892995,194.73764850341715,-1.681189851178971,-0.8797137537425287,0.0024813895781637,0.9975186104218362,development_exploratory_not_untouched_final,C_xgboost_current_pm,hourly_forecast_bucket_aware_arrival_time_exposure,2022-02-27T20:00:00,2022-02-27T19:00:00,20:00
od_06,motorbike,motorbike-7,5777.694021722921,13.86646565213501,240,209.4831040498865,206.17047758951847,217.2837132417377,-3.3126264603679942,-1.5813334805174182,0.0,1.0,development_exploratory_not_untouched_final,C_xgboost_current_pm,hourly_forecast_bucket_aware_arrival_time_exposure,2022-02-27T20:00:00,2022-02-27T19:00:00,20:00
od_06,motorbike,motorbike-8,6403.564913596633,15.36855579263192,267,230.6896313959483,229.0374238275725,234.29697446592988,-1.6522075683758146,-0.7162036535313624,0.0,1.0,development_exploratory_not_untouched_final,C_xgboost_current_pm,hourly_forecast_bucket_aware_arrival_time_exposure,2022-02-27T20:00:00,2022-02-27T19:00:00,20:00
od_07,walking,walking-1,3010.078469087085,36.12094162904502,119,555.8593735265733,550.0990406334373,559.5045059363787,-5.760332893136024,-1.0362932006687922,1.0,0.0,development_exploratory_not_untouched_final,C_xgboost_current_pm,hourly_forecast_bucket_aware_arrival_time_exposure,2022-02-27T20:00:00,2022-02-27T19:00:00,20:00
od_07,walking,walking-2,3052.1049210734086,36.62525905288091,128,563.6353298391776,557.79320184091,567.3110084523587,-5.842127998267642,-1.0365084814563663,0.0646551724137931,0.9353448275862069,development_exploratory_not_untouched_final,C_xgboost_current_pm,hourly_forecast_bucket_aware_arrival_time_exposure,2022-02-27T20:00:00,2022-02-27T19:00:00,20:00
od_07,walking,walking-3,3868.7068261117006,46.42448191334041,178,714.6233661870971,706.9668219706044,719.861271600982,-7.656544216492648,-1.071409721367559,0.0067796610169491,0.9932203389830508,development_exploratory_not_untouched_final,C_xgboost_current_pm,hourly_forecast_bucket_aware_arrival_time_exposure,2022-02-27T20:00:00,2022-02-27T19:00:00,20:00
od_07,walking,walking-4,4012.041591928652,48.14449910314382,170,738.5254577643626,731.9042738730359,741.7379621217866,-6.621183891326723,-0.8965410496978845,0.0140350877192982,0.9859649122807016,development_exploratory_not_untouched_final,C_xgboost_current_pm,hourly_forecast_bucket_aware_arrival_time_exposure,2022-02-27T20:00:00,2022-02-27T19:00:00,20:00
od_07,walking,walking-5,3962.97612968166,47.55571355617992,212,730.4590076646047,723.3433379447326,734.8128756658966,-7.115669719872017,-0.9741367612977984,0.0122324159021406,0.9877675840978594,development_exploratory_not_untouched_final,C_xgboost_current_pm,hourly_forecast_bucket_aware_arrival_time_exposure,2022-02-27T20:00:00,2022-02-27T19:00:00,20:00
od_07,walking,walking-6,4080.9006073865394,48.97080728863848,190,752.6403816440337,744.7832424804214,759.4502284390945,-7.85713916361226,-1.0439433433600094,0.2213438735177865,0.7786561264822134,development_exploratory_not_untouched_final,C_xgboost_current_pm,hourly_forecast_bucket_aware_arrival_time_exposure,2022-02-27T20:00:00,2022-02-27T19:00:00,20:00
od_07,walking,walking-7,3015.7407748952337,36.1888892987428,120,556.8960141050757,551.1246802855029,560.5631387070724,-5.77133381957276,-1.036339581070124,0.8968253968253969,0.1031746031746031,development_exploratory_not_untouched_final,C_xgboost_current_pm,hourly_forecast_bucket_aware_arrival_time_exposure,2022-02-27T20:00:00,2022-02-27T19:00:00,20:00
od_07,walking,walking-8,3015.8570403392914,36.19028448407151,120,556.9174764380869,551.1457915832615,560.5854770447263,-5.771684854825367,-1.0363626747251145,0.912,0.0879999999999999,development_exploratory_not_untouched_final,C_xgboost_current_pm,hourly_forecast_bucket_aware_arrival_time_exposure,2022-02-27T20:00:00,2022-02-27T19:00:00,20:00
od_07,motorbike,motorbike-1,3627.865375012017,8.70687690002884,138,133.86407753448665,132.46862512701406,134.99709166431168,-1.3954524074725896,-1.042439789056244,1.0,0.0,development_exploratory_not_untouched_final,C_xgboost_current_pm,hourly_forecast_bucket_aware_arrival_time_exposure,2022-02-27T20:00:00,2022-02-27T19:00:00,20:00
od_07,motorbike,motorbike-2,3687.334379690573,8.849602511257377,163,136.2100940196073,134.75993697424414,137.2253082513843,-1.45015704536317,-1.064647268472204,0.2541666666666666,0.7458333333333333,development_exploratory_not_untouched_final,C_xgboost_current_pm,hourly_forecast_bucket_aware_arrival_time_exposure,2022-02-27T20:00:00,2022-02-27T19:00:00,20:00
od_07,motorbike,motorbike-3,3876.8683445495967,9.304484026919033,202,142.90092891813055,141.49480171883548,143.8146789367487,-1.4061271992950708,-0.9839874449666146,0.1074918566775244,0.8925081433224755,development_exploratory_not_untouched_final,C_xgboost_current_pm,hourly_forecast_bucket_aware_arrival_time_exposure,2022-02-27T20:00:00,2022-02-27T19:00:00,20:00
od_07,motorbike,motorbike-4,4415.441329392981,10.597059190543154,208,163.35473642530346,161.4136858208553,165.41375634559785,-1.9410506044481224,-1.1882426227265828,0.0028985507246376,0.9971014492753624,development_exploratory_not_untouched_final,C_xgboost_current_pm,hourly_forecast_bucket_aware_arrival_time_exposure,2022-02-27T20:00:00,2022-02-27T19:00:00,20:00
od_07,motorbike,motorbike-5,5170.4619718541535,12.409108732449967,191,191.24143550734644,189.4058983464485,191.1959914318948,-1.8355371608979285,-0.959800974108154,0.0,1.0,development_exploratory_not_untouched_final,C_xgboost_current_pm,hourly_forecast_bucket_aware_arrival_time_exposure,2022-02-27T20:00:00,2022-02-27T19:00:00,20:00
od_07,motorbike,motorbike-6,5317.2180673122,12.761323361549278,202,197.0188111826093,194.6273150721812,199.35726304643256,-2.391496110428136,-1.213841508875794,0.0029498525073746,0.9970501474926252,development_exploratory_not_untouched_final,C_xgboost_current_pm,hourly_forecast_bucket_aware_arrival_time_exposure,2022-02-27T20:00:00,2022-02-27T19:00:00,20:00
od_07,motorbike,motorbike-7,5942.755175528985,14.262612421269564,256,220.0600047468216,217.3130748446725,223.40227099303377,-2.746929902149077,-1.2482640383968964,0.0025445292620865,0.9974554707379136,development_exploratory_not_untouched_final,C_xgboost_current_pm,hourly_forecast_bucket_aware_arrival_time_exposure,2022-02-27T20:00:00,2022-02-27T19:00:00,20:00
od_07,motorbike,motorbike-8,6766.400071842087,16.239360172421005,240,250.9464355374663,247.92809187157783,253.15362238151067,-3.018343665888437,-1.2027840361326028,0.008,0.992,development_exploratory_not_untouched_final,C_xgboost_current_pm,hourly_forecast_bucket_aware_arrival_time_exposure,2022-02-27T20:00:00,2022-02-27T19:00:00,20:00
od_08,walking,walking-1,6870.356216816323,82.44427460179587,346,1230.0198255025614,1200.821194422674,1257.3651566670865,-29.19863107988749,-2.373834183360217,1.0,0.0,development_exploratory_not_untouched_final,C_xgboost_current_pm,hourly_forecast_bucket_aware_arrival_time_exposure,2022-02-27T20:00:00,2022-02-27T19:00:00,20:00
od_08,walking,walking-2,7066.552712232213,84.79863254678656,281,1270.2155566388185,1243.4503546320552,1290.3101342544549,-26.765202006763047,-2.107138577139443,0.0096618357487922,0.9903381642512076,development_exploratory_not_untouched_final,C_xgboost_current_pm,hourly_forecast_bucket_aware_arrival_time_exposure,2022-02-27T20:00:00,2022-02-27T19:00:00,20:00
od_08,walking,walking-3,7181.705333275932,86.18046399931119,299,1287.7170090364004,1253.3765733414136,1317.5084191965834,-34.34043569498681,-2.666768820634262,0.0369774919614147,0.9630225080385852,development_exploratory_not_untouched_final,C_xgboost_current_pm,hourly_forecast_bucket_aware_arrival_time_exposure,2022-02-27T20:00:00,2022-02-27T19:00:00,20:00
od_08,walking,walking-4,7442.834681192636,89.31401617431165,308,1337.826730892053,1304.3782501437688,1363.9597655767736,-33.44848074828451,-2.500210227222871,0.0077041602465331,0.9922958397534668,development_exploratory_not_untouched_final,C_xgboost_current_pm,hourly_forecast_bucket_aware_arrival_time_exposure,2022-02-27T20:00:00,2022-02-27T19:00:00,20:00
od_08,walking,walking-5,7891.429810836159,94.69715773003392,378,1416.9040714174598,1379.2557925834703,1441.2876617172255,-37.64827883398948,-2.6570802917043235,0.0041608876560332,0.9958391123439668,development_exploratory_not_untouched_final,C_xgboost_current_pm,hourly_forecast_bucket_aware_arrival_time_exposure,2022-02-27T20:00:00,2022-02-27T19:00:00,20:00
od_08,walking,walking-6,8097.506608513472,97.17007930216168,351,1451.4300321134797,1408.2756171406418,1480.369109845941,-43.15441497283791,-2.973234259869848,0.0043227665706051,0.9956772334293948,development_exploratory_not_untouched_final,C_xgboost_current_pm,hourly_forecast_bucket_aware_arrival_time_exposure,2022-02-27T20:00:00,2022-02-27T19:00:00,20:00
od_08,walking,walking-7,6870.482093297512,82.44578511957015,346,1230.0415470291712,1200.8430913395184,1257.3870643763837,-29.198455689652747,-2.3737780045051022,0.9438202247191012,0.0561797752808989,development_exploratory_not_untouched_final,C_xgboost_current_pm,hourly_forecast_bucket_aware_arrival_time_exposure,2022-02-27T20:00:00,2022-02-27T19:00:00,20:00
od_08,walking,walking-8,6871.282867681097,82.45539441217315,346,1230.1856847092924,1200.9867935093498,1257.5316951065647,-29.19889119994264,-2.3735352770620706,0.9885057471264368,0.0114942528735632,development_exploratory_not_untouched_final,C_xgboost_current_pm,hourly_forecast_bucket_aware_arrival_time_exposure,2022-02-27T20:00:00,2022-02-27T19:00:00,20:00
od_08,motorbike,motorbike-1,6958.727326352328,16.700945583245588,359,249.1841822637809,247.00534533795863,255.5906322610023,-2.17883692582231,-0.8743881357267856,1.0,0.0,development_exploratory_not_untouched_final,C_xgboost_current_pm,hourly_forecast_bucket_aware_arrival_time_exposure,2022-02-27T20:00:00,2022-02-27T19:00:00,20:00
od_08,motorbike,motorbike-2,7215.548279104051,17.317315869849722,333,258.56503347261173,256.48239501817983,264.7976201381577,-2.082638454431901,-0.8054602072296457,0.0484848484848484,0.9515151515151516,development_exploratory_not_untouched_final,C_xgboost_current_pm,hourly_forecast_bucket_aware_arrival_time_exposure,2022-02-27T20:00:00,2022-02-27T19:00:00,20:00
od_08,motorbike,motorbike-3,7573.324596391733,18.17597903134016,344,272.2853161566856,270.5549147146477,278.0770930405976,-1.7304014420379303,-0.6355103780338184,0.0014245014245014,0.9985754985754984,development_exploratory_not_untouched_final,C_xgboost_current_pm,hourly_forecast_bucket_aware_arrival_time_exposure,2022-02-27T20:00:00,2022-02-27T19:00:00,20:00
od_08,motorbike,motorbike-4,7575.277566997327,18.18066616079358,315,271.0389537673045,268.2656802498302,278.9961298417654,-2.7732735174743084,-1.0232010856473608,0.0337423312883435,0.9662576687116564,development_exploratory_not_untouched_final,C_xgboost_current_pm,hourly_forecast_bucket_aware_arrival_time_exposure,2022-02-27T20:00:00,2022-02-27T19:00:00,20:00
od_08,motorbike,motorbike-5,8390.002444496451,20.13600586679148,363,301.00833658694154,299.514114135156,305.7164242383124,-1.494222451785561,-0.4964056705964281,0.0,1.0,development_exploratory_not_untouched_final,C_xgboost_current_pm,hourly_forecast_bucket_aware_arrival_time_exposure,2022-02-27T20:00:00,2022-02-27T19:00:00,20:00
od_08,motorbike,motorbike-6,8834.829668619339,21.20359120468641,427,306.3672543944745,303.8421921556533,312.15144097607185,-2.5250622388211923,-0.8241945581984277,0.0,1.0,development_exploratory_not_untouched_final,C_xgboost_current_pm,hourly_forecast_bucket_aware_arrival_time_exposure,2022-02-27T20:00:00,2022-02-27T19:00:00,20:00
od_08,motorbike,motorbike-7,9392.556663716472,22.542135992919533,344,318.6265238876669,316.39277915942307,322.1438333167693,-2.2337447282438347,-0.7010542314522914,0.0,1.0,development_exploratory_not_untouched_final,C_xgboost_current_pm,hourly_forecast_bucket_aware_arrival_time_exposure,2022-02-27T20:00:00,2022-02-27T19:00:00,20:00
od_08,motorbike,motorbike-8,9441.957784148508,22.66069868195642,437,339.3666098630615,337.6915722024267,345.5938944567647,-1.675037660634814,-0.4935776272482174,0.0012578616352201,0.99874213836478,development_exploratory_not_untouched_final,C_xgboost_current_pm,hourly_forecast_bucket_aware_arrival_time_exposure,2022-02-27T20:00:00,2022-02-27T19:00:00,20:00
od_09,walking,walking-1,3714.987884771448,44.57985461725738,100,583.3627071594807,579.8932783535037,580.4811779393467,-3.4694288059770315,-0.5947292762114382,1.0,0.0,development_exploratory_not_untouched_final,C_xgboost_current_pm,hourly_forecast_bucket_aware_arrival_time_exposure,2022-02-27T20:00:00,2022-02-27T19:00:00,20:00
od_09,walking,walking-2,3994.581068018032,47.93497281621638,155,639.0644680140418,635.5902521787992,638.238574348011,-3.474215835242603,-0.5436409015258014,0.0944206008583691,0.9055793991416308,development_exploratory_not_untouched_final,C_xgboost_current_pm,hourly_forecast_bucket_aware_arrival_time_exposure,2022-02-27T20:00:00,2022-02-27T19:00:00,20:00
od_09,walking,walking-3,4409.140877200214,52.90969052640257,216,725.7589404948314,722.1853676262248,729.2404900023804,-3.573572868606675,-0.4923911603720883,0.0095846645367412,0.9904153354632588,development_exploratory_not_untouched_final,C_xgboost_current_pm,hourly_forecast_bucket_aware_arrival_time_exposure,2022-02-27T20:00:00,2022-02-27T19:00:00,20:00
od_09,walking,walking-4,4384.315892491492,52.61179070989791,134,689.1917626140514,685.5212249056635,685.8688536324046,-3.670537708387883,-0.5325858356846599,0.054054054054054,0.945945945945946,development_exploratory_not_untouched_final,C_xgboost_current_pm,hourly_forecast_bucket_aware_arrival_time_exposure,2022-02-27T20:00:00,2022-02-27T19:00:00,20:00
od_09,walking,walking-5,4742.4154350489225,56.90898522058707,219,784.0380020118979,780.0118505285174,788.5727425257846,-4.026151483380545,-0.5135148389554015,0.0063091482649842,0.9936908517350158,development_exploratory_not_untouched_final,C_xgboost_current_pm,hourly_forecast_bucket_aware_arrival_time_exposure,2022-02-27T20:00:00,2022-02-27T19:00:00,20:00
od_09,walking,walking-6,4802.7629451718985,57.63315534206278,171,763.2704700821868,759.4594190657016,761.0320275206537,-3.81105101648518,-0.4993054449066813,0.1731601731601731,0.8268398268398268,development_exploratory_not_untouched_final,C_xgboost_current_pm,hourly_forecast_bucket_aware_arrival_time_exposure,2022-02-27T20:00:00,2022-02-27T19:00:00,20:00
od_09,walking,walking-7,3715.863015697599,44.59035618837118,100,583.513346788872,580.0452731199333,580.6330571102214,-3.4680736689387004,-0.5943435035417495,0.9607843137254902,0.0392156862745097,development_exploratory_not_untouched_final,C_xgboost_current_pm,hourly_forecast_bucket_aware_arrival_time_exposure,2022-02-27T20:00:00,2022-02-27T19:00:00,20:00
od_09,walking,walking-8,3715.984332991464,44.59181199589757,103,583.4651446900899,579.9982164595015,580.5741300632396,-3.466928230588451,-0.5941962878399403,0.897196261682243,0.102803738317757,development_exploratory_not_untouched_final,C_xgboost_current_pm,hourly_forecast_bucket_aware_arrival_time_exposure,2022-02-27T20:00:00,2022-02-27T19:00:00,20:00
od_09,motorbike,motorbike-1,4134.123639767717,9.92189673544252,158,131.9085015894693,131.20747626064434,131.70422794099773,-0.7010253288249544,-0.5314481783795197,1.0,0.0,development_exploratory_not_untouched_final,C_xgboost_current_pm,hourly_forecast_bucket_aware_arrival_time_exposure,2022-02-27T20:00:00,2022-02-27T19:00:00,20:00
od_09,motorbike,motorbike-2,4538.957874153826,10.893498897969184,218,150.3144930105032,149.56372200145037,151.2248462068467,-0.7507710090528406,-0.4994668138889179,0.010752688172043,0.989247311827957,development_exploratory_not_untouched_final,C_xgboost_current_pm,hourly_forecast_bucket_aware_arrival_time_exposure,2022-02-27T20:00:00,2022-02-27T19:00:00,20:00
od_09,motorbike,motorbike-3,4554.583954733635,10.931001491360725,192,148.44428399644596,147.65771986770932,148.84234920507373,-0.7865641287366429,-0.5298716175258555,0.1363636363636363,0.8636363636363636,development_exploratory_not_untouched_final,C_xgboost_current_pm,hourly_forecast_bucket_aware_arrival_time_exposure,2022-02-27T20:00:00,2022-02-27T19:00:00,20:00
od_09,motorbike,motorbike-4,5284.244385537157,12.682186525289175,179,168.46693281605332,167.55412294702967,168.23323726011748,-0.912809869023647,-0.5418332569871924,0.053125,0.946875,development_exploratory_not_untouched_final,C_xgboost_current_pm,hourly_forecast_bucket_aware_arrival_time_exposure,2022-02-27T20:00:00,2022-02-27T19:00:00,20:00
od_09,motorbike,motorbike-5,6360.146358591584,15.2643512606198,284,218.3108113358945,217.01702565842984,221.58212080835335,-1.2937856774646548,-0.5926347254850459,0.0045454545454545,0.9954545454545456,development_exploratory_not_untouched_final,C_xgboost_current_pm,hourly_forecast_bucket_aware_arrival_time_exposure,2022-02-27T20:00:00,2022-02-27T19:00:00,20:00
od_09,motorbike,motorbike-6,5752.129528566935,13.805110868560645,272,189.1075834457993,188.34855006141345,189.8915520937813,-0.759033384385873,-0.4013764919181159,0.0023310023310023,0.9976689976689976,development_exploratory_not_untouched_final,C_xgboost_current_pm,hourly_forecast_bucket_aware_arrival_time_exposure,2022-02-27T20:00:00,2022-02-27T19:00:00,20:00
od_09,motorbike,motorbike-7,7766.043199904027,18.638503679769663,302,268.16881413707665,266.46985668830456,272.7393658147987,-1.6989574487720915,-0.6335402773208579,0.0109890109890109,0.989010989010989,development_exploratory_not_untouched_final,C_xgboost_current_pm,hourly_forecast_bucket_aware_arrival_time_exposure,2022-02-27T20:00:00,2022-02-27T19:00:00,20:00
od_09,motorbike,motorbike-8,9897.359620826115,23.75366308998268,417,346.5791362638985,343.32281107070446,354.5577510801125,-3.256325193194016,-0.9395618063732856,0.0286225402504472,0.9713774597495528,development_exploratory_not_untouched_final,C_xgboost_current_pm,hourly_forecast_bucket_aware_arrival_time_exposure,2022-02-27T20:00:00,2022-02-27T19:00:00,20:00
od_10,walking,walking-1,4185.687637541589,50.22825165049906,164,769.5158009188054,762.0327671971406,776.8033964326879,-7.48303372166481,-0.972434056939446,1.0,0.0,development_exploratory_not_untouched_final,C_xgboost_current_pm,hourly_forecast_bucket_aware_arrival_time_exposure,2022-02-27T20:00:00,2022-02-27T19:00:00,20:00
od_10,walking,walking-2,4395.999188223484,52.7519902586818,247,810.804721818394,802.574655844604,816.3637663662862,-8.230065973790033,-1.0150490928731202,0.0198511166253101,0.98014888337469,development_exploratory_not_untouched_final,C_xgboost_current_pm,hourly_forecast_bucket_aware_arrival_time_exposure,2022-02-27T20:00:00,2022-02-27T19:00:00,20:00
od_10,walking,walking-3,4422.248506346172,53.06698207615407,168,813.9317229834772,805.7697091466426,821.578433675059,-8.162013836834603,-1.002788514854371,0.067524115755627,0.932475884244373,development_exploratory_not_untouched_final,C_xgboost_current_pm,hourly_forecast_bucket_aware_arrival_time_exposure,2022-02-27T20:00:00,2022-02-27T19:00:00,20:00
od_10,walking,walking-4,4671.923754688715,56.06308505626459,193,858.8315053182189,850.0225566178605,869.6994748498369,-8.808948700358428,-1.025689980608535,0.0142045454545454,0.9857954545454546,development_exploratory_not_untouched_final,C_xgboost_current_pm,hourly_forecast_bucket_aware_arrival_time_exposure,2022-02-27T20:00:00,2022-02-27T19:00:00,20:00
od_10,walking,walking-5,5276.724061903826,63.32068874284592,204,975.738470096552,963.1631586677069,979.500992008738,-12.575311428844998,-1.288799387770438,0.0082191780821917,0.9917808219178084,development_exploratory_not_untouched_final,C_xgboost_current_pm,hourly_forecast_bucket_aware_arrival_time_exposure,2022-02-27T20:00:00,2022-02-27T19:00:00,20:00
od_10,walking,walking-6,4188.220874538794,50.258650494465535,162,769.9800301255219,762.4918355257669,777.2768689192761,-7.488194599755047,-0.9725180273226468,0.963855421686747,0.036144578313253,development_exploratory_not_untouched_final,C_xgboost_current_pm,hourly_forecast_bucket_aware_arrival_time_exposure,2022-02-27T20:00:00,2022-02-27T19:00:00,20:00
od_10,walking,walking-7,4188.427303785825,50.26112764542989,161,770.0174048779563,762.5288138351232,777.315238224076,-7.48859104283315,-0.9725223086379524,0.9461077844311376,0.0538922155688622,development_exploratory_not_untouched_final,C_xgboost_current_pm,hourly_forecast_bucket_aware_arrival_time_exposure,2022-02-27T20:00:00,2022-02-27T19:00:00,20:00
od_10,walking,walking-8,4191.191762378216,50.294301148538594,171,770.5265124189925,763.0384462280263,777.8032512068323,-7.488066190966265,-0.9718116210509375,0.6666666666666666,0.3333333333333333,development_exploratory_not_untouched_final,C_xgboost_current_pm,hourly_forecast_bucket_aware_arrival_time_exposure,2022-02-27T20:00:00,2022-02-27T19:00:00,20:00
od_10,motorbike,motorbike-1,4185.687637541589,10.045650330099813,164,153.9031601837611,152.4065534394281,155.36067928653765,-1.4966067443329791,-0.9724340569394572,1.0,0.0,development_exploratory_not_untouched_final,C_xgboost_current_pm,hourly_forecast_bucket_aware_arrival_time_exposure,2022-02-27T20:00:00,2022-02-27T19:00:00,20:00
od_10,motorbike,motorbike-2,4394.830211426111,10.547592507422667,164,161.73273068847783,160.11480135148102,163.2934013592231,-1.6179293369968093,-1.0003722376475486,0.086092715231788,0.913907284768212,development_exploratory_not_untouched_final,C_xgboost_current_pm,hourly_forecast_bucket_aware_arrival_time_exposure,2022-02-27T20:00:00,2022-02-27T19:00:00,20:00
od_10,motorbike,motorbike-3,4654.755135099948,11.171412324239874,229,171.6757591142943,169.94464720278825,172.82156542194994,-1.7311119115060478,-1.008361297155266,0.0261096605744125,0.9738903394255874,development_exploratory_not_untouched_final,C_xgboost_current_pm,hourly_forecast_bucket_aware_arrival_time_exposure,2022-02-27T20:00:00,2022-02-27T19:00:00,20:00
od_10,motorbike,motorbike-4,5386.858029237803,12.928459270170729,220,197.88630455858492,195.938795279865,200.1485392020336,-1.9475092787199628,-0.984155666085217,0.0052356020942408,0.9947643979057592,development_exploratory_not_untouched_final,C_xgboost_current_pm,hourly_forecast_bucket_aware_arrival_time_exposure,2022-02-27T20:00:00,2022-02-27T19:00:00,20:00
od_10,motorbike,motorbike-5,5511.374478011498,13.227298747227591,208,203.8823581436883,201.79352260511544,204.45917736931824,-2.088835538572852,-1.0245298110102896,0.008130081300813,0.991869918699187,development_exploratory_not_untouched_final,C_xgboost_current_pm,hourly_forecast_bucket_aware_arrival_time_exposure,2022-02-27T20:00:00,2022-02-27T19:00:00,20:00
od_10,motorbike,motorbike-6,5634.416015636255,13.522598437527012,213,206.8473008378376,204.7731147508443,209.660069297076,-2.0741860869932798,-1.0027619788084077,0.0272479564032697,0.9727520435967304,development_exploratory_not_untouched_final,C_xgboost_current_pm,hourly_forecast_bucket_aware_arrival_time_exposure,2022-02-27T20:00:00,2022-02-27T19:00:00,20:00
od_10,motorbike,motorbike-7,6236.241931359497,14.966980635262791,192,230.11114643936492,227.8094785535403,231.47747641502136,-2.3016678858246564,-1.0002418055099098,0.0028169014084507,0.9971830985915492,development_exploratory_not_untouched_final,C_xgboost_current_pm,hourly_forecast_bucket_aware_arrival_time_exposure,2022-02-27T20:00:00,2022-02-27T19:00:00,20:00
od_10,motorbike,motorbike-8,6017.043125469885,14.440903501127725,234,220.69770817882016,218.50953753052968,223.7090232277974,-2.1881706482904804,-0.9914786457671398,0.0101522842639593,0.9898477157360406,development_exploratory_not_untouched_final,C_xgboost_current_pm,hourly_forecast_bucket_aware_arrival_time_exposure,2022-02-27T20:00:00,2022-02-27T19:00:00,20:00
od_11,walking,walking-1,5799.7898826035935,69.59747859124312,184,1069.2406945766254,1053.5123372614785,1068.3667316308574,-15.72835731514715,-1.470983792042719,1.0,0.0,development_exploratory_not_untouched_final,C_xgboost_current_pm,hourly_forecast_bucket_aware_arrival_time_exposure,2022-02-27T20:00:00,2022-02-27T19:00:00,20:00
od_11,walking,walking-2,5899.73045264374,70.79676543172488,210,1087.476975223634,1070.3372249762506,1087.0374635823785,-17.139750247383517,-1.5761023578323408,0.2236024844720497,0.7763975155279503,development_exploratory_not_untouched_final,C_xgboost_current_pm,hourly_forecast_bucket_aware_arrival_time_exposure,2022-02-27T20:00:00,2022-02-27T19:00:00,20:00
od_11,walking,walking-3,6156.7707067981255,73.88124848157752,281,1136.2303309155825,1116.2374492860745,1135.1622393266616,-19.99288162950802,-1.7595799976046769,0.0889929742388758,0.911007025761124,development_exploratory_not_untouched_final,C_xgboost_current_pm,hourly_forecast_bucket_aware_arrival_time_exposure,2022-02-27T20:00:00,2022-02-27T19:00:00,20:00
od_11,walking,walking-4,5799.932240963838,69.59918689156605,183,1069.267749244114,1053.5394163693018,1068.393268073411,-15.728332874812168,-1.4709442874276186,0.962566844919786,0.0374331550802139,development_exploratory_not_untouched_final,C_xgboost_current_pm,hourly_forecast_bucket_aware_arrival_time_exposure,2022-02-27T20:00:00,2022-02-27T19:00:00,20:00
od_11,walking,walking-5,5805.109540891901,69.66131449070281,183,1070.2045980341416,1054.4728143814564,1069.339487400922,-15.73178365268518,-1.46997907517711,0.952127659574468,0.0478723404255319,development_exploratory_not_untouched_final,C_xgboost_current_pm,hourly_forecast_bucket_aware_arrival_time_exposure,2022-02-27T20:00:00,2022-02-27T19:00:00,20:00
od_11,walking,walking-6,5805.251899252145,69.66302279102574,182,1070.23165270163,1054.49989348928,1069.3660238434757,-15.731759212350198,-1.469939631540318,0.9162303664921466,0.0837696335078533,development_exploratory_not_untouched_final,C_xgboost_current_pm,hourly_forecast_bucket_aware_arrival_time_exposure,2022-02-27T20:00:00,2022-02-27T19:00:00,20:00
od_11,walking,walking-7,5805.359775307745,69.66431730369294,184,1070.2830320613068,1054.5437845427791,1069.3952141304676,-15.73924751852769,-1.4705687231362303,0.84,0.16,development_exploratory_not_untouched_final,C_xgboost_current_pm,hourly_forecast_bucket_aware_arrival_time_exposure,2022-02-27T20:00:00,2022-02-27T19:00:00,20:00
od_11,walking,walking-8,5805.502133667988,69.66602560401587,183,1070.310086728795,1054.5708636506024,1069.421750573021,-15.739223078192936,-1.4705292674851789,0.8078817733990148,0.1921182266009852,development_exploratory_not_untouched_final,C_xgboost_current_pm,hourly_forecast_bucket_aware_arrival_time_exposure,2022-02-27T20:00:00,2022-02-27T19:00:00,20:00
od_11,motorbike,motorbike-1,7321.29135850387,17.571099260409287,245,269.16095797789785,267.4325448294525,268.946494640229,-1.728413148445327,-0.6421485349993648,1.0,0.0,development_exploratory_not_untouched_final,C_xgboost_current_pm,hourly_forecast_bucket_aware_arrival_time_exposure,2022-02-27T20:00:00,2022-02-27T19:00:00,20:00
od_11,motorbike,motorbike-2,7633.162700227178,18.319590480545227,218,281.8516079709716,280.04139612813475,280.1350202446022,-1.8102118428368497,-0.6422570571331588,0.1721518987341772,0.8278481012658228,development_exploratory_not_untouched_final,C_xgboost_current_pm,hourly_forecast_bucket_aware_arrival_time_exposure,2022-02-27T20:00:00,2022-02-27T19:00:00,20:00
od_11,motorbike,motorbike-3,7889.25327154217,18.93420785170121,304,289.70119181879204,287.7275228248063,290.1429807673614,-1.9736689939857683,-0.681277485120012,0.1366459627329192,0.8633540372670807,development_exploratory_not_untouched_final,C_xgboost_current_pm,hourly_forecast_bucket_aware_arrival_time_exposure,2022-02-27T20:00:00,2022-02-27T19:00:00,20:00
od_11,motorbike,motorbike-4,9666.540510810522,23.199697225945258,375,353.899824552546,351.74243777784795,355.1559190647089,-2.157386774698068,-0.6096037988788959,0.0367892976588628,0.9632107023411371,development_exploratory_not_untouched_final,C_xgboost_current_pm,hourly_forecast_bucket_aware_arrival_time_exposure,2022-02-27T20:00:00,2022-02-27T19:00:00,20:00
od_11,motorbike,motorbike-5,11246.266961598392,26.99104070783614,398,409.83946692676,407.4615444511872,412.3347388543938,-2.377922475572859,-0.5802082687165421,0.0255183413078149,0.9744816586921852,development_exploratory_not_untouched_final,C_xgboost_current_pm,hourly_forecast_bucket_aware_arrival_time_exposure,2022-02-27T20:00:00,2022-02-27T19:00:00,20:00
od_11,motorbike,motorbike-6,13020.355584141242,31.24885340193898,484,473.7129084116707,471.3177346937323,478.0855199913526,-2.3951737179384054,-0.5056171523738441,0.0267605633802816,0.9732394366197183,development_exploratory_not_untouched_final,C_xgboost_current_pm,hourly_forecast_bucket_aware_arrival_time_exposure,2022-02-27T20:00:00,2022-02-27T19:00:00,20:00
od_11,motorbike,motorbike-7,13564.85143099635,32.55564343439124,443,499.0480494492091,495.2437191599863,500.0340304660235,-3.804330289222833,-0.7623174348485297,0.0584615384615384,0.9415384615384615,development_exploratory_not_untouched_final,C_xgboost_current_pm,hourly_forecast_bucket_aware_arrival_time_exposure,2022-02-27T20:00:00,2022-02-27T19:00:00,20:00
od_11,motorbike,motorbike-8,11223.628499005668,26.9367083976136,354,412.8460072319524,410.1096737638933,412.4313639314666,-2.736333468059115,-0.6627976097929754,0.0812274368231047,0.9187725631768952,development_exploratory_not_untouched_final,C_xgboost_current_pm,hourly_forecast_bucket_aware_arrival_time_exposure,2022-02-27T20:00:00,2022-02-27T19:00:00,20:00
od_12,walking,walking-1,4720.801672969871,56.64962007563846,184,831.7374399272691,828.6531824731966,846.6789287813205,-3.0842574540724854,-0.3708210435185155,1.0,0.0,development_exploratory_not_untouched_final,C_xgboost_current_pm,hourly_forecast_bucket_aware_arrival_time_exposure,2022-02-27T20:00:00,2022-02-27T19:00:00,20:00
od_12,walking,walking-2,4873.757845553635,58.485094146643625,187,860.2632823497307,856.9168078579837,875.853359590791,-3.346474491747017,-0.3890058497680416,0.1630094043887147,0.8369905956112853,development_exploratory_not_untouched_final,C_xgboost_current_pm,hourly_forecast_bucket_aware_arrival_time_exposure,2022-02-27T20:00:00,2022-02-27T19:00:00,20:00
od_12,walking,walking-3,5545.213763066034,66.5425651567924,257,1009.3574708814748,996.0879127412989,1037.2716820391768,-13.269558140175944,-1.3146539777020327,0.0,1.0,development_exploratory_not_untouched_final,C_xgboost_current_pm,hourly_forecast_bucket_aware_arrival_time_exposure,2022-02-27T20:00:00,2022-02-27T19:00:00,20:00
od_12,walking,walking-4,5856.273320547576,70.27527984657091,240,1026.694420723276,1015.4992928639068,1044.5011426998317,-11.195127859369109,-1.0904050546493154,0.0266343825665859,0.973365617433414,development_exploratory_not_untouched_final,C_xgboost_current_pm,hourly_forecast_bucket_aware_arrival_time_exposure,2022-02-27T20:00:00,2022-02-27T19:00:00,20:00
od_12,walking,walking-5,4720.822679411884,56.64987215294261,185,831.74300574912,828.6586126606894,846.6851252178604,-3.084393088430602,-0.3708348693179095,0.9627659574468084,0.0372340425531915,development_exploratory_not_untouched_final,C_xgboost_current_pm,hourly_forecast_bucket_aware_arrival_time_exposure,2022-02-27T20:00:00,2022-02-27T19:00:00,20:00
od_12,walking,walking-6,4721.126792606221,56.65352151127466,183,831.7953739760803,828.7117044252633,846.7373922272691,-3.083669550817035,-0.3707245372232271,0.9731182795698924,0.0268817204301075,development_exploratory_not_untouched_final,C_xgboost_current_pm,hourly_forecast_bucket_aware_arrival_time_exposure,2022-02-27T20:00:00,2022-02-27T19:00:00,20:00
od_12,walking,walking-7,4721.1477990482335,56.65377358857881,184,831.8009397979313,828.7171346127561,846.7435886638091,-3.083805185175152,-0.3707383627054206,0.936842105263158,0.063157894736842,development_exploratory_not_untouched_final,C_xgboost_current_pm,hourly_forecast_bucket_aware_arrival_time_exposure,2022-02-27T20:00:00,2022-02-27T19:00:00,20:00
od_12,walking,walking-8,4721.249689238599,56.6549962708632,182,831.8355063392868,828.7433709838346,846.7841130761459,-3.0921353554522284,-0.3717243772221255,0.8484848484848485,0.1515151515151515,development_exploratory_not_untouched_final,C_xgboost_current_pm,hourly_forecast_bucket_aware_arrival_time_exposure,2022-02-27T20:00:00,2022-02-27T19:00:00,20:00
od_12,motorbike,motorbike-1,4600.823120587895,11.041975489410948,168,162.03014021417022,161.35179712422666,165.00756505466268,-0.678343089943553,-0.4186524118580186,1.0,0.0,development_exploratory_not_untouched_final,C_xgboost_current_pm,hourly_forecast_bucket_aware_arrival_time_exposure,2022-02-27T20:00:00,2022-02-27T19:00:00,20:00
od_12,motorbike,motorbike-2,4721.109525328519,11.330662860788443,166,166.27381245437792,165.57942731426334,169.32665465790305,-0.6943851401145764,-0.4176154560148197,0.3413654618473896,0.6586345381526104,development_exploratory_not_untouched_final,C_xgboost_current_pm,hourly_forecast_bucket_aware_arrival_time_exposure,2022-02-27T20:00:00,2022-02-27T19:00:00,20:00
od_12,motorbike,motorbike-3,5580.281754562078,13.392676210948988,249,203.1249500122232,201.3177066776019,208.778193552226,-1.8072433346212904,-0.88972001446033,0.0024038461538461,0.997596153846154,development_exploratory_not_untouched_final,C_xgboost_current_pm,hourly_forecast_bucket_aware_arrival_time_exposure,2022-02-27T20:00:00,2022-02-27T19:00:00,20:00
od_12,motorbike,motorbike-4,5904.804229009314,14.171530149622354,256,205.7796435860344,205.0370515093359,209.12227516540244,-0.7425920766984859,-0.3608676075814154,0.029126213592233,0.970873786407767,development_exploratory_not_untouched_final,C_xgboost_current_pm,hourly_forecast_bucket_aware_arrival_time_exposure,2022-02-27T20:00:00,2022-02-27T19:00:00,20:00
od_12,motorbike,motorbike-5,7008.213626047753,16.819712702514604,202,252.63360113119737,251.12400305187143,258.0564818736701,-1.5095980793259116,-0.597544456701921,0.0054347826086956,0.9945652173913044,development_exploratory_not_untouched_final,C_xgboost_current_pm,hourly_forecast_bucket_aware_arrival_time_exposure,2022-02-27T20:00:00,2022-02-27T19:00:00,20:00
od_12,motorbike,motorbike-6,7262.316209679331,17.429558903230394,304,247.3876411887229,246.4764175031042,250.133894906512,-0.9112236856187224,-0.3683384025330447,0.0021231422505307,0.9978768577494692,development_exploratory_not_untouched_final,C_xgboost_current_pm,hourly_forecast_bucket_aware_arrival_time_exposure,2022-02-27T20:00:00,2022-02-27T19:00:00,20:00
od_12,motorbike,motorbike-7,6873.838377293402,16.497212105504165,281,251.53900029624592,249.1098331784286,258.6680917484126,-2.429167117817314,-0.965721862198865,0.0022321428571428,0.9977678571428572,development_exploratory_not_untouched_final,C_xgboost_current_pm,hourly_forecast_bucket_aware_arrival_time_exposure,2022-02-27T20:00:00,2022-02-27T19:00:00,20:00
od_12,motorbike,motorbike-8,9113.20463170502,21.87169111609205,354,309.58204531159055,308.6343789809448,312.84605005259226,-0.9476663306457452,-0.3061115284292184,0.0,1.0,development_exploratory_not_untouched_final,C_xgboost_current_pm,hourly_forecast_bucket_aware_arrival_time_exposure,2022-02-27T20:00:00,2022-02-27T19:00:00,20:00
od_13,walking,walking-1,6350.856943085906,76.21028331703089,223,1131.7150819352037,1119.7732257649714,1154.28202332221,-11.941856170232311,-1.0551998785606045,1.0,0.0,development_exploratory_not_untouched_final,C_xgboost_current_pm,hourly_forecast_bucket_aware_arrival_time_exposure,2022-02-27T20:00:00,2022-02-27T19:00:00,20:00
od_13,walking,walking-2,6481.138228551883,77.77365874262259,245,1157.2327355673974,1144.8870100119962,1178.9424997690835,-12.34572555540126,-1.06683169045923,0.125,0.875,development_exploratory_not_untouched_final,C_xgboost_current_pm,hourly_forecast_bucket_aware_arrival_time_exposure,2022-02-27T20:00:00,2022-02-27T19:00:00,20:00
od_13,walking,walking-3,6866.266206369937,82.39519447643924,329,1215.9133930377925,1199.0302416708985,1239.0048222679477,-16.883151366894026,-1.3885159472348432,0.0147058823529411,0.9852941176470588,development_exploratory_not_untouched_final,C_xgboost_current_pm,hourly_forecast_bucket_aware_arrival_time_exposure,2022-02-27T20:00:00,2022-02-27T19:00:00,20:00
od_13,walking,walking-4,7212.11435750965,86.54537229011581,281,1251.4093875597384,1228.387100009968,1277.1433223592653,-23.022287549770454,-1.8397087139216812,0.0019880715705765,0.9980119284294234,development_exploratory_not_untouched_final,C_xgboost_current_pm,hourly_forecast_bucket_aware_arrival_time_exposure,2022-02-27T20:00:00,2022-02-27T19:00:00,20:00
od_13,walking,walking-5,6351.157688633242,76.21389226359891,223,1131.7704080267565,1119.827799255448,1154.3390350161778,-11.942608771308189,-1.055214793266255,0.9822222222222222,0.0177777777777777,development_exploratory_not_untouched_final,C_xgboost_current_pm,hourly_forecast_bucket_aware_arrival_time_exposure,2022-02-27T20:00:00,2022-02-27T19:00:00,20:00
od_13,walking,walking-6,6351.78359395068,76.22140312740817,223,1131.880941141935,1119.9388248516473,1154.4485617616886,-11.942116290287686,-1.0550682369684123,0.9822222222222222,0.0177777777777777,development_exploratory_not_untouched_final,C_xgboost_current_pm,hourly_forecast_bucket_aware_arrival_time_exposure,2022-02-27T20:00:00,2022-02-27T19:00:00,20:00
od_13,walking,walking-7,6351.903524558955,76.22284229470746,223,1131.8987036821857,1119.957048209441,1154.4677724016942,-11.941655472744742,-1.0550109681985922,0.9734513274336284,0.0265486725663717,development_exploratory_not_untouched_final,C_xgboost_current_pm,hourly_forecast_bucket_aware_arrival_time_exposure,2022-02-27T20:00:00,2022-02-27T19:00:00,20:00
od_13,walking,walking-8,6352.084339498016,76.22501207397619,223,1131.9362672334876,1119.993398342124,1154.5055734556563,-11.94286889136356,-1.0550831559229537,0.9647577092511012,0.0352422907488987,development_exploratory_not_untouched_final,C_xgboost_current_pm,hourly_forecast_bucket_aware_arrival_time_exposure,2022-02-27T20:00:00,2022-02-27T19:00:00,20:00
od_13,motorbike,motorbike-1,6555.777236469699,15.733865367527278,238,234.1028749246723,233.9117135255916,238.87039952595836,-0.1911613990806984,-0.0816570061953356,1.0,0.0,development_exploratory_not_untouched_final,C_xgboost_current_pm,hourly_forecast_bucket_aware_arrival_time_exposure,2022-02-27T20:00:00,2022-02-27T19:00:00,20:00
od_13,motorbike,motorbike-2,6921.239270399785,16.610974248959483,313,244.9718772537164,244.49901266742137,250.12109618773889,-0.4728645862950316,-0.1930281106534068,0.1108870967741935,0.8891129032258065,development_exploratory_not_untouched_final,C_xgboost_current_pm,hourly_forecast_bucket_aware_arrival_time_exposure,2022-02-27T20:00:00,2022-02-27T19:00:00,20:00
od_13,motorbike,motorbike-3,7392.918193668919,17.743003664805407,276,256.99317766710385,255.63969573327847,262.5777236498218,-1.3534819338253783,-0.5266606476140044,0.0098231827111984,0.9901768172888016,development_exploratory_not_untouched_final,C_xgboost_current_pm,hourly_forecast_bucket_aware_arrival_time_exposure,2022-02-27T20:00:00,2022-02-27T19:00:00,20:00
od_13,motorbike,motorbike-4,7691.718911691466,18.46012538805952,295,275.4243754356467,275.8699434211821,279.987142386154,0.4455679855353764,0.1617750734046718,0.0094696969696969,0.990530303030303,development_exploratory_not_untouched_final,C_xgboost_current_pm,hourly_forecast_bucket_aware_arrival_time_exposure,2022-02-27T20:00:00,2022-02-27T19:00:00,20:00
od_13,motorbike,motorbike-5,7740.785596864544,18.577885432474904,322,274.2696422533392,273.8243581254551,279.68925302431074,-0.4452841278840651,-0.1623526848344237,0.0163339382940108,0.9836660617059892,development_exploratory_not_untouched_final,C_xgboost_current_pm,hourly_forecast_bucket_aware_arrival_time_exposure,2022-02-27T20:00:00,2022-02-27T19:00:00,20:00
od_13,motorbike,motorbike-6,8737.311283772979,20.96954708105515,346,308.2441946084462,307.1764331499725,315.79299198018884,-1.067761458473683,-0.3464011576373822,0.0017152658662092,0.9982847341337908,development_exploratory_not_untouched_final,C_xgboost_current_pm,hourly_forecast_bucket_aware_arrival_time_exposure,2022-02-27T20:00:00,2022-02-27T19:00:00,20:00
od_13,motorbike,motorbike-7,9053.865774029062,21.72927785766975,355,324.36471431208736,324.8045059294789,330.8687873272301,0.4397916173915632,0.1355855301105341,0.0085034013605442,0.9914965986394558,development_exploratory_not_untouched_final,C_xgboost_current_pm,hourly_forecast_bucket_aware_arrival_time_exposure,2022-02-27T20:00:00,2022-02-27T19:00:00,20:00
od_13,motorbike,motorbike-8,9451.855458954313,22.684453101490345,393,326.03797868489164,324.3182847497689,332.4363700475472,-1.7196939351227345,-0.5274520293799208,0.0079872204472843,0.9920127795527156,development_exploratory_not_untouched_final,C_xgboost_current_pm,hourly_forecast_bucket_aware_arrival_time_exposure,2022-02-27T20:00:00,2022-02-27T19:00:00,20:00
od_14,walking,walking-1,3449.3464763882066,41.39215771665848,138,615.381289022511,624.8351813625152,621.92403879869,9.453892340004131,1.536265809287273,1.0,0.0,development_exploratory_not_untouched_final,C_xgboost_current_pm,hourly_forecast_bucket_aware_arrival_time_exposure,2022-02-27T20:00:00,2022-02-27T19:00:00,20:00
od_14,walking,walking-2,3578.7470410233627,42.94496449228036,172,641.0752059044726,651.9932661692434,647.8559910477826,10.918060264770816,1.7030857166542377,0.087719298245614,0.912280701754386,development_exploratory_not_untouched_final,C_xgboost_current_pm,hourly_forecast_bucket_aware_arrival_time_exposure,2022-02-27T20:00:00,2022-02-27T19:00:00,20:00
od_14,walking,walking-3,4058.601500731728,48.703218008780745,197,723.454448896621,734.5766318895322,731.2142941431822,11.122182992911236,1.537371566361126,0.0806451612903225,0.9193548387096774,development_exploratory_not_untouched_final,C_xgboost_current_pm,hourly_forecast_bucket_aware_arrival_time_exposure,2022-02-27T20:00:00,2022-02-27T19:00:00,20:00
od_14,walking,walking-4,4395.024946910382,52.74029936292458,222,789.3243966164683,803.6434441199006,797.944340176574,14.319047503432216,1.8140890570230053,0.0285714285714285,0.9714285714285714,development_exploratory_not_untouched_final,C_xgboost_current_pm,hourly_forecast_bucket_aware_arrival_time_exposure,2022-02-27T20:00:00,2022-02-27T19:00:00,20:00
od_14,walking,walking-5,3910.353898415349,46.92424678098419,188,698.9405930768527,710.2901547515811,706.2501492117899,11.34956167472842,1.6238235104883183,0.2490421455938697,0.7509578544061303,development_exploratory_not_untouched_final,C_xgboost_current_pm,hourly_forecast_bucket_aware_arrival_time_exposure,2022-02-27T20:00:00,2022-02-27T19:00:00,20:00
od_14,walking,walking-6,4552.763815811306,54.63316578973567,212,813.0185956670925,825.6277256151935,821.7318324876946,12.609129948100986,1.5509030193528386,0.1182108626198083,0.8817891373801917,development_exploratory_not_untouched_final,C_xgboost_current_pm,hourly_forecast_bucket_aware_arrival_time_exposure,2022-02-27T20:00:00,2022-02-27T19:00:00,20:00
od_14,walking,walking-7,3900.035635440011,46.80042762528013,158,696.2279301951891,706.9168477028869,703.5833556802183,10.688917507697852,1.535261233300593,0.2282157676348547,0.7717842323651453,development_exploratory_not_untouched_final,C_xgboost_current_pm,hourly_forecast_bucket_aware_arrival_time_exposure,2022-02-27T20:00:00,2022-02-27T19:00:00,20:00
od_14,walking,walking-8,3455.264828217764,41.46317793861317,144,616.3485537126454,625.800897823239,622.9036535449628,9.452344110593572,1.533603681497475,0.7961783439490446,0.2038216560509553,development_exploratory_not_untouched_final,C_xgboost_current_pm,hourly_forecast_bucket_aware_arrival_time_exposure,2022-02-27T20:00:00,2022-02-27T19:00:00,20:00
od_14,motorbike,motorbike-1,3010.5441753969367,7.225306020952647,145,107.79125301927544,109.7233368219971,108.96223476720458,1.9320838027216496,1.79243097060589,1.0,0.0,development_exploratory_not_untouched_final,C_xgboost_current_pm,hourly_forecast_bucket_aware_arrival_time_exposure,2022-02-27T20:00:00,2022-02-27T19:00:00,20:00
od_14,motorbike,motorbike-2,3091.7023158472634,7.420085558033432,154,110.69750593052248,112.6934728982696,111.90435703387044,1.9959669677471368,1.80308214802949,0.430622009569378,0.569377990430622,development_exploratory_not_untouched_final,C_xgboost_current_pm,hourly_forecast_bucket_aware_arrival_time_exposure,2022-02-27T20:00:00,2022-02-27T19:00:00,20:00
od_14,motorbike,motorbike-3,3322.57627571959,7.974183061727015,159,119.10147805026104,121.26844896215783,120.396470145637,2.1669709118968115,1.8194324263401211,0.2063492063492063,0.7936507936507937,development_exploratory_not_untouched_final,C_xgboost_current_pm,hourly_forecast_bucket_aware_arrival_time_exposure,2022-02-27T20:00:00,2022-02-27T19:00:00,20:00
od_14,motorbike,motorbike-4,4154.239272164568,9.970174253194964,172,148.1854485390271,150.4605192596947,149.76204997332042,2.2750707206676,1.53528618572047,0.016025641025641,0.983974358974359,development_exploratory_not_untouched_final,C_xgboost_current_pm,hourly_forecast_bucket_aware_arrival_time_exposure,2022-02-27T20:00:00,2022-02-27T19:00:00,20:00
od_14,motorbike,motorbike-5,5029.718254103979,12.07132380984955,165,178.62284507101026,181.3115144270351,180.52835752868612,2.688669356024832,1.5052214373564423,0.009771986970684,0.990228013029316,development_exploratory_not_untouched_final,C_xgboost_current_pm,hourly_forecast_bucket_aware_arrival_time_exposure,2022-02-27T20:00:00,2022-02-27T19:00:00,20:00
od_14,motorbike,motorbike-6,4517.9290852875,10.84302980469,182,161.0682700145468,163.81323604055154,162.8117469292999,2.7449660260047324,1.704225187094157,0.0792079207920792,0.9207920792079208,development_exploratory_not_untouched_final,C_xgboost_current_pm,hourly_forecast_bucket_aware_arrival_time_exposure,2022-02-27T20:00:00,2022-02-27T19:00:00,20:00
od_14,motorbike,motorbike-7,6936.376700045968,16.647304080110324,323,248.1991348282648,251.6043153357236,250.7223236339025,3.405180507458794,1.3719550270853782,0.0588235294117647,0.9411764705882352,development_exploratory_not_untouched_final,C_xgboost_current_pm,hourly_forecast_bucket_aware_arrival_time_exposure,2022-02-27T20:00:00,2022-02-27T19:00:00,20:00
od_14,motorbike,motorbike-8,7290.831731815147,17.49799615635635,360,260.61001499195146,265.47030464927246,263.56647602923067,4.860289657321005,1.8649665698653628,0.0631578947368421,0.936842105263158,development_exploratory_not_untouched_final,C_xgboost_current_pm,hourly_forecast_bucket_aware_arrival_time_exposure,2022-02-27T20:00:00,2022-02-27T19:00:00,20:00
od_15,walking,walking-1,5536.69386072246,66.44032632866953,186,1020.3237362257536,1006.2210668585044,1019.2309767799958,-14.102669367249176,-1.3821759571541383,1.0,0.0,development_exploratory_not_untouched_final,C_xgboost_current_pm,hourly_forecast_bucket_aware_arrival_time_exposure,2022-02-27T20:00:00,2022-02-27T19:00:00,20:00
od_15,walking,walking-2,5564.73083435787,66.77677001229445,194,1025.5884139759637,1011.3975710124996,1024.3479783013845,-14.190842963464092,-1.3836781666096978,0.1515151515151515,0.8484848484848485,development_exploratory_not_untouched_final,C_xgboost_current_pm,hourly_forecast_bucket_aware_arrival_time_exposure,2022-02-27T20:00:00,2022-02-27T19:00:00,20:00
od_15,walking,walking-3,6642.2980399657945,79.70757647958953,304,1221.9311962054462,1196.4336488618096,1224.4802197869142,-25.4975473436366,-2.086659823631316,0.012396694214876,0.987603305785124,development_exploratory_not_untouched_final,C_xgboost_current_pm,hourly_forecast_bucket_aware_arrival_time_exposure,2022-02-27T20:00:00,2022-02-27T19:00:00,20:00
od_15,walking,walking-4,5539.285393453677,66.47142472144414,189,1020.8137869667968,1006.7048009824786,1019.7103173976102,-14.108985984318338,-1.382131213787892,0.8656716417910447,0.1343283582089552,development_exploratory_not_untouched_final,C_xgboost_current_pm,hourly_forecast_bucket_aware_arrival_time_exposure,2022-02-27T20:00:00,2022-02-27T19:00:00,20:00
od_15,walking,walking-5,5540.419810345768,66.48503772414922,189,1020.9994501012116,1006.8927567422986,1019.9110221793436,-14.106693358913049,-1.3816553336551407,0.9329896907216496,0.0670103092783505,development_exploratory_not_untouched_final,C_xgboost_current_pm,hourly_forecast_bucket_aware_arrival_time_exposure,2022-02-27T20:00:00,2022-02-27T19:00:00,20:00
od_15,walking,walking-6,5540.793403493031,66.48952084191637,195,1021.0830369754032,1006.9757882981952,1019.9688155752164,-14.107248677208077,-1.3815966151975068,0.6008403361344538,0.3991596638655462,development_exploratory_not_untouched_final,C_xgboost_current_pm,hourly_forecast_bucket_aware_arrival_time_exposure,2022-02-27T20:00:00,2022-02-27T19:00:00,20:00
od_15,walking,walking-7,5540.837695520378,66.49005234624452,194,1021.0903834286242,1006.9836396809148,1019.9742053312982,-14.106743747709402,-1.3815372249752935,0.5767634854771784,0.4232365145228216,development_exploratory_not_untouched_final,C_xgboost_current_pm,hourly_forecast_bucket_aware_arrival_time_exposure,2022-02-27T20:00:00,2022-02-27T19:00:00,20:00
od_15,walking,walking-8,5540.979390083845,66.49175268100615,191,1021.115389745774,1007.0111555197072,1019.9873553139912,-14.104234226066978,-1.3812576294221257,0.47265625,0.52734375,development_exploratory_not_untouched_final,C_xgboost_current_pm,hourly_forecast_bucket_aware_arrival_time_exposure,2022-02-27T20:00:00,2022-02-27T19:00:00,20:00
od_15,motorbike,motorbike-1,6597.866213869733,15.834878913287358,206,244.1801103278537,241.8471099473988,242.9926472493725,-2.3330003804548767,-0.9554424303119624,1.0,0.0,development_exploratory_not_untouched_final,C_xgboost_current_pm,hourly_forecast_bucket_aware_arrival_time_exposure,2022-02-27T20:00:00,2022-02-27T19:00:00,20:00
od_15,motorbike,motorbike-2,7259.933104184688,17.423839450043253,284,268.31543882502825,265.69062747370657,267.89314072175966,-2.624811351321682,-0.978255803250052,0.0913140311804008,0.9086859688195992,development_exploratory_not_untouched_final,C_xgboost_current_pm,hourly_forecast_bucket_aware_arrival_time_exposure,2022-02-27T20:00:00,2022-02-27T19:00:00,20:00
od_15,motorbike,motorbike-3,8286.265009658548,19.88703602318051,288,307.751221962835,304.77467903641286,304.4436654304595,-2.9765429264221552,-0.9671912616423702,0.051063829787234,0.948936170212766,development_exploratory_not_untouched_final,C_xgboost_current_pm,hourly_forecast_bucket_aware_arrival_time_exposure,2022-02-27T20:00:00,2022-02-27T19:00:00,20:00
od_15,motorbike,motorbike-4,8479.19339785534,20.35006415485282,266,316.08897879971755,312.87642187921705,311.25158949362026,-3.212556920500504,-1.0163457557740618,0.0442477876106194,0.9557522123893806,development_exploratory_not_untouched_final,C_xgboost_current_pm,hourly_forecast_bucket_aware_arrival_time_exposure,2022-02-27T20:00:00,2022-02-27T19:00:00,20:00
od_15,motorbike,motorbike-5,8534.445133326042,20.4826683199825,282,316.93089723316183,313.66710782058664,314.41988284622295,-3.2637894125751927,-1.02981105378756,0.0494623655913978,0.9505376344086022,development_exploratory_not_untouched_final,C_xgboost_current_pm,hourly_forecast_bucket_aware_arrival_time_exposure,2022-02-27T20:00:00,2022-02-27T19:00:00,20:00
od_15,motorbike,motorbike-6,9231.543438768904,22.155704253045368,279,344.0414026583141,340.46129362060464,339.4069585736623,-3.5801090377094624,-1.0406041278889506,0.0543478260869565,0.9456521739130436,development_exploratory_not_untouched_final,C_xgboost_current_pm,hourly_forecast_bucket_aware_arrival_time_exposure,2022-02-27T20:00:00,2022-02-27T19:00:00,20:00
od_15,motorbike,motorbike-7,9919.657394086717,23.807177745808115,469,366.1297458460478,362.468917722434,366.21017942524605,-3.66082812361384,-0.99987181187763,0.0481366459627329,0.9518633540372672,development_exploratory_not_untouched_final,C_xgboost_current_pm,hourly_forecast_bucket_aware_arrival_time_exposure,2022-02-27T20:00:00,2022-02-27T19:00:00,20:00
od_15,motorbike,motorbike-8,11122.098007482558,26.693035217958137,533,411.8890325935226,407.3227468923176,412.1792819297143,-4.566285701205004,-1.108620366134219,0.0423131170662905,0.9576868829337094,development_exploratory_not_untouched_final,C_xgboost_current_pm,hourly_forecast_bucket_aware_arrival_time_exposure,2022-02-27T20:00:00,2022-02-27T19:00:00,20:00
od_16,walking,walking-1,3526.7526483840734,42.32103178060888,93,659.2864334686307,652.2300412524895,649.2019195036354,-7.056392216141148,-1.0703075109578903,1.0,0.0,development_exploratory_not_untouched_final,C_xgboost_current_pm,hourly_forecast_bucket_aware_arrival_time_exposure,2022-02-27T20:00:00,2022-02-27T19:00:00,20:00
od_16,walking,walking-2,3567.1582323977727,42.80589878877327,97,666.8115468092923,659.7321950058138,656.4119423156292,-7.079351803478517,-1.0616720477252335,0.1111111111111111,0.8888888888888888,development_exploratory_not_untouched_final,C_xgboost_current_pm,hourly_forecast_bucket_aware_arrival_time_exposure,2022-02-27T20:00:00,2022-02-27T19:00:00,20:00
od_16,walking,walking-3,3734.965631994319,44.81958758393183,103,699.5944546788817,691.7711266703574,688.1241160186869,-7.8233280085242995,-1.1182661549419024,0.0155440414507772,0.9844559585492229,development_exploratory_not_untouched_final,C_xgboost_current_pm,hourly_forecast_bucket_aware_arrival_time_exposure,2022-02-27T20:00:00,2022-02-27T19:00:00,20:00
od_16,walking,walking-4,4130.93814370375,49.571257724445005,172,774.9205019219212,765.8135886844289,762.4144222090135,-9.106913237492336,-1.175206129519841,0.0037878787878787,0.9962121212121212,development_exploratory_not_untouched_final,C_xgboost_current_pm,hourly_forecast_bucket_aware_arrival_time_exposure,2022-02-27T20:00:00,2022-02-27T19:00:00,20:00
od_16,walking,walking-5,4672.320754159965,56.06784904991958,178,875.084546706624,864.9382066316698,862.6307736982955,-10.146340074954196,-1.1594696893162943,0.0037037037037037,0.9962962962962963,development_exploratory_not_untouched_final,C_xgboost_current_pm,hourly_forecast_bucket_aware_arrival_time_exposure,2022-02-27T20:00:00,2022-02-27T19:00:00,20:00
od_16,walking,walking-6,4619.874164764931,55.43848997717917,117,862.3905991049713,853.4505959038647,849.85441255792,-8.940003201106606,-1.0366536010927012,0.0606060606060606,0.9393939393939394,development_exploratory_not_untouched_final,C_xgboost_current_pm,hourly_forecast_bucket_aware_arrival_time_exposure,2022-02-27T20:00:00,2022-02-27T19:00:00,20:00
od_16,walking,walking-7,4741.988775572993,56.90386530687592,141,886.1159996256829,876.5239595691902,873.6982099923133,-9.592040056492692,-1.082481307249232,0.1142857142857142,0.8857142857142857,development_exploratory_not_untouched_final,C_xgboost_current_pm,hourly_forecast_bucket_aware_arrival_time_exposure,2022-02-27T20:00:00,2022-02-27T19:00:00,20:00
od_16,walking,walking-8,4638.060823025682,55.65672987630819,146,866.3969750561733,857.2030396888487,853.8589221236626,-9.193935367324684,-1.0611689135605062,0.0669642857142857,0.9330357142857144,development_exploratory_not_untouched_final,C_xgboost_current_pm,hourly_forecast_bucket_aware_arrival_time_exposure,2022-02-27T20:00:00,2022-02-27T19:00:00,20:00
od_16,motorbike,motorbike-1,3518.2726482470057,8.443854355792814,92,131.53086386037205,130.1250939240032,129.52550782294978,-1.4057699363688414,-1.0687757193331833,1.0,0.0,development_exploratory_not_untouched_final,C_xgboost_current_pm,hourly_forecast_bucket_aware_arrival_time_exposure,2022-02-27T20:00:00,2022-02-27T19:00:00,20:00
od_16,motorbike,motorbike-2,3558.917201928772,8.541401284629051,96,133.04496494271558,131.63433420454606,130.97705635090628,-1.410630738169516,-1.0602661579691373,0.1058823529411764,0.8941176470588236,development_exploratory_not_untouched_final,C_xgboost_current_pm,hourly_forecast_bucket_aware_arrival_time_exposure,2022-02-27T20:00:00,2022-02-27T19:00:00,20:00
od_16,motorbike,motorbike-3,3730.253531844718,8.952608476427322,104,139.7381216873842,138.17380305462316,137.46277077258912,-1.5643186327610294,-1.1194644767450448,0.0103092783505154,0.9896907216494846,development_exploratory_not_untouched_final,C_xgboost_current_pm,hourly_forecast_bucket_aware_arrival_time_exposure,2022-02-27T20:00:00,2022-02-27T19:00:00,20:00
od_16,motorbike,motorbike-4,4315.9206768779495,10.35820962450708,171,161.90758621518734,160.00395581496554,159.30678814306413,-1.9036304002218003,-1.1757512076622108,0.0,1.0,development_exploratory_not_untouched_final,C_xgboost_current_pm,hourly_forecast_bucket_aware_arrival_time_exposure,2022-02-27T20:00:00,2022-02-27T19:00:00,20:00
od_16,motorbike,motorbike-5,4371.406174047021,10.49137481771285,167,163.67147646095236,161.79585013234168,161.39545744170715,-1.875626328610679,-1.1459701892883902,0.0,1.0,development_exploratory_not_untouched_final,C_xgboost_current_pm,hourly_forecast_bucket_aware_arrival_time_exposure,2022-02-27T20:00:00,2022-02-27T19:00:00,20:00
od_16,motorbike,motorbike-6,5438.996656530225,13.053591975672536,174,204.0985897704849,201.7005154653499,200.71079196792175,-2.398074305134969,-1.1749587823373386,0.0,1.0,development_exploratory_not_untouched_final,C_xgboost_current_pm,hourly_forecast_bucket_aware_arrival_time_exposure,2022-02-27T20:00:00,2022-02-27T19:00:00,20:00
od_16,motorbike,motorbike-7,5740.59407093733,13.777425770249591,216,215.2001800313644,212.62413700578549,212.17435278870104,-2.5760430255788838,-1.1970450141832771,0.0,1.0,development_exploratory_not_untouched_final,C_xgboost_current_pm,hourly_forecast_bucket_aware_arrival_time_exposure,2022-02-27T20:00:00,2022-02-27T19:00:00,20:00
od_16,motorbike,motorbike-8,4046.094071154421,9.71062577077061,111,151.33687411830132,149.72492990324247,148.89487648681492,-1.6119442150588554,-1.0651364543176602,0.0572916666666666,0.9427083333333334,development_exploratory_not_untouched_final,C_xgboost_current_pm,hourly_forecast_bucket_aware_arrival_time_exposure,2022-02-27T20:00:00,2022-02-27T19:00:00,20:00
od_17,walking,walking-1,2869.567443923257,34.43480932707909,109,509.6456201692088,518.411765804504,515.396477140315,8.766145635295118,1.7200472815570642,1.0,0.0,development_exploratory_not_untouched_final,C_xgboost_current_pm,hourly_forecast_bucket_aware_arrival_time_exposure,2022-02-27T20:00:00,2022-02-27T19:00:00,20:00
od_17,walking,walking-2,3117.1436411806258,37.40572369416751,127,552.4750432453977,561.9879979453762,558.6889691333342,9.512954699978422,1.7218795339779664,0.0305676855895196,0.9694323144104804,development_exploratory_not_untouched_final,C_xgboost_current_pm,hourly_forecast_bucket_aware_arrival_time_exposure,2022-02-27T20:00:00,2022-02-27T19:00:00,20:00
od_17,walking,walking-3,3492.8486766457945,41.91418411974953,138,616.073123927131,626.693806810016,622.861141428106,10.620682882885037,1.723932187657199,0.0040650406504065,0.9959349593495936,development_exploratory_not_untouched_final,C_xgboost_current_pm,hourly_forecast_bucket_aware_arrival_time_exposure,2022-02-27T20:00:00,2022-02-27T19:00:00,20:00
od_17,walking,walking-4,3798.92964477752,45.58715573733024,189,675.3959033647577,686.2174366750779,682.8759438697338,10.821533310320206,1.6022503625515587,0.0719424460431654,0.9280575539568344,development_exploratory_not_untouched_final,C_xgboost_current_pm,hourly_forecast_bucket_aware_arrival_time_exposure,2022-02-27T20:00:00,2022-02-27T19:00:00,20:00
od_17,walking,walking-5,3699.564317421375,44.3947718090565,171,654.2528242002102,664.8672477137675,661.4552446997493,10.614423513557313,1.6223733579649258,0.0108303249097472,0.9891696750902528,development_exploratory_not_untouched_final,C_xgboost_current_pm,hourly_forecast_bucket_aware_arrival_time_exposure,2022-02-27T20:00:00,2022-02-27T19:00:00,20:00
od_17,walking,walking-6,4039.383924892288,48.47260709870746,189,718.0778669961201,730.8540940678524,726.2272699875188,12.776227071732364,1.7792258554323883,0.1778656126482213,0.8221343873517787,development_exploratory_not_untouched_final,C_xgboost_current_pm,hourly_forecast_bucket_aware_arrival_time_exposure,2022-02-27T20:00:00,2022-02-27T19:00:00,20:00
od_17,walking,walking-7,3979.441860286413,47.75330232343696,175,700.838773686659,712.0784420223475,708.3561946478058,11.23966833568852,1.6037452203969684,0.0106761565836298,0.98932384341637,development_exploratory_not_untouched_final,C_xgboost_current_pm,hourly_forecast_bucket_aware_arrival_time_exposure,2022-02-27T20:00:00,2022-02-27T19:00:00,20:00
od_17,walking,walking-8,3406.846781900452,40.88216138280541,133,603.3864843306459,613.9040632585386,610.1771673189003,10.517578927892714,1.7430915675150014,0.0476190476190476,0.9523809523809524,development_exploratory_not_untouched_final,C_xgboost_current_pm,hourly_forecast_bucket_aware_arrival_time_exposure,2022-02-27T20:00:00,2022-02-27T19:00:00,20:00
od_17,motorbike,motorbike-1,3100.431544695214,7.441035707268513,123,109.98014008477064,111.77904607568726,111.21241477366868,1.7989059909166087,1.6356643931622976,1.0,0.0,development_exploratory_not_untouched_final,C_xgboost_current_pm,hourly_forecast_bucket_aware_arrival_time_exposure,2022-02-27T20:00:00,2022-02-27T19:00:00,20:00
od_17,motorbike,motorbike-2,3430.7028674671524,8.233686881921164,158,120.81063121244168,122.81083434614142,122.1181139798758,2.000203133699742,1.6556515876342437,0.0035714285714285,0.9964285714285714,development_exploratory_not_untouched_final,C_xgboost_current_pm,hourly_forecast_bucket_aware_arrival_time_exposure,2022-02-27T20:00:00,2022-02-27T19:00:00,20:00
od_17,motorbike,motorbike-3,3598.669823020513,8.63680757524923,172,127.2520379209606,129.37474152355128,128.66196825522317,2.122703602590676,1.6681097114602907,0.0034013605442176,0.9965986394557824,development_exploratory_not_untouched_final,C_xgboost_current_pm,hourly_forecast_bucket_aware_arrival_time_exposure,2022-02-27T20:00:00,2022-02-27T19:00:00,20:00
od_17,motorbike,motorbike-4,3910.031297179511,9.384075113230828,207,138.8967366561831,141.09411536425912,140.42290727998693,2.1973787080760303,1.582023279290783,0.0610932475884244,0.9389067524115756,development_exploratory_not_untouched_final,C_xgboost_current_pm,hourly_forecast_bucket_aware_arrival_time_exposure,2022-02-27T20:00:00,2022-02-27T19:00:00,20:00
od_17,motorbike,motorbike-5,4322.052827981246,10.37292678715499,179,151.94808839652944,154.3209807461315,153.5738884439122,2.3728923496020684,1.5616467272754886,0.0033222591362126,0.9966777408637874,development_exploratory_not_untouched_final,C_xgboost_current_pm,hourly_forecast_bucket_aware_arrival_time_exposure,2022-02-27T20:00:00,2022-02-27T19:00:00,20:00
od_17,motorbike,motorbike-6,4425.4574769019055,10.621097944564571,173,157.68407375277417,160.03164744232285,159.44442609652097,2.347573689548682,1.4887830036845306,0.1003717472118959,0.8996282527881041,development_exploratory_not_untouched_final,C_xgboost_current_pm,hourly_forecast_bucket_aware_arrival_time_exposure,2022-02-27T20:00:00,2022-02-27T19:00:00,20:00
od_17,motorbike,motorbike-7,4846.264008247869,11.631033619794886,212,170.14264020124307,173.00889471159925,171.96278196229565,2.8662545103561854,1.6846185688467084,0.0029940119760479,0.997005988023952,development_exploratory_not_untouched_final,C_xgboost_current_pm,hourly_forecast_bucket_aware_arrival_time_exposure,2022-02-27T20:00:00,2022-02-27T19:00:00,20:00
od_17,motorbike,motorbike-8,4544.134894653479,10.90592374716835,236,161.64201331084928,164.2474157029998,163.46464524319768,2.6054023921505234,1.6118349052855128,0.0466472303206997,0.9533527696793004,development_exploratory_not_untouched_final,C_xgboost_current_pm,hourly_forecast_bucket_aware_arrival_time_exposure,2022-02-27T20:00:00,2022-02-27T19:00:00,20:00
od_18,walking,walking-1,5302.621662889769,63.63145995467723,203,976.3151629782176,961.9976953527816,988.9796582708852,-14.317467625435825,-1.4664801048219775,1.0,0.0,development_exploratory_not_untouched_final,C_xgboost_current_pm,hourly_forecast_bucket_aware_arrival_time_exposure,2022-02-27T20:00:00,2022-02-27T19:00:00,20:00
od_18,walking,walking-2,5453.31078610955,65.43972943331461,229,1003.3719043354348,987.1726521768492,1015.9356707705698,-16.19925215858541,-1.6144813392313084,0.1612903225806451,0.8387096774193549,development_exploratory_not_untouched_final,C_xgboost_current_pm,hourly_forecast_bucket_aware_arrival_time_exposure,2022-02-27T20:00:00,2022-02-27T19:00:00,20:00
od_18,walking,walking-3,5886.37401271426,70.63648815257112,231,1089.6534253271973,1065.8075256577597,1112.453986856267,-23.845899669437586,-2.1883930353614245,0.0,1.0,development_exploratory_not_untouched_final,C_xgboost_current_pm,hourly_forecast_bucket_aware_arrival_time_exposure,2022-02-27T20:00:00,2022-02-27T19:00:00,20:00
od_18,walking,walking-4,5942.626807119122,71.31152168542945,200,1099.1605520350315,1075.1005327247483,1119.3797590082936,-24.060019310283224,-2.1889449421867897,0.0176767676767676,0.9823232323232324,development_exploratory_not_untouched_final,C_xgboost_current_pm,hourly_forecast_bucket_aware_arrival_time_exposure,2022-02-27T20:00:00,2022-02-27T19:00:00,20:00
od_18,walking,walking-5,5308.283968697918,63.69940762437501,204,977.3518035567198,962.5603123404755,989.9121405609588,-14.791491216244252,-1.51342547917914,0.938095238095238,0.0619047619047619,development_exploratory_not_untouched_final,C_xgboost_current_pm,hourly_forecast_bucket_aware_arrival_time_exposure,2022-02-27T20:00:00,2022-02-27T19:00:00,20:00
od_18,walking,walking-6,5308.400234141976,63.70080280970371,204,977.373265889731,962.581423638234,989.9344788986128,-14.79184225149686,-1.5134281617608418,0.9473684210526316,0.0526315789473684,development_exploratory_not_untouched_final,C_xgboost_current_pm,hourly_forecast_bucket_aware_arrival_time_exposure,2022-02-27T20:00:00,2022-02-27T19:00:00,20:00
od_18,walking,walking-7,5309.089136494983,63.7090696379398,205,977.499690966504,962.7083557163764,990.0542816695726,-14.791335250127418,-1.513180555126567,0.933649289099526,0.0663507109004739,development_exploratory_not_untouched_final,C_xgboost_current_pm,hourly_forecast_bucket_aware_arrival_time_exposure,2022-02-27T20:00:00,2022-02-27T19:00:00,20:00
od_18,walking,walking-8,5309.1663973922905,63.70999676870749,197,977.5274555105304,962.7388269903336,990.0491660701672,-14.78862852019688,-1.5128606809793663,0.6194331983805668,0.3805668016194332,development_exploratory_not_untouched_final,C_xgboost_current_pm,hourly_forecast_bucket_aware_arrival_time_exposure,2022-02-27T20:00:00,2022-02-27T19:00:00,20:00
od_18,motorbike,motorbike-1,5302.621662889769,12.726291990935444,203,195.26303259564344,192.92383965772612,197.92141429044767,-2.3391929379172893,-1.1979701978517154,1.0,0.0,development_exploratory_not_untouched_final,C_xgboost_current_pm,hourly_forecast_bucket_aware_arrival_time_exposure,2022-02-27T20:00:00,2022-02-27T19:00:00,20:00
od_18,motorbike,motorbike-2,5717.7226839283285,13.722534441427989,212,211.91849628251575,208.90547917129,216.77531604516605,-3.013017111225764,-1.4217810922973937,0.0272277227722772,0.9727722772277227,development_exploratory_not_untouched_final,C_xgboost_current_pm,hourly_forecast_bucket_aware_arrival_time_exposure,2022-02-27T20:00:00,2022-02-27T19:00:00,20:00
od_18,motorbike,motorbike-3,6081.216092446163,14.594918621870791,196,224.7599254149993,221.69136799068616,229.51091321081032,-3.0685574243131555,-1.365260029628207,0.0,1.0,development_exploratory_not_untouched_final,C_xgboost_current_pm,hourly_forecast_bucket_aware_arrival_time_exposure,2022-02-27T20:00:00,2022-02-27T19:00:00,20:00
od_18,motorbike,motorbike-4,6866.884558121766,16.48052293949224,281,250.8779228701984,248.3282418207592,252.8613967906388,-2.5496810494392435,-1.016303475518817,0.0,1.0,development_exploratory_not_untouched_final,C_xgboost_current_pm,hourly_forecast_bucket_aware_arrival_time_exposure,2022-02-27T20:00:00,2022-02-27T19:00:00,20:00
od_18,motorbike,motorbike-5,6679.123938559837,16.02989745254361,243,247.56542422621555,243.96633159790477,253.4796947268744,-3.599092628310814,-1.4537945432243011,0.0,1.0,development_exploratory_not_untouched_final,C_xgboost_current_pm,hourly_forecast_bucket_aware_arrival_time_exposure,2022-02-27T20:00:00,2022-02-27T19:00:00,20:00
od_18,motorbike,motorbike-6,7275.468701341869,17.461124883220485,263,270.25944578444995,266.2526527464151,276.9966859755362,-4.006793038034857,-1.4825728019995066,0.0130434782608695,0.9869565217391304,development_exploratory_not_untouched_final,C_xgboost_current_pm,hourly_forecast_bucket_aware_arrival_time_exposure,2022-02-27T20:00:00,2022-02-27T19:00:00,20:00
od_18,motorbike,motorbike-7,7933.760205359548,19.04102449286292,333,291.87774378843733,288.3250565196868,296.23594860532586,-3.552687268750504,-1.2171833393797948,0.0132325141776937,0.9867674858223062,development_exploratory_not_untouched_final,C_xgboost_current_pm,hourly_forecast_bucket_aware_arrival_time_exposure,2022-02-27T20:00:00,2022-02-27T19:00:00,20:00
od_18,motorbike,motorbike-8,8688.186354942,20.8516472518608,323,316.2525227053476,313.5593439994975,317.69615104624194,-2.6931787058500163,-0.8515912166680962,0.0,1.0,development_exploratory_not_untouched_final,C_xgboost_current_pm,hourly_forecast_bucket_aware_arrival_time_exposure,2022-02-27T20:00:00,2022-02-27T19:00:00,20:00
od_19,walking,walking-1,4418.02744247005,53.01632930964061,189,801.2265628663936,793.7881663360339,817.980486695653,-7.438396530359682,-0.9283761766146104,1.0,0.0,development_exploratory_not_untouched_final,C_xgboost_current_pm,hourly_forecast_bucket_aware_arrival_time_exposure,2022-02-27T20:00:00,2022-02-27T19:00:00,20:00
od_19,walking,walking-2,4669.099392270077,56.02919270724093,200,848.7151338040264,840.5078390357606,866.6395767153965,-8.207294768265797,-0.9670258537137046,0.0428954423592493,0.9571045576407506,development_exploratory_not_untouched_final,C_xgboost_current_pm,hourly_forecast_bucket_aware_arrival_time_exposure,2022-02-27T20:00:00,2022-02-27T19:00:00,20:00
od_19,walking,walking-3,4794.828675782964,57.53794410939557,214,875.2791752722849,866.2262781190848,894.3227127842703,-9.052897153200092,-1.034286820588858,0.0176767676767676,0.9823232323232324,development_exploratory_not_untouched_final,C_xgboost_current_pm,hourly_forecast_bucket_aware_arrival_time_exposure,2022-02-27T20:00:00,2022-02-27T19:00:00,20:00
od_19,walking,walking-4,4983.018894738077,59.79622673685692,199,903.401946628067,894.9110106300627,922.871355306106,-8.490935998004261,-0.9398846249663886,0.0291777188328912,0.9708222811671088,development_exploratory_not_untouched_final,C_xgboost_current_pm,hourly_forecast_bucket_aware_arrival_time_exposure,2022-02-27T20:00:00,2022-02-27T19:00:00,20:00
od_19,walking,walking-5,5519.494188661551,66.23393026393862,225,1007.6081280694342,991.6538321079342,1028.901534125054,-15.954295961499952,-1.5833830153859718,0.0072992700729927,0.9927007299270072,development_exploratory_not_untouched_final,C_xgboost_current_pm,hourly_forecast_bucket_aware_arrival_time_exposure,2022-02-27T20:00:00,2022-02-27T19:00:00,20:00
od_19,walking,walking-6,4419.070388169506,53.02884465803408,189,801.4178912228342,793.9760937046599,818.1802983941254,-7.441797518174326,-0.9285789099141952,0.9790575916230366,0.0209424083769633,development_exploratory_not_untouched_final,C_xgboost_current_pm,hourly_forecast_bucket_aware_arrival_time_exposure,2022-02-27T20:00:00,2022-02-27T19:00:00,20:00
od_19,walking,walking-7,4419.312988553481,53.031755862641766,190,801.4581632554236,794.0189126265096,818.2131553631842,-7.43925062891401,-0.92821446832567,0.9739583333333334,0.0260416666666666,development_exploratory_not_untouched_final,C_xgboost_current_pm,hourly_forecast_bucket_aware_arrival_time_exposure,2022-02-27T20:00:00,2022-02-27T19:00:00,20:00
od_19,walking,walking-8,4420.03263678007,53.04039164136084,188,801.5854687769778,794.1450342461063,818.3440208484468,-7.440434530871471,-0.9282147469843414,0.904040404040404,0.0959595959595959,development_exploratory_not_untouched_final,C_xgboost_current_pm,hourly_forecast_bucket_aware_arrival_time_exposure,2022-02-27T20:00:00,2022-02-27T19:00:00,20:00
od_19,motorbike,motorbike-1,4452.229550030954,10.685350920074288,188,161.47905666588215,159.9803532073592,164.8551998477215,-1.4987034585229535,-0.928110115000198,1.0,0.0,development_exploratory_not_untouched_final,C_xgboost_current_pm,hourly_forecast_bucket_aware_arrival_time_exposure,2022-02-27T20:00:00,2022-02-27T19:00:00,20:00
od_19,motorbike,motorbike-2,4754.873068349656,11.411695364039174,204,172.87006370807114,171.21188476861178,176.4588637847529,-1.6581789394593611,-0.959205373036455,0.0343007915567282,0.9656992084432716,development_exploratory_not_untouched_final,C_xgboost_current_pm,hourly_forecast_bucket_aware_arrival_time_exposure,2022-02-27T20:00:00,2022-02-27T19:00:00,20:00
od_19,motorbike,motorbike-3,4874.50019299605,11.698800463190516,224,177.91187155872615,176.075348157261,181.8031291138101,-1.8365234014651437,-1.0322657984399504,0.03,0.97,development_exploratory_not_untouched_final,C_xgboost_current_pm,hourly_forecast_bucket_aware_arrival_time_exposure,2022-02-27T20:00:00,2022-02-27T19:00:00,20:00
od_19,motorbike,motorbike-4,5145.295096555073,12.348708231732171,202,186.52476723242447,184.7674702320008,190.55691818560604,-1.7572970004236763,-0.9421252879699064,0.0893854748603352,0.9106145251396648,development_exploratory_not_untouched_final,C_xgboost_current_pm,hourly_forecast_bucket_aware_arrival_time_exposure,2022-02-27T20:00:00,2022-02-27T19:00:00,20:00
od_19,motorbike,motorbike-5,6605.204278532614,15.852490268478272,248,237.7772544882381,235.84800687091476,242.22627923425335,-1.9292476173233692,-0.8113676059872252,0.0022988505747126,0.9977011494252872,development_exploratory_not_untouched_final,C_xgboost_current_pm,hourly_forecast_bucket_aware_arrival_time_exposure,2022-02-27T20:00:00,2022-02-27T19:00:00,20:00
od_19,motorbike,motorbike-6,5903.006512813113,14.16721563075147,246,216.35716160174323,213.9607006947793,221.3089085794238,-2.3964609069639096,-1.1076411287809207,0.0163934426229508,0.9836065573770492,development_exploratory_not_untouched_final,C_xgboost_current_pm,hourly_forecast_bucket_aware_arrival_time_exposure,2022-02-27T20:00:00,2022-02-27T19:00:00,20:00
od_19,motorbike,motorbike-7,6287.954321782368,15.091090372277684,233,229.7407023595494,227.3962385896805,234.4476240306506,-2.344463769868895,-1.020482546536206,0.0120192307692307,0.9879807692307692,development_exploratory_not_untouched_final,C_xgboost_current_pm,hourly_forecast_bucket_aware_arrival_time_exposure,2022-02-27T20:00:00,2022-02-27T19:00:00,20:00
od_19,motorbike,motorbike-8,8408.646974442783,20.18075273866268,306,309.614789514033,305.78940730096656,317.2449778259818,-3.8253822130664616,-1.235529549176487,0.0102249488752556,0.9897750511247444,development_exploratory_not_untouched_final,C_xgboost_current_pm,hourly_forecast_bucket_aware_arrival_time_exposure,2022-02-27T20:00:00,2022-02-27T19:00:00,20:00
od_20,walking,walking-1,3870.689305537254,46.44827166644704,130,619.3215735691973,617.6786985405346,618.4588677064626,-1.6428750286627292,-0.2652701114858175,1.0,0.0,development_exploratory_not_untouched_final,C_xgboost_current_pm,hourly_forecast_bucket_aware_arrival_time_exposure,2022-02-27T20:00:00,2022-02-27T19:00:00,20:00
od_20,walking,walking-2,3950.8530504774094,47.41023660572891,187,649.9671294010021,649.901291515764,652.235170774651,-0.0658378852381247,-0.0101294176674441,0.1241134751773049,0.875886524822695,development_exploratory_not_untouched_final,C_xgboost_current_pm,hourly_forecast_bucket_aware_arrival_time_exposure,2022-02-27T20:00:00,2022-02-27T19:00:00,20:00
od_20,walking,walking-3,4345.859001048228,52.15030801257873,109,688.1932646017657,685.7222572370548,685.9738649009199,-2.4710073647108857,-0.3590571852139201,0.0622222222222222,0.9377777777777778,development_exploratory_not_untouched_final,C_xgboost_current_pm,hourly_forecast_bucket_aware_arrival_time_exposure,2022-02-27T20:00:00,2022-02-27T19:00:00,20:00
od_20,walking,walking-4,4882.235947122253,58.58683136546703,155,794.4721937355176,792.9979320212938,795.8659505324072,-1.4742617142238714,-0.1855649229574745,0.051660516605166,0.948339483394834,development_exploratory_not_untouched_final,C_xgboost_current_pm,hourly_forecast_bucket_aware_arrival_time_exposure,2022-02-27T20:00:00,2022-02-27T19:00:00,20:00
od_20,walking,walking-5,4964.158644154792,59.5699037298575,207,815.7112552946325,816.0942347960719,818.289464712428,0.3829795014394221,0.0469503760005237,0.0664556962025316,0.9335443037974684,development_exploratory_not_untouched_final,C_xgboost_current_pm,hourly_forecast_bucket_aware_arrival_time_exposure,2022-02-27T20:00:00,2022-02-27T19:00:00,20:00
od_20,walking,walking-6,3870.805038637056,46.44966046364468,131,619.3366095613503,617.6937280771837,618.4733240026612,-1.6428814841666508,-0.2652647136958743,0.9191176470588236,0.0808823529411765,development_exploratory_not_untouched_final,C_xgboost_current_pm,hourly_forecast_bucket_aware_arrival_time_exposure,2022-02-27T20:00:00,2022-02-27T19:00:00,20:00
od_20,walking,walking-7,3871.082348784088,46.452988185409055,131,619.3838301455704,617.7413865001148,618.5208722214577,-1.6424436454556144,-0.2651738010450805,0.9333333333333332,0.0666666666666666,development_exploratory_not_untouched_final,C_xgboost_current_pm,hourly_forecast_bucket_aware_arrival_time_exposure,2022-02-27T20:00:00,2022-02-27T19:00:00,20:00
od_20,walking,walking-8,3872.345590797201,46.468147089566415,131,619.5995290321056,617.9591766714428,618.7381457125313,-1.640352360662746,-0.2647439650616242,0.962406015037594,0.037593984962406,development_exploratory_not_untouched_final,C_xgboost_current_pm,hourly_forecast_bucket_aware_arrival_time_exposure,2022-02-27T20:00:00,2022-02-27T19:00:00,20:00
od_20,motorbike,motorbike-1,3654.393112300191,8.770543469520456,116,116.8669681226326,116.6178319903064,116.6621403703266,-0.2491361323261998,-0.2131792552920278,1.0,0.0,development_exploratory_not_untouched_final,C_xgboost_current_pm,hourly_forecast_bucket_aware_arrival_time_exposure,2022-02-27T20:00:00,2022-02-27T19:00:00,20:00
od_20,motorbike,motorbike-2,3919.565781839212,9.406957876414108,140,125.93787462010144,125.71106006827914,125.81915904072852,-0.226814551822315,-0.1801003490860185,0.3544973544973545,0.6455026455026456,development_exploratory_not_untouched_final,C_xgboost_current_pm,hourly_forecast_bucket_aware_arrival_time_exposure,2022-02-27T20:00:00,2022-02-27T19:00:00,20:00
od_20,motorbike,motorbike-3,4201.855861486638,10.08445406756793,131,133.8257475460809,133.43867263990924,133.5182274463181,-0.3870749061716481,-0.2892379928894958,0.235,0.765,development_exploratory_not_untouched_final,C_xgboost_current_pm,hourly_forecast_bucket_aware_arrival_time_exposure,2022-02-27T20:00:00,2022-02-27T19:00:00,20:00
od_20,motorbike,motorbike-4,4941.221431558331,11.858931435739994,218,162.44186798919873,162.3518364370618,162.96729660145513,-0.090031552136935,-0.0554238591635264,0.0536277602523659,0.946372239747634,development_exploratory_not_untouched_final,C_xgboost_current_pm,hourly_forecast_bucket_aware_arrival_time_exposure,2022-02-27T20:00:00,2022-02-27T19:00:00,20:00
od_20,motorbike,motorbike-5,5457.211260147203,13.097307024353286,244,184.5647785160042,185.05878162853745,185.9999379688423,0.4940031125332496,0.2676583888352311,0.0169491525423728,0.9830508474576272,development_exploratory_not_untouched_final,C_xgboost_current_pm,hourly_forecast_bucket_aware_arrival_time_exposure,2022-02-27T20:00:00,2022-02-27T19:00:00,20:00
od_20,motorbike,motorbike-6,6581.540642478123,15.795697541947495,278,219.99309293941812,220.46333526570487,221.2288353676357,0.4702423262867228,0.2137532228869651,0.0233766233766233,0.9766233766233766,development_exploratory_not_untouched_final,C_xgboost_current_pm,hourly_forecast_bucket_aware_arrival_time_exposure,2022-02-27T20:00:00,2022-02-27T19:00:00,20:00
od_20,motorbike,motorbike-7,7460.396092847425,17.90495062283382,316,256.2577102515913,255.86860847658605,259.68631059064825,-0.3891017750052299,-0.1518400264418243,0.0236966824644549,0.976303317535545,development_exploratory_not_untouched_final,C_xgboost_current_pm,hourly_forecast_bucket_aware_arrival_time_exposure,2022-02-27T20:00:00,2022-02-27T19:00:00,20:00
od_20,motorbike,motorbike-8,7893.002443534943,18.94320586448386,322,272.3557371796031,273.22593354997275,275.59484325949626,0.8701963703696265,0.3195072662617646,0.0115473441108545,0.9884526558891455,development_exploratory_not_untouched_final,C_xgboost_current_pm,hourly_forecast_bucket_aware_arrival_time_exposure,2022-02-27T20:00:00,2022-02-27T19:00:00,20:00
od_21,walking,walking-1,3656.554209845969,43.87865051815163,198,641.9337871775222,638.3342886760706,653.672631011484,-3.599498501451535,-0.5607273792641359,1.0,0.0,development_exploratory_not_untouched_final,C_xgboost_current_pm,hourly_forecast_bucket_aware_arrival_time_exposure,2022-02-27T20:00:00,2022-02-27T19:00:00,20:00
od_21,walking,walking-2,3703.420846934152,44.44105016320982,153,654.8367344272948,651.7653513040607,666.8548683796101,-3.0713831232341136,-0.4690303646328386,0.0636363636363636,0.9363636363636364,development_exploratory_not_untouched_final,C_xgboost_current_pm,hourly_forecast_bucket_aware_arrival_time_exposure,2022-02-27T20:00:00,2022-02-27T19:00:00,20:00
od_21,walking,walking-3,3775.065186328442,45.300782235941305,157,670.4139436989468,667.8391772477893,682.0959431017448,-2.574766451157529,-0.384056220094632,0.0349854227405247,0.9650145772594751,development_exploratory_not_untouched_final,C_xgboost_current_pm,hourly_forecast_bucket_aware_arrival_time_exposure,2022-02-27T20:00:00,2022-02-27T19:00:00,20:00
od_21,walking,walking-4,4127.407665016449,49.52889198019739,170,735.0149254887289,732.5590321154012,746.3500522501253,-2.4558933733276263,-0.3341283677599668,0.0137741046831955,0.9862258953168044,development_exploratory_not_untouched_final,C_xgboost_current_pm,hourly_forecast_bucket_aware_arrival_time_exposure,2022-02-27T20:00:00,2022-02-27T19:00:00,20:00
od_21,walking,walking-5,4231.384507489439,50.77661408987327,209,746.606654432041,742.2023722956111,761.4463407408085,-4.404282136429856,-0.5899066275775808,0.0074257425742574,0.9925742574257426,development_exploratory_not_untouched_final,C_xgboost_current_pm,hourly_forecast_bucket_aware_arrival_time_exposure,2022-02-27T20:00:00,2022-02-27T19:00:00,20:00
od_21,walking,walking-6,4736.583304188543,56.83899965026252,231,844.2673379467951,841.6406153027048,858.2377282750015,-2.626722644090364,-0.3111245130574858,0.0046838407494145,0.9953161592505856,development_exploratory_not_untouched_final,C_xgboost_current_pm,hourly_forecast_bucket_aware_arrival_time_exposure,2022-02-27T20:00:00,2022-02-27T19:00:00,20:00
od_21,walking,walking-7,4840.254960892578,58.08305953071094,256,854.1753711307557,849.8000886594413,870.1520409278253,-4.375282471314449,-0.5122229719082697,0.1209876543209876,0.8790123456790123,development_exploratory_not_untouched_final,C_xgboost_current_pm,hourly_forecast_bucket_aware_arrival_time_exposure,2022-02-27T20:00:00,2022-02-27T19:00:00,20:00
od_21,walking,walking-8,4738.2173129590965,56.85860775550916,191,838.7649824917105,835.3200422048744,854.1917864040861,-3.444940286836072,-0.4107157974814618,0.0236842105263157,0.9763157894736842,development_exploratory_not_untouched_final,C_xgboost_current_pm,hourly_forecast_bucket_aware_arrival_time_exposure,2022-02-27T20:00:00,2022-02-27T19:00:00,20:00
od_21,motorbike,motorbike-1,3770.566646302767,9.04935995112664,154,133.90657133391588,133.39909311660105,136.22400154994324,-0.5074782173148265,-0.3789793228663545,1.0,0.0,development_exploratory_not_untouched_final,C_xgboost_current_pm,hourly_forecast_bucket_aware_arrival_time_exposure,2022-02-27T20:00:00,2022-02-27T19:00:00,20:00
od_21,motorbike,motorbike-2,3880.3113618434136,9.312747268424191,202,136.4488222371679,135.6744837275453,138.94541541007743,-0.7743385096226234,-0.5674937290969874,0.0953846153846153,0.9046153846153846,development_exploratory_not_untouched_final,C_xgboost_current_pm,hourly_forecast_bucket_aware_arrival_time_exposure,2022-02-27T20:00:00,2022-02-27T19:00:00,20:00
od_21,motorbike,motorbike-3,4009.0199907207616,9.621647977729827,176,141.40486729308589,140.5620685162874,144.205795439238,-0.8427987767984746,-0.5960182226624698,0.03125,0.96875,development_exploratory_not_untouched_final,C_xgboost_current_pm,hourly_forecast_bucket_aware_arrival_time_exposure,2022-02-27T20:00:00,2022-02-27T19:00:00,20:00
od_21,motorbike,motorbike-4,4351.407359613082,10.443377663071397,197,154.654396339584,154.12304835738945,157.14416754818413,-0.5313479821945464,-0.3435712108874251,0.0144508670520231,0.9855491329479767,development_exploratory_not_untouched_final,C_xgboost_current_pm,hourly_forecast_bucket_aware_arrival_time_exposure,2022-02-27T20:00:00,2022-02-27T19:00:00,20:00
od_21,motorbike,motorbike-5,4780.991840857919,11.474380418059006,236,166.1374256704978,164.8845967868111,169.33102554811865,-1.2528288836867034,-0.7540919083286224,0.0051546391752577,0.9948453608247424,development_exploratory_not_untouched_final,C_xgboost_current_pm,hourly_forecast_bucket_aware_arrival_time_exposure,2022-02-27T20:00:00,2022-02-27T19:00:00,20:00
od_21,motorbike,motorbike-6,5023.670349757082,12.056808839416997,227,177.48990000454415,176.6141898064228,180.81565807462107,-0.8757101981213395,-0.4933859324383637,0.0052770448548812,0.9947229551451188,development_exploratory_not_untouched_final,C_xgboost_current_pm,hourly_forecast_bucket_aware_arrival_time_exposure,2022-02-27T20:00:00,2022-02-27T19:00:00,20:00
od_21,motorbike,motorbike-7,6111.949874884903,14.668679699723764,290,218.92452383914647,218.80511450897845,221.79970425622656,-0.1194093301680254,-0.0545436062045569,0.004524886877828,0.995475113122172,development_exploratory_not_untouched_final,C_xgboost_current_pm,hourly_forecast_bucket_aware_arrival_time_exposure,2022-02-27T20:00:00,2022-02-27T19:00:00,20:00
od_21,motorbike,motorbike-8,6565.283984766543,15.756681563439704,324,226.6741983375243,224.5077406583523,231.4035639958396,-2.166457679171998,-0.9557583946744928,0.0042016806722689,0.9957983193277312,development_exploratory_not_untouched_final,C_xgboost_current_pm,hourly_forecast_bucket_aware_arrival_time_exposure,2022-02-27T20:00:00,2022-02-27T19:00:00,20:00
od_22,walking,walking-1,2923.0830049804026,35.07699605976483,139,525.6367384161077,522.7677372157744,531.3642577606237,-2.8690012003332868,-0.545814436216616,1.0,0.0,development_exploratory_not_untouched_final,C_xgboost_current_pm,hourly_forecast_bucket_aware_arrival_time_exposure,2022-02-27T20:00:00,2022-02-27T19:00:00,20:00
od_22,walking,walking-2,3130.359741676711,37.56431690012053,141,562.3473604006128,559.3633151628457,568.5122896256493,-2.984045237767191,-0.5306409255022332,0.081081081081081,0.9189189189189187,development_exploratory_not_untouched_final,C_xgboost_current_pm,hourly_forecast_bucket_aware_arrival_time_exposure,2022-02-27T20:00:00,2022-02-27T19:00:00,20:00
od_22,walking,walking-3,3298.849895487439,39.58619874584927,128,591.7221012066792,588.6381907011138,598.395730506782,-3.0839105055654272,-0.5211754807326803,0.0075471698113207,0.9924528301886792,development_exploratory_not_untouched_final,C_xgboost_current_pm,hourly_forecast_bucket_aware_arrival_time_exposure,2022-02-27T20:00:00,2022-02-27T19:00:00,20:00
od_22,walking,walking-4,3634.672604218706,43.61607125062448,178,654.7133254554728,651.063722509632,661.5629616004394,-3.6496029458407975,-0.5574352627238541,0.0325732899022801,0.96742671009772,development_exploratory_not_untouched_final,C_xgboost_current_pm,hourly_forecast_bucket_aware_arrival_time_exposure,2022-02-27T20:00:00,2022-02-27T19:00:00,20:00
od_22,walking,walking-5,3937.347627248149,47.248171526977785,194,705.5090175577052,701.9540090148566,713.3573681699213,-3.5550085428485545,-0.5038927149584991,0.003012048192771,0.9969879518072288,development_exploratory_not_untouched_final,C_xgboost_current_pm,hourly_forecast_bucket_aware_arrival_time_exposure,2022-02-27T20:00:00,2022-02-27T19:00:00,20:00
od_22,walking,walking-6,4028.912822926736,48.34695387512083,213,723.5943016970693,719.7461097343036,731.5869785494258,-3.8481919627657817,-0.5318162337293828,0.0114942528735632,0.9885057471264368,development_exploratory_not_untouched_final,C_xgboost_current_pm,hourly_forecast_bucket_aware_arrival_time_exposure,2022-02-27T20:00:00,2022-02-27T19:00:00,20:00
od_22,walking,walking-7,3966.091453703494,47.59309744444193,223,713.8477657405124,709.9480557229671,721.3855896155698,-3.899710017545317,-0.5462943507990026,0.13125,0.86875,development_exploratory_not_untouched_final,C_xgboost_current_pm,hourly_forecast_bucket_aware_arrival_time_exposure,2022-02-27T20:00:00,2022-02-27T19:00:00,20:00
od_22,walking,walking-8,3906.1922019945778,46.87430642393494,186,701.0081354489192,697.3226173737567,708.8450701344316,-3.6855180751625767,-0.5257454070490073,0.0517799352750809,0.948220064724919,development_exploratory_not_untouched_final,C_xgboost_current_pm,hourly_forecast_bucket_aware_arrival_time_exposure,2022-02-27T20:00:00,2022-02-27T19:00:00,20:00
od_22,motorbike,motorbike-1,2923.0830049804026,7.015399211952966,139,105.12734768322154,104.55354744315486,106.27285155212472,-0.5738002400666886,-0.5458144362166457,1.0,0.0,development_exploratory_not_untouched_final,C_xgboost_current_pm,hourly_forecast_bucket_aware_arrival_time_exposure,2022-02-27T20:00:00,2022-02-27T19:00:00,20:00
od_22,motorbike,motorbike-2,3253.4797045440173,7.80835129090564,151,116.78455498241313,116.16878005454986,118.0933551132362,-0.6157749278632707,-0.5272742855046215,0.0069444444444444,0.9930555555555556,development_exploratory_not_untouched_final,C_xgboost_current_pm,hourly_forecast_bucket_aware_arrival_time_exposure,2022-02-27T20:00:00,2022-02-27T19:00:00,20:00
od_22,motorbike,motorbike-3,3246.293405767103,7.791104173841047,155,116.72270434933334,116.086168405907,118.01474916039388,-0.6365359434263382,-0.5453402977378615,0.1484375,0.8515625,development_exploratory_not_untouched_final,C_xgboost_current_pm,hourly_forecast_bucket_aware_arrival_time_exposure,2022-02-27T20:00:00,2022-02-27T19:00:00,20:00
od_22,motorbike,motorbike-4,3447.2453151415484,8.273388756339717,165,123.55173554098056,122.90482766986472,124.97934456694752,-0.6469078711158431,-0.5235927025090407,0.0066225165562913,0.9933774834437086,development_exploratory_not_untouched_final,C_xgboost_current_pm,hourly_forecast_bucket_aware_arrival_time_exposure,2022-02-27T20:00:00,2022-02-27T19:00:00,20:00
od_22,motorbike,motorbike-5,3792.1061157127183,9.101054677710524,198,136.6260054122208,135.84943888497807,138.09474313773262,-0.7765665272427213,-0.5683885179104122,0.0305810397553516,0.9694189602446484,development_exploratory_not_untouched_final,C_xgboost_current_pm,hourly_forecast_bucket_aware_arrival_time_exposure,2022-02-27T20:00:00,2022-02-27T19:00:00,20:00
od_22,motorbike,motorbike-6,5150.575893512994,12.361382144431188,235,186.0280723962265,184.95139132091927,187.85877445940747,-1.076681075307249,-0.5787734407170523,0.0080862533692722,0.9919137466307276,development_exploratory_not_untouched_final,C_xgboost_current_pm,hourly_forecast_bucket_aware_arrival_time_exposure,2022-02-27T20:00:00,2022-02-27T19:00:00,20:00
od_22,motorbike,motorbike-7,4930.396361172614,11.832951266814272,245,176.994459426039,176.1542694046999,178.69642268496418,-0.8401900213391116,-0.4746984872089757,0.0294906166219839,0.970509383378016,development_exploratory_not_untouched_final,C_xgboost_current_pm,hourly_forecast_bucket_aware_arrival_time_exposure,2022-02-27T20:00:00,2022-02-27T19:00:00,20:00
od_22,motorbike,motorbike-8,7206.146067977132,17.294750563145115,287,260.4162297410569,259.0112634716146,262.5783553788139,-1.4049662694422975,-0.5395079526492325,0.0023529411764705,0.9976470588235294,development_exploratory_not_untouched_final,C_xgboost_current_pm,hourly_forecast_bucket_aware_arrival_time_exposure,2022-02-27T20:00:00,2022-02-27T19:00:00,20:00
od_23,walking,walking-1,4221.266579474209,50.65519895369051,125,781.958455352569,770.6834322935429,805.7470751369553,-11.275023059026124,-1.4418954078503377,1.0,0.0,development_exploratory_not_untouched_final,C_xgboost_current_pm,hourly_forecast_bucket_aware_arrival_time_exposure,2022-02-27T20:00:00,2022-02-27T19:00:00,20:00
od_23,walking,walking-2,4277.290032966221,51.327480395594655,135,792.2413499527897,780.8339633653371,816.3027247110168,-11.407386587452606,-1.4398878054184348,0.1872146118721461,0.812785388127854,development_exploratory_not_untouched_final,C_xgboost_current_pm,hourly_forecast_bucket_aware_arrival_time_exposure,2022-02-27T20:00:00,2022-02-27T19:00:00,20:00
od_23,walking,walking-3,5021.308970105159,60.2557076412619,175,932.3161972841118,918.0760988676208,962.4781215304072,-14.240098416490923,-1.5273893618895724,0.0101010101010101,0.98989898989899,development_exploratory_not_untouched_final,C_xgboost_current_pm,hourly_forecast_bucket_aware_arrival_time_exposure,2022-02-27T20:00:00,2022-02-27T19:00:00,20:00
od_23,walking,walking-4,5288.480351008413,63.46176421210096,202,975.5992369127988,959.3671352915604,1004.443194863227,-16.23210162123837,-1.6638083556321226,0.0,1.0,development_exploratory_not_untouched_final,C_xgboost_current_pm,hourly_forecast_bucket_aware_arrival_time_exposure,2022-02-27T20:00:00,2022-02-27T19:00:00,20:00
od_23,walking,walking-5,5373.048826836592,64.4765859220391,234,989.5696374990438,972.3218807345042,1019.2045273199076,-17.24775676453953,-1.742955332393795,0.0169971671388102,0.9830028328611898,development_exploratory_not_untouched_final,C_xgboost_current_pm,hourly_forecast_bucket_aware_arrival_time_exposure,2022-02-27T20:00:00,2022-02-27T19:00:00,20:00
od_23,walking,walking-6,4221.918341608979,50.66302009930776,125,782.0956402120526,770.8148787281986,805.900001504858,-11.280761483854008,-1.4423762138343352,0.968503937007874,0.031496062992126,development_exploratory_not_untouched_final,C_xgboost_current_pm,hourly_forecast_bucket_aware_arrival_time_exposure,2022-02-27T20:00:00,2022-02-27T19:00:00,20:00
od_23,walking,walking-7,4223.545173895734,50.6825420867488,124,782.3649862851148,771.0852992201264,806.1639224964061,-11.279687064988366,-1.4417423149964108,0.9606299212598424,0.0393700787401575,development_exploratory_not_untouched_final,C_xgboost_current_pm,hourly_forecast_bucket_aware_arrival_time_exposure,2022-02-27T20:00:00,2022-02-27T19:00:00,20:00
od_23,walking,walking-8,4225.394324659734,50.7047318959168,125,782.7388107960477,771.4460682920812,806.5730340447221,-11.292742503966451,-1.4427216778074028,0.968503937007874,0.031496062992126,development_exploratory_not_untouched_final,C_xgboost_current_pm,hourly_forecast_bucket_aware_arrival_time_exposure,2022-02-27T20:00:00,2022-02-27T19:00:00,20:00
od_23,motorbike,motorbike-1,4397.937440340368,10.555049856816884,142,162.92837825392328,160.56115088730508,167.95441324326734,-2.3672273666182093,-1.4529251392467026,1.0,0.0,development_exploratory_not_untouched_final,C_xgboost_current_pm,hourly_forecast_bucket_aware_arrival_time_exposure,2022-02-27T20:00:00,2022-02-27T19:00:00,20:00
od_23,motorbike,motorbike-2,4618.640272626199,11.084736654302876,144,171.01920940872813,168.57923007659662,176.18478531481196,-2.4399793321315144,-1.4267282257749625,0.1532258064516129,0.8467741935483871,development_exploratory_not_untouched_final,C_xgboost_current_pm,hourly_forecast_bucket_aware_arrival_time_exposure,2022-02-27T20:00:00,2022-02-27T19:00:00,20:00
od_23,motorbike,motorbike-3,4979.400370424192,11.95056088901806,171,184.1535190626909,181.4216333272439,190.14410004271537,-2.7318857354469515,-1.483482775323421,0.102112676056338,0.897887323943662,development_exploratory_not_untouched_final,C_xgboost_current_pm,hourly_forecast_bucket_aware_arrival_time_exposure,2022-02-27T20:00:00,2022-02-27T19:00:00,20:00
od_23,motorbike,motorbike-4,5334.869162264364,12.803685989434474,205,196.5917767664422,193.8775322016104,202.78805033251572,-2.7142445648318017,-1.38065010117713,0.0266272189349112,0.9733727810650888,development_exploratory_not_untouched_final,C_xgboost_current_pm,hourly_forecast_bucket_aware_arrival_time_exposure,2022-02-27T20:00:00,2022-02-27T19:00:00,20:00
od_23,motorbike,motorbike-5,6846.717874696213,16.43212289927091,228,252.29553973188936,249.0346638325616,258.55664725399225,-3.260875899327744,-1.2924825792770758,0.0335195530726257,0.9664804469273744,development_exploratory_not_untouched_final,C_xgboost_current_pm,hourly_forecast_bucket_aware_arrival_time_exposure,2022-02-27T20:00:00,2022-02-27T19:00:00,20:00
od_23,motorbike,motorbike-6,8374.061852065422,20.097748444957013,289,305.3430510691665,302.1390552290379,311.77413734411573,-3.2039958401285844,-1.049310219738,0.0070093457943925,0.9929906542056076,development_exploratory_not_untouched_final,C_xgboost_current_pm,hourly_forecast_bucket_aware_arrival_time_exposure,2022-02-27T20:00:00,2022-02-27T19:00:00,20:00
od_23,motorbike,motorbike-7,7900.239487965283,18.96057477111668,304,292.77065511461484,289.16103899066775,296.29929966247136,-3.609616123947092,-1.2329159568721075,0.0324074074074074,0.9675925925925926,development_exploratory_not_untouched_final,C_xgboost_current_pm,hourly_forecast_bucket_aware_arrival_time_exposure,2022-02-27T20:00:00,2022-02-27T19:00:00,20:00
od_23,motorbike,motorbike-8,8731.427376937661,20.955425704650388,344,315.121370716743,311.7268334188918,322.22513232571055,-3.3945372978512296,-1.077215832785431,0.0188679245283018,0.981132075471698,development_exploratory_not_untouched_final,C_xgboost_current_pm,hourly_forecast_bucket_aware_arrival_time_exposure,2022-02-27T20:00:00,2022-02-27T19:00:00,20:00
od_24,walking,walking-1,3217.1952186069398,38.60634262328327,169,572.8888178431913,575.8213765274181,577.5894165502436,2.9325586842268194,0.5118896708906451,1.0,0.0,development_exploratory_not_untouched_final,C_xgboost_current_pm,hourly_forecast_bucket_aware_arrival_time_exposure,2022-02-27T20:00:00,2022-02-27T19:00:00,20:00
od_24,walking,walking-2,3376.4768292075096,40.51772195049011,162,601.2954479685058,605.0120181737416,606.199082035102,3.7165702052358256,0.6180938534945453,0.1863799283154122,0.8136200716845878,development_exploratory_not_untouched_final,C_xgboost_current_pm,hourly_forecast_bucket_aware_arrival_time_exposure,2022-02-27T20:00:00,2022-02-27T19:00:00,20:00
od_24,walking,walking-3,3455.2813170415407,41.46337580449848,120,615.6175514067924,615.5558387414329,621.8751313571034,-0.0617126653594368,-0.0100245136316228,0.1747967479674796,0.8252032520325203,development_exploratory_not_untouched_final,C_xgboost_current_pm,hourly_forecast_bucket_aware_arrival_time_exposure,2022-02-27T20:00:00,2022-02-27T19:00:00,20:00
od_24,walking,walking-4,3697.223517795296,44.36668221354355,153,658.9928626300691,658.7271536006409,665.8465636121507,-0.2657090294281943,-0.0403204715097729,0.1541218637992831,0.8458781362007168,development_exploratory_not_untouched_final,C_xgboost_current_pm,hourly_forecast_bucket_aware_arrival_time_exposure,2022-02-27T20:00:00,2022-02-27T19:00:00,20:00
od_24,walking,walking-5,4167.745900027202,50.01295080032642,210,742.560332190014,746.6849320889696,748.5136104796524,4.12459989895558,0.555456536008462,0.0859598853868194,0.9140401146131804,development_exploratory_not_untouched_final,C_xgboost_current_pm,hourly_forecast_bucket_aware_arrival_time_exposure,2022-02-27T20:00:00,2022-02-27T19:00:00,20:00
od_24,walking,walking-6,4158.3684544541575,49.90042145344989,222,739.9140282206478,743.9036921445827,746.0874603403299,3.989663923934927,0.5392064174711363,0.15,0.85,development_exploratory_not_untouched_final,C_xgboost_current_pm,hourly_forecast_bucket_aware_arrival_time_exposure,2022-02-27T20:00:00,2022-02-27T19:00:00,20:00
od_24,walking,walking-7,4325.690506521784,51.90828607826142,223,770.4265808568689,775.1989828241161,776.7260590544901,4.77240196724722,0.6194492876841491,0.0828729281767955,0.9171270718232044,development_exploratory_not_untouched_final,C_xgboost_current_pm,hourly_forecast_bucket_aware_arrival_time_exposure,2022-02-27T20:00:00,2022-02-27T19:00:00,20:00
od_24,walking,walking-8,4429.411243953382,53.15293492744058,226,788.247915235856,792.535412448257,794.8185508070644,4.287497212401036,0.5439275042190438,0.2539682539682539,0.746031746031746,development_exploratory_not_untouched_final,C_xgboost_current_pm,hourly_forecast_bucket_aware_arrival_time_exposure,2022-02-27T20:00:00,2022-02-27T19:00:00,20:00
od_24,motorbike,motorbike-1,3533.6228842866053,8.480694922287851,145,125.791620930445,126.53858269376089,126.84464365315068,0.7469617633158663,0.5938088386100772,1.0,0.0,development_exploratory_not_untouched_final,C_xgboost_current_pm,hourly_forecast_bucket_aware_arrival_time_exposure,2022-02-27T20:00:00,2022-02-27T19:00:00,20:00
od_24,motorbike,motorbike-2,3630.0838233931054,8.712201176143452,138,129.14847585068182,129.83675633473638,130.23922981555057,0.6882804840545589,0.5329373649367193,0.1890756302521008,0.8109243697478992,development_exploratory_not_untouched_final,C_xgboost_current_pm,hourly_forecast_bucket_aware_arrival_time_exposure,2022-02-27T20:00:00,2022-02-27T19:00:00,20:00
od_24,motorbike,motorbike-3,4208.9241180908175,10.10141788341796,167,149.73145637563604,149.70487074711474,151.37800290379118,-0.0265856285213033,-0.0177555399278339,0.0684931506849315,0.9315068493150684,development_exploratory_not_untouched_final,C_xgboost_current_pm,hourly_forecast_bucket_aware_arrival_time_exposure,2022-02-27T20:00:00,2022-02-27T19:00:00,20:00
od_24,motorbike,motorbike-4,4565.795915007203,10.957910196017286,177,162.76540545840794,164.0305542930873,164.10736103970572,1.265148834679394,0.7772836194007345,0.1180555555555555,0.8819444444444444,development_exploratory_not_untouched_final,C_xgboost_current_pm,hourly_forecast_bucket_aware_arrival_time_exposure,2022-02-27T20:00:00,2022-02-27T19:00:00,20:00
od_24,motorbike,motorbike-5,4700.748857607914,11.281797258258994,232,167.3893449445099,167.98495623584063,168.91545859704814,0.5956112913307265,0.3558238975892842,0.1023391812865497,0.8976608187134503,development_exploratory_not_untouched_final,C_xgboost_current_pm,hourly_forecast_bucket_aware_arrival_time_exposure,2022-02-27T20:00:00,2022-02-27T19:00:00,20:00
od_24,motorbike,motorbike-6,5161.740202140574,12.388176485137375,211,183.82919450873675,183.61155593331063,185.9321524685696,-0.2176385754260934,-0.1183917364201635,0.0439882697947214,0.9560117302052786,development_exploratory_not_untouched_final,C_xgboost_current_pm,hourly_forecast_bucket_aware_arrival_time_exposure,2022-02-27T20:00:00,2022-02-27T19:00:00,20:00
od_24,motorbike,motorbike-7,5020.245201313301,12.04858848315192,196,178.48632829211184,179.28628693476128,180.02741495922837,0.7999586426494432,0.4481904302161597,0.1291390728476821,0.8708609271523179,development_exploratory_not_untouched_final,C_xgboost_current_pm,hourly_forecast_bucket_aware_arrival_time_exposure,2022-02-27T20:00:00,2022-02-27T19:00:00,20:00
od_24,motorbike,motorbike-8,6984.4440615726935,16.762665747774466,326,247.24799882755812,247.02149202872988,250.19834345326475,-0.226506798828268,-0.0916111757839723,0.0328947368421052,0.9671052631578948,development_exploratory_not_untouched_final,C_xgboost_current_pm,hourly_forecast_bucket_aware_arrival_time_exposure,2022-02-27T20:00:00,2022-02-27T19:00:00,20:00
od_25,walking,walking-1,4470.538515459889,53.64646218551867,183,825.2885823793995,818.1640527723312,824.982541968069,-7.124529607068325,-0.8632773746278554,1.0,0.0,development_exploratory_not_untouched_final,C_xgboost_current_pm,hourly_forecast_bucket_aware_arrival_time_exposure,2022-02-27T20:00:00,2022-02-27T19:00:00,20:00
od_25,walking,walking-2,4607.483581433419,55.28980297720103,178,851.8453962622842,844.3616450691665,850.2671677636876,-7.483751193117769,-0.8785339717693929,0.1316614420062695,0.8683385579937304,development_exploratory_not_untouched_final,C_xgboost_current_pm,hourly_forecast_bucket_aware_arrival_time_exposure,2022-02-27T20:00:00,2022-02-27T19:00:00,20:00
od_25,walking,walking-3,4895.412353447138,58.74494824136566,185,911.2066137609676,902.4126978141716,902.7644482264118,-8.793915946796233,-0.9650847364353192,0.0308123249299719,0.969187675070028,development_exploratory_not_untouched_final,C_xgboost_current_pm,hourly_forecast_bucket_aware_arrival_time_exposure,2022-02-27T20:00:00,2022-02-27T19:00:00,20:00
od_25,walking,walking-4,4734.231662335523,56.81077994802627,192,870.6840681958244,863.0516136974535,876.0114186667213,-7.632454498370862,-0.8766043593959798,0.0932944606413994,0.9067055393586004,development_exploratory_not_untouched_final,C_xgboost_current_pm,hourly_forecast_bucket_aware_arrival_time_exposure,2022-02-27T20:00:00,2022-02-27T19:00:00,20:00
od_25,walking,walking-5,5337.013678056967,64.0441641366836,196,996.1547648607916,983.1548963821156,984.5091564464776,-12.99986847867592,-1.3050048985603755,0.0326975476839237,0.9673024523160764,development_exploratory_not_untouched_final,C_xgboost_current_pm,hourly_forecast_bucket_aware_arrival_time_exposure,2022-02-27T20:00:00,2022-02-27T19:00:00,20:00
od_25,walking,walking-6,5196.567199682312,62.35880639618775,194,965.621126737158,954.7079978215784,958.9301772923428,-10.913128915579364,-1.130166751058453,0.0472222222222222,0.9527777777777776,development_exploratory_not_untouched_final,C_xgboost_current_pm,hourly_forecast_bucket_aware_arrival_time_exposure,2022-02-27T20:00:00,2022-02-27T19:00:00,20:00
od_25,walking,walking-7,5713.187947409113,68.55825536890936,181,1057.4663661327918,1041.1451702415418,1054.6589478750725,-16.32119589125,-1.543424586725859,0.0996978851963746,0.9003021148036254,development_exploratory_not_untouched_final,C_xgboost_current_pm,hourly_forecast_bucket_aware_arrival_time_exposure,2022-02-27T20:00:00,2022-02-27T19:00:00,20:00
od_25,walking,walking-8,5465.027062490462,65.58032474988555,210,1012.5662622543072,998.9238372044008,1008.8538580932684,-13.642425049906478,-1.3473118311816878,0.1039325842696629,0.8960674157303371,development_exploratory_not_untouched_final,C_xgboost_current_pm,hourly_forecast_bucket_aware_arrival_time_exposure,2022-02-27T20:00:00,2022-02-27T19:00:00,20:00
od_25,motorbike,motorbike-1,5074.162420415552,12.177989808997324,195,187.26975732465075,185.7203262697571,187.16190707102757,-1.5494310548936312,-0.827379218635681,1.0,0.0,development_exploratory_not_untouched_final,C_xgboost_current_pm,hourly_forecast_bucket_aware_arrival_time_exposure,2022-02-27T20:00:00,2022-02-27T19:00:00,20:00
od_25,motorbike,motorbike-2,5095.070126138192,12.22816830273166,212,187.6941407511116,186.14009205136276,188.1334165924746,-1.5540486997488756,-0.8279686800716883,0.1274238227146814,0.8725761772853186,development_exploratory_not_untouched_final,C_xgboost_current_pm,hourly_forecast_bucket_aware_arrival_time_exposure,2022-02-27T20:00:00,2022-02-27T19:00:00,20:00
od_25,motorbike,motorbike-3,5589.160331046289,13.413984794511094,185,208.03257486727773,206.07065582366823,206.08016881982712,-1.9619190436094984,-0.9430826133172552,0.0584958217270195,0.9415041782729804,development_exploratory_not_untouched_final,C_xgboost_current_pm,hourly_forecast_bucket_aware_arrival_time_exposure,2022-02-27T20:00:00,2022-02-27T19:00:00,20:00
od_25,motorbike,motorbike-4,5670.159232882905,13.608382158918973,201,208.61919651760348,206.86326679030637,209.6337257379437,-1.7559297272971437,-0.8416913479718903,0.0879120879120879,0.912087912087912,development_exploratory_not_untouched_final,C_xgboost_current_pm,hourly_forecast_bucket_aware_arrival_time_exposure,2022-02-27T20:00:00,2022-02-27T19:00:00,20:00
od_25,motorbike,motorbike-5,7792.868426528579,18.70288422366859,329,285.0216174054275,282.7772689688212,288.16331689999254,-2.244348436606288,-0.7874309524438022,0.0376237623762376,0.9623762376237625,development_exploratory_not_untouched_final,C_xgboost_current_pm,hourly_forecast_bucket_aware_arrival_time_exposure,2022-02-27T20:00:00,2022-02-27T19:00:00,20:00
od_25,motorbike,motorbike-6,8778.593070021463,21.068623368051515,310,322.7934341804094,320.32199311746194,323.58351056474834,-2.471441062947463,-0.7656416770751827,0.024340770791075,0.975659229208925,development_exploratory_not_untouched_final,C_xgboost_current_pm,hourly_forecast_bucket_aware_arrival_time_exposure,2022-02-27T20:00:00,2022-02-27T19:00:00,20:00
od_25,motorbike,motorbike-7,7958.908879463801,19.101381310713123,256,297.4086756059698,294.36995627835387,293.6291841909973,-3.0387193276159223,-1.021731905239326,0.0488372093023255,0.9511627906976744,development_exploratory_not_untouched_final,C_xgboost_current_pm,hourly_forecast_bucket_aware_arrival_time_exposure,2022-02-27T20:00:00,2022-02-27T19:00:00,20:00
od_25,motorbike,motorbike-8,7918.284047414298,19.003881713794318,254,292.91701179476485,290.3880463093618,292.1234734320387,-2.5289654854030346,-0.8633726904106815,0.0741626794258373,0.9258373205741628,development_exploratory_not_untouched_final,C_xgboost_current_pm,hourly_forecast_bucket_aware_arrival_time_exposure,2022-02-27T20:00:00,2022-02-27T19:00:00,20:00
od_26,walking,walking-1,2896.3240824541845,34.75588898945021,127,519.0829621143636,516.9886158061208,523.341738625699,-2.0943463082427343,-0.4034704394287769,1.0,0.0,development_exploratory_not_untouched_final,C_xgboost_current_pm,hourly_forecast_bucket_aware_arrival_time_exposure,2022-02-27T20:00:00,2022-02-27T19:00:00,20:00
od_26,walking,walking-2,2980.864070874784,35.77036885049741,112,533.2234400381118,531.1560828188062,537.7103435659315,-2.067357219305564,-0.3877093661069739,0.0622222222222222,0.9377777777777778,development_exploratory_not_untouched_final,C_xgboost_current_pm,hourly_forecast_bucket_aware_arrival_time_exposure,2022-02-27T20:00:00,2022-02-27T19:00:00,20:00
od_26,walking,walking-3,3108.560616540251,37.302727398483015,109,557.6213744182514,555.3116797154637,562.1369182407125,-2.3096947027877377,-0.4142048366057288,0.0216450216450216,0.9783549783549784,development_exploratory_not_untouched_final,C_xgboost_current_pm,hourly_forecast_bucket_aware_arrival_time_exposure,2022-02-27T20:00:00,2022-02-27T19:00:00,20:00
od_26,walking,walking-4,2986.2787647878768,35.83534517745452,145,534.8754163303121,532.7619286528771,539.2658817499932,-2.1134876774349323,-0.3951364397966178,0.1193415637860082,0.8806584362139918,development_exploratory_not_untouched_final,C_xgboost_current_pm,hourly_forecast_bucket_aware_arrival_time_exposure,2022-02-27T20:00:00,2022-02-27T19:00:00,20:00
od_26,walking,walking-5,3746.634063035978,44.95960875643174,154,670.6806284195712,668.1079782025786,676.1923528621019,-2.572650216992656,-0.3835879713799086,0.0107913669064748,0.9892086330935252,development_exploratory_not_untouched_final,C_xgboost_current_pm,hourly_forecast_bucket_aware_arrival_time_exposure,2022-02-27T20:00:00,2022-02-27T19:00:00,20:00
od_26,walking,walking-6,4134.677900527131,49.616134806325576,188,740.9926717205358,737.808696835932,747.5836168984135,-3.183974884603799,-0.4296904687614279,0.1330935251798561,0.8669064748201438,development_exploratory_not_untouched_final,C_xgboost_current_pm,hourly_forecast_bucket_aware_arrival_time_exposure,2022-02-27T20:00:00,2022-02-27T19:00:00,20:00
od_26,walking,walking-7,3987.778437209056,47.85334124650868,165,713.1062498666639,710.4046546413463,719.0797869194231,-2.7015952253176465,-0.3788489058710099,0.0034364261168384,0.9965635738831616,development_exploratory_not_untouched_final,C_xgboost_current_pm,hourly_forecast_bucket_aware_arrival_time_exposure,2022-02-27T20:00:00,2022-02-27T19:00:00,20:00
od_26,walking,walking-8,3411.853954168932,40.94224745002718,173,611.1216040496698,608.6282597411641,616.325578858843,-2.493344308505698,-0.4079947905594003,0.1235955056179775,0.8764044943820225,development_exploratory_not_untouched_final,C_xgboost_current_pm,hourly_forecast_bucket_aware_arrival_time_exposure,2022-02-27T20:00:00,2022-02-27T19:00:00,20:00
od_26,motorbike,motorbike-1,2937.338739477396,7.049612974745751,112,105.34313885955932,104.9187222481426,106.17652252325512,-0.4244166114167171,-0.4028896575623573,1.0,0.0,development_exploratory_not_untouched_final,C_xgboost_current_pm,hourly_forecast_bucket_aware_arrival_time_exposure,2022-02-27T20:00:00,2022-02-27T19:00:00,20:00
od_26,motorbike,motorbike-2,2984.8899456370477,7.163735869528913,115,106.86796547611728,106.44958527825705,107.7574392992544,-0.4183801978602304,-0.3914926198849827,0.1073170731707317,0.8926829268292683,development_exploratory_not_untouched_final,C_xgboost_current_pm,hourly_forecast_bucket_aware_arrival_time_exposure,2022-02-27T20:00:00,2022-02-27T19:00:00,20:00
od_26,motorbike,motorbike-3,3258.678841448659,7.820829219476781,165,116.81460234816484,116.35597523721806,117.72771549520697,-0.4586271109467787,-0.3926111134461126,0.2096069868995633,0.7903930131004366,development_exploratory_not_untouched_final,C_xgboost_current_pm,hourly_forecast_bucket_aware_arrival_time_exposure,2022-02-27T20:00:00,2022-02-27T19:00:00,20:00
od_26,motorbike,motorbike-4,3649.860252873173,8.759664606895615,121,130.53071010855925,130.04822110135046,131.58928056465473,-0.4824890072087839,-0.36963639193222,0.0043103448275862,0.9956896551724138,development_exploratory_not_untouched_final,C_xgboost_current_pm,hourly_forecast_bucket_aware_arrival_time_exposure,2022-02-27T20:00:00,2022-02-27T19:00:00,20:00
od_26,motorbike,motorbike-5,4538.665524224427,10.892797258138623,191,163.01310924096128,162.3512474898658,164.2181212756318,-0.6618617510954721,-0.4060175001736376,0.0167785234899328,0.9832214765100672,development_exploratory_not_untouched_final,C_xgboost_current_pm,hourly_forecast_bucket_aware_arrival_time_exposure,2022-02-27T20:00:00,2022-02-27T19:00:00,20:00
od_26,motorbike,motorbike-6,4792.008542306752,11.500820501536204,231,171.62394531517484,170.97847250664935,172.95001700004528,-0.6454728085254828,-0.376097174167695,0.0269461077844311,0.9730538922155688,development_exploratory_not_untouched_final,C_xgboost_current_pm,hourly_forecast_bucket_aware_arrival_time_exposure,2022-02-27T20:00:00,2022-02-27T19:00:00,20:00
od_26,motorbike,motorbike-7,5637.919340989541,13.531006418374895,268,202.98927539714364,202.0790264409025,204.4710793913468,-0.9102489562411052,-0.4484221910050296,0.0052910052910052,0.9947089947089948,development_exploratory_not_untouched_final,C_xgboost_current_pm,hourly_forecast_bucket_aware_arrival_time_exposure,2022-02-27T20:00:00,2022-02-27T19:00:00,20:00
od_26,motorbike,motorbike-8,9144.710064192806,21.94730415406273,329,329.5582265863307,328.1010310946152,331.76283877468376,-1.4571954917154812,-0.4421663227192284,0.0022727272727272,0.9977272727272728,development_exploratory_not_untouched_final,C_xgboost_current_pm,hourly_forecast_bucket_aware_arrival_time_exposure,2022-02-27T20:00:00,2022-02-27T19:00:00,20:00
od_27,walking,walking-1,3464.3506661395845,41.572207993675015,112,608.7103049725125,600.3126061447167,625.3882618242518,-8.397698827795807,-1.3795887401930909,1.0,0.0,development_exploratory_not_untouched_final,C_xgboost_current_pm,hourly_forecast_bucket_aware_arrival_time_exposure,2022-02-27T20:00:00,2022-02-27T19:00:00,20:00
od_27,walking,walking-2,3535.842562360606,42.43011074832727,135,605.1159886671694,597.2532533874696,617.2280003402552,-7.862735279699791,-1.299376553744395,0.1706161137440758,0.8293838862559242,development_exploratory_not_untouched_final,C_xgboost_current_pm,hourly_forecast_bucket_aware_arrival_time_exposure,2022-02-27T20:00:00,2022-02-27T19:00:00,20:00
od_27,walking,walking-3,3869.557886931462,46.43469464317754,139,690.3587698276357,679.0786951280738,714.6175180318611,-11.280074699561853,-1.6339438553635215,0.0120967741935483,0.9879032258064516,development_exploratory_not_untouched_final,C_xgboost_current_pm,hourly_forecast_bucket_aware_arrival_time_exposure,2022-02-27T20:00:00,2022-02-27T19:00:00,20:00
od_27,walking,walking-4,3848.3424962212457,46.18010995465495,155,681.4544240976547,670.8574006712345,703.2543241531375,-10.597023426420265,-1.5550597445239676,0.1033057851239669,0.8966942148760331,development_exploratory_not_untouched_final,C_xgboost_current_pm,hourly_forecast_bucket_aware_arrival_time_exposure,2022-02-27T20:00:00,2022-02-27T19:00:00,20:00
od_27,walking,walking-5,4640.402220056612,55.68482664067935,163,831.30372889231,817.4499965198166,861.5595198056923,-13.853732372493369,-1.6665067039880954,0.0073260073260073,0.9926739926739928,development_exploratory_not_untouched_final,C_xgboost_current_pm,hourly_forecast_bucket_aware_arrival_time_exposure,2022-02-27T20:00:00,2022-02-27T19:00:00,20:00
od_27,walking,walking-6,4565.968522067712,54.79162226481255,182,812.8840962609693,799.902064441182,840.589777699485,-12.982031819787268,-1.59703355982739,0.1666666666666666,0.8333333333333334,development_exploratory_not_untouched_final,C_xgboost_current_pm,hourly_forecast_bucket_aware_arrival_time_exposure,2022-02-27T20:00:00,2022-02-27T19:00:00,20:00
od_27,walking,walking-7,3468.6783622341645,41.62414034680998,111,609.4185191984019,601.0127247472491,626.1017546152334,-8.405794451152815,-1.3793139175044056,0.8739495798319328,0.1260504201680672,development_exploratory_not_untouched_final,C_xgboost_current_pm,hourly_forecast_bucket_aware_arrival_time_exposure,2022-02-27T20:00:00,2022-02-27T19:00:00,20:00
od_27,walking,walking-8,3469.479999896061,41.63375999875273,112,609.4900006589357,601.0908878872513,626.1506905769377,-8.399112771684486,-1.378055876651624,0.8064516129032258,0.1935483870967742,development_exploratory_not_untouched_final,C_xgboost_current_pm,hourly_forecast_bucket_aware_arrival_time_exposure,2022-02-27T20:00:00,2022-02-27T19:00:00,20:00
od_27,motorbike,motorbike-1,3470.9311321175137,8.330234717082032,124,121.69304799310156,120.05602964521884,124.90194502940972,-1.63701834788273,-1.3452028483792502,1.0,0.0,development_exploratory_not_untouched_final,C_xgboost_current_pm,hourly_forecast_bucket_aware_arrival_time_exposure,2022-02-27T20:00:00,2022-02-27T19:00:00,20:00
od_27,motorbike,motorbike-2,3605.9840264691393,8.654361663525934,131,127.86708471183356,125.88135720077872,132.001204099339,-1.9857275110548611,-1.5529622150453943,0.1697247706422018,0.8302752293577982,development_exploratory_not_untouched_final,C_xgboost_current_pm,hourly_forecast_bucket_aware_arrival_time_exposure,2022-02-27T20:00:00,2022-02-27T19:00:00,20:00
od_27,motorbike,motorbike-3,3937.277758173279,9.449466619615867,140,140.65125892468194,138.3442071363031,145.63368533852514,-2.3070517883788284,-1.6402638739367723,0.0434782608695652,0.9565217391304348,development_exploratory_not_untouched_final,C_xgboost_current_pm,hourly_forecast_bucket_aware_arrival_time_exposure,2022-02-27T20:00:00,2022-02-27T19:00:00,20:00
od_27,motorbike,motorbike-4,3898.0488850884126,9.35531732421219,180,132.4128037629677,130.6247132133411,134.88817887051042,-1.7880905496266166,-1.350390973389159,0.089605734767025,0.910394265232975,development_exploratory_not_untouched_final,C_xgboost_current_pm,hourly_forecast_bucket_aware_arrival_time_exposure,2022-02-27T20:00:00,2022-02-27T19:00:00,20:00
od_27,motorbike,motorbike-5,4586.669331161132,11.008006394786715,157,164.63616227872612,161.86628838710067,170.73998550273808,-2.7698738916254517,-1.6824213181889551,0.007168458781362,0.992831541218638,development_exploratory_not_untouched_final,C_xgboost_current_pm,hourly_forecast_bucket_aware_arrival_time_exposure,2022-02-27T20:00:00,2022-02-27T19:00:00,20:00
od_27,motorbike,motorbike-6,5158.036814181108,12.379288354034658,263,172.84193474644204,170.72858687205886,175.05767316562844,-2.11334787438318,-1.2227055184746962,0.0051948051948051,0.9948051948051948,development_exploratory_not_untouched_final,C_xgboost_current_pm,hourly_forecast_bucket_aware_arrival_time_exposure,2022-02-27T20:00:00,2022-02-27T19:00:00,20:00
od_27,motorbike,motorbike-7,5527.038154061122,13.264891569746691,251,187.7297809283948,185.75198601153025,190.546439501515,-1.9777949168645532,-1.0535328529568455,0.0359116022099447,0.9640883977900552,development_exploratory_not_untouched_final,C_xgboost_current_pm,hourly_forecast_bucket_aware_arrival_time_exposure,2022-02-27T20:00:00,2022-02-27T19:00:00,20:00
od_27,motorbike,motorbike-8,6556.612732062874,15.735870556950896,287,220.63439107155455,217.09538251607475,224.9560569521498,-3.5390085554798247,-1.6040149218315105,0.0073529411764705,0.9926470588235294,development_exploratory_not_untouched_final,C_xgboost_current_pm,hourly_forecast_bucket_aware_arrival_time_exposure,2022-02-27T20:00:00,2022-02-27T19:00:00,20:00
od_28,walking,walking-1,3337.8457045527,40.0541484546324,111,603.2022126007907,599.1989447524837,613.3932122218503,-4.0032678483070185,-0.663669291106604,1.0,0.0,development_exploratory_not_untouched_final,C_xgboost_current_pm,hourly_forecast_bucket_aware_arrival_time_exposure,2022-02-27T20:00:00,2022-02-27T19:00:00,20:00
od_28,walking,walking-2,3441.879177727777,41.30255013273333,141,621.9850105751012,617.847955486079,632.593774639079,-4.137055089022283,-0.6651374259320284,0.1666666666666666,0.8333333333333334,development_exploratory_not_untouched_final,C_xgboost_current_pm,hourly_forecast_bucket_aware_arrival_time_exposure,2022-02-27T20:00:00,2022-02-27T19:00:00,20:00
od_28,walking,walking-3,3877.4038999370327,46.5288467992444,168,700.385341692597,695.323892131075,712.92930122726,-5.061449561521954,-0.7226664037956768,0.025735294117647,0.9742647058823528,development_exploratory_not_untouched_final,C_xgboost_current_pm,hourly_forecast_bucket_aware_arrival_time_exposure,2022-02-27T20:00:00,2022-02-27T19:00:00,20:00
od_28,walking,walking-4,3905.403995968121,46.86484795161745,153,706.3929774938672,701.9969532971232,716.791352958127,-4.396024196743952,-0.6223199177800599,0.056,0.944,development_exploratory_not_untouched_final,C_xgboost_current_pm,hourly_forecast_bucket_aware_arrival_time_exposure,2022-02-27T20:00:00,2022-02-27T19:00:00,20:00
od_28,walking,walking-5,4163.759453961655,49.96511344753987,208,751.3007081117753,744.6375436290158,767.9330850303949,-6.663164482759498,-0.8868838283815621,0.0257234726688102,0.9742765273311896,development_exploratory_not_untouched_final,C_xgboost_current_pm,hourly_forecast_bucket_aware_arrival_time_exposure,2022-02-27T20:00:00,2022-02-27T19:00:00,20:00
od_28,walking,walking-6,4492.620440211811,53.911445282541735,199,811.5252243577572,805.1983930755047,827.8689647979068,-6.326831282252556,-0.7796222584775012,0.0580204778156996,0.9419795221843004,development_exploratory_not_untouched_final,C_xgboost_current_pm,hourly_forecast_bucket_aware_arrival_time_exposure,2022-02-27T20:00:00,2022-02-27T19:00:00,20:00
od_28,walking,walking-7,3995.186008508664,47.94223210210397,145,722.8891010143766,718.225509750947,733.948262174963,-4.663591263429566,-0.6451323248456085,0.1179039301310043,0.8820960698689957,development_exploratory_not_untouched_final,C_xgboost_current_pm,hourly_forecast_bucket_aware_arrival_time_exposure,2022-02-27T20:00:00,2022-02-27T19:00:00,20:00
od_28,walking,walking-8,3338.022955668135,40.05627546801762,110,603.2358878966935,599.2327057561207,613.4269394727694,-4.00318214057279,-0.6636180341542196,0.9557522123893806,0.0442477876106194,development_exploratory_not_untouched_final,C_xgboost_current_pm,hourly_forecast_bucket_aware_arrival_time_exposure,2022-02-27T20:00:00,2022-02-27T19:00:00,20:00
od_28,motorbike,motorbike-1,3389.785610177372,8.135485464425692,123,122.53634400154634,121.71708510015758,124.60839926531986,-0.8192589013887641,-0.6685844171900751,1.0,0.0,development_exploratory_not_untouched_final,C_xgboost_current_pm,hourly_forecast_bucket_aware_arrival_time_exposure,2022-02-27T20:00:00,2022-02-27T19:00:00,20:00
od_28,motorbike,motorbike-2,3622.982621352327,8.695158291245583,149,130.79256022973505,129.87663695714716,133.1049782282428,-0.9159232725878894,-0.7002869819040813,0.2088888888888889,0.7911111111111111,development_exploratory_not_untouched_final,C_xgboost_current_pm,hourly_forecast_bucket_aware_arrival_time_exposure,2022-02-27T20:00:00,2022-02-27T19:00:00,20:00
od_28,motorbike,motorbike-3,3884.876431604947,9.323703435851872,163,140.66037589393824,139.7310212191867,142.7786487439139,-0.9293546747515506,-0.6607082263538876,0.1721311475409836,0.8278688524590164,development_exploratory_not_untouched_final,C_xgboost_current_pm,hourly_forecast_bucket_aware_arrival_time_exposure,2022-02-27T20:00:00,2022-02-27T19:00:00,20:00
od_28,motorbike,motorbike-4,4264.353384699511,10.234448123278826,216,153.85940271993192,152.52398511079713,157.20444728865743,-1.3354176091347938,-0.8679467003817996,0.0272727272727272,0.9727272727272728,development_exploratory_not_untouched_final,C_xgboost_current_pm,hourly_forecast_bucket_aware_arrival_time_exposure,2022-02-27T20:00:00,2022-02-27T19:00:00,20:00
od_28,motorbike,motorbike-5,5353.296638577329,12.847911932585587,211,192.53702561212103,190.65575742977228,197.35700306242097,-1.881268182348748,-0.9770942375201594,0.0245398773006134,0.9754601226993864,development_exploratory_not_untouched_final,C_xgboost_current_pm,hourly_forecast_bucket_aware_arrival_time_exposure,2022-02-27T20:00:00,2022-02-27T19:00:00,20:00
od_28,motorbike,motorbike-6,5442.02633130595,13.060863195134282,217,197.69428573458325,195.69521430625645,202.7656360444845,-1.9990714283268003,-1.0111933285773758,0.033434650455927,0.9665653495440728,development_exploratory_not_untouched_final,C_xgboost_current_pm,hourly_forecast_bucket_aware_arrival_time_exposure,2022-02-27T20:00:00,2022-02-27T19:00:00,20:00
od_28,motorbike,motorbike-7,5915.756843480607,14.197816424353457,216,213.0418489076068,211.1375968909496,218.18794258344693,-1.9042520166572388,-0.8938394153174504,0.0335365853658536,0.9664634146341464,development_exploratory_not_untouched_final,C_xgboost_current_pm,hourly_forecast_bucket_aware_arrival_time_exposure,2022-02-27T20:00:00,2022-02-27T19:00:00,20:00
od_28,motorbike,motorbike-8,7965.851166958149,19.11804280069956,270,288.32750118809446,287.43100062864306,290.54813965849394,-0.8965005594513968,-0.3109313387579189,0.0181347150259067,0.9818652849740932,development_exploratory_not_untouched_final,C_xgboost_current_pm,hourly_forecast_bucket_aware_arrival_time_exposure,2022-02-27T20:00:00,2022-02-27T19:00:00,20:00
od_29,walking,walking-1,5079.132038692887,60.949584464314654,161,896.0991595859025,892.0421600102584,905.7151299802543,-4.056999575644113,-0.4527400268424421,1.0,0.0,development_exploratory_not_untouched_final,C_xgboost_current_pm,hourly_forecast_bucket_aware_arrival_time_exposure,2022-02-27T20:00:00,2022-02-27T19:00:00,20:00
od_29,walking,walking-2,5161.661432530971,61.93993719037166,162,913.5581202246348,909.796340681068,923.1894331251774,-3.761779543566945,-0.4117723284690371,0.0453074433656957,0.9546925566343042,development_exploratory_not_untouched_final,C_xgboost_current_pm,hourly_forecast_bucket_aware_arrival_time_exposure,2022-02-27T20:00:00,2022-02-27T19:00:00,20:00
od_29,walking,walking-3,5462.205900886824,65.54647081064189,208,966.0612978476491,957.9531212442826,978.6057268373736,-8.1081766033667,-0.8393024978261145,0.0081967213114754,0.9918032786885246,development_exploratory_not_untouched_final,C_xgboost_current_pm,hourly_forecast_bucket_aware_arrival_time_exposure,2022-02-27T20:00:00,2022-02-27T19:00:00,20:00
od_29,walking,walking-4,5856.208691849777,70.27450430219733,220,1031.1557175865482,1019.4396223097448,1043.017780417105,-11.716095276803344,-1.1362100870880325,0.0106100795755968,0.9893899204244032,development_exploratory_not_untouched_final,C_xgboost_current_pm,hourly_forecast_bucket_aware_arrival_time_exposure,2022-02-27T20:00:00,2022-02-27T19:00:00,20:00
od_29,walking,walking-5,6084.160506353648,73.00992607624379,208,1075.9470981451077,1065.147922624892,1086.729405757249,-10.799175520215613,-1.0036901943258163,0.0054495912806539,0.994550408719346,development_exploratory_not_untouched_final,C_xgboost_current_pm,hourly_forecast_bucket_aware_arrival_time_exposure,2022-02-27T20:00:00,2022-02-27T19:00:00,20:00
od_29,walking,walking-6,5079.34298264047,60.95211579168564,161,896.1543841642301,892.0992067468243,905.7417988795484,-4.055177417405844,-0.4525087963708146,0.9754601226993864,0.0245398773006134,development_exploratory_not_untouched_final,C_xgboost_current_pm,hourly_forecast_bucket_aware_arrival_time_exposure,2022-02-27T20:00:00,2022-02-27T19:00:00,20:00
od_29,walking,walking-7,5079.71013679666,60.95652164155992,161,896.1872446490704,892.1270694585845,905.8328773899924,-4.060175190485893,-0.4530498748702654,0.9754601226993864,0.0245398773006134,development_exploratory_not_untouched_final,C_xgboost_current_pm,hourly_forecast_bucket_aware_arrival_time_exposure,2022-02-27T20:00:00,2022-02-27T19:00:00,20:00
od_29,walking,walking-8,5079.921080744242,60.959052968930905,161,896.242469227398,892.1841161951503,905.8595462892864,-4.058353032247737,-0.4528186480324039,0.9515151515151516,0.0484848484848484,development_exploratory_not_untouched_final,C_xgboost_current_pm,hourly_forecast_bucket_aware_arrival_time_exposure,2022-02-27T20:00:00,2022-02-27T19:00:00,20:00
od_29,motorbike,motorbike-1,5050.844486464221,12.12202676751413,138,178.70747308049465,178.23787660924413,180.5785933706792,-0.4695964712505258,-0.2627738298548975,1.0,0.0,development_exploratory_not_untouched_final,C_xgboost_current_pm,hourly_forecast_bucket_aware_arrival_time_exposure,2022-02-27T20:00:00,2022-02-27T19:00:00,20:00
od_29,motorbike,motorbike-2,5206.6809567022565,12.496034296085416,185,183.76147938278984,182.99950089023432,185.7921310531325,-0.761978492555528,-0.4146562680681656,0.0766666666666666,0.9233333333333332,development_exploratory_not_untouched_final,C_xgboost_current_pm,hourly_forecast_bucket_aware_arrival_time_exposure,2022-02-27T20:00:00,2022-02-27T19:00:00,20:00
od_29,motorbike,motorbike-3,5669.304232967304,13.60633015912153,252,200.4062036852516,199.30039262222397,203.0725096955089,-1.1058110630276587,-0.5517848463236161,0.0290237467018469,0.9709762532981532,development_exploratory_not_untouched_final,C_xgboost_current_pm,hourly_forecast_bucket_aware_arrival_time_exposure,2022-02-27T20:00:00,2022-02-27T19:00:00,20:00
od_29,motorbike,motorbike-4,6168.868846153235,14.805285230767764,285,215.41320478389585,213.55104519282068,218.67005211338693,-1.862159591075141,-0.8644593505506191,0.0,1.0,development_exploratory_not_untouched_final,C_xgboost_current_pm,hourly_forecast_bucket_aware_arrival_time_exposure,2022-02-27T20:00:00,2022-02-27T19:00:00,20:00
od_29,motorbike,motorbike-5,7086.2660565245305,17.007038535658875,311,245.85854678661184,243.5537653386518,249.70740126252687,-2.304781447960039,-0.9374420690611296,0.0251141552511415,0.9748858447488584,development_exploratory_not_untouched_final,C_xgboost_current_pm,hourly_forecast_bucket_aware_arrival_time_exposure,2022-02-27T20:00:00,2022-02-27T19:00:00,20:00
od_29,motorbike,motorbike-6,8524.917271326063,20.459801451182557,296,304.00942079933435,304.2602058746747,305.97892937625664,0.2507850753403318,0.0824925341724413,0.0023094688221709,0.9976905311778292,development_exploratory_not_untouched_final,C_xgboost_current_pm,hourly_forecast_bucket_aware_arrival_time_exposure,2022-02-27T20:00:00,2022-02-27T19:00:00,20:00
od_29,motorbike,motorbike-7,8941.478017489768,21.459547241975443,341,312.57286868057093,309.78891702412835,317.39469964651806,-2.783951656442582,-0.890656846895947,0.0,1.0,development_exploratory_not_untouched_final,C_xgboost_current_pm,hourly_forecast_bucket_aware_arrival_time_exposure,2022-02-27T20:00:00,2022-02-27T19:00:00,20:00
od_29,motorbike,motorbike-8,10821.455984145145,25.97149436194835,440,385.0351778440093,383.30820674277527,390.1986568653427,-1.7269711012339712,-0.4485229403983512,0.0017331022530329,0.9982668977469672,development_exploratory_not_untouched_final,C_xgboost_current_pm,hourly_forecast_bucket_aware_arrival_time_exposure,2022-02-27T20:00:00,2022-02-27T19:00:00,20:00
od_30,walking,walking-1,4593.91625322452,55.12699503869423,188,840.195658886724,832.2831328444796,852.943201087915,-7.912526042244394,-0.941748027206978,1.0,0.0,development_exploratory_not_untouched_final,C_xgboost_current_pm,hourly_forecast_bucket_aware_arrival_time_exposure,2022-02-27T20:00:00,2022-02-27T19:00:00,20:00
od_30,walking,walking-2,4720.889976741293,56.65067972089552,211,863.485688144119,855.2896527781281,876.8846029198085,-8.196035365990838,-0.9491802213429262,0.3951048951048951,0.6048951048951049,development_exploratory_not_untouched_final,C_xgboost_current_pm,hourly_forecast_bucket_aware_arrival_time_exposure,2022-02-27T20:00:00,2022-02-27T19:00:00,20:00
od_30,walking,walking-3,5302.356708761759,63.62828050514111,270,970.8176236500424,957.2289702071664,992.1201212390504,-13.588653442875966,-1.399712274668632,0.0269058295964125,0.9730941704035876,development_exploratory_not_untouched_final,C_xgboost_current_pm,hourly_forecast_bucket_aware_arrival_time_exposure,2022-02-27T20:00:00,2022-02-27T19:00:00,20:00
od_30,walking,walking-4,5705.196758152187,68.46236109782625,267,1044.0409354890726,1027.334219970448,1059.167649546201,-16.706715518624605,-1.600197363027579,0.015625,0.984375,development_exploratory_not_untouched_final,C_xgboost_current_pm,hourly_forecast_bucket_aware_arrival_time_exposure,2022-02-27T20:00:00,2022-02-27T19:00:00,20:00
od_30,walking,walking-5,5695.941411156685,68.3512969338802,271,1044.503797158185,1025.2729633344925,1071.8391424588997,-19.230833823692592,-1.84114542005635,0.0177383592017738,0.9822616407982262,development_exploratory_not_untouched_final,C_xgboost_current_pm,hourly_forecast_bucket_aware_arrival_time_exposure,2022-02-27T20:00:00,2022-02-27T19:00:00,20:00
od_30,walking,walking-6,4594.01082475317,55.12812989703804,187,840.2126436637653,832.3002624799054,852.9598415480712,-7.912381183859907,-0.9417117492255054,0.9736842105263158,0.0263157894736841,development_exploratory_not_untouched_final,C_xgboost_current_pm,hourly_forecast_bucket_aware_arrival_time_exposure,2022-02-27T20:00:00,2022-02-27T19:00:00,20:00
od_30,walking,walking-7,4594.165186918211,55.129982243018524,188,840.241192740192,832.3288058718172,852.9860905657226,-7.912386868374824,-0.9416804289933672,0.9789473684210528,0.0210526315789473,development_exploratory_not_untouched_final,C_xgboost_current_pm,hourly_forecast_bucket_aware_arrival_time_exposure,2022-02-27T20:00:00,2022-02-27T19:00:00,20:00
od_30,walking,walking-8,4594.259758446861,55.13111710136233,187,840.2581775172334,832.345935507243,853.0027310258788,-7.91224200999045,-0.941644154344237,0.953125,0.046875,development_exploratory_not_untouched_final,C_xgboost_current_pm,hourly_forecast_bucket_aware_arrival_time_exposure,2022-02-27T20:00:00,2022-02-27T19:00:00,20:00
od_30,motorbike,motorbike-1,4838.482538571107,11.612358092570656,235,177.00933992238376,175.25336272821457,180.0086804766027,-1.7559771941691906,-0.9920251637225264,1.0,0.0,development_exploratory_not_untouched_final,C_xgboost_current_pm,hourly_forecast_bucket_aware_arrival_time_exposure,2022-02-27T20:00:00,2022-02-27T19:00:00,20:00
od_30,motorbike,motorbike-2,5024.3916783357845,12.058540028005885,189,183.74510846636676,182.0542644409419,186.41117506736416,-1.6908440254248376,-0.9202117213010516,0.2619047619047619,0.7380952380952381,development_exploratory_not_untouched_final,C_xgboost_current_pm,hourly_forecast_bucket_aware_arrival_time_exposure,2022-02-27T20:00:00,2022-02-27T19:00:00,20:00
od_30,motorbike,motorbike-3,5358.238208967597,12.859771701522227,274,196.18396477390775,194.02905291043336,200.4929460326992,-2.1549118634744104,-1.0984138616822423,0.1065217391304347,0.8934782608695653,development_exploratory_not_untouched_final,C_xgboost_current_pm,hourly_forecast_bucket_aware_arrival_time_exposure,2022-02-27T20:00:00,2022-02-27T19:00:00,20:00
od_30,motorbike,motorbike-4,5707.894042702269,13.698945702485446,275,209.33175543534375,206.7986449093113,214.81875041184028,-2.5331105260324875,-1.2100937675530496,0.0303030303030303,0.9696969696969696,development_exploratory_not_untouched_final,C_xgboost_current_pm,hourly_forecast_bucket_aware_arrival_time_exposure,2022-02-27T20:00:00,2022-02-27T19:00:00,20:00
od_30,motorbike,motorbike-5,6023.788039967166,14.4570912959212,249,220.4861858290973,218.556376931177,222.91915824602404,-1.92980889792031,-0.8752516130040631,0.0146750524109014,0.9853249475890984,development_exploratory_not_untouched_final,C_xgboost_current_pm,hourly_forecast_bucket_aware_arrival_time_exposure,2022-02-27T20:00:00,2022-02-27T19:00:00,20:00
od_30,motorbike,motorbike-6,7065.537407407111,16.957289777777067,261,259.11432497383606,257.0271441913749,260.4257936639348,-2.087180782461189,-0.8055057483494752,0.0143149284253578,0.985685071574642,development_exploratory_not_untouched_final,C_xgboost_current_pm,hourly_forecast_bucket_aware_arrival_time_exposure,2022-02-27T20:00:00,2022-02-27T19:00:00,20:00
od_30,motorbike,motorbike-7,6895.296589894337,16.548711815746408,331,252.08777421275863,249.33502450381948,257.831486792407,-2.7527497089391773,-1.0919806474295313,0.0198198198198198,0.9801801801801802,development_exploratory_not_untouched_final,C_xgboost_current_pm,hourly_forecast_bucket_aware_arrival_time_exposure,2022-02-27T20:00:00,2022-02-27T19:00:00,20:00
od_30,motorbike,motorbike-8,8296.947894816516,19.91267494755964,391,303.2854418585578,299.747484136089,311.2549480033091,-3.537957722468832,-1.166543867317844,0.011308562197092,0.988691437802908,development_exploratory_not_untouched_final,C_xgboost_current_pm,hourly_forecast_bucket_aware_arrival_time_exposure,2022-02-27T20:00:00,2022-02-27T19:00:00,20:00
