departure_time,scenario_id,mode,delta_time_allowed_minutes,fastest_route_id,fastest_time_minutes,maximum_feasible_time_minutes,feasible_route_count,only_one_feasible_route,static_selected_route_id,airpath_selected_route_id,selections_differ,static_selected_travel_time_minutes,airpath_selected_travel_time_minutes,static_selected_static_exposure,airpath_selected_airpath_exposure,static_selected_airpath_exposure,airpath_selected_static_exposure,oracle_exposure_static_selected,oracle_exposure_airpath_selected,oracle_percent_improvement_airpath_over_static,static_predicted_reduction_vs_fastest,airpath_predicted_reduction_vs_fastest,oracle_reduction_static_selected_vs_fastest,oracle_reduction_airpath_selected_vs_fastest,evaluation_label
2022-02-27T06:00:00,od_01,motorbike,0.0,motorbike-1,8.230305959783891,8.230305959783891,1,True,motorbike-1,motorbike-1,False,8.230305959783891,8.230305959783891,224.2990751091312,218.82099772491836,218.82099772491836,224.2990751091312,255.8722659604621,255.8722659604621,0.0,0.0,0.0,0.0,0.0,development_exploratory_not_untouched_final
2022-02-27T06:00:00,od_01,motorbike,1.0,motorbike-1,8.230305959783891,9.230305959783891,2,False,motorbike-1,motorbike-1,False,8.230305959783891,8.230305959783891,224.2990751091312,218.82099772491836,218.82099772491836,224.2990751091312,255.8722659604621,255.8722659604621,0.0,0.0,0.0,0.0,0.0,development_exploratory_not_untouched_final
2022-02-27T06:00:00,od_01,motorbike,2.0,motorbike-1,8.230305959783891,10.230305959783891,2,False,motorbike-1,motorbike-1,False,8.230305959783891,8.230305959783891,224.2990751091312,218.82099772491836,218.82099772491836,224.2990751091312,255.8722659604621,255.8722659604621,0.0,0.0,0.0,0.0,0.0,development_exploratory_not_untouched_final
2022-02-27T06:00:00,od_01,motorbike,3.0,motorbike-1,8.230305959783891,11.230305959783891,3,False,motorbike-1,motorbike-1,False,8.230305959783891,8.230305959783891,224.2990751091312,218.82099772491836,218.82099772491836,224.2990751091312,255.8722659604621,255.8722659604621,0.0,0.0,0.0,0.0,0.0,development_exploratory_not_untouched_final
2022-02-27T06:00:00,od_01,motorbike,5.0,motorbike-1,8.230305959783891,13.230305959783891,6,False,motorbike-1,motorbike-1,False,8.230305959783891,8.230305959783891,224.2990751091312,218.82099772491836,218.82099772491836,224.2990751091312,255.8722659604621,255.8722659604621,0.0,0.0,0.0,0.0,0.0,development_exploratory_not_untouched_final
2022-02-27T06:00:00,od_01,motorbike,10.0,motorbike-1,8.230305959783891,18.23030595978389,7,False,motorbike-1,motorbike-1,False,8.230305959783891,8.230305959783891,224.2990751091312,218.82099772491836,218.82099772491836,224.2990751091312,255.8722659604621,255.8722659604621,0.0,0.0,0.0,0.0,0.0,development_exploratory_not_untouched_final
2022-02-27T06:00:00,od_01,walking,0.0,walking-1,40.00596776846269,40.00596776846269,1,True,walking-1,walking-1,False,40.00596776846269,40.00596776846269,1089.8318364090449,1063.1261857939526,1063.1261857939526,1089.8318364090449,1243.519308231538,1243.519308231538,0.0,0.0,0.0,0.0,0.0,development_exploratory_not_untouched_final
2022-02-27T06:00:00,od_01,walking,1.0,walking-1,40.00596776846269,41.00596776846269,3,False,walking-1,walking-1,False,40.00596776846269,40.00596776846269,1089.8318364090449,1063.1261857939526,1063.1261857939526,1089.8318364090449,1243.519308231538,1243.519308231538,0.0,0.0,0.0,0.0,0.0,development_exploratory_not_untouched_final
2022-02-27T06:00:00,od_01,walking,2.0,walking-1,40.00596776846269,42.00596776846269,4,False,walking-1,walking-1,False,40.00596776846269,40.00596776846269,1089.8318364090449,1063.1261857939526,1063.1261857939526,1089.8318364090449,1243.519308231538,1243.519308231538,0.0,0.0,0.0,0.0,0.0,development_exploratory_not_untouched_final
2022-02-27T06:00:00,od_01,walking,3.0,walking-1,40.00596776846269,43.00596776846269,4,False,walking-1,walking-1,False,40.00596776846269,40.00596776846269,1089.8318364090449,1063.1261857939526,1063.1261857939526,1089.8318364090449,1243.519308231538,1243.519308231538,0.0,0.0,0.0,0.0,0.0,development_exploratory_not_untouched_final
2022-02-27T06:00:00,od_01,walking,5.0,walking-1,40.00596776846269,45.00596776846269,4,False,walking-1,walking-1,False,40.00596776846269,40.00596776846269,1089.8318364090449,1063.1261857939526,1063.1261857939526,1089.8318364090449,1243.519308231538,1243.519308231538,0.0,0.0,0.0,0.0,0.0,development_exploratory_not_untouched_final
2022-02-27T06:00:00,od_01,walking,10.0,walking-1,40.00596776846269,50.00596776846269,6,False,walking-1,walking-1,False,40.00596776846269,40.00596776846269,1089.8318364090449,1063.1261857939526,1063.1261857939526,1089.8318364090449,1243.519308231538,1243.519308231538,0.0,0.0,0.0,0.0,0.0,development_exploratory_not_untouched_final
2022-02-27T06:00:00,od_02,motorbike,0.0,motorbike-1,9.67481945603514,9.67481945603514,1,True,motorbike-1,motorbike-1,False,9.67481945603514,9.67481945603514,297.79050492054216,275.0363290601593,275.0363290601593,297.79050492054216,335.0805859611023,335.0805859611023,0.0,0.0,0.0,0.0,0.0,development_exploratory_not_untouched_final
2022-02-27T06:00:00,od_02,motorbike,1.0,motorbike-1,9.67481945603514,10.67481945603514,3,False,motorbike-2,motorbike-2,False,10.031196680964728,10.031196680964728,292.15810713666235,274.87402040844853,274.87402040844853,292.15810713666235,332.1004748499557,332.1004748499557,0.0,5.63239778387981,0.16230865171075948,2.980111111146641,2.980111111146641,development_exploratory_not_untouched_final
2022-02-27T06:00:00,od_02,motorbike,2.0,motorbike-1,9.67481945603514,11.67481945603514,5,False,motorbike-2,motorbike-2,False,10.031196680964728,10.031196680964728,292.15810713666235,274.87402040844853,274.87402040844853,292.15810713666235,332.1004748499557,332.1004748499557,0.0,5.63239778387981,0.16230865171075948,2.980111111146641,2.980111111146641,development_exploratory_not_untouched_final
2022-02-27T06:00:00,od_02,motorbike,3.0,motorbike-1,9.67481945603514,12.67481945603514,6,False,motorbike-2,motorbike-2,False,10.031196680964728,10.031196680964728,292.15810713666235,274.87402040844853,274.87402040844853,292.15810713666235,332.1004748499557,332.1004748499557,0.0,5.63239778387981,0.16230865171075948,2.980111111146641,2.980111111146641,development_exploratory_not_untouched_final
2022-02-27T06:00:00,od_02,motorbike,5.0,motorbike-1,9.67481945603514,14.67481945603514,7,False,motorbike-2,motorbike-2,False,10.031196680964728,10.031196680964728,292.15810713666235,274.87402040844853,274.87402040844853,292.15810713666235,332.1004748499557,332.1004748499557,0.0,5.63239778387981,0.16230865171075948,2.980111111146641,2.980111111146641,development_exploratory_not_untouched_final
2022-02-27T06:00:00,od_02,motorbike,10.0,motorbike-1,9.67481945603514,19.674819456035138,8,False,motorbike-2,motorbike-2,False,10.031196680964728,10.031196680964728,292.15810713666235,274.87402040844853,274.87402040844853,292.15810713666235,332.1004748499557,332.1004748499557,0.0,5.63239778387981,0.16230865171075948,2.980111111146641,2.980111111146641,development_exploratory_not_untouched_final
2022-02-27T06:00:00,od_02,walking,0.0,walking-1,48.3740972801757,48.3740972801757,1,True,walking-1,walking-1,False,48.3740972801757,48.3740972801757,1488.9525246027101,1375.1816453007968,1375.1816453007968,1488.9525246027101,1675.4029298055107,1675.4029298055107,0.0,0.0,0.0,0.0,0.0,development_exploratory_not_untouched_final
2022-02-27T06:00:00,od_02,walking,1.0,walking-1,48.3740972801757,49.3740972801757,2,False,walking-1,walking-1,False,48.3740972801757,48.3740972801757,1488.9525246027101,1375.1816453007968,1375.1816453007968,1488.9525246027101,1675.4029298055107,1675.4029298055107,0.0,0.0,0.0,0.0,0.0,development_exploratory_not_untouched_final
2022-02-27T06:00:00,od_02,walking,2.0,walking-1,48.3740972801757,50.3740972801757,3,False,walking-2,walking-2,False,50.15598340482364,50.15598340482364,1460.7905356833116,1374.3701020422425,1374.3701020422425,1460.7905356833116,1660.5023742497783,1660.5023742497783,0.0,28.161988919398482,0.8115432585543658,14.900555555732353,14.900555555732353,development_exploratory_not_untouched_final
2022-02-27T06:00:00,od_02,walking,3.0,walking-1,48.3740972801757,51.3740972801757,4,False,walking-2,walking-2,False,50.15598340482364,50.15598340482364,1460.7905356833116,1374.3701020422425,1374.3701020422425,1460.7905356833116,1660.5023742497783,1660.5023742497783,0.0,28.161988919398482,0.8115432585543658,14.900555555732353,14.900555555732353,development_exploratory_not_untouched_final
2022-02-27T06:00:00,od_02,walking,5.0,walking-1,48.3740972801757,53.3740972801757,4,False,walking-2,walking-2,False,50.15598340482364,50.15598340482364,1460.7905356833116,1374.3701020422425,1374.3701020422425,1460.7905356833116,1660.5023742497783,1660.5023742497783,0.0,28.161988919398482,0.8115432585543658,14.900555555732353,14.900555555732353,development_exploratory_not_untouched_final
2022-02-27T06:00:00,od_02,walking,10.0,walking-1,48.3740972801757,58.3740972801757,6,False,walking-2,walking-2,False,50.15598340482364,50.15598340482364,1460.7905356833116,1374.3701020422425,1374.3701020422425,1460.7905356833116,1660.5023742497783,1660.5023742497783,0.0,28.161988919398482,0.8115432585543658,14.900555555732353,14.900555555732353,development_exploratory_not_untouched_final
2022-02-27T06:00:00,od_03,motorbike,0.0,motorbike-1,6.910009956562447,6.910009956562447,1,True,motorbike-1,motorbike-1,False,6.910009956562447,6.910009956562447,181.99319190865563,176.53640749611074,176.53640749611074,181.99319190865563,212.1590349781832,212.1590349781832,0.0,0.0,0.0,0.0,0.0,development_exploratory_not_untouched_final
2022-02-27T06:00:00,od_03,motorbike,1.0,motorbike-1,6.910009956562447,7.910009956562447,3,False,motorbike-1,motorbike-1,False,6.910009956562447,6.910009956562447,181.99319190865563,176.53640749611074,176.53640749611074,181.99319190865563,212.1590349781832,212.1590349781832,0.0,0.0,0.0,0.0,0.0,development_exploratory_not_untouched_final
2022-02-27T06:00:00,od_03,motorbike,2.0,motorbike-1,6.910009956562447,8.910009956562448,3,False,motorbike-1,motorbike-1,False,6.910009956562447,6.910009956562447,181.99319190865563,176.53640749611074,176.53640749611074,181.99319190865563,212.1590349781832,212.1590349781832,0.0,0.0,0.0,0.0,0.0,development_exploratory_not_untouched_final
2022-02-27T06:00:00,od_03,motorbike,3.0,motorbike-1,6.910009956562447,9.910009956562448,5,False,motorbike-1,motorbike-1,False,6.910009956562447,6.910009956562447,181.99319190865563,176.53640749611074,176.53640749611074,181.99319190865563,212.1590349781832,212.1590349781832,0.0,0.0,0.0,0.0,0.0,development_exploratory_not_untouched_final
2022-02-27T06:00:00,od_03,motorbike,5.0,motorbike-1,6.910009956562447,11.910009956562448,7,False,motorbike-1,motorbike-1,False,6.910009956562447,6.910009956562447,181.99319190865563,176.53640749611074,176.53640749611074,181.99319190865563,212.1590349781832,212.1590349781832,0.0,0.0,0.0,0.0,0.0,development_exploratory_not_untouched_final
2022-02-27T06:00:00,od_03,motorbike,10.0,motorbike-1,6.910009956562447,16.910009956562448,8,False,motorbike-1,motorbike-1,False,6.910009956562447,6.910009956562447,181.99319190865563,176.53640749611074,176.53640749611074,181.99319190865563,212.1590349781832,212.1590349781832,0.0,0.0,0.0,0.0,0.0,development_exploratory_not_untouched_final
2022-02-27T06:00:00,od_03,walking,0.0,walking-1,34.422845694421525,34.422845694421525,1,True,walking-1,walking-1,False,34.422845694421525,34.422845694421525,906.7909093656032,879.5624445080053,879.5624445080053,906.7909093656032,1057.0217973896242,1057.0217973896242,0.0,0.0,0.0,0.0,0.0,development_exploratory_not_untouched_final
2022-02-27T06:00:00,od_03,walking,1.0,walking-1,34.422845694421525,35.422845694421525,2,False,walking-1,walking-1,False,34.422845694421525,34.422845694421525,906.7909093656032,879.5624445080053,879.5624445080053,906.7909093656032,1057.0217973896242,1057.0217973896242,0.0,0.0,0.0,0.0,0.0,development_exploratory_not_untouched_final
2022-02-27T06:00:00,od_03,walking,2.0,walking-1,34.422845694421525,36.422845694421525,3,False,walking-1,walking-1,False,34.422845694421525,34.422845694421525,906.7909093656032,879.5624445080053,879.5624445080053,906.7909093656032,1057.0217973896242,1057.0217973896242,0.0,0.0,0.0,0.0,0.0,development_exploratory_not_untouched_final
2022-02-27T06:00:00,od_03,walking,3.0,walking-1,34.422845694421525,37.422845694421525,3,False,walking-1,walking-1,False,34.422845694421525,34.422845694421525,906.7909093656032,879.5624445080053,879.5624445080053,906.7909093656032,1057.0217973896242,1057.0217973896242,0.0,0.0,0.0,0.0,0.0,development_exploratory_not_untouched_final
2022-02-27T06:00:00,od_03,walking,5.0,walking-1,34.422845694421525,39.422845694421525,3,False,walking-1,walking-1,False,34.422845694421525,34.422845694421525,906.7909093656032,879.5624445080053,879.5624445080053,906.7909093656032,1057.0217973896242,1057.0217973896242,0.0,0.0,0.0,0.0,0.0,development_exploratory_not_untouched_final
2022-02-27T06:00:00,od_03,walking,10.0,walking-1,34.422845694421525,44.422845694421525,6,False,walking-1,walking-1,False,34.422845694421525,34.422845694421525,906.7909093656032,879.5624445080053,879.5624445080053,906.7909093656032,1057.0217973896242,1057.0217973896242,0.0,0.0,0.0,0.0,0.0,development_exploratory_not_untouched_final
2022-02-27T06:00:00,od_04,motorbike,0.0,motorbike-1,13.275882583129041,13.275882583129041,1,True,motorbike-1,motorbike-1,False,13.275882583129041,13.275882583129041,370.6710153005749,355.54898931963083,355.54898931963083,370.6710153005749,422.497581952061,422.497581952061,0.0,0.0,0.0,0.0,0.0,development_exploratory_not_untouched_final
2022-02-27T06:00:00,od_04,motorbike,1.0,motorbike-1,13.275882583129041,14.275882583129041,3,False,motorbike-1,motorbike-1,False,13.275882583129041,13.275882583129041,370.6710153005749,355.54898931963083,355.54898931963083,370.6710153005749,422.497581952061,422.497581952061,0.0,0.0,0.0,0.0,0.0,development_exploratory_not_untouched_final
2022-02-27T06:00:00,od_04,motorbike,2.0,motorbike-1,13.275882583129041,15.275882583129041,3,False,motorbike-1,motorbike-1,False,13.275882583129041,13.275882583129041,370.6710153005749,355.54898931963083,355.54898931963083,370.6710153005749,422.497581952061,422.497581952061,0.0,0.0,0.0,0.0,0.0,development_exploratory_not_untouched_final
2022-02-27T06:00:00,od_04,motorbike,3.0,motorbike-1,13.275882583129041,16.27588258312904,4,False,motorbike-1,motorbike-1,False,13.275882583129041,13.275882583129041,370.6710153005749,355.54898931963083,355.54898931963083,370.6710153005749,422.497581952061,422.497581952061,0.0,0.0,0.0,0.0,0.0,development_exploratory_not_untouched_final
2022-02-27T06:00:00,od_04,motorbike,5.0,motorbike-1,13.275882583129041,18.27588258312904,5,False,motorbike-1,motorbike-1,False,13.275882583129041,13.275882583129041,370.6710153005749,355.54898931963083,355.54898931963083,370.6710153005749,422.497581952061,422.497581952061,0.0,0.0,0.0,0.0,0.0,development_exploratory_not_untouched_final
2022-02-27T06:00:00,od_04,motorbike,10.0,motorbike-1,13.275882583129041,23.27588258312904,7,False,motorbike-1,motorbike-1,False,13.275882583129041,13.275882583129041,370.6710153005749,355.54898931963083,355.54898931963083,370.6710153005749,422.497581952061,422.497581952061,0.0,0.0,0.0,0.0,0.0,development_exploratory_not_untouched_final
2022-02-27T06:00:00,od_04,walking,0.0,walking-1,66.24586047456621,66.24586047456621,1,True,walking-1,walking-1,False,66.24586047456621,66.24586047456621,1839.5716166345082,1763.2542754994552,1763.2542754994552,1839.5716166345082,2079.897575023483,2079.897575023483,0.0,0.0,0.0,0.0,0.0,development_exploratory_not_untouched_final
2022-02-27T06:00:00,od_04,walking,1.0,walking-1,66.24586047456621,67.24586047456621,4,False,walking-1,walking-1,False,66.24586047456621,66.24586047456621,1839.5716166345082,1763.2542754994552,1763.2542754994552,1839.5716166345082,2079.897575023483,2079.897575023483,0.0,0.0,0.0,0.0,0.0,development_exploratory_not_untouched_final
2022-02-27T06:00:00,od_04,walking,2.0,walking-1,66.24586047456621,68.24586047456621,5,False,walking-1,walking-1,False,66.24586047456621,66.24586047456621,1839.5716166345082,1763.2542754994552,1763.2542754994552,1839.5716166345082,2079.897575023483,2079.897575023483,0.0,0.0,0.0,0.0,0.0,development_exploratory_not_untouched_final
2022-02-27T06:00:00,od_04,walking,3.0,walking-1,66.24586047456621,69.24586047456621,5,False,walking-1,walking-1,False,66.24586047456621,66.24586047456621,1839.5716166345082,1763.2542754994552,1763.2542754994552,1839.5716166345082,2079.897575023483,2079.897575023483,0.0,0.0,0.0,0.0,0.0,development_exploratory_not_untouched_final
2022-02-27T06:00:00,od_04,walking,5.0,walking-1,66.24586047456621,71.24586047456621,5,False,walking-1,walking-1,False,66.24586047456621,66.24586047456621,1839.5716166345082,1763.2542754994552,1763.2542754994552,1839.5716166345082,2079.897575023483,2079.897575023483,0.0,0.0,0.0,0.0,0.0,development_exploratory_not_untouched_final
2022-02-27T06:00:00,od_04,walking,10.0,walking-1,66.24586047456621,76.24586047456621,6,False,walking-1,walking-1,False,66.24586047456621,66.24586047456621,1839.5716166345082,1763.2542754994552,1763.2542754994552,1839.5716166345082,2079.897575023483,2079.897575023483,0.0,0.0,0.0,0.0,0.0,development_exploratory_not_untouched_final
2022-02-27T06:00:00,od_05,motorbike,0.0,motorbike-1,15.468886749491073,15.468886749491073,1,True,motorbike-1,motorbike-1,False,15.468886749491073,15.468886749491073,386.4824119906571,384.9904802044483,384.9904802044483,386.4824119906571,451.70046243519715,451.70046243519715,0.0,0.0,0.0,0.0,0.0,development_exploratory_not_untouched_final
2022-02-27T06:00:00,od_05,motorbike,1.0,motorbike-1,15.468886749491073,16.468886749491073,2,False,motorbike-1,motorbike-1,False,15.468886749491073,15.468886749491073,386.4824119906571,384.9904802044483,384.9904802044483,386.4824119906571,451.70046243519715,451.70046243519715,0.0,0.0,0.0,0.0,0.0,development_exploratory_not_untouched_final
2022-02-27T06:00:00,od_05,motorbike,2.0,motorbike-1,15.468886749491073,17.468886749491073,2,False,motorbike-1,motorbike-1,False,15.468886749491073,15.468886749491073,386.4824119906571,384.9904802044483,384.9904802044483,386.4824119906571,451.70046243519715,451.70046243519715,0.0,0.0,0.0,0.0,0.0,development_exploratory_not_untouched_final
2022-02-27T06:00:00,od_05,motorbike,3.0,motorbike-1,15.468886749491073,18.468886749491073,3,False,motorbike-1,motorbike-1,False,15.468886749491073,15.468886749491073,386.4824119906571,384.9904802044483,384.9904802044483,386.4824119906571,451.70046243519715,451.70046243519715,0.0,0.0,0.0,0.0,0.0,development_exploratory_not_untouched_final
2022-02-27T06:00:00,od_05,motorbike,5.0,motorbike-1,15.468886749491073,20.468886749491073,4,False,motorbike-1,motorbike-1,False,15.468886749491073,15.468886749491073,386.4824119906571,384.9904802044483,384.9904802044483,386.4824119906571,451.70046243519715,451.70046243519715,0.0,0.0,0.0,0.0,0.0,development_exploratory_not_untouched_final
2022-02-27T06:00:00,od_05,motorbike,10.0,motorbike-1,15.468886749491073,25.468886749491073,6,False,motorbike-1,motorbike-1,False,15.468886749491073,15.468886749491073,386.4824119906571,384.9904802044483,384.9904802044483,386.4824119906571,451.70046243519715,451.70046243519715,0.0,0.0,0.0,0.0,0.0,development_exploratory_not_untouched_final
2022-02-27T06:00:00,od_05,walking,0.0,walking-1,79.18940872206731,79.18940872206731,1,True,walking-1,walking-1,False,79.18940872206731,79.18940872206731,1977.7473414486544,1954.6187514742944,1954.6187514742944,1977.7473414486544,2247.342378393426,2247.342378393426,0.0,0.0,0.0,0.0,0.0,development_exploratory_not_untouched_final
2022-02-27T06:00:00,od_05,walking,1.0,walking-1,79.18940872206731,80.18940872206731,5,False,walking-1,walking-1,False,79.18940872206731,79.18940872206731,1977.7473414486544,1954.6187514742944,1954.6187514742944,1977.7473414486544,2247.342378393426,2247.342378393426,0.0,0.0,0.0,0.0,0.0,development_exploratory_not_untouched_final
2022-02-27T06:00:00,od_05,walking,2.0,walking-1,79.18940872206731,81.18940872206731,5,False,walking-1,walking-1,False,79.18940872206731,79.18940872206731,1977.7473414486544,1954.6187514742944,1954.6187514742944,1977.7473414486544,2247.342378393426,2247.342378393426,0.0,0.0,0.0,0.0,0.0,development_exploratory_not_untouched_final
2022-02-27T06:00:00,od_05,walking,3.0,walking-1,79.18940872206731,82.18940872206731,6,False,walking-1,walking-1,False,79.18940872206731,79.18940872206731,1977.7473414486544,1954.6187514742944,1954.6187514742944,1977.7473414486544,2247.342378393426,2247.342378393426,0.0,0.0,0.0,0.0,0.0,development_exploratory_not_untouched_final
2022-02-27T06:00:00,od_05,walking,5.0,walking-1,79.18940872206731,84.18940872206731,6,False,walking-1,walking-1,False,79.18940872206731,79.18940872206731,1977.7473414486544,1954.6187514742944,1954.6187514742944,1977.7473414486544,2247.342378393426,2247.342378393426,0.0,0.0,0.0,0.0,0.0,development_exploratory_not_untouched_final
2022-02-27T06:00:00,od_05,walking,10.0,walking-1,79.18940872206731,89.18940872206731,7,False,walking-1,walking-1,False,79.18940872206731,79.18940872206731,1977.7473414486544,1954.6187514742944,1954.6187514742944,1977.7473414486544,2247.342378393426,2247.342378393426,0.0,0.0,0.0,0.0,0.0,development_exploratory_not_untouched_final
2022-02-27T06:00:00,od_06,motorbike,0.0,motorbike-1,8.795778104253094,8.795778104253094,1,True,motorbike-1,motorbike-1,False,8.795778104253094,8.795778104253094,224.88916758358266,219.1665461661276,219.1665461661276,224.88916758358266,265.9379945404964,265.9379945404964,0.0,0.0,0.0,0.0,0.0,development_exploratory_not_untouched_final
2022-02-27T06:00:00,od_06,motorbike,1.0,motorbike-1,8.795778104253094,9.795778104253094,3,False,motorbike-1,motorbike-1,False,8.795778104253094,8.795778104253094,224.88916758358266,219.1665461661276,219.1665461661276,224.88916758358266,265.9379945404964,265.9379945404964,0.0,0.0,0.0,0.0,0.0,development_exploratory_not_untouched_final
2022-02-27T06:00:00,od_06,motorbike,2.0,motorbike-1,8.795778104253094,10.795778104253094,3,False,motorbike-1,motorbike-1,False,8.795778104253094,8.795778104253094,224.88916758358266,219.1665461661276,219.1665461661276,224.88916758358266,265.9379945404964,265.9379945404964,0.0,0.0,0.0,0.0,0.0,development_exploratory_not_untouched_final
2022-02-27T06:00:00,od_06,motorbike,3.0,motorbike-1,8.795778104253094,11.795778104253094,5,False,motorbike-1,motorbike-1,False,8.795778104253094,8.795778104253094,224.88916758358266,219.1665461661276,219.1665461661276,224.88916758358266,265.9379945404964,265.9379945404964,0.0,0.0,0.0,0.0,0.0,development_exploratory_not_untouched_final
2022-02-27T06:00:00,od_06,motorbike,5.0,motorbike-1,8.795778104253094,13.795778104253094,6,False,motorbike-1,motorbike-1,False,8.795778104253094,8.795778104253094,224.88916758358266,219.1665461661276,219.1665461661276,224.88916758358266,265.9379945404964,265.9379945404964,0.0,0.0,0.0,0.0,0.0,development_exploratory_not_untouched_final
2022-02-27T06:00:00,od_06,motorbike,10.0,motorbike-1,8.795778104253094,18.795778104253095,8,False,motorbike-1,motorbike-1,False,8.795778104253094,8.795778104253094,224.88916758358266,219.1665461661276,219.1665461661276,224.88916758358266,265.9379945404964,265.9379945404964,0.0,0.0,0.0,0.0,0.0,development_exploratory_not_untouched_final
2022-02-27T06:00:00,od_06,walking,0.0,walking-1,42.44838227513487,42.44838227513487,1,True,walking-1,walking-1,False,42.44838227513487,42.44838227513487,1084.3844520531886,1056.7772633784655,1056.7772633784655,1084.3844520531886,1282.9875320799783,1282.9875320799783,0.0,0.0,0.0,0.0,0.0,development_exploratory_not_untouched_final
2022-02-27T06:00:00,od_06,walking,1.0,walking-1,42.44838227513487,43.44838227513487,4,False,walking-1,walking-1,False,42.44838227513487,42.44838227513487,1084.3844520531886,1056.7772633784655,1056.7772633784655,1084.3844520531886,1282.9875320799783,1282.9875320799783,0.0,0.0,0.0,0.0,0.0,development_exploratory_not_untouched_final
2022-02-27T06:00:00,od_06,walking,2.0,walking-1,42.44838227513487,44.44838227513487,5,False,walking-1,walking-1,False,42.44838227513487,42.44838227513487,1084.3844520531886,1056.7772633784655,1056.7772633784655,1084.3844520531886,1282.9875320799783,1282.9875320799783,0.0,0.0,0.0,0.0,0.0,development_exploratory_not_untouched_final
2022-02-27T06:00:00,od_06,walking,3.0,walking-1,42.44838227513487,45.44838227513487,5,False,walking-1,walking-1,False,42.44838227513487,42.44838227513487,1084.3844520531886,1056.7772633784655,1056.7772633784655,1084.3844520531886,1282.9875320799783,1282.9875320799783,0.0,0.0,0.0,0.0,0.0,development_exploratory_not_untouched_final
2022-02-27T06:00:00,od_06,walking,5.0,walking-1,42.44838227513487,47.44838227513487,6,False,walking-1,walking-1,False,42.44838227513487,42.44838227513487,1084.3844520531886,1056.7772633784655,1056.7772633784655,1084.3844520531886,1282.9875320799783,1282.9875320799783,0.0,0.0,0.0,0.0,0.0,development_exploratory_not_untouched_final
2022-02-27T06:00:00,od_06,walking,10.0,walking-1,42.44838227513487,52.44838227513487,7,False,walking-1,walking-1,False,42.44838227513487,42.44838227513487,1084.3844520531886,1056.7772633784655,1056.7772633784655,1084.3844520531886,1282.9875320799783,1282.9875320799783,0.0,0.0,0.0,0.0,0.0,development_exploratory_not_untouched_final
2022-02-27T06:00:00,od_07,motorbike,0.0,motorbike-1,8.70687690002884,8.70687690002884,1,True,motorbike-1,motorbike-1,False,8.70687690002884,8.70687690002884,253.594262419928,237.7671519862124,237.7671519862124,253.594262419928,289.5906188057829,289.5906188057829,0.0,0.0,0.0,0.0,0.0,development_exploratory_not_untouched_final
2022-02-27T06:00:00,od_07,motorbike,1.0,motorbike-1,8.70687690002884,9.70687690002884,3,False,motorbike-1,motorbike-1,False,8.70687690002884,8.70687690002884,253.594262419928,237.7671519862124,237.7671519862124,253.594262419928,289.5906188057829,289.5906188057829,0.0,0.0,0.0,0.0,0.0,development_exploratory_not_untouched_final
2022-02-27T06:00:00,od_07,motorbike,2.0,motorbike-1,8.70687690002884,10.70687690002884,4,False,motorbike-1,motorbike-1,False,8.70687690002884,8.70687690002884,253.594262419928,237.7671519862124,237.7671519862124,253.594262419928,289.5906188057829,289.5906188057829,0.0,0.0,0.0,0.0,0.0,development_exploratory_not_untouched_final
2022-02-27T06:00:00,od_07,motorbike,3.0,motorbike-1,8.70687690002884,11.70687690002884,4,False,motorbike-1,motorbike-1,False,8.70687690002884,8.70687690002884,253.594262419928,237.7671519862124,237.7671519862124,253.594262419928,289.5906188057829,289.5906188057829,0.0,0.0,0.0,0.0,0.0,development_exploratory_not_untouched_final
2022-02-27T06:00:00,od_07,motorbike,5.0,motorbike-1,8.70687690002884,13.70687690002884,6,False,motorbike-1,motorbike-1,False,8.70687690002884,8.70687690002884,253.594262419928,237.7671519862124,237.7671519862124,253.594262419928,289.5906188057829,289.5906188057829,0.0,0.0,0.0,0.0,0.0,development_exploratory_not_untouched_final
2022-02-27T06:00:00,od_07,motorbike,10.0,motorbike-1,8.70687690002884,18.70687690002884,8,False,motorbike-1,motorbike-1,False,8.70687690002884,8.70687690002884,253.594262419928,237.7671519862124,237.7671519862124,253.594262419928,289.5906188057829,289.5906188057829,0.0,0.0,0.0,0.0,0.0,development_exploratory_not_untouched_final
2022-02-27T06:00:00,od_07,walking,0.0,walking-1,36.12094162904502,36.12094162904502,1,True,walking-1,walking-1,False,36.12094162904502,36.12094162904502,1061.6127524186036,992.594986183469,992.594986183469,1061.6127524186036,1209.82781813975,1209.82781813975,0.0,0.0,0.0,0.0,0.0,development_exploratory_not_untouched_final
2022-02-27T06:00:00,od_07,walking,1.0,walking-1,36.12094162904502,37.12094162904502,4,False,walking-1,walking-1,False,36.12094162904502,36.12094162904502,1061.6127524186036,992.594986183469,992.594986183469,1061.6127524186036,1209.82781813975,1209.82781813975,0.0,0.0,0.0,0.0,0.0,development_exploratory_not_untouched_final
2022-02-27T06:00:00,od_07,walking,2.0,walking-1,36.12094162904502,38.12094162904502,4,False,walking-1,walking-1,False,36.12094162904502,36.12094162904502,1061.6127524186036,992.594986183469,992.594986183469,1061.6127524186036,1209.82781813975,1209.82781813975,0.0,0.0,0.0,0.0,0.0,development_exploratory_not_untouched_final
2022-02-27T06:00:00,od_07,walking,3.0,walking-1,36.12094162904502,39.12094162904502,4,False,walking-1,walking-1,False,36.12094162904502,36.12094162904502,1061.6127524186036,992.594986183469,992.594986183469,1061.6127524186036,1209.82781813975,1209.82781813975,0.0,0.0,0.0,0.0,0.0,development_exploratory_not_untouched_final
2022-02-27T06:00:00,od_07,walking,5.0,walking-1,36.12094162904502,41.12094162904502,4,False,walking-1,walking-1,False,36.12094162904502,36.12094162904502,1061.6127524186036,992.594986183469,992.594986183469,1061.6127524186036,1209.82781813975,1209.82781813975,0.0,0.0,0.0,0.0,0.0,development_exploratory_not_untouched_final
2022-02-27T06:00:00,od_07,walking,10.0,walking-1,36.12094162904502,46.12094162904502,4,False,walking-1,walking-1,False,36.12094162904502,36.12094162904502,1061.6127524186036,992.594986183469,992.594986183469,1061.6127524186036,1209.82781813975,1209.82781813975,0.0,0.0,0.0,0.0,0.0,development_exploratory_not_untouched_final
2022-02-27T06:00:00,od_08,motorbike,0.0,motorbike-1,16.700945583245588,16.700945583245588,1,True,motorbike-1,motorbike-1,False,16.700945583245588,16.700945583245588,431.5239175580394,422.86561490840757,422.86561490840757,431.5239175580394,504.6095098044835,504.6095098044835,0.0,0.0,0.0,0.0,0.0,development_exploratory_not_untouched_final
2022-02-27T06:00:00,od_08,motorbike,1.0,motorbike-1,16.700945583245588,17.700945583245588,2,False,motorbike-1,motorbike-1,False,16.700945583245588,16.700945583245588,431.5239175580394,422.86561490840757,422.86561490840757,431.5239175580394,504.6095098044835,504.6095098044835,0.0,0.0,0.0,0.0,0.0,development_exploratory_not_untouched_final
2022-02-27T06:00:00,od_08,motorbike,2.0,motorbike-1,16.700945583245588,18.700945583245588,4,False,motorbike-1,motorbike-1,False,16.700945583245588,16.700945583245588,431.5239175580394,422.86561490840757,422.86561490840757,431.5239175580394,504.6095098044835,504.6095098044835,0.0,0.0,0.0,0.0,0.0,development_exploratory_not_untouched_final
2022-02-27T06:00:00,od_08,motorbike,3.0,motorbike-1,16.700945583245588,19.700945583245588,4,False,motorbike-1,motorbike-1,False,16.700945583245588,16.700945583245588,431.5239175580394,422.86561490840757,422.86561490840757,431.5239175580394,504.6095098044835,504.6095098044835,0.0,0.0,0.0,0.0,0.0,development_exploratory_not_untouched_final
2022-02-27T06:00:00,od_08,motorbike,5.0,motorbike-1,16.700945583245588,21.700945583245588,6,False,motorbike-1,motorbike-1,False,16.700945583245588,16.700945583245588,431.5239175580394,422.86561490840757,422.86561490840757,431.5239175580394,504.6095098044835,504.6095098044835,0.0,0.0,0.0,0.0,0.0,development_exploratory_not_untouched_final
2022-02-27T06:00:00,od_08,motorbike,10.0,motorbike-1,16.700945583245588,26.700945583245588,8,False,motorbike-1,motorbike-1,False,16.700945583245588,16.700945583245588,431.5239175580394,422.86561490840757,422.86561490840757,431.5239175580394,504.6095098044835,504.6095098044835,0.0,0.0,0.0,0.0,0.0,development_exploratory_not_untouched_final
2022-02-27T06:00:00,od_08,walking,0.0,walking-1,82.44427460179587,82.44427460179587,1,True,walking-1,walking-1,False,82.44427460179587,82.44427460179587,2126.7892629310463,2064.1123992297335,2064.1123992297335,2126.7892629310463,2399.855433479701,2399.855433479701,0.0,0.0,0.0,0.0,0.0,development_exploratory_not_untouched_final
2022-02-27T06:00:00,od_08,walking,1.0,walking-1,82.44427460179587,83.44427460179587,3,False,walking-1,walking-1,False,82.44427460179587,82.44427460179587,2126.7892629310463,2064.1123992297335,2064.1123992297335,2126.7892629310463,2399.855433479701,2399.855433479701,0.0,0.0,0.0,0.0,0.0,development_exploratory_not_untouched_final
2022-02-27T06:00:00,od_08,walking,2.0,walking-1,82.44427460179587,84.44427460179587,3,False,walking-1,walking-1,False,82.44427460179587,82.44427460179587,2126.7892629310463,2064.1123992297335,2064.1123992297335,2126.7892629310463,2399.855433479701,2399.855433479701,0.0,0.0,0.0,0.0,0.0,development_exploratory_not_untouched_final
2022-02-27T06:00:00,od_08,walking,3.0,walking-1,82.44427460179587,85.44427460179587,4,False,walking-1,walking-1,False,82.44427460179587,82.44427460179587,2126.7892629310463,2064.1123992297335,2064.1123992297335,2126.7892629310463,2399.855433479701,2399.855433479701,0.0,0.0,0.0,0.0,0.0,development_exploratory_not_untouched_final
2022-02-27T06:00:00,od_08,walking,5.0,walking-1,82.44427460179587,87.44427460179587,5,False,walking-1,walking-1,False,82.44427460179587,82.44427460179587,2126.7892629310463,2064.1123992297335,2064.1123992297335,2126.7892629310463,2399.855433479701,2399.855433479701,0.0,0.0,0.0,0.0,0.0,development_exploratory_not_untouched_final
2022-02-27T06:00:00,od_08,walking,10.0,walking-1,82.44427460179587,92.44427460179587,6,False,walking-1,walking-1,False,82.44427460179587,82.44427460179587,2126.7892629310463,2064.1123992297335,2064.1123992297335,2126.7892629310463,2399.855433479701,2399.855433479701,0.0,0.0,0.0,0.0,0.0,development_exploratory_not_untouched_final
2022-02-27T06:00:00,od_09,motorbike,0.0,motorbike-1,9.921896735442521,9.921896735442521,1,True,motorbike-1,motorbike-1,False,9.921896735442521,9.921896735442521,224.38014103313793,234.95697550159943,234.95697550159943,224.38014103313793,265.0560138030899,265.0560138030899,0.0,0.0,0.0,0.0,0.0,development_exploratory_not_untouched_final
2022-02-27T06:00:00,od_09,motorbike,1.0,motorbike-1,9.921896735442521,10.921896735442521,2,False,motorbike-1,motorbike-1,False,9.921896735442521,9.921896735442521,224.38014103313793,234.95697550159943,234.95697550159943,224.38014103313793,265.0560138030899,265.0560138030899,0.0,0.0,0.0,0.0,0.0,development_exploratory_not_untouched_final
2022-02-27T06:00:00,od_09,motorbike,2.0,motorbike-1,9.921896735442521,11.921896735442521,3,False,motorbike-1,motorbike-1,False,9.921896735442521,9.921896735442521,224.38014103313793,234.95697550159943,234.95697550159943,224.38014103313793,265.0560138030899,265.0560138030899,0.0,0.0,0.0,0.0,0.0,development_exploratory_not_untouched_final
2022-02-27T06:00:00,od_09,motorbike,3.0,motorbike-1,9.921896735442521,12.921896735442521,4,False,motorbike-1,motorbike-1,False,9.921896735442521,9.921896735442521,224.38014103313793,234.95697550159943,234.95697550159943,224.38014103313793,265.0560138030899,265.0560138030899,0.0,0.0,0.0,0.0,0.0,development_exploratory_not_untouched_final
2022-02-27T06:00:00,od_09,motorbike,5.0,motorbike-1,9.921896735442521,14.921896735442521,5,False,motorbike-1,motorbike-1,False,9.921896735442521,9.921896735442521,224.38014103313793,234.95697550159943,234.95697550159943,224.38014103313793,265.0560138030899,265.0560138030899,0.0,0.0,0.0,0.0,0.0,development_exploratory_not_untouched_final
2022-02-27T06:00:00,od_09,motorbike,10.0,motorbike-1,9.921896735442521,19.921896735442523,7,False,motorbike-1,motorbike-1,False,9.921896735442521,9.921896735442521,224.38014103313793,234.95697550159943,234.95697550159943,224.38014103313793,265.0560138030899,265.0560138030899,0.0,0.0,0.0,0.0,0.0,development_exploratory_not_untouched_final
2022-02-27T06:00:00,od_09,walking,0.0,walking-1,44.57985461725738,44.57985461725738,1,True,walking-1,walking-1,False,44.57985461725738,44.57985461725738,983.6829197933494,1041.1001980948122,1041.1001980948122,983.6829197933494,1167.0661758310964,1167.0661758310964,0.0,0.0,0.0,0.0,0.0,development_exploratory_not_untouched_final
2022-02-27T06:00:00,od_09,walking,1.0,walking-1,44.57985461725738,45.57985461725738,3,False,walking-1,walking-1,False,44.57985461725738,44.57985461725738,983.6829197933494,1041.1001980948122,1041.1001980948122,983.6829197933494,1167.0661758310964,1167.0661758310964,0.0,0.0,0.0,0.0,0.0,development_exploratory_not_untouched_final
2022-02-27T06:00:00,od_09,walking,2.0,walking-1,44.57985461725738,46.57985461725738,3,False,walking-1,walking-1,False,44.57985461725738,44.57985461725738,983.6829197933494,1041.1001980948122,1041.1001980948122,983.6829197933494,1167.0661758310964,1167.0661758310964,0.0,0.0,0.0,0.0,0.0,development_exploratory_not_untouched_final
2022-02-27T06:00:00,od_09,walking,3.0,walking-1,44.57985461725738,47.57985461725738,3,False,walking-1,walking-1,False,44.57985461725738,44.57985461725738,983.6829197933494,1041.1001980948122,1041.1001980948122,983.6829197933494,1167.0661758310964,1167.0661758310964,0.0,0.0,0.0,0.0,0.0,development_exploratory_not_untouched_final
2022-02-27T06:00:00,od_09,walking,5.0,walking-1,44.57985461725738,49.57985461725738,4,False,walking-1,walking-1,False,44.57985461725738,44.57985461725738,983.6829197933494,1041.1001980948122,1041.1001980948122,983.6829197933494,1167.0661758310964,1167.0661758310964,0.0,0.0,0.0,0.0,0.0,development_exploratory_not_untouched_final
2022-02-27T06:00:00,od_09,walking,10.0,walking-1,44.57985461725738,54.57985461725738,6,False,walking-1,walking-1,False,44.57985461725738,44.57985461725738,983.6829197933494,1041.1001980948122,1041.1001980948122,983.6829197933494,1167.0661758310964,1167.0661758310964,0.0,0.0,0.0,0.0,0.0,development_exploratory_not_untouched_final
2022-02-27T06:00:00,od_10,motorbike,0.0,motorbike-1,10.045650330099813,10.045650330099813,1,True,motorbike-1,motorbike-1,False,10.045650330099813,10.045650330099813,284.1190011383922,269.29390654253933,269.29390654253933,284.1190011383922,325.7772767695083,325.7772767695083,0.0,0.0,0.0,0.0,0.0,development_exploratory_not_untouched_final
2022-02-27T06:00:00,od_10,motorbike,1.0,motorbike-1,10.045650330099813,11.045650330099813,2,False,motorbike-1,motorbike-1,False,10.045650330099813,10.045650330099813,284.1190011383922,269.29390654253933,269.29390654253933,284.1190011383922,325.7772767695083,325.7772767695083,0.0,0.0,0.0,0.0,0.0,development_exploratory_not_untouched_final
2022-02-27T06:00:00,od_10,motorbike,2.0,motorbike-1,10.045650330099813,12.045650330099813,3,False,motorbike-1,motorbike-1,False,10.045650330099813,10.045650330099813,284.1190011383922,269.29390654253933,269.29390654253933,284.1190011383922,325.7772767695083,325.7772767695083,0.0,0.0,0.0,0.0,0.0,development_exploratory_not_untouched_final
2022-02-27T06:00:00,od_10,motorbike,3.0,motorbike-1,10.045650330099813,13.045650330099813,4,False,motorbike-1,motorbike-1,False,10.045650330099813,10.045650330099813,284.1190011383922,269.29390654253933,269.29390654253933,284.1190011383922,325.7772767695083,325.7772767695083,0.0,0.0,0.0,0.0,0.0,development_exploratory_not_untouched_final
2022-02-27T06:00:00,od_10,motorbike,5.0,motorbike-1,10.045650330099813,15.045650330099813,8,False,motorbike-1,motorbike-1,False,10.045650330099813,10.045650330099813,284.1190011383922,269.29390654253933,269.29390654253933,284.1190011383922,325.7772767695083,325.7772767695083,0.0,0.0,0.0,0.0,0.0,development_exploratory_not_untouched_final
2022-02-27T06:00:00,od_10,motorbike,10.0,motorbike-1,10.045650330099813,20.04565033009981,8,False,motorbike-1,motorbike-1,False,10.045650330099813,10.045650330099813,284.1190011383922,269.29390654253933,269.29390654253933,284.1190011383922,325.7772767695083,325.7772767695083,0.0,0.0,0.0,0.0,0.0,development_exploratory_not_untouched_final
2022-02-27T06:00:00,od_10,walking,0.0,walking-1,50.22825165049906,50.22825165049906,1,True,walking-1,walking-1,False,50.22825165049906,50.22825165049906,1420.5950056919605,1346.4695327126965,1346.4695327126965,1420.5950056919605,1628.8863838475409,1628.8863838475409,0.0,0.0,0.0,0.0,0.0,development_exploratory_not_untouched_final
2022-02-27T06:00:00,od_10,walking,1.0,walking-1,50.22825165049906,51.22825165049906,4,False,walking-1,walking-1,False,50.22825165049906,50.22825165049906,1420.5950056919605,1346.4695327126965,1346.4695327126965,1420.5950056919605,1628.8863838475409,1628.8863838475409,0.0,0.0,0.0,0.0,0.0,development_exploratory_not_untouched_final
2022-02-27T06:00:00,od_10,walking,2.0,walking-1,50.22825165049906,52.22825165049906,4,False,walking-1,walking-1,False,50.22825165049906,50.22825165049906,1420.5950056919605,1346.4695327126965,1346.4695327126965,1420.5950056919605,1628.8863838475409,1628.8863838475409,0.0,0.0,0.0,0.0,0.0,development_exploratory_not_untouched_final
2022-02-27T06:00:00,od_10,walking,3.0,walking-1,50.22825165049906,53.22825165049906,6,False,walking-1,walking-1,False,50.22825165049906,50.22825165049906,1420.5950056919605,1346.4695327126965,1346.4695327126965,1420.5950056919605,1628.8863838475409,1628.8863838475409,0.0,0.0,0.0,0.0,0.0,development_exploratory_not_untouched_final
2022-02-27T06:00:00,od_10,walking,5.0,walking-1,50.22825165049906,55.22825165049906,6,False,walking-1,walking-1,False,50.22825165049906,50.22825165049906,1420.5950056919605,1346.4695327126965,1346.4695327126965,1420.5950056919605,1628.8863838475409,1628.8863838475409,0.0,0.0,0.0,0.0,0.0,development_exploratory_not_untouched_final
2022-02-27T06:00:00,od_10,walking,10.0,walking-1,50.22825165049906,60.22825165049906,7,False,walking-1,walking-1,False,50.22825165049906,50.22825165049906,1420.5950056919605,1346.4695327126965,1346.4695327126965,1420.5950056919605,1628.8863838475409,1628.8863838475409,0.0,0.0,0.0,0.0,0.0,development_exploratory_not_untouched_final
2022-02-27T06:00:00,od_11,motorbike,0.0,motorbike-1,17.571099260409287,17.571099260409287,1,True,motorbike-1,motorbike-1,False,17.571099260409287,17.571099260409287,533.577014182078,496.3664259467702,496.3664259467702,533.577014182078,601.0347745536901,601.0347745536901,0.0,0.0,0.0,0.0,0.0,development_exploratory_not_untouched_final
2022-02-27T06:00:00,od_11,motorbike,1.0,motorbike-1,17.571099260409287,18.571099260409287,2,False,motorbike-1,motorbike-1,False,17.571099260409287,17.571099260409287,533.577014182078,496.3664259467702,496.3664259467702,533.577014182078,601.0347745536901,601.0347745536901,0.0,0.0,0.0,0.0,0.0,development_exploratory_not_untouched_final
2022-02-27T06:00:00,od_11,motorbike,2.0,motorbike-1,17.571099260409287,19.571099260409287,3,False,motorbike-1,motorbike-1,False,17.571099260409287,17.571099260409287,533.577014182078,496.3664259467702,496.3664259467702,533.577014182078,601.0347745536901,601.0347745536901,0.0,0.0,0.0,0.0,0.0,development_exploratory_not_untouched_final
2022-02-27T06:00:00,od_11,motorbike,3.0,motorbike-1,17.571099260409287,20.571099260409287,3,False,motorbike-1,motorbike-1,False,17.571099260409287,17.571099260409287,533.577014182078,496.3664259467702,496.3664259467702,533.577014182078,601.0347745536901,601.0347745536901,0.0,0.0,0.0,0.0,0.0,development_exploratory_not_untouched_final
2022-02-27T06:00:00,od_11,motorbike,5.0,motorbike-1,17.571099260409287,22.571099260409287,3,False,motorbike-1,motorbike-1,False,17.571099260409287,17.571099260409287,533.577014182078,496.3664259467702,496.3664259467702,533.577014182078,601.0347745536901,601.0347745536901,0.0,0.0,0.0,0.0,0.0,development_exploratory_not_untouched_final
2022-02-27T06:00:00,od_11,motorbike,10.0,motorbike-1,17.571099260409287,27.571099260409287,6,False,motorbike-1,motorbike-1,False,17.571099260409287,17.571099260409287,533.577014182078,496.3664259467702,496.3664259467702,533.577014182078,601.0347745536901,601.0347745536901,0.0,0.0,0.0,0.0,0.0,development_exploratory_not_untouched_final
2022-02-27T06:00:00,od_11,walking,0.0,walking-1,69.59747859124312,69.59747859124312,1,True,walking-1,walking-1,False,69.59747859124312,69.59747859124312,2132.069424959243,1958.1083050898847,1958.1083050898847,2132.069424959243,2382.7580546292434,2382.7580546292434,0.0,0.0,0.0,0.0,0.0,development_exploratory_not_untouched_final
2022-02-27T06:00:00,od_11,walking,1.0,walking-1,69.59747859124312,70.59747859124312,6,False,walking-1,walking-1,False,69.59747859124312,69.59747859124312,2132.069424959243,1958.1083050898847,1958.1083050898847,2132.069424959243,2382.7580546292434,2382.7580546292434,0.0,0.0,0.0,0.0,0.0,development_exploratory_not_untouched_final
2022-02-27T06:00:00,od_11,walking,2.0,walking-1,69.59747859124312,71.59747859124312,7,False,walking-1,walking-1,False,69.59747859124312,69.59747859124312,2132.069424959243,1958.1083050898847,1958.1083050898847,2132.069424959243,2382.7580546292434,2382.7580546292434,0.0,0.0,0.0,0.0,0.0,development_exploratory_not_untouched_final
2022-02-27T06:00:00,od_11,walking,3.0,walking-1,69.59747859124312,72.59747859124312,7,False,walking-1,walking-1,False,69.59747859124312,69.59747859124312,2132.069424959243,1958.1083050898847,1958.1083050898847,2132.069424959243,2382.7580546292434,2382.7580546292434,0.0,0.0,0.0,0.0,0.0,development_exploratory_not_untouched_final
2022-02-27T06:00:00,od_11,walking,5.0,walking-1,69.59747859124312,74.59747859124312,8,False,walking-1,walking-1,False,69.59747859124312,69.59747859124312,2132.069424959243,1958.1083050898847,1958.1083050898847,2132.069424959243,2382.7580546292434,2382.7580546292434,0.0,0.0,0.0,0.0,0.0,development_exploratory_not_untouched_final
2022-02-27T06:00:00,od_11,walking,10.0,walking-1,69.59747859124312,79.59747859124312,8,False,walking-1,walking-1,False,69.59747859124312,69.59747859124312,2132.069424959243,1958.1083050898847,1958.1083050898847,2132.069424959243,2382.7580546292434,2382.7580546292434,0.0,0.0,0.0,0.0,0.0,development_exploratory_not_untouched_final
2022-02-27T06:00:00,od_12,motorbike,0.0,motorbike-1,11.041975489410948,11.041975489410948,1,True,motorbike-1,motorbike-1,False,11.041975489410948,11.041975489410948,288.7774531452532,283.8794717700284,283.8794717700284,288.7774531452532,334.2163606430104,334.2163606430104,0.0,0.0,0.0,0.0,0.0,development_exploratory_not_untouched_final
2022-02-27T06:00:00,od_12,motorbike,1.0,motorbike-1,11.041975489410948,12.041975489410948,2,False,motorbike-1,motorbike-1,False,11.041975489410948,11.041975489410948,288.7774531452532,283.8794717700284,283.8794717700284,288.7774531452532,334.2163606430104,334.2163606430104,0.0,0.0,0.0,0.0,0.0,development_exploratory_not_untouched_final
2022-02-27T06:00:00,od_12,motorbike,2.0,motorbike-1,11.041975489410948,13.041975489410948,2,False,motorbike-1,motorbike-1,False,11.041975489410948,11.041975489410948,288.7774531452532,283.8794717700284,283.8794717700284,288.7774531452532,334.2163606430104,334.2163606430104,0.0,0.0,0.0,0.0,0.0,development_exploratory_not_untouched_final
2022-02-27T06:00:00,od_12,motorbike,3.0,motorbike-1,11.041975489410948,14.041975489410948,3,False,motorbike-1,motorbike-1,False,11.041975489410948,11.041975489410948,288.7774531452532,283.8794717700284,283.8794717700284,288.7774531452532,334.2163606430104,334.2163606430104,0.0,0.0,0.0,0.0,0.0,development_exploratory_not_untouched_final
2022-02-27T06:00:00,od_12,motorbike,5.0,motorbike-1,11.041975489410948,16.041975489410948,4,False,motorbike-1,motorbike-1,False,11.041975489410948,11.041975489410948,288.7774531452532,283.8794717700284,283.8794717700284,288.7774531452532,334.2163606430104,334.2163606430104,0.0,0.0,0.0,0.0,0.0,development_exploratory_not_untouched_final
2022-02-27T06:00:00,od_12,motorbike,10.0,motorbike-1,11.041975489410948,21.041975489410948,7,False,motorbike-1,motorbike-1,False,11.041975489410948,11.041975489410948,288.7774531452532,283.8794717700284,283.8794717700284,288.7774531452532,334.2163606430104,334.2163606430104,0.0,0.0,0.0,0.0,0.0,development_exploratory_not_untouched_final
2022-02-27T06:00:00,od_12,walking,0.0,walking-1,56.64962007563846,56.64962007563846,1,True,walking-1,walking-1,False,56.64962007563846,56.64962007563846,1488.2713021331053,1461.4839676546133,1461.4839676546133,1488.2713021331053,1719.9402423054405,1719.9402423054405,0.0,0.0,0.0,0.0,0.0,development_exploratory_not_untouched_final
2022-02-27T06:00:00,od_12,walking,1.0,walking-1,56.64962007563846,57.64962007563846,5,False,walking-1,walking-1,False,56.64962007563846,56.64962007563846,1488.2713021331053,1461.4839676546133,1461.4839676546133,1488.2713021331053,1719.9402423054405,1719.9402423054405,0.0,0.0,0.0,0.0,0.0,development_exploratory_not_untouched_final
2022-02-27T06:00:00,od_12,walking,2.0,walking-1,56.64962007563846,58.64962007563846,6,False,walking-1,walking-1,False,56.64962007563846,56.64962007563846,1488.2713021331053,1461.4839676546133,1461.4839676546133,1488.2713021331053,1719.9402423054405,1719.9402423054405,0.0,0.0,0.0,0.0,0.0,development_exploratory_not_untouched_final
2022-02-27T06:00:00,od_12,walking,3.0,walking-1,56.64962007563846,59.64962007563846,6,False,walking-1,walking-1,False,56.64962007563846,56.64962007563846,1488.2713021331053,1461.4839676546133,1461.4839676546133,1488.2713021331053,1719.9402423054405,1719.9402423054405,0.0,0.0,0.0,0.0,0.0,development_exploratory_not_untouched_final
2022-02-27T06:00:00,od_12,walking,5.0,walking-1,56.64962007563846,61.64962007563846,6,False,walking-1,walking-1,False,56.64962007563846,56.64962007563846,1488.2713021331053,1461.4839676546133,1461.4839676546133,1488.2713021331053,1719.9402423054405,1719.9402423054405,0.0,0.0,0.0,0.0,0.0,development_exploratory_not_untouched_final
2022-02-27T06:00:00,od_12,walking,10.0,walking-1,56.64962007563846,66.64962007563847,7,False,walking-1,walking-1,False,56.64962007563846,56.64962007563846,1488.2713021331053,1461.4839676546133,1461.4839676546133,1488.2713021331053,1719.9402423054405,1719.9402423054405,0.0,0.0,0.0,0.0,0.0,development_exploratory_not_untouched_final
2022-02-27T06:00:00,od_13,motorbike,0.0,motorbike-1,15.733865367527278,15.733865367527278,1,True,motorbike-1,motorbike-1,False,15.733865367527278,15.733865367527278,425.43209099150334,414.6945032382106,414.6945032382106,425.43209099150334,488.69562640885147,488.69562640885147,0.0,0.0,0.0,0.0,0.0,development_exploratory_not_untouched_final
2022-02-27T06:00:00,od_13,motorbike,1.0,motorbike-1,15.733865367527278,16.73386536752728,2,False,motorbike-1,motorbike-1,False,15.733865367527278,15.733865367527278,425.43209099150334,414.6945032382106,414.6945032382106,425.43209099150334,488.69562640885147,488.69562640885147,0.0,0.0,0.0,0.0,0.0,development_exploratory_not_untouched_final
2022-02-27T06:00:00,od_13,motorbike,2.0,motorbike-1,15.733865367527278,17.73386536752728,2,False,motorbike-1,motorbike-1,False,15.733865367527278,15.733865367527278,425.43209099150334,414.6945032382106,414.6945032382106,425.43209099150334,488.69562640885147,488.69562640885147,0.0,0.0,0.0,0.0,0.0,development_exploratory_not_untouched_final
2022-02-27T06:00:00,od_13,motorbike,3.0,motorbike-1,15.733865367527278,18.73386536752728,5,False,motorbike-1,motorbike-1,False,15.733865367527278,15.733865367527278,425.43209099150334,414.6945032382106,414.6945032382106,425.43209099150334,488.69562640885147,488.69562640885147,0.0,0.0,0.0,0.0,0.0,development_exploratory_not_untouched_final
2022-02-27T06:00:00,od_13,motorbike,5.0,motorbike-1,15.733865367527278,20.73386536752728,5,False,motorbike-1,motorbike-1,False,15.733865367527278,15.733865367527278,425.43209099150334,414.6945032382106,414.6945032382106,425.43209099150334,488.69562640885147,488.69562640885147,0.0,0.0,0.0,0.0,0.0,development_exploratory_not_untouched_final
2022-02-27T06:00:00,od_13,motorbike,10.0,motorbike-1,15.733865367527278,25.73386536752728,8,False,motorbike-1,motorbike-1,False,15.733865367527278,15.733865367527278,425.43209099150334,414.6945032382106,414.6945032382106,425.43209099150334,488.69562640885147,488.69562640885147,0.0,0.0,0.0,0.0,0.0,development_exploratory_not_untouched_final
2022-02-27T06:00:00,od_13,walking,0.0,walking-1,76.21028331703089,76.21028331703089,1,True,walking-1,walking-1,False,76.21028331703089,76.21028331703089,2047.447211191406,1975.1914066367574,1975.1914066367574,2047.447211191406,2255.8974647742366,2255.8974647742366,0.0,0.0,0.0,0.0,0.0,development_exploratory_not_untouched_final
2022-02-27T06:00:00,od_13,walking,1.0,walking-1,76.21028331703089,77.21028331703089,5,False,walking-1,walking-1,False,76.21028331703089,76.21028331703089,2047.447211191406,1975.1914066367574,1975.1914066367574,2047.447211191406,2255.8974647742366,2255.8974647742366,0.0,0.0,0.0,0.0,0.0,development_exploratory_not_untouched_final
2022-02-27T06:00:00,od_13,walking,2.0,walking-1,76.21028331703089,78.21028331703089,6,False,walking-1,walking-1,False,76.21028331703089,76.21028331703089,2047.447211191406,1975.1914066367574,1975.1914066367574,2047.447211191406,2255.8974647742366,2255.8974647742366,0.0,0.0,0.0,0.0,0.0,development_exploratory_not_untouched_final
2022-02-27T06:00:00,od_13,walking,3.0,walking-1,76.21028331703089,79.21028331703089,6,False,walking-1,walking-1,False,76.21028331703089,76.21028331703089,2047.447211191406,1975.1914066367574,1975.1914066367574,2047.447211191406,2255.8974647742366,2255.8974647742366,0.0,0.0,0.0,0.0,0.0,development_exploratory_not_untouched_final
2022-02-27T06:00:00,od_13,walking,5.0,walking-1,76.21028331703089,81.21028331703089,6,False,walking-1,walking-1,False,76.21028331703089,76.21028331703089,2047.447211191406,1975.1914066367574,1975.1914066367574,2047.447211191406,2255.8974647742366,2255.8974647742366,0.0,0.0,0.0,0.0,0.0,development_exploratory_not_untouched_final
2022-02-27T06:00:00,od_13,walking,10.0,walking-1,76.21028331703089,86.21028331703089,7,False,walking-1,walking-1,False,76.21028331703089,76.21028331703089,2047.447211191406,1975.1914066367574,1975.1914066367574,2047.447211191406,2255.8974647742366,2255.8974647742366,0.0,0.0,0.0,0.0,0.0,development_exploratory_not_untouched_final
2022-02-27T06:00:00,od_14,motorbike,0.0,motorbike-1,7.225306020952647,7.225306020952647,1,True,motorbike-1,motorbike-1,False,7.225306020952647,7.225306020952647,216.22758921041813,208.20259501677313,208.20259501677313,216.22758921041813,239.46171906255685,239.46171906255685,0.0,0.0,0.0,0.0,0.0,development_exploratory_not_untouched_final
2022-02-27T06:00:00,od_14,motorbike,1.0,motorbike-1,7.225306020952647,8.225306020952647,3,False,motorbike-1,motorbike-1,False,7.225306020952647,7.225306020952647,216.22758921041813,208.20259501677313,208.20259501677313,216.22758921041813,239.46171906255685,239.46171906255685,0.0,0.0,0.0,0.0,0.0,development_exploratory_not_untouched_final
2022-02-27T06:00:00,od_14,motorbike,2.0,motorbike-1,7.225306020952647,9.225306020952647,3,False,motorbike-1,motorbike-1,False,7.225306020952647,7.225306020952647,216.22758921041813,208.20259501677313,208.20259501677313,216.22758921041813,239.46171906255685,239.46171906255685,0.0,0.0,0.0,0.0,0.0,development_exploratory_not_untouched_final
2022-02-27T06:00:00,od_14,motorbike,3.0,motorbike-1,7.225306020952647,10.225306020952647,4,False,motorbike-1,motorbike-1,False,7.225306020952647,7.225306020952647,216.22758921041813,208.20259501677313,208.20259501677313,216.22758921041813,239.46171906255685,239.46171906255685,0.0,0.0,0.0,0.0,0.0,development_exploratory_not_untouched_final
2022-02-27T06:00:00,od_14,motorbike,5.0,motorbike-1,7.225306020952647,12.225306020952647,6,False,motorbike-1,motorbike-1,False,7.225306020952647,7.225306020952647,216.22758921041813,208.20259501677313,208.20259501677313,216.22758921041813,239.46171906255685,239.46171906255685,0.0,0.0,0.0,0.0,0.0,development_exploratory_not_untouched_final
2022-02-27T06:00:00,od_14,motorbike,10.0,motorbike-1,7.225306020952647,17.225306020952647,7,False,motorbike-1,motorbike-1,False,7.225306020952647,7.225306020952647,216.22758921041813,208.20259501677313,208.20259501677313,216.22758921041813,239.46171906255685,239.46171906255685,0.0,0.0,0.0,0.0,0.0,development_exploratory_not_untouched_final
2022-02-27T06:00:00,od_14,walking,0.0,walking-1,41.39215771665848,41.39215771665848,1,True,walking-1,walking-1,False,41.39215771665848,41.39215771665848,1221.115342742152,1178.2343085711616,1178.2343085711616,1221.115342742152,1357.972576054405,1357.972576054405,0.0,0.0,0.0,0.0,0.0,development_exploratory_not_untouched_final
2022-02-27T06:00:00,od_14,walking,1.0,walking-1,41.39215771665848,42.39215771665848,2,False,walking-1,walking-1,False,41.39215771665848,41.39215771665848,1221.115342742152,1178.2343085711616,1178.2343085711616,1221.115342742152,1357.972576054405,1357.972576054405,0.0,0.0,0.0,0.0,0.0,development_exploratory_not_untouched_final
2022-02-27T06:00:00,od_14,walking,2.0,walking-1,41.39215771665848,43.39215771665848,3,False,walking-1,walking-1,False,41.39215771665848,41.39215771665848,1221.115342742152,1178.2343085711616,1178.2343085711616,1221.115342742152,1357.972576054405,1357.972576054405,0.0,0.0,0.0,0.0,0.0,development_exploratory_not_untouched_final
2022-02-27T06:00:00,od_14,walking,3.0,walking-1,41.39215771665848,44.39215771665848,3,False,walking-1,walking-1,False,41.39215771665848,41.39215771665848,1221.115342742152,1178.2343085711616,1178.2343085711616,1221.115342742152,1357.972576054405,1357.972576054405,0.0,0.0,0.0,0.0,0.0,development_exploratory_not_untouched_final
2022-02-27T06:00:00,od_14,walking,5.0,walking-1,41.39215771665848,46.39215771665848,3,False,walking-1,walking-1,False,41.39215771665848,41.39215771665848,1221.115342742152,1178.2343085711616,1178.2343085711616,1221.115342742152,1357.972576054405,1357.972576054405,0.0,0.0,0.0,0.0,0.0,development_exploratory_not_untouched_final
2022-02-27T06:00:00,od_14,walking,10.0,walking-1,41.39215771665848,51.39215771665848,6,False,walking-1,walking-1,False,41.39215771665848,41.39215771665848,1221.115342742152,1178.2343085711616,1178.2343085711616,1221.115342742152,1357.972576054405,1357.972576054405,0.0,0.0,0.0,0.0,0.0,development_exploratory_not_untouched_final
2022-02-27T06:00:00,od_15,motorbike,0.0,motorbike-1,15.834878913287358,15.834878913287358,1,True,motorbike-1,motorbike-1,False,15.834878913287358,15.834878913287358,477.4145658894945,443.6527687130174,443.6527687130174,477.4145658894945,539.8164374078318,539.8164374078318,0.0,0.0,0.0,0.0,0.0,development_exploratory_not_untouched_final
2022-02-27T06:00:00,od_15,motorbike,1.0,motorbike-1,15.834878913287358,16.83487891328736,1,True,motorbike-1,motorbike-1,False,15.834878913287358,15.834878913287358,477.4145658894945,443.6527687130174,443.6527687130174,477.4145658894945,539.8164374078318,539.8164374078318,0.0,0.0,0.0,0.0,0.0,development_exploratory_not_untouched_final
2022-02-27T06:00:00,od_15,motorbike,2.0,motorbike-1,15.834878913287358,17.83487891328736,2,False,motorbike-1,motorbike-1,False,15.834878913287358,15.834878913287358,477.4145658894945,443.6527687130174,443.6527687130174,477.4145658894945,539.8164374078318,539.8164374078318,0.0,0.0,0.0,0.0,0.0,development_exploratory_not_untouched_final
2022-02-27T06:00:00,od_15,motorbike,3.0,motorbike-1,15.834878913287358,18.83487891328736,2,False,motorbike-1,motorbike-1,False,15.834878913287358,15.834878913287358,477.4145658894945,443.6527687130174,443.6527687130174,477.4145658894945,539.8164374078318,539.8164374078318,0.0,0.0,0.0,0.0,0.0,development_exploratory_not_untouched_final
2022-02-27T06:00:00,od_15,motorbike,5.0,motorbike-1,15.834878913287358,20.83487891328736,5,False,motorbike-1,motorbike-1,False,15.834878913287358,15.834878913287358,477.4145658894945,443.6527687130174,443.6527687130174,477.4145658894945,539.8164374078318,539.8164374078318,0.0,0.0,0.0,0.0,0.0,development_exploratory_not_untouched_final
2022-02-27T06:00:00,od_15,motorbike,10.0,motorbike-1,15.834878913287358,25.83487891328736,7,False,motorbike-1,motorbike-1,False,15.834878913287358,15.834878913287358,477.4145658894945,443.6527687130174,443.6527687130174,477.4145658894945,539.8164374078318,539.8164374078318,0.0,0.0,0.0,0.0,0.0,development_exploratory_not_untouched_final
2022-02-27T06:00:00,od_15,walking,0.0,walking-1,66.44032632866953,66.44032632866953,1,True,walking-1,walking-1,False,66.44032632866953,66.44032632866953,1959.4614532963612,1828.633086692868,1828.633086692868,1959.4614532963612,2200.8050594224965,2200.8050594224965,0.0,0.0,0.0,0.0,0.0,development_exploratory_not_untouched_final
2022-02-27T06:00:00,od_15,walking,1.0,walking-1,66.44032632866953,67.44032632866953,7,False,walking-1,walking-1,False,66.44032632866953,66.44032632866953,1959.4614532963612,1828.633086692868,1828.633086692868,1959.4614532963612,2200.8050594224965,2200.8050594224965,0.0,0.0,0.0,0.0,0.0,development_exploratory_not_untouched_final
2022-02-27T06:00:00,od_15,walking,2.0,walking-1,66.44032632866953,68.44032632866953,7,False,walking-1,walking-1,False,66.44032632866953,66.44032632866953,1959.4614532963612,1828.633086692868,1828.633086692868,1959.4614532963612,2200.8050594224965,2200.8050594224965,0.0,0.0,0.0,0.0,0.0,development_exploratory_not_untouched_final
2022-02-27T06:00:00,od_15,walking,3.0,walking-1,66.44032632866953,69.44032632866953,7,False,walking-1,walking-1,False,66.44032632866953,66.44032632866953,1959.4614532963612,1828.633086692868,1828.633086692868,1959.4614532963612,2200.8050594224965,2200.8050594224965,0.0,0.0,0.0,0.0,0.0,development_exploratory_not_untouched_final
2022-02-27T06:00:00,od_15,walking,5.0,walking-1,66.44032632866953,71.44032632866953,7,False,walking-1,walking-1,False,66.44032632866953,66.44032632866953,1959.4614532963612,1828.633086692868,1828.633086692868,1959.4614532963612,2200.8050594224965,2200.8050594224965,0.0,0.0,0.0,0.0,0.0,development_exploratory_not_untouched_final
2022-02-27T06:00:00,od_15,walking,10.0,walking-1,66.44032632866953,76.44032632866953,7,False,walking-1,walking-1,False,66.44032632866953,66.44032632866953,1959.4614532963612,1828.633086692868,1828.633086692868,1959.4614532963612,2200.8050594224965,2200.8050594224965,0.0,0.0,0.0,0.0,0.0,development_exploratory_not_untouched_final
2022-02-27T06:00:00,od_16,motorbike,0.0,motorbike-1,8.443854355792814,8.443854355792814,1,True,motorbike-1,motorbike-1,False,8.443854355792814,8.443854355792814,269.5275626350361,245.7251793995522,245.7251793995522,269.5275626350361,301.7413066668453,301.7413066668453,0.0,0.0,0.0,0.0,0.0,development_exploratory_not_untouched_final
2022-02-27T06:00:00,od_16,motorbike,1.0,motorbike-1,8.443854355792814,9.443854355792814,3,False,motorbike-1,motorbike-1,False,8.443854355792814,8.443854355792814,269.5275626350361,245.7251793995522,245.7251793995522,269.5275626350361,301.7413066668453,301.7413066668453,0.0,0.0,0.0,0.0,0.0,development_exploratory_not_untouched_final
2022-02-27T06:00:00,od_16,motorbike,2.0,motorbike-1,8.443854355792814,10.443854355792814,5,False,motorbike-1,motorbike-1,False,8.443854355792814,8.443854355792814,269.5275626350361,245.7251793995522,245.7251793995522,269.5275626350361,301.7413066668453,301.7413066668453,0.0,0.0,0.0,0.0,0.0,development_exploratory_not_untouched_final
2022-02-27T06:00:00,od_16,motorbike,3.0,motorbike-1,8.443854355792814,11.443854355792814,6,False,motorbike-1,motorbike-1,False,8.443854355792814,8.443854355792814,269.5275626350361,245.7251793995522,245.7251793995522,269.5275626350361,301.7413066668453,301.7413066668453,0.0,0.0,0.0,0.0,0.0,development_exploratory_not_untouched_final
2022-02-27T06:00:00,od_16,motorbike,5.0,motorbike-1,8.443854355792814,13.443854355792814,7,False,motorbike-1,motorbike-1,False,8.443854355792814,8.443854355792814,269.5275626350361,245.7251793995522,245.7251793995522,269.5275626350361,301.7413066668453,301.7413066668453,0.0,0.0,0.0,0.0,0.0,development_exploratory_not_untouched_final
2022-02-27T06:00:00,od_16,motorbike,10.0,motorbike-1,8.443854355792814,18.443854355792816,8,False,motorbike-1,motorbike-1,False,8.443854355792814,8.443854355792814,269.5275626350361,245.7251793995522,245.7251793995522,269.5275626350361,301.7413066668453,301.7413066668453,0.0,0.0,0.0,0.0,0.0,development_exploratory_not_untouched_final
2022-02-27T06:00:00,od_16,walking,0.0,walking-1,42.321031780608884,42.321031780608884,1,True,walking-1,walking-1,False,42.321031780608884,42.321031780608884,1351.313248654732,1231.835869412125,1231.835869412125,1351.313248654732,1512.7630627510548,1512.7630627510548,0.0,0.0,0.0,0.0,0.0,development_exploratory_not_untouched_final
2022-02-27T06:00:00,od_16,walking,1.0,walking-1,42.321031780608884,43.321031780608884,2,False,walking-1,walking-1,False,42.321031780608884,42.321031780608884,1351.313248654732,1231.835869412125,1231.835869412125,1351.313248654732,1512.7630627510548,1512.7630627510548,0.0,0.0,0.0,0.0,0.0,development_exploratory_not_untouched_final
2022-02-27T06:00:00,od_16,walking,2.0,walking-1,42.321031780608884,44.321031780608884,2,False,walking-1,walking-1,False,42.321031780608884,42.321031780608884,1351.313248654732,1231.835869412125,1231.835869412125,1351.313248654732,1512.7630627510548,1512.7630627510548,0.0,0.0,0.0,0.0,0.0,development_exploratory_not_untouched_final
2022-02-27T06:00:00,od_16,walking,3.0,walking-1,42.321031780608884,45.321031780608884,3,False,walking-1,walking-1,False,42.321031780608884,42.321031780608884,1351.313248654732,1231.835869412125,1231.835869412125,1351.313248654732,1512.7630627510548,1512.7630627510548,0.0,0.0,0.0,0.0,0.0,development_exploratory_not_untouched_final
2022-02-27T06:00:00,od_16,walking,5.0,walking-1,42.321031780608884,47.321031780608884,3,False,walking-1,walking-1,False,42.321031780608884,42.321031780608884,1351.313248654732,1231.835869412125,1231.835869412125,1351.313248654732,1512.7630627510548,1512.7630627510548,0.0,0.0,0.0,0.0,0.0,development_exploratory_not_untouched_final
2022-02-27T06:00:00,od_16,walking,10.0,walking-1,42.321031780608884,52.321031780608884,4,False,walking-1,walking-1,False,42.321031780608884,42.321031780608884,1351.313248654732,1231.835869412125,1231.835869412125,1351.313248654732,1512.7630627510548,1512.7630627510548,0.0,0.0,0.0,0.0,0.0,development_exploratory_not_untouched_final
2022-02-27T06:00:00,od_17,motorbike,0.0,motorbike-1,7.441035707268513,7.441035707268513,1,True,motorbike-1,motorbike-1,False,7.441035707268513,7.441035707268513,216.9669459176548,210.57170985403647,210.57170985403647,216.9669459176548,241.68788672420914,241.68788672420914,0.0,0.0,0.0,0.0,0.0,development_exploratory_not_untouched_final
2022-02-27T06:00:00,od_17,motorbike,1.0,motorbike-1,7.441035707268513,8.441035707268513,2,False,motorbike-1,motorbike-1,False,7.441035707268513,7.441035707268513,216.9669459176548,210.57170985403647,210.57170985403647,216.9669459176548,241.68788672420914,241.68788672420914,0.0,0.0,0.0,0.0,0.0,development_exploratory_not_untouched_final
2022-02-27T06:00:00,od_17,motorbike,2.0,motorbike-1,7.441035707268513,9.441035707268513,4,False,motorbike-1,motorbike-1,False,7.441035707268513,7.441035707268513,216.9669459176548,210.57170985403647,210.57170985403647,216.9669459176548,241.68788672420914,241.68788672420914,0.0,0.0,0.0,0.0,0.0,development_exploratory_not_untouched_final
2022-02-27T06:00:00,od_17,motorbike,3.0,motorbike-1,7.441035707268513,10.441035707268513,5,False,motorbike-1,motorbike-1,False,7.441035707268513,7.441035707268513,216.9669459176548,210.57170985403647,210.57170985403647,216.9669459176548,241.68788672420914,241.68788672420914,0.0,0.0,0.0,0.0,0.0,development_exploratory_not_untouched_final
2022-02-27T06:00:00,od_17,motorbike,5.0,motorbike-1,7.441035707268513,12.441035707268513,8,False,motorbike-1,motorbike-1,False,7.441035707268513,7.441035707268513,216.9669459176548,210.57170985403647,210.57170985403647,216.9669459176548,241.68788672420914,241.68788672420914,0.0,0.0,0.0,0.0,0.0,development_exploratory_not_untouched_final
2022-02-27T06:00:00,od_17,motorbike,10.0,motorbike-1,7.441035707268513,17.44103570726851,8,False,motorbike-1,motorbike-1,False,7.441035707268513,7.441035707268513,216.9669459176548,210.57170985403647,210.57170985403647,216.9669459176548,241.68788672420914,241.68788672420914,0.0,0.0,0.0,0.0,0.0,development_exploratory_not_untouched_final
2022-02-27T06:00:00,od_17,walking,0.0,walking-1,34.43480932707909,34.43480932707909,1,True,walking-1,walking-1,False,34.43480932707909,34.43480932707909,1009.1664406349132,978.6248762410723,978.6248762410723,1009.1664406349132,1122.586851017688,1122.586851017688,0.0,0.0,0.0,0.0,0.0,development_exploratory_not_untouched_final
2022-02-27T06:00:00,od_17,walking,1.0,walking-1,34.43480932707909,35.43480932707909,1,True,walking-1,walking-1,False,34.43480932707909,34.43480932707909,1009.1664406349132,978.6248762410723,978.6248762410723,1009.1664406349132,1122.586851017688,1122.586851017688,0.0,0.0,0.0,0.0,0.0,development_exploratory_not_untouched_final
2022-02-27T06:00:00,od_17,walking,2.0,walking-1,34.43480932707909,36.43480932707909,1,True,walking-1,walking-1,False,34.43480932707909,34.43480932707909,1009.1664406349132,978.6248762410723,978.6248762410723,1009.1664406349132,1122.586851017688,1122.586851017688,0.0,0.0,0.0,0.0,0.0,development_exploratory_not_untouched_final
2022-02-27T06:00:00,od_17,walking,3.0,walking-1,34.43480932707909,37.43480932707909,2,False,walking-1,walking-1,False,34.43480932707909,34.43480932707909,1009.1664406349132,978.6248762410723,978.6248762410723,1009.1664406349132,1122.586851017688,1122.586851017688,0.0,0.0,0.0,0.0,0.0,development_exploratory_not_untouched_final
2022-02-27T06:00:00,od_17,walking,5.0,walking-1,34.43480932707909,39.43480932707909,2,False,walking-1,walking-1,False,34.43480932707909,34.43480932707909,1009.1664406349132,978.6248762410723,978.6248762410723,1009.1664406349132,1122.586851017688,1122.586851017688,0.0,0.0,0.0,0.0,0.0,development_exploratory_not_untouched_final
2022-02-27T06:00:00,od_17,walking,10.0,walking-1,34.43480932707909,44.43480932707909,5,False,walking-1,walking-1,False,34.43480932707909,34.43480932707909,1009.1664406349132,978.6248762410723,978.6248762410723,1009.1664406349132,1122.586851017688,1122.586851017688,0.0,0.0,0.0,0.0,0.0,development_exploratory_not_untouched_final
2022-02-27T06:00:00,od_18,motorbike,0.0,motorbike-1,12.726291990935445,12.726291990935445,1,True,motorbike-1,motorbike-1,False,12.726291990935445,12.726291990935445,361.14778549965484,340.81708699574244,340.81708699574244,361.14778549965484,415.6104689914186,415.6104689914186,0.0,0.0,0.0,0.0,0.0,development_exploratory_not_untouched_final
2022-02-27T06:00:00,od_18,motorbike,1.0,motorbike-1,12.726291990935445,13.726291990935445,2,False,motorbike-1,motorbike-1,False,12.726291990935445,12.726291990935445,361.14778549965484,340.81708699574244,340.81708699574244,361.14778549965484,415.6104689914186,415.6104689914186,0.0,0.0,0.0,0.0,0.0,development_exploratory_not_untouched_final
2022-02-27T06:00:00,od_18,motorbike,2.0,motorbike-1,12.726291990935445,14.726291990935445,3,False,motorbike-1,motorbike-1,False,12.726291990935445,12.726291990935445,361.14778549965484,340.81708699574244,340.81708699574244,361.14778549965484,415.6104689914186,415.6104689914186,0.0,0.0,0.0,0.0,0.0,development_exploratory_not_untouched_final
2022-02-27T06:00:00,od_18,motorbike,3.0,motorbike-1,12.726291990935445,15.726291990935445,3,False,motorbike-1,motorbike-1,False,12.726291990935445,12.726291990935445,361.14778549965484,340.81708699574244,340.81708699574244,361.14778549965484,415.6104689914186,415.6104689914186,0.0,0.0,0.0,0.0,0.0,development_exploratory_not_untouched_final
2022-02-27T06:00:00,od_18,motorbike,5.0,motorbike-1,12.726291990935445,17.726291990935444,6,False,motorbike-1,motorbike-1,False,12.726291990935445,12.726291990935445,361.14778549965484,340.81708699574244,340.81708699574244,361.14778549965484,415.6104689914186,415.6104689914186,0.0,0.0,0.0,0.0,0.0,development_exploratory_not_untouched_final
2022-02-27T06:00:00,od_18,motorbike,10.0,motorbike-1,12.726291990935445,22.726291990935444,8,False,motorbike-1,motorbike-1,False,12.726291990935445,12.726291990935445,361.14778549965484,340.81708699574244,340.81708699574244,361.14778549965484,415.6104689914186,415.6104689914186,0.0,0.0,0.0,0.0,0.0,development_exploratory_not_untouched_final
2022-02-27T06:00:00,od_18,walking,0.0,walking-1,63.63145995467723,63.63145995467723,1,True,walking-1,walking-1,False,63.63145995467723,63.63145995467723,1805.7389274982754,1701.367975025709,1701.367975025709,1805.7389274982754,2064.648206928729,2064.648206928729,0.0,0.0,0.0,0.0,0.0,development_exploratory_not_untouched_final
2022-02-27T06:00:00,od_18,walking,1.0,walking-1,63.63145995467723,64.63145995467724,5,False,walking-1,walking-1,False,63.63145995467723,63.63145995467723,1805.7389274982754,1701.367975025709,1701.367975025709,1805.7389274982754,2064.648206928729,2064.648206928729,0.0,0.0,0.0,0.0,0.0,development_exploratory_not_untouched_final
2022-02-27T06:00:00,od_18,walking,2.0,walking-1,63.63145995467723,65.63145995467724,6,False,walking-1,walking-1,False,63.63145995467723,63.63145995467723,1805.7389274982754,1701.367975025709,1701.367975025709,1805.7389274982754,2064.648206928729,2064.648206928729,0.0,0.0,0.0,0.0,0.0,development_exploratory_not_untouched_final
2022-02-27T06:00:00,od_18,walking,3.0,walking-1,63.63145995467723,66.63145995467724,6,False,walking-1,walking-1,False,63.63145995467723,63.63145995467723,1805.7389274982754,1701.367975025709,1701.367975025709,1805.7389274982754,2064.648206928729,2064.648206928729,0.0,0.0,0.0,0.0,0.0,development_exploratory_not_untouched_final
2022-02-27T06:00:00,od_18,walking,5.0,walking-1,63.63145995467723,68.63145995467724,6,False,walking-1,walking-1,False,63.63145995467723,63.63145995467723,1805.7389274982754,1701.367975025709,1701.367975025709,1805.7389274982754,2064.648206928729,2064.648206928729,0.0,0.0,0.0,0.0,0.0,development_exploratory_not_untouched_final
2022-02-27T06:00:00,od_18,walking,10.0,walking-1,63.63145995467723,73.63145995467724,8,False,walking-1,walking-1,False,63.63145995467723,63.63145995467723,1805.7389274982754,1701.367975025709,1701.367975025709,1805.7389274982754,2064.648206928729,2064.648206928729,0.0,0.0,0.0,0.0,0.0,development_exploratory_not_untouched_final
2022-02-27T06:00:00,od_19,motorbike,0.0,motorbike-1,10.685350920074288,10.685350920074288,1,True,motorbike-1,motorbike-1,False,10.685350920074288,10.685350920074288,274.43053809422736,269.18462312096096,269.18462312096096,274.43053809422736,320.90686669578355,320.90686669578355,0.0,0.0,0.0,0.0,0.0,development_exploratory_not_untouched_final
2022-02-27T06:00:00,od_19,motorbike,1.0,motorbike-1,10.685350920074288,11.685350920074288,2,False,motorbike-1,motorbike-1,False,10.685350920074288,10.685350920074288,274.43053809422736,269.18462312096096,269.18462312096096,274.43053809422736,320.90686669578355,320.90686669578355,0.0,0.0,0.0,0.0,0.0,development_exploratory_not_untouched_final
2022-02-27T06:00:00,od_19,motorbike,2.0,motorbike-1,10.685350920074288,12.685350920074288,4,False,motorbike-1,motorbike-1,False,10.685350920074288,10.685350920074288,274.43053809422736,269.18462312096096,269.18462312096096,274.43053809422736,320.90686669578355,320.90686669578355,0.0,0.0,0.0,0.0,0.0,development_exploratory_not_untouched_final
2022-02-27T06:00:00,od_19,motorbike,3.0,motorbike-1,10.685350920074288,13.685350920074288,4,False,motorbike-1,motorbike-1,False,10.685350920074288,10.685350920074288,274.43053809422736,269.18462312096096,269.18462312096096,274.43053809422736,320.90686669578355,320.90686669578355,0.0,0.0,0.0,0.0,0.0,development_exploratory_not_untouched_final
2022-02-27T06:00:00,od_19,motorbike,5.0,motorbike-1,10.685350920074288,15.685350920074288,6,False,motorbike-1,motorbike-1,False,10.685350920074288,10.685350920074288,274.43053809422736,269.18462312096096,269.18462312096096,274.43053809422736,320.90686669578355,320.90686669578355,0.0,0.0,0.0,0.0,0.0,development_exploratory_not_untouched_final
2022-02-27T06:00:00,od_19,motorbike,10.0,motorbike-1,10.685350920074288,20.68535092007429,8,False,motorbike-1,motorbike-1,False,10.685350920074288,10.685350920074288,274.43053809422736,269.18462312096096,269.18462312096096,274.43053809422736,320.90686669578355,320.90686669578355,0.0,0.0,0.0,0.0,0.0,development_exploratory_not_untouched_final
2022-02-27T06:00:00,od_19,walking,0.0,walking-1,53.016329309640604,53.016329309640604,1,True,walking-1,walking-1,False,53.016329309640604,53.016329309640604,1361.7156848249629,1335.6395587220773,1335.6395587220773,1361.7156848249629,1592.3162284946955,1592.3162284946955,0.0,0.0,0.0,0.0,0.0,development_exploratory_not_untouched_final
2022-02-27T06:00:00,od_19,walking,1.0,walking-1,53.016329309640604,54.016329309640604,4,False,walking-1,walking-1,False,53.016329309640604,53.016329309640604,1361.7156848249629,1335.6395587220773,1335.6395587220773,1361.7156848249629,1592.3162284946955,1592.3162284946955,0.0,0.0,0.0,0.0,0.0,development_exploratory_not_untouched_final
2022-02-27T06:00:00,od_19,walking,2.0,walking-1,53.016329309640604,55.016329309640604,4,False,walking-1,walking-1,False,53.016329309640604,53.016329309640604,1361.7156848249629,1335.6395587220773,1335.6395587220773,1361.7156848249629,1592.3162284946955,1592.3162284946955,0.0,0.0,0.0,0.0,0.0,development_exploratory_not_untouched_final
2022-02-27T06:00:00,od_19,walking,3.0,walking-1,53.016329309640604,56.016329309640604,4,False,walking-1,walking-1,False,53.016329309640604,53.016329309640604,1361.7156848249629,1335.6395587220773,1335.6395587220773,1361.7156848249629,1592.3162284946955,1592.3162284946955,0.0,0.0,0.0,0.0,0.0,development_exploratory_not_untouched_final
2022-02-27T06:00:00,od_19,walking,5.0,walking-1,53.016329309640604,58.016329309640604,6,False,walking-1,walking-1,False,53.016329309640604,53.016329309640604,1361.7156848249629,1335.6395587220773,1335.6395587220773,1361.7156848249629,1592.3162284946955,1592.3162284946955,0.0,0.0,0.0,0.0,0.0,development_exploratory_not_untouched_final
2022-02-27T06:00:00,od_19,walking,10.0,walking-1,53.016329309640604,63.016329309640604,7,False,walking-1,walking-1,False,53.016329309640604,53.016329309640604,1361.7156848249629,1335.6395587220773,1335.6395587220773,1361.7156848249629,1592.3162284946955,1592.3162284946955,0.0,0.0,0.0,0.0,0.0,development_exploratory_not_untouched_final
2022-02-27T06:00:00,od_20,motorbike,0.0,motorbike-1,8.770543469520456,8.770543469520456,1,True,motorbike-1,motorbike-1,False,8.770543469520456,8.770543469520456,201.92809135266674,210.77882628846552,210.77882628846552,201.92809135266674,237.01287863054193,237.01287863054193,0.0,0.0,0.0,0.0,0.0,development_exploratory_not_untouched_final
2022-02-27T06:00:00,od_20,motorbike,1.0,motorbike-1,8.770543469520456,9.770543469520456,2,False,motorbike-1,motorbike-1,False,8.770543469520456,8.770543469520456,201.92809135266674,210.77882628846552,210.77882628846552,201.92809135266674,237.01287863054193,237.01287863054193,0.0,0.0,0.0,0.0,0.0,development_exploratory_not_untouched_final
2022-02-27T06:00:00,od_20,motorbike,2.0,motorbike-1,8.770543469520456,10.770543469520456,3,False,motorbike-1,motorbike-1,False,8.770543469520456,8.770543469520456,201.92809135266674,210.77882628846552,210.77882628846552,201.92809135266674,237.01287863054193,237.01287863054193,0.0,0.0,0.0,0.0,0.0,development_exploratory_not_untouched_final
2022-02-27T06:00:00,od_20,motorbike,3.0,motorbike-1,8.770543469520456,11.770543469520456,3,False,motorbike-1,motorbike-1,False,8.770543469520456,8.770543469520456,201.92809135266674,210.77882628846552,210.77882628846552,201.92809135266674,237.01287863054193,237.01287863054193,0.0,0.0,0.0,0.0,0.0,development_exploratory_not_untouched_final
2022-02-27T06:00:00,od_20,motorbike,5.0,motorbike-1,8.770543469520456,13.770543469520456,5,False,motorbike-1,motorbike-1,False,8.770543469520456,8.770543469520456,201.92809135266674,210.77882628846552,210.77882628846552,201.92809135266674,237.01287863054193,237.01287863054193,0.0,0.0,0.0,0.0,0.0,development_exploratory_not_untouched_final
2022-02-27T06:00:00,od_20,motorbike,10.0,motorbike-1,8.770543469520456,18.770543469520454,7,False,motorbike-1,motorbike-1,False,8.770543469520456,8.770543469520456,201.92809135266674,210.77882628846552,210.77882628846552,201.92809135266674,237.01287863054193,237.01287863054193,0.0,0.0,0.0,0.0,0.0,development_exploratory_not_untouched_final
2022-02-27T06:00:00,od_20,walking,0.0,walking-1,46.44827166644704,46.44827166644704,1,True,walking-1,walking-1,False,46.44827166644704,46.44827166644704,1067.3732976705357,1114.173604349804,1114.173604349804,1067.3732976705357,1254.053656539986,1254.053656539986,0.0,0.0,0.0,0.0,0.0,development_exploratory_not_untouched_final
2022-02-27T06:00:00,od_20,walking,1.0,walking-1,46.44827166644704,47.44827166644704,5,False,walking-1,walking-1,False,46.44827166644704,46.44827166644704,1067.3732976705357,1114.173604349804,1114.173604349804,1067.3732976705357,1254.053656539986,1254.053656539986,0.0,0.0,0.0,0.0,0.0,development_exploratory_not_untouched_final
2022-02-27T06:00:00,od_20,walking,2.0,walking-1,46.44827166644704,48.44827166644704,5,False,walking-1,walking-1,False,46.44827166644704,46.44827166644704,1067.3732976705357,1114.173604349804,1114.173604349804,1067.3732976705357,1254.053656539986,1254.053656539986,0.0,0.0,0.0,0.0,0.0,development_exploratory_not_untouched_final
2022-02-27T06:00:00,od_20,walking,3.0,walking-1,46.44827166644704,49.44827166644704,5,False,walking-1,walking-1,False,46.44827166644704,46.44827166644704,1067.3732976705357,1114.173604349804,1114.173604349804,1067.3732976705357,1254.053656539986,1254.053656539986,0.0,0.0,0.0,0.0,0.0,development_exploratory_not_untouched_final
2022-02-27T06:00:00,od_20,walking,5.0,walking-1,46.44827166644704,51.44827166644704,5,False,walking-1,walking-1,False,46.44827166644704,46.44827166644704,1067.3732976705357,1114.173604349804,1114.173604349804,1067.3732976705357,1254.053656539986,1254.053656539986,0.0,0.0,0.0,0.0,0.0,development_exploratory_not_untouched_final
2022-02-27T06:00:00,od_20,walking,10.0,walking-1,46.44827166644704,56.44827166644704,6,False,walking-1,walking-1,False,46.44827166644704,46.44827166644704,1067.3732976705357,1114.173604349804,1114.173604349804,1067.3732976705357,1254.053656539986,1254.053656539986,0.0,0.0,0.0,0.0,0.0,development_exploratory_not_untouched_final
2022-02-27T06:00:00,od_21,motorbike,0.0,motorbike-1,9.04935995112664,9.04935995112664,1,True,motorbike-1,motorbike-1,False,9.04935995112664,9.04935995112664,242.09787315060532,236.05511334720902,236.05511334720902,242.09787315060532,278.9077731161576,278.9077731161576,0.0,0.0,0.0,0.0,0.0,development_exploratory_not_untouched_final
2022-02-27T06:00:00,od_21,motorbike,1.0,motorbike-1,9.04935995112664,10.04935995112664,3,False,motorbike-2,motorbike-1,True,9.312747268424193,9.04935995112664,241.41364289457871,236.05511334720902,237.67512309706922,242.09787315060532,280.2995365347003,278.9077731161576,0.4965271922133093,0.6842302560266091,0.0,-1.3917634185426664,0.0,development_exploratory_not_untouched_final
2022-02-27T06:00:00,od_21,motorbike,2.0,motorbike-1,9.04935995112664,11.04935995112664,4,False,motorbike-2,motorbike-1,True,9.312747268424193,9.04935995112664,241.41364289457871,236.05511334720902,237.67512309706922,242.09787315060532,280.2995365347003,278.9077731161576,0.4965271922133093,0.6842302560266091,0.0,-1.3917634185426664,0.0,development_exploratory_not_untouched_final
2022-02-27T06:00:00,od_21,motorbike,3.0,motorbike-1,9.04935995112664,12.04935995112664,5,False,motorbike-2,motorbike-1,True,9.312747268424193,9.04935995112664,241.41364289457871,236.05511334720902,237.67512309706922,242.09787315060532,280.2995365347003,278.9077731161576,0.4965271922133093,0.6842302560266091,0.0,-1.3917634185426664,0.0,development_exploratory_not_untouched_final
2022-02-27T06:00:00,od_21,motorbike,5.0,motorbike-1,9.04935995112664,14.04935995112664,6,False,motorbike-2,motorbike-1,True,9.312747268424193,9.04935995112664,241.41364289457871,236.05511334720902,237.67512309706922,242.09787315060532,280.2995365347003,278.9077731161576,0.4965271922133093,0.6842302560266091,0.0,-1.3917634185426664,0.0,development_exploratory_not_untouched_final
2022-02-27T06:00:00,od_21,motorbike,10.0,motorbike-1,9.04935995112664,19.04935995112664,8,False,motorbike-2,motorbike-1,True,9.312747268424193,9.04935995112664,241.41364289457871,236.05511334720902,237.67512309706922,242.09787315060532,280.2995365347003,278.9077731161576,0.4965271922133093,0.6842302560266091,0.0,-1.3917634185426664,0.0,development_exploratory_not_untouched_final
2022-02-27T06:00:00,od_21,walking,0.0,walking-1,43.87865051815163,43.87865051815163,1,True,walking-1,walking-1,False,43.87865051815163,43.87865051815163,1134.1867402342673,1118.0264657920525,1118.0264657920525,1134.1867402342673,1317.4445809678164,1317.4445809678164,0.0,0.0,0.0,0.0,0.0,development_exploratory_not_untouched_final
2022-02-27T06:00:00,od_21,walking,1.0,walking-1,43.87865051815163,44.87865051815163,2,False,walking-1,walking-1,False,43.87865051815163,43.87865051815163,1134.1867402342673,1118.0264657920525,1118.0264657920525,1134.1867402342673,1317.4445809678164,1317.4445809678164,0.0,0.0,0.0,0.0,0.0,development_exploratory_not_untouched_final
2022-02-27T06:00:00,od_21,walking,2.0,walking-1,43.87865051815163,45.87865051815163,3,False,walking-1,walking-1,False,43.87865051815163,43.87865051815163,1134.1867402342673,1118.0264657920525,1118.0264657920525,1134.1867402342673,1317.4445809678164,1317.4445809678164,0.0,0.0,0.0,0.0,0.0,development_exploratory_not_untouched_final
2022-02-27T06:00:00,od_21,walking,3.0,walking-1,43.87865051815163,46.87865051815163,3,False,walking-1,walking-1,False,43.87865051815163,43.87865051815163,1134.1867402342673,1118.0264657920525,1118.0264657920525,1134.1867402342673,1317.4445809678164,1317.4445809678164,0.0,0.0,0.0,0.0,0.0,development_exploratory_not_untouched_final
2022-02-27T06:00:00,od_21,walking,5.0,walking-1,43.87865051815163,48.87865051815163,3,False,walking-1,walking-1,False,43.87865051815163,43.87865051815163,1134.1867402342673,1118.0264657920525,1118.0264657920525,1134.1867402342673,1317.4445809678164,1317.4445809678164,0.0,0.0,0.0,0.0,0.0,development_exploratory_not_untouched_final
2022-02-27T06:00:00,od_21,walking,10.0,walking-1,43.87865051815163,53.87865051815163,5,False,walking-1,walking-1,False,43.87865051815163,43.87865051815163,1134.1867402342673,1118.0264657920525,1118.0264657920525,1134.1867402342673,1317.4445809678164,1317.4445809678164,0.0,0.0,0.0,0.0,0.0,development_exploratory_not_untouched_final
2022-02-27T06:00:00,od_22,motorbike,0.0,motorbike-1,7.015399211952966,7.015399211952966,1,True,motorbike-1,motorbike-1,False,7.015399211952966,7.015399211952966,181.07223401168395,178.48562206265166,178.48562206265166,181.07223401168395,209.87317222126686,209.87317222126686,0.0,0.0,0.0,0.0,0.0,development_exploratory_not_untouched_final
2022-02-27T06:00:00,od_22,motorbike,1.0,motorbike-1,7.015399211952966,8.015399211952966,3,False,motorbike-1,motorbike-1,False,7.015399211952966,7.015399211952966,181.07223401168395,178.48562206265166,178.48562206265166,181.07223401168395,209.87317222126686,209.87317222126686,0.0,0.0,0.0,0.0,0.0,development_exploratory_not_untouched_final
2022-02-27T06:00:00,od_22,motorbike,2.0,motorbike-1,7.015399211952966,9.015399211952966,4,False,motorbike-1,motorbike-1,False,7.015399211952966,7.015399211952966,181.07223401168395,178.48562206265166,178.48562206265166,181.07223401168395,209.87317222126686,209.87317222126686,0.0,0.0,0.0,0.0,0.0,development_exploratory_not_untouched_final
2022-02-27T06:00:00,od_22,motorbike,3.0,motorbike-1,7.015399211952966,10.015399211952966,5,False,motorbike-1,motorbike-1,False,7.015399211952966,7.015399211952966,181.07223401168395,178.48562206265166,178.48562206265166,181.07223401168395,209.87317222126686,209.87317222126686,0.0,0.0,0.0,0.0,0.0,development_exploratory_not_untouched_final
2022-02-27T06:00:00,od_22,motorbike,5.0,motorbike-1,7.015399211952966,12.015399211952966,6,False,motorbike-1,motorbike-1,False,7.015399211952966,7.015399211952966,181.07223401168395,178.48562206265166,178.48562206265166,181.07223401168395,209.87317222126686,209.87317222126686,0.0,0.0,0.0,0.0,0.0,development_exploratory_not_untouched_final
2022-02-27T06:00:00,od_22,motorbike,10.0,motorbike-1,7.015399211952966,17.015399211952968,7,False,motorbike-1,motorbike-1,False,7.015399211952966,7.015399211952966,181.07223401168395,178.48562206265166,178.48562206265166,181.07223401168395,209.87317222126686,209.87317222126686,0.0,0.0,0.0,0.0,0.0,development_exploratory_not_untouched_final
2022-02-27T06:00:00,od_22,walking,0.0,walking-1,35.07699605976483,35.07699605976483,1,True,walking-1,walking-1,False,35.07699605976483,35.07699605976483,905.3611700584195,892.4281103132595,892.4281103132595,905.3611700584195,1049.365861106335,1049.365861106335,0.0,0.0,0.0,0.0,0.0,development_exploratory_not_untouched_final
2022-02-27T06:00:00,od_22,walking,1.0,walking-1,35.07699605976483,36.07699605976483,1,True,walking-1,walking-1,False,35.07699605976483,35.07699605976483,905.3611700584195,892.4281103132595,892.4281103132595,905.3611700584195,1049.365861106335,1049.365861106335,0.0,0.0,0.0,0.0,0.0,development_exploratory_not_untouched_final
2022-02-27T06:00:00,od_22,walking,2.0,walking-1,35.07699605976483,37.07699605976483,1,True,walking-1,walking-1,False,35.07699605976483,35.07699605976483,905.3611700584195,892.4281103132595,892.4281103132595,905.3611700584195,1049.365861106335,1049.365861106335,0.0,0.0,0.0,0.0,0.0,development_exploratory_not_untouched_final
2022-02-27T06:00:00,od_22,walking,3.0,walking-1,35.07699605976483,38.07699605976483,2,False,walking-1,walking-1,False,35.07699605976483,35.07699605976483,905.3611700584195,892.4281103132595,892.4281103132595,905.3611700584195,1049.365861106335,1049.365861106335,0.0,0.0,0.0,0.0,0.0,development_exploratory_not_untouched_final
2022-02-27T06:00:00,od_22,walking,5.0,walking-1,35.07699605976483,40.07699605976483,3,False,walking-1,walking-1,False,35.07699605976483,35.07699605976483,905.3611700584195,892.4281103132595,892.4281103132595,905.3611700584195,1049.365861106335,1049.365861106335,0.0,0.0,0.0,0.0,0.0,development_exploratory_not_untouched_final
2022-02-27T06:00:00,od_22,walking,10.0,walking-1,35.07699605976483,45.07699605976483,4,False,walking-1,walking-1,False,35.07699605976483,35.07699605976483,905.3611700584195,892.4281103132595,892.4281103132595,905.3611700584195,1049.365861106335,1049.365861106335,0.0,0.0,0.0,0.0,0.0,development_exploratory_not_untouched_final
2022-02-27T06:00:00,od_23,motorbike,0.0,motorbike-1,10.555049856816883,10.555049856816883,1,True,motorbike-1,motorbike-1,False,10.555049856816883,10.555049856816883,281.720981064496,269.9727901584509,269.9727901584509,281.720981064496,330.50724155874104,330.50724155874104,0.0,0.0,0.0,0.0,0.0,development_exploratory_not_untouched_final
2022-02-27T06:00:00,od_23,motorbike,1.0,motorbike-1,10.555049856816883,11.555049856816883,2,False,motorbike-1,motorbike-1,False,10.555049856816883,10.555049856816883,281.720981064496,269.9727901584509,269.9727901584509,281.720981064496,330.50724155874104,330.50724155874104,0.0,0.0,0.0,0.0,0.0,development_exploratory_not_untouched_final
2022-02-27T06:00:00,od_23,motorbike,2.0,motorbike-1,10.555049856816883,12.555049856816883,3,False,motorbike-1,motorbike-1,False,10.555049856816883,10.555049856816883,281.720981064496,269.9727901584509,269.9727901584509,281.720981064496,330.50724155874104,330.50724155874104,0.0,0.0,0.0,0.0,0.0,development_exploratory_not_untouched_final
2022-02-27T06:00:00,od_23,motorbike,3.0,motorbike-1,10.555049856816883,13.555049856816883,4,False,motorbike-1,motorbike-1,False,10.555049856816883,10.555049856816883,281.720981064496,269.9727901584509,269.9727901584509,281.720981064496,330.50724155874104,330.50724155874104,0.0,0.0,0.0,0.0,0.0,development_exploratory_not_untouched_final
2022-02-27T06:00:00,od_23,motorbike,5.0,motorbike-1,10.555049856816883,15.555049856816883,4,False,motorbike-1,motorbike-1,False,10.555049856816883,10.555049856816883,281.720981064496,269.9727901584509,269.9727901584509,281.720981064496,330.50724155874104,330.50724155874104,0.0,0.0,0.0,0.0,0.0,development_exploratory_not_untouched_final
2022-02-27T06:00:00,od_23,motorbike,10.0,motorbike-1,10.555049856816883,20.555049856816883,7,False,motorbike-1,motorbike-1,False,10.555049856816883,10.555049856816883,281.720981064496,269.9727901584509,269.9727901584509,281.720981064496,330.50724155874104,330.50724155874104,0.0,0.0,0.0,0.0,0.0,development_exploratory_not_untouched_final
2022-02-27T06:00:00,od_23,walking,0.0,walking-1,50.65519895369051,50.65519895369051,1,True,walking-1,walking-1,False,50.65519895369051,50.65519895369051,1354.9804168070668,1297.7280261960507,1297.7280261960507,1354.9804168070668,1588.5552926816208,1588.5552926816208,0.0,0.0,0.0,0.0,0.0,development_exploratory_not_untouched_final
2022-02-27T06:00:00,od_23,walking,1.0,walking-1,50.65519895369051,51.65519895369051,5,False,walking-1,walking-1,False,50.65519895369051,50.65519895369051,1354.9804168070668,1297.7280261960507,1297.7280261960507,1354.9804168070668,1588.5552926816208,1588.5552926816208,0.0,0.0,0.0,0.0,0.0,development_exploratory_not_untouched_final
2022-02-27T06:00:00,od_23,walking,2.0,walking-1,50.65519895369051,52.65519895369051,5,False,walking-1,walking-1,False,50.65519895369051,50.65519895369051,1354.9804168070668,1297.7280261960507,1297.7280261960507,1354.9804168070668,1588.5552926816208,1588.5552926816208,0.0,0.0,0.0,0.0,0.0,development_exploratory_not_untouched_final
2022-02-27T06:00:00,od_23,walking,3.0,walking-1,50.65519895369051,53.65519895369051,5,False,walking-1,walking-1,False,50.65519895369051,50.65519895369051,1354.9804168070668,1297.7280261960507,1297.7280261960507,1354.9804168070668,1588.5552926816208,1588.5552926816208,0.0,0.0,0.0,0.0,0.0,development_exploratory_not_untouched_final
2022-02-27T06:00:00,od_23,walking,5.0,walking-1,50.65519895369051,55.65519895369051,5,False,walking-1,walking-1,False,50.65519895369051,50.65519895369051,1354.9804168070668,1297.7280261960507,1297.7280261960507,1354.9804168070668,1588.5552926816208,1588.5552926816208,0.0,0.0,0.0,0.0,0.0,development_exploratory_not_untouched_final
2022-02-27T06:00:00,od_23,walking,10.0,walking-1,50.65519895369051,60.65519895369051,6,False,walking-1,walking-1,False,50.65519895369051,50.65519895369051,1354.9804168070668,1297.7280261960507,1297.7280261960507,1354.9804168070668,1588.5552926816208,1588.5552926816208,0.0,0.0,0.0,0.0,0.0,development_exploratory_not_untouched_final
2022-02-27T06:00:00,od_24,motorbike,0.0,motorbike-1,8.480694922287851,8.480694922287851,1,True,motorbike-1,motorbike-1,False,8.480694922287851,8.480694922287851,243.94322292244098,234.6937803268731,234.6937803268731,243.94322292244098,274.07051356508765,274.07051356508765,0.0,0.0,0.0,0.0,0.0,development_exploratory_not_untouched_final
2022-02-27T06:00:00,od_24,motorbike,1.0,motorbike-1,8.480694922287851,9.480694922287851,2,False,motorbike-1,motorbike-1,False,8.480694922287851,8.480694922287851,243.94322292244098,234.6937803268731,234.6937803268731,243.94322292244098,274.07051356508765,274.07051356508765,0.0,0.0,0.0,0.0,0.0,development_exploratory_not_untouched_final
2022-02-27T06:00:00,od_24,motorbike,2.0,motorbike-1,8.480694922287851,10.480694922287851,3,False,motorbike-1,motorbike-1,False,8.480694922287851,8.480694922287851,243.94322292244098,234.6937803268731,234.6937803268731,243.94322292244098,274.07051356508765,274.07051356508765,0.0,0.0,0.0,0.0,0.0,development_exploratory_not_untouched_final
2022-02-27T06:00:00,od_24,motorbike,3.0,motorbike-1,8.480694922287851,11.480694922287851,5,False,motorbike-1,motorbike-1,False,8.480694922287851,8.480694922287851,243.94322292244098,234.6937803268731,234.6937803268731,243.94322292244098,274.07051356508765,274.07051356508765,0.0,0.0,0.0,0.0,0.0,development_exploratory_not_untouched_final
2022-02-27T06:00:00,od_24,motorbike,5.0,motorbike-1,8.480694922287851,13.480694922287851,7,False,motorbike-1,motorbike-1,False,8.480694922287851,8.480694922287851,243.94322292244098,234.6937803268731,234.6937803268731,243.94322292244098,274.07051356508765,274.07051356508765,0.0,0.0,0.0,0.0,0.0,development_exploratory_not_untouched_final
2022-02-27T06:00:00,od_24,motorbike,10.0,motorbike-1,8.480694922287851,18.480694922287853,8,False,motorbike-1,motorbike-1,False,8.480694922287851,8.480694922287851,243.94322292244098,234.6937803268731,234.6937803268731,243.94322292244098,274.07051356508765,274.07051356508765,0.0,0.0,0.0,0.0,0.0,development_exploratory_not_untouched_final
2022-02-27T06:00:00,od_24,walking,0.0,walking-1,38.60634262328327,38.60634262328327,1,True,walking-1,walking-1,False,38.60634262328327,38.60634262328327,1109.2416090044112,1066.5034435666196,1066.5034435666196,1109.2416090044112,1247.2805778997053,1247.2805778997053,0.0,0.0,0.0,0.0,0.0,development_exploratory_not_untouched_final
2022-02-27T06:00:00,od_24,walking,1.0,walking-1,38.60634262328327,39.60634262328327,1,True,walking-1,walking-1,False,38.60634262328327,38.60634262328327,1109.2416090044112,1066.5034435666196,1066.5034435666196,1109.2416090044112,1247.2805778997053,1247.2805778997053,0.0,0.0,0.0,0.0,0.0,development_exploratory_not_untouched_final
2022-02-27T06:00:00,od_24,walking,2.0,walking-1,38.60634262328327,40.60634262328327,2,False,walking-1,walking-1,False,38.60634262328327,38.60634262328327,1109.2416090044112,1066.5034435666196,1066.5034435666196,1109.2416090044112,1247.2805778997053,1247.2805778997053,0.0,0.0,0.0,0.0,0.0,development_exploratory_not_untouched_final
2022-02-27T06:00:00,od_24,walking,3.0,walking-1,38.60634262328327,41.60634262328327,3,False,walking-1,walking-1,False,38.60634262328327,38.60634262328327,1109.2416090044112,1066.5034435666196,1066.5034435666196,1109.2416090044112,1247.2805778997053,1247.2805778997053,0.0,0.0,0.0,0.0,0.0,development_exploratory_not_untouched_final
2022-02-27T06:00:00,od_24,walking,5.0,walking-1,38.60634262328327,43.60634262328327,3,False,walking-1,walking-1,False,38.60634262328327,38.60634262328327,1109.2416090044112,1066.5034435666196,1066.5034435666196,1109.2416090044112,1247.2805778997053,1247.2805778997053,0.0,0.0,0.0,0.0,0.0,development_exploratory_not_untouched_final
2022-02-27T06:00:00,od_24,walking,10.0,walking-1,38.60634262328327,48.60634262328327,4,False,walking-1,walking-1,False,38.60634262328327,38.60634262328327,1109.2416090044112,1066.5034435666196,1066.5034435666196,1109.2416090044112,1247.2805778997053,1247.2805778997053,0.0,0.0,0.0,0.0,0.0,development_exploratory_not_untouched_final
2022-02-27T06:00:00,od_25,motorbike,0.0,motorbike-1,12.177989808997324,12.177989808997324,1,True,motorbike-1,motorbike-1,False,12.177989808997324,12.177989808997324,367.5256152434862,341.7303675325548,341.7303675325548,367.5256152434862,415.1757673009551,415.1757673009551,0.0,0.0,0.0,0.0,0.0,development_exploratory_not_untouched_final
2022-02-27T06:00:00,od_25,motorbike,1.0,motorbike-1,12.177989808997324,13.177989808997324,2,False,motorbike-2,motorbike-2,False,12.22816830273166,12.22816830273166,363.5837755997154,339.6517667400687,339.6517667400687,363.5837755997154,411.9840025460807,411.9840025460807,0.0,3.941839643770777,2.0786007924860996,3.1917647548743844,3.1917647548743844,development_exploratory_not_untouched_final
2022-02-27T06:00:00,od_25,motorbike,2.0,motorbike-1,12.177989808997324,14.177989808997324,4,False,motorbike-2,motorbike-2,False,12.22816830273166,12.22816830273166,363.5837755997154,339.6517667400687,339.6517667400687,363.5837755997154,411.9840025460807,411.9840025460807,0.0,3.941839643770777,2.0786007924860996,3.1917647548743844,3.1917647548743844,development_exploratory_not_untouched_final
2022-02-27T06:00:00,od_25,motorbike,3.0,motorbike-1,12.177989808997324,15.177989808997324,4,False,motorbike-2,motorbike-2,False,12.22816830273166,12.22816830273166,363.5837755997154,339.6517667400687,339.6517667400687,363.5837755997154,411.9840025460807,411.9840025460807,0.0,3.941839643770777,2.0786007924860996,3.1917647548743844,3.1917647548743844,development_exploratory_not_untouched_final
2022-02-27T06:00:00,od_25,motorbike,5.0,motorbike-1,12.177989808997324,17.177989808997324,4,False,motorbike-2,motorbike-2,False,12.22816830273166,12.22816830273166,363.5837755997154,339.6517667400687,339.6517667400687,363.5837755997154,411.9840025460807,411.9840025460807,0.0,3.941839643770777,2.0786007924860996,3.1917647548743844,3.1917647548743844,development_exploratory_not_untouched_final
2022-02-27T06:00:00,od_25,motorbike,10.0,motorbike-1,12.177989808997324,22.177989808997324,8,False,motorbike-2,motorbike-2,False,12.22816830273166,12.22816830273166,363.5837755997154,339.6517667400687,339.6517667400687,363.5837755997154,411.9840025460807,411.9840025460807,0.0,3.941839643770777,2.0786007924860996,3.1917647548743844,3.1917647548743844,development_exploratory_not_untouched_final
2022-02-27T06:00:00,od_25,walking,0.0,walking-1,53.64646218551867,53.64646218551867,1,True,walking-1,walking-1,False,53.64646218551867,53.64646218551867,1615.3202643487555,1502.408453253384,1502.408453253384,1615.3202643487555,1826.305796136366,1826.305796136366,0.0,0.0,0.0,0.0,0.0,development_exploratory_not_untouched_final
2022-02-27T06:00:00,od_25,walking,1.0,walking-1,53.64646218551867,54.64646218551867,1,True,walking-1,walking-1,False,53.64646218551867,53.64646218551867,1615.3202643487555,1502.408453253384,1502.408453253384,1615.3202643487555,1826.305796136366,1826.305796136366,0.0,0.0,0.0,0.0,0.0,development_exploratory_not_untouched_final
2022-02-27T06:00:00,od_25,walking,2.0,walking-1,53.64646218551867,55.64646218551867,2,False,walking-1,walking-1,False,53.64646218551867,53.64646218551867,1615.3202643487555,1502.408453253384,1502.408453253384,1615.3202643487555,1826.305796136366,1826.305796136366,0.0,0.0,0.0,0.0,0.0,development_exploratory_not_untouched_final
2022-02-27T06:00:00,od_25,walking,3.0,walking-1,53.64646218551867,56.64646218551867,2,False,walking-1,walking-1,False,53.64646218551867,53.64646218551867,1615.3202643487555,1502.408453253384,1502.408453253384,1615.3202643487555,1826.305796136366,1826.305796136366,0.0,0.0,0.0,0.0,0.0,development_exploratory_not_untouched_final
2022-02-27T06:00:00,od_25,walking,5.0,walking-1,53.64646218551867,58.64646218551867,3,False,walking-1,walking-1,False,53.64646218551867,53.64646218551867,1615.3202643487555,1502.408453253384,1502.408453253384,1615.3202643487555,1826.305796136366,1826.305796136366,0.0,0.0,0.0,0.0,0.0,development_exploratory_not_untouched_final
2022-02-27T06:00:00,od_25,walking,10.0,walking-1,53.64646218551867,63.64646218551867,5,False,walking-1,walking-1,False,53.64646218551867,53.64646218551867,1615.3202643487555,1502.408453253384,1502.408453253384,1615.3202643487555,1826.305796136366,1826.305796136366,0.0,0.0,0.0,0.0,0.0,development_exploratory_not_untouched_final
2022-02-27T06:00:00,od_26,motorbike,0.0,motorbike-1,7.0496129747457505,7.0496129747457505,1,True,motorbike-1,motorbike-1,False,7.0496129747457505,7.0496129747457505,180.16290421998983,178.6877891533414,178.6877891533414,180.16290421998983,208.6720581355713,208.6720581355713,0.0,0.0,0.0,0.0,0.0,development_exploratory_not_untouched_final
2022-02-27T06:00:00,od_26,motorbike,1.0,motorbike-1,7.0496129747457505,8.04961297474575,3,False,motorbike-1,motorbike-1,False,7.0496129747457505,7.0496129747457505,180.16290421998983,178.6877891533414,178.6877891533414,180.16290421998983,208.6720581355713,208.6720581355713,0.0,0.0,0.0,0.0,0.0,development_exploratory_not_untouched_final
2022-02-27T06:00:00,od_26,motorbike,2.0,motorbike-1,7.0496129747457505,9.04961297474575,4,False,motorbike-1,motorbike-1,False,7.0496129747457505,7.0496129747457505,180.16290421998983,178.6877891533414,178.6877891533414,180.16290421998983,208.6720581355713,208.6720581355713,0.0,0.0,0.0,0.0,0.0,development_exploratory_not_untouched_final
2022-02-27T06:00:00,od_26,motorbike,3.0,motorbike-1,7.0496129747457505,10.04961297474575,4,False,motorbike-1,motorbike-1,False,7.0496129747457505,7.0496129747457505,180.16290421998983,178.6877891533414,178.6877891533414,180.16290421998983,208.6720581355713,208.6720581355713,0.0,0.0,0.0,0.0,0.0,development_exploratory_not_untouched_final
2022-02-27T06:00:00,od_26,motorbike,5.0,motorbike-1,7.0496129747457505,12.04961297474575,6,False,motorbike-1,motorbike-1,False,7.0496129747457505,7.0496129747457505,180.16290421998983,178.6877891533414,178.6877891533414,180.16290421998983,208.6720581355713,208.6720581355713,0.0,0.0,0.0,0.0,0.0,development_exploratory_not_untouched_final
2022-02-27T06:00:00,od_26,motorbike,10.0,motorbike-1,7.0496129747457505,17.04961297474575,7,False,motorbike-1,motorbike-1,False,7.0496129747457505,7.0496129747457505,180.16290421998983,178.6877891533414,178.6877891533414,180.16290421998983,208.6720581355713,208.6720581355713,0.0,0.0,0.0,0.0,0.0,development_exploratory_not_untouched_final
2022-02-27T06:00:00,od_26,walking,0.0,walking-1,34.75588898945021,34.75588898945021,1,True,walking-1,walking-1,False,34.75588898945021,34.75588898945021,887.8223673634127,880.6626825784853,880.6626825784853,887.8223673634127,1028.4096489634228,1028.4096489634228,0.0,0.0,0.0,0.0,0.0,development_exploratory_not_untouched_final
2022-02-27T06:00:00,od_26,walking,1.0,walking-1,34.75588898945021,35.75588898945021,1,True,walking-1,walking-1,False,34.75588898945021,34.75588898945021,887.8223673634127,880.6626825784853,880.6626825784853,887.8223673634127,1028.4096489634228,1028.4096489634228,0.0,0.0,0.0,0.0,0.0,development_exploratory_not_untouched_final
2022-02-27T06:00:00,od_26,walking,2.0,walking-1,34.75588898945021,36.75588898945021,3,False,walking-1,walking-1,False,34.75588898945021,34.75588898945021,887.8223673634127,880.6626825784853,880.6626825784853,887.8223673634127,1028.4096489634228,1028.4096489634228,0.0,0.0,0.0,0.0,0.0,development_exploratory_not_untouched_final
2022-02-27T06:00:00,od_26,walking,3.0,walking-1,34.75588898945021,37.75588898945021,4,False,walking-1,walking-1,False,34.75588898945021,34.75588898945021,887.8223673634127,880.6626825784853,880.6626825784853,887.8223673634127,1028.4096489634228,1028.4096489634228,0.0,0.0,0.0,0.0,0.0,development_exploratory_not_untouched_final
2022-02-27T06:00:00,od_26,walking,5.0,walking-1,34.75588898945021,39.75588898945021,4,False,walking-1,walking-1,False,34.75588898945021,34.75588898945021,887.8223673634127,880.6626825784853,880.6626825784853,887.8223673634127,1028.4096489634228,1028.4096489634228,0.0,0.0,0.0,0.0,0.0,development_exploratory_not_untouched_final
2022-02-27T06:00:00,od_26,walking,10.0,walking-1,34.75588898945021,44.75588898945021,5,False,walking-1,walking-1,False,34.75588898945021,34.75588898945021,887.8223673634127,880.6626825784853,880.6626825784853,887.8223673634127,1028.4096489634228,1028.4096489634228,0.0,0.0,0.0,0.0,0.0,development_exploratory_not_untouched_final
2022-02-27T06:00:00,od_27,motorbike,0.0,motorbike-1,8.330234717082032,8.330234717082032,1,True,motorbike-1,motorbike-1,False,8.330234717082032,8.330234717082032,201.86588155502704,201.5947789441525,201.5947789441525,201.86588155502704,240.06930930002517,240.06930930002517,0.0,0.0,0.0,0.0,0.0,development_exploratory_not_untouched_final
2022-02-27T06:00:00,od_27,motorbike,1.0,motorbike-1,8.330234717082032,9.330234717082032,2,False,motorbike-1,motorbike-1,False,8.330234717082032,8.330234717082032,201.86588155502704,201.5947789441525,201.5947789441525,201.86588155502704,240.06930930002517,240.06930930002517,0.0,0.0,0.0,0.0,0.0,development_exploratory_not_untouched_final
2022-02-27T06:00:00,od_27,motorbike,2.0,motorbike-1,8.330234717082032,10.330234717082032,4,False,motorbike-1,motorbike-1,False,8.330234717082032,8.330234717082032,201.86588155502704,201.5947789441525,201.5947789441525,201.86588155502704,240.06930930002517,240.06930930002517,0.0,0.0,0.0,0.0,0.0,development_exploratory_not_untouched_final
2022-02-27T06:00:00,od_27,motorbike,3.0,motorbike-1,8.330234717082032,11.330234717082032,5,False,motorbike-1,motorbike-1,False,8.330234717082032,8.330234717082032,201.86588155502704,201.5947789441525,201.5947789441525,201.86588155502704,240.06930930002517,240.06930930002517,0.0,0.0,0.0,0.0,0.0,development_exploratory_not_untouched_final
2022-02-27T06:00:00,od_27,motorbike,5.0,motorbike-1,8.330234717082032,13.330234717082032,7,False,motorbike-1,motorbike-1,False,8.330234717082032,8.330234717082032,201.86588155502704,201.5947789441525,201.5947789441525,201.86588155502704,240.06930930002517,240.06930930002517,0.0,0.0,0.0,0.0,0.0,development_exploratory_not_untouched_final
2022-02-27T06:00:00,od_27,motorbike,10.0,motorbike-1,8.330234717082032,18.330234717082032,8,False,motorbike-1,motorbike-1,False,8.330234717082032,8.330234717082032,201.86588155502704,201.5947789441525,201.5947789441525,201.86588155502704,240.06930930002517,240.06930930002517,0.0,0.0,0.0,0.0,0.0,development_exploratory_not_untouched_final
2022-02-27T06:00:00,od_27,walking,0.0,walking-1,41.572207993675015,41.572207993675015,1,True,walking-1,walking-1,False,41.572207993675015,41.572207993675015,1007.228070981801,1005.1979834536063,1005.1979834536063,1007.228070981801,1198.9159917013212,1198.9159917013212,0.0,0.0,0.0,0.0,0.0,development_exploratory_not_untouched_final
2022-02-27T06:00:00,od_27,walking,1.0,walking-1,41.572207993675015,42.572207993675015,4,False,walking-2,walking-1,True,42.43011074832727,41.572207993675015,1002.2694937148267,1005.1979834536063,1013.9528003323974,1007.228070981801,1193.921766367406,1198.9159917013212,-0.4183042368940559,4.9585772669743164,0.0,4.99422533391521,0.0,development_exploratory_not_untouched_final
2022-02-27T06:00:00,od_27,walking,2.0,walking-1,41.572207993675015,43.572207993675015,4,False,walking-2,walking-1,True,42.43011074832727,41.572207993675015,1002.2694937148267,1005.1979834536063,1013.9528003323974,1007.228070981801,1193.921766367406,1198.9159917013212,-0.4183042368940559,4.9585772669743164,0.0,4.99422533391521,0.0,development_exploratory_not_untouched_final
2022-02-27T06:00:00,od_27,walking,3.0,walking-1,41.572207993675015,44.572207993675015,4,False,walking-2,walking-1,True,42.43011074832727,41.572207993675015,1002.2694937148267,1005.1979834536063,1013.9528003323974,1007.228070981801,1193.921766367406,1198.9159917013212,-0.4183042368940559,4.9585772669743164,0.0,4.99422533391521,0.0,development_exploratory_not_untouched_final
2022-02-27T06:00:00,od_27,walking,5.0,walking-1,41.572207993675015,46.572207993675015,6,False,walking-2,walking-1,True,42.43011074832727,41.572207993675015,1002.2694937148267,1005.1979834536063,1013.9528003323974,1007.228070981801,1193.921766367406,1198.9159917013212,-0.4183042368940559,4.9585772669743164,0.0,4.99422533391521,0.0,development_exploratory_not_untouched_final
2022-02-27T06:00:00,od_27,walking,10.0,walking-1,41.572207993675015,51.572207993675015,6,False,walking-2,walking-1,True,42.43011074832727,41.572207993675015,1002.2694937148267,1005.1979834536063,1013.9528003323974,1007.228070981801,1193.921766367406,1198.9159917013212,-0.4183042368940559,4.9585772669743164,0.0,4.99422533391521,0.0,development_exploratory_not_untouched_final
2022-02-27T06:00:00,od_28,motorbike,0.0,motorbike-1,8.135485464425692,8.135485464425692,1,True,motorbike-1,motorbike-1,False,8.135485464425692,8.135485464425692,223.54982063292857,214.8635196978678,214.8635196978678,223.54982063292857,257.16198950233223,257.16198950233223,0.0,0.0,0.0,0.0,0.0,development_exploratory_not_untouched_final
2022-02-27T06:00:00,od_28,motorbike,1.0,motorbike-1,8.135485464425692,9.135485464425692,2,False,motorbike-1,motorbike-1,False,8.135485464425692,8.135485464425692,223.54982063292857,214.8635196978678,214.8635196978678,223.54982063292857,257.16198950233223,257.16198950233223,0.0,0.0,0.0,0.0,0.0,development_exploratory_not_untouched_final
2022-02-27T06:00:00,od_28,motorbike,2.0,motorbike-1,8.135485464425692,10.135485464425692,3,False,motorbike-1,motorbike-1,False,8.135485464425692,8.135485464425692,223.54982063292857,214.8635196978678,214.8635196978678,223.54982063292857,257.16198950233223,257.16198950233223,0.0,0.0,0.0,0.0,0.0,development_exploratory_not_untouched_final
2022-02-27T06:00:00,od_28,motorbike,3.0,motorbike-1,8.135485464425692,11.135485464425692,4,False,motorbike-1,motorbike-1,False,8.135485464425692,8.135485464425692,223.54982063292857,214.8635196978678,214.8635196978678,223.54982063292857,257.16198950233223,257.16198950233223,0.0,0.0,0.0,0.0,0.0,development_exploratory_not_untouched_final
2022-02-27T06:00:00,od_28,motorbike,5.0,motorbike-1,8.135485464425692,13.135485464425692,6,False,motorbike-1,motorbike-1,False,8.135485464425692,8.135485464425692,223.54982063292857,214.8635196978678,214.8635196978678,223.54982063292857,257.16198950233223,257.16198950233223,0.0,0.0,0.0,0.0,0.0,development_exploratory_not_untouched_final
2022-02-27T06:00:00,od_28,motorbike,10.0,motorbike-1,8.135485464425692,18.13548546442569,7,False,motorbike-1,motorbike-1,False,8.135485464425692,8.135485464425692,223.54982063292857,214.8635196978678,214.8635196978678,223.54982063292857,257.16198950233223,257.16198950233223,0.0,0.0,0.0,0.0,0.0,development_exploratory_not_untouched_final
2022-02-27T06:00:00,od_28,walking,0.0,walking-1,40.0541484546324,40.0541484546324,1,True,walking-1,walking-1,False,40.0541484546324,40.0541484546324,1100.5656825559379,1057.896789130341,1057.896789130341,1100.5656825559379,1265.972674255415,1265.972674255415,0.0,0.0,0.0,0.0,0.0,development_exploratory_not_untouched_final
2022-02-27T06:00:00,od_28,walking,1.0,walking-1,40.0541484546324,41.0541484546324,2,False,walking-1,walking-1,False,40.0541484546324,40.0541484546324,1100.5656825559379,1057.896789130341,1057.896789130341,1100.5656825559379,1265.972674255415,1265.972674255415,0.0,0.0,0.0,0.0,0.0,development_exploratory_not_untouched_final
2022-02-27T06:00:00,od_28,walking,2.0,walking-1,40.0541484546324,42.0541484546324,3,False,walking-1,walking-1,False,40.0541484546324,40.0541484546324,1100.5656825559379,1057.896789130341,1057.896789130341,1100.5656825559379,1265.972674255415,1265.972674255415,0.0,0.0,0.0,0.0,0.0,development_exploratory_not_untouched_final
2022-02-27T06:00:00,od_28,walking,3.0,walking-1,40.0541484546324,43.0541484546324,3,False,walking-1,walking-1,False,40.0541484546324,40.0541484546324,1100.5656825559379,1057.896789130341,1057.896789130341,1100.5656825559379,1265.972674255415,1265.972674255415,0.0,0.0,0.0,0.0,0.0,development_exploratory_not_untouched_final
2022-02-27T06:00:00,od_28,walking,5.0,walking-1,40.0541484546324,45.0541484546324,3,False,walking-1,walking-1,False,40.0541484546324,40.0541484546324,1100.5656825559379,1057.896789130341,1057.896789130341,1100.5656825559379,1265.972674255415,1265.972674255415,0.0,0.0,0.0,0.0,0.0,development_exploratory_not_untouched_final
2022-02-27T06:00:00,od_28,walking,10.0,walking-1,40.0541484546324,50.0541484546324,7,False,walking-1,walking-1,False,40.0541484546324,40.0541484546324,1100.5656825559379,1057.896789130341,1057.896789130341,1100.5656825559379,1265.972674255415,1265.972674255415,0.0,0.0,0.0,0.0,0.0,development_exploratory_not_untouched_final
2022-02-27T06:00:00,od_29,motorbike,0.0,motorbike-1,12.12202676751413,12.12202676751413,1,True,motorbike-1,motorbike-1,False,12.12202676751413,12.12202676751413,331.2154494991915,321.26764927583827,321.26764927583827,331.2154494991915,378.87373432653555,378.87373432653555,0.0,0.0,0.0,0.0,0.0,development_exploratory_not_untouched_final
2022-02-27T06:00:00,od_29,motorbike,1.0,motorbike-1,12.12202676751413,13.12202676751413,2,False,motorbike-1,motorbike-1,False,12.12202676751413,12.12202676751413,331.2154494991915,321.26764927583827,321.26764927583827,331.2154494991915,378.87373432653555,378.87373432653555,0.0,0.0,0.0,0.0,0.0,development_exploratory_not_untouched_final
2022-02-27T06:00:00,od_29,motorbike,2.0,motorbike-1,12.12202676751413,14.12202676751413,3,False,motorbike-1,motorbike-1,False,12.12202676751413,12.12202676751413,331.2154494991915,321.26764927583827,321.26764927583827,331.2154494991915,378.87373432653555,378.87373432653555,0.0,0.0,0.0,0.0,0.0,development_exploratory_not_untouched_final
2022-02-27T06:00:00,od_29,motorbike,3.0,motorbike-1,12.12202676751413,15.12202676751413,4,False,motorbike-1,motorbike-1,False,12.12202676751413,12.12202676751413,331.2154494991915,321.26764927583827,321.26764927583827,331.2154494991915,378.87373432653555,378.87373432653555,0.0,0.0,0.0,0.0,0.0,development_exploratory_not_untouched_final
2022-02-27T06:00:00,od_29,motorbike,5.0,motorbike-1,12.12202676751413,17.12202676751413,5,False,motorbike-1,motorbike-1,False,12.12202676751413,12.12202676751413,331.2154494991915,321.26764927583827,321.26764927583827,331.2154494991915,378.87373432653555,378.87373432653555,0.0,0.0,0.0,0.0,0.0,development_exploratory_not_untouched_final
2022-02-27T06:00:00,od_29,motorbike,10.0,motorbike-1,12.12202676751413,22.12202676751413,7,False,motorbike-1,motorbike-1,False,12.12202676751413,12.12202676751413,331.2154494991915,321.26764927583827,321.26764927583827,331.2154494991915,378.87373432653555,378.87373432653555,0.0,0.0,0.0,0.0,0.0,development_exploratory_not_untouched_final
2022-02-27T06:00:00,od_29,walking,0.0,walking-1,60.949584464314654,60.949584464314654,1,True,walking-1,walking-1,False,60.949584464314654,60.949584464314654,1647.6261345324451,1601.1434688891688,1601.1434688891688,1647.6261345324451,1886.1188327691889,1886.1188327691889,0.0,0.0,0.0,0.0,0.0,development_exploratory_not_untouched_final
2022-02-27T06:00:00,od_29,walking,1.0,walking-1,60.949584464314654,61.949584464314654,5,False,walking-7,walking-1,True,60.95652164155992,60.949584464314654,1647.5392453225784,1601.1434688891688,1601.1443169940214,1647.6261345324451,1886.0965427900508,1886.1188327691889,-0.0011818047821215668,0.0868892098667402,0.0,0.022289979138122362,0.0,development_exploratory_not_untouched_final
2022-02-27T06:00:00,od_29,walking,2.0,walking-1,60.949584464314654,62.949584464314654,5,False,walking-7,walking-1,True,60.95652164155992,60.949584464314654,1647.5392453225784,1601.1434688891688,1601.1443169940214,1647.6261345324451,1886.0965427900508,1886.1188327691889,-0.0011818047821215668,0.0868892098667402,0.0,0.022289979138122362,0.0,development_exploratory_not_untouched_final
2022-02-27T06:00:00,od_29,walking,3.0,walking-1,60.949584464314654,63.949584464314654,5,False,walking-7,walking-1,True,60.95652164155992,60.949584464314654,1647.5392453225784,1601.1434688891688,1601.1443169940214,1647.6261345324451,1886.0965427900508,1886.1188327691889,-0.0011818047821215668,0.0868892098667402,0.0,0.022289979138122362,0.0,development_exploratory_not_untouched_final
2022-02-27T06:00:00,od_29,walking,5.0,walking-1,60.949584464314654,65.94958446431465,6,False,walking-7,walking-1,True,60.95652164155992,60.949584464314654,1647.5392453225784,1601.1434688891688,1601.1443169940214,1647.6261345324451,1886.0965427900508,1886.1188327691889,-0.0011818047821215668,0.0868892098667402,0.0,0.022289979138122362,0.0,development_exploratory_not_untouched_final
2022-02-27T06:00:00,od_29,walking,10.0,walking-1,60.949584464314654,70.94958446431465,7,False,walking-7,walking-1,True,60.95652164155992,60.949584464314654,1647.5392453225784,1601.1434688891688,1601.1443169940214,1647.6261345324451,1886.0965427900508,1886.1188327691889,-0.0011818047821215668,0.0868892098667402,0.0,0.022289979138122362,0.0,development_exploratory_not_untouched_final
2022-02-27T06:00:00,od_30,motorbike,0.0,motorbike-1,11.612358092570656,11.612358092570656,1,True,motorbike-1,motorbike-1,False,11.612358092570656,11.612358092570656,319.3804738072194,305.40509786127217,305.40509786127217,319.3804738072194,368.8126710164411,368.8126710164411,0.0,0.0,0.0,0.0,0.0,development_exploratory_not_untouched_final
2022-02-27T06:00:00,od_30,motorbike,1.0,motorbike-1,11.612358092570656,12.612358092570656,2,False,motorbike-1,motorbike-1,False,11.612358092570656,11.612358092570656,319.3804738072194,305.40509786127217,305.40509786127217,319.3804738072194,368.8126710164411,368.8126710164411,0.0,0.0,0.0,0.0,0.0,development_exploratory_not_untouched_final
2022-02-27T06:00:00,od_30,motorbike,2.0,motorbike-1,11.612358092570656,13.612358092570656,3,False,motorbike-1,motorbike-1,False,11.612358092570656,11.612358092570656,319.3804738072194,305.40509786127217,305.40509786127217,319.3804738072194,368.8126710164411,368.8126710164411,0.0,0.0,0.0,0.0,0.0,development_exploratory_not_untouched_final
2022-02-27T06:00:00,od_30,motorbike,3.0,motorbike-1,11.612358092570656,14.612358092570656,5,False,motorbike-1,motorbike-1,False,11.612358092570656,11.612358092570656,319.3804738072194,305.40509786127217,305.40509786127217,319.3804738072194,368.8126710164411,368.8126710164411,0.0,0.0,0.0,0.0,0.0,development_exploratory_not_untouched_final
2022-02-27T06:00:00,od_30,motorbike,5.0,motorbike-1,11.612358092570656,16.612358092570656,6,False,motorbike-1,motorbike-1,False,11.612358092570656,11.612358092570656,319.3804738072194,305.40509786127217,305.40509786127217,319.3804738072194,368.8126710164411,368.8126710164411,0.0,0.0,0.0,0.0,0.0,development_exploratory_not_untouched_final
2022-02-27T06:00:00,od_30,motorbike,10.0,motorbike-1,11.612358092570656,21.612358092570656,8,False,motorbike-1,motorbike-1,False,11.612358092570656,11.612358092570656,319.3804738072194,305.40509786127217,305.40509786127217,319.3804738072194,368.8126710164411,368.8126710164411,0.0,0.0,0.0,0.0,0.0,development_exploratory_not_untouched_final
2022-02-27T06:00:00,od_30,walking,0.0,walking-1,55.12699503869423,55.12699503869423,1,True,walking-1,walking-1,False,55.12699503869423,55.12699503869423,1527.3640712751537,1458.007656201863,1458.007656201863,1527.3640712751537,1759.496071073281,1759.496071073281,0.0,0.0,0.0,0.0,0.0,development_exploratory_not_untouched_final
2022-02-27T06:00:00,od_30,walking,1.0,walking-1,55.12699503869423,56.12699503869423,4,False,walking-1,walking-1,False,55.12699503869423,55.12699503869423,1527.3640712751537,1458.007656201863,1458.007656201863,1527.3640712751537,1759.496071073281,1759.496071073281,0.0,0.0,0.0,0.0,0.0,development_exploratory_not_untouched_final
2022-02-27T06:00:00,od_30,walking,2.0,walking-1,55.12699503869423,57.12699503869423,5,False,walking-1,walking-1,False,55.12699503869423,55.12699503869423,1527.3640712751537,1458.007656201863,1458.007656201863,1527.3640712751537,1759.496071073281,1759.496071073281,0.0,0.0,0.0,0.0,0.0,development_exploratory_not_untouched_final
2022-02-27T06:00:00,od_30,walking,3.0,walking-1,55.12699503869423,58.12699503869423,5,False,walking-1,walking-1,False,55.12699503869423,55.12699503869423,1527.3640712751537,1458.007656201863,1458.007656201863,1527.3640712751537,1759.496071073281,1759.496071073281,0.0,0.0,0.0,0.0,0.0,development_exploratory_not_untouched_final
2022-02-27T06:00:00,od_30,walking,5.0,walking-1,55.12699503869423,60.12699503869423,5,False,walking-1,walking-1,False,55.12699503869423,55.12699503869423,1527.3640712751537,1458.007656201863,1458.007656201863,1527.3640712751537,1759.496071073281,1759.496071073281,0.0,0.0,0.0,0.0,0.0,development_exploratory_not_untouched_final
2022-02-27T06:00:00,od_30,walking,10.0,walking-1,55.12699503869423,65.12699503869423,6,False,walking-1,walking-1,False,55.12699503869423,55.12699503869423,1527.3640712751537,1458.007656201863,1458.007656201863,1527.3640712751537,1759.496071073281,1759.496071073281,0.0,0.0,0.0,0.0,0.0,development_exploratory_not_untouched_final
2022-02-27T08:00:00,od_01,motorbike,0.0,motorbike-1,8.230305959783891,8.230305959783891,1,True,motorbike-1,motorbike-1,False,8.230305959783891,8.230305959783891,217.719870976625,230.8904572022992,230.8904572022992,217.719870976625,159.14185965222578,159.14185965222578,0.0,0.0,0.0,0.0,0.0,development_exploratory_not_untouched_final
2022-02-27T08:00:00,od_01,motorbike,1.0,motorbike-1,8.230305959783891,9.230305959783891,2,False,motorbike-1,motorbike-1,False,8.230305959783891,8.230305959783891,217.719870976625,230.8904572022992,230.8904572022992,217.719870976625,159.14185965222578,159.14185965222578,0.0,0.0,0.0,0.0,0.0,development_exploratory_not_untouched_final
2022-02-27T08:00:00,od_01,motorbike,2.0,motorbike-1,8.230305959783891,10.230305959783891,2,False,motorbike-1,motorbike-1,False,8.230305959783891,8.230305959783891,217.719870976625,230.8904572022992,230.8904572022992,217.719870976625,159.14185965222578,159.14185965222578,0.0,0.0,0.0,0.0,0.0,development_exploratory_not_untouched_final
2022-02-27T08:00:00,od_01,motorbike,3.0,motorbike-1,8.230305959783891,11.230305959783891,3,False,motorbike-1,motorbike-1,False,8.230305959783891,8.230305959783891,217.719870976625,230.8904572022992,230.8904572022992,217.719870976625,159.14185965222578,159.14185965222578,0.0,0.0,0.0,0.0,0.0,development_exploratory_not_untouched_final
2022-02-27T08:00:00,od_01,motorbike,5.0,motorbike-1,8.230305959783891,13.230305959783891,6,False,motorbike-1,motorbike-1,False,8.230305959783891,8.230305959783891,217.719870976625,230.8904572022992,230.8904572022992,217.719870976625,159.14185965222578,159.14185965222578,0.0,0.0,0.0,0.0,0.0,development_exploratory_not_untouched_final
2022-02-27T08:00:00,od_01,motorbike,10.0,motorbike-1,8.230305959783891,18.23030595978389,7,False,motorbike-1,motorbike-1,False,8.230305959783891,8.230305959783891,217.719870976625,230.8904572022992,230.8904572022992,217.719870976625,159.14185965222578,159.14185965222578,0.0,0.0,0.0,0.0,0.0,development_exploratory_not_untouched_final
2022-02-27T08:00:00,od_01,walking,0.0,walking-1,40.00596776846269,40.00596776846269,1,True,walking-1,walking-1,False,40.00596776846269,40.00596776846269,1058.6168052554701,1122.0965419257152,1122.0965419257152,1058.6168052554701,773.5686907237472,773.5686907237472,0.0,0.0,0.0,0.0,0.0,development_exploratory_not_untouched_final
2022-02-27T08:00:00,od_01,walking,1.0,walking-1,40.00596776846269,41.00596776846269,3,False,walking-1,walking-1,False,40.00596776846269,40.00596776846269,1058.6168052554701,1122.0965419257152,1122.0965419257152,1058.6168052554701,773.5686907237472,773.5686907237472,0.0,0.0,0.0,0.0,0.0,development_exploratory_not_untouched_final
2022-02-27T08:00:00,od_01,walking,2.0,walking-1,40.00596776846269,42.00596776846269,4,False,walking-1,walking-1,False,40.00596776846269,40.00596776846269,1058.6168052554701,1122.0965419257152,1122.0965419257152,1058.6168052554701,773.5686907237472,773.5686907237472,0.0,0.0,0.0,0.0,0.0,development_exploratory_not_untouched_final
2022-02-27T08:00:00,od_01,walking,3.0,walking-1,40.00596776846269,43.00596776846269,4,False,walking-1,walking-1,False,40.00596776846269,40.00596776846269,1058.6168052554701,1122.0965419257152,1122.0965419257152,1058.6168052554701,773.5686907237472,773.5686907237472,0.0,0.0,0.0,0.0,0.0,development_exploratory_not_untouched_final
2022-02-27T08:00:00,od_01,walking,5.0,walking-1,40.00596776846269,45.00596776846269,4,False,walking-1,walking-1,False,40.00596776846269,40.00596776846269,1058.6168052554701,1122.0965419257152,1122.0965419257152,1058.6168052554701,773.5686907237472,773.5686907237472,0.0,0.0,0.0,0.0,0.0,development_exploratory_not_untouched_final
2022-02-27T08:00:00,od_01,walking,10.0,walking-1,40.00596776846269,50.00596776846269,6,False,walking-1,walking-1,False,40.00596776846269,40.00596776846269,1058.6168052554701,1122.0965419257152,1122.0965419257152,1058.6168052554701,773.5686907237472,773.5686907237472,0.0,0.0,0.0,0.0,0.0,development_exploratory_not_untouched_final
2022-02-27T08:00:00,od_02,motorbike,0.0,motorbike-1,9.67481945603514,9.67481945603514,1,True,motorbike-1,motorbike-1,False,9.67481945603514,9.67481945603514,307.3902605865676,297.48289356193146,297.48289356193146,307.3902605865676,194.61513374139437,194.61513374139437,0.0,0.0,0.0,0.0,0.0,development_exploratory_not_untouched_final
2022-02-27T08:00:00,od_02,motorbike,1.0,motorbike-1,9.67481945603514,10.67481945603514,3,False,motorbike-2,motorbike-2,False,10.031196680964728,10.031196680964728,299.54090348597157,296.3629092319559,296.3629092319559,299.54090348597157,198.24135171475749,198.24135171475749,0.0,7.849357100596023,1.1199843299755798,-3.6262179733631115,-3.6262179733631115,development_exploratory_not_untouched_final
2022-02-27T08:00:00,od_02,motorbike,2.0,motorbike-1,9.67481945603514,11.67481945603514,5,False,motorbike-2,motorbike-2,False,10.031196680964728,10.031196680964728,299.54090348597157,296.3629092319559,296.3629092319559,299.54090348597157,198.24135171475749,198.24135171475749,0.0,7.849357100596023,1.1199843299755798,-3.6262179733631115,-3.6262179733631115,development_exploratory_not_untouched_final
2022-02-27T08:00:00,od_02,motorbike,3.0,motorbike-1,9.67481945603514,12.67481945603514,6,False,motorbike-2,motorbike-2,False,10.031196680964728,10.031196680964728,299.54090348597157,296.3629092319559,296.3629092319559,299.54090348597157,198.24135171475749,198.24135171475749,0.0,7.849357100596023,1.1199843299755798,-3.6262179733631115,-3.6262179733631115,development_exploratory_not_untouched_final
2022-02-27T08:00:00,od_02,motorbike,5.0,motorbike-1,9.67481945603514,14.67481945603514,7,False,motorbike-2,motorbike-2,False,10.031196680964728,10.031196680964728,299.54090348597157,296.3629092319559,296.3629092319559,299.54090348597157,198.24135171475749,198.24135171475749,0.0,7.849357100596023,1.1199843299755798,-3.6262179733631115,-3.6262179733631115,development_exploratory_not_untouched_final
2022-02-27T08:00:00,od_02,motorbike,10.0,motorbike-1,9.67481945603514,19.674819456035138,8,False,motorbike-2,motorbike-2,False,10.031196680964728,10.031196680964728,299.54090348597157,296.3629092319559,296.3629092319559,299.54090348597157,198.24135171475749,198.24135171475749,0.0,7.849357100596023,1.1199843299755798,-3.6262179733631115,-3.6262179733631115,development_exploratory_not_untouched_final
2022-02-27T08:00:00,od_02,walking,0.0,walking-1,48.3740972801757,48.3740972801757,1,True,walking-1,walking-1,False,48.3740972801757,48.3740972801757,1536.9513029328382,1487.4144678096575,1487.4144678096575,1536.9513029328382,973.0756687069718,973.0756687069718,0.0,0.0,0.0,0.0,0.0,development_exploratory_not_untouched_final
2022-02-27T08:00:00,od_02,walking,1.0,walking-1,48.3740972801757,49.3740972801757,2,False,walking-1,walking-1,False,48.3740972801757,48.3740972801757,1536.9513029328382,1487.4144678096575,1487.4144678096575,1536.9513029328382,973.0756687069718,973.0756687069718,0.0,0.0,0.0,0.0,0.0,development_exploratory_not_untouched_final
2022-02-27T08:00:00,od_02,walking,2.0,walking-1,48.3740972801757,50.3740972801757,3,False,walking-2,walking-2,False,50.15598340482364,50.15598340482364,1497.7045174298594,1481.814546159779,1481.814546159779,1497.7045174298594,991.2067585737874,991.2067585737874,0.0,39.24678550297881,5.5999216498785245,-18.131089866815614,-18.131089866815614,development_exploratory_not_untouched_final
2022-02-27T08:00:00,od_02,walking,3.0,walking-1,48.3740972801757,51.3740972801757,4,False,walking-2,walking-2,False,50.15598340482364,50.15598340482364,1497.7045174298594,1481.814546159779,1481.814546159779,1497.7045174298594,991.2067585737874,991.2067585737874,0.0,39.24678550297881,5.5999216498785245,-18.131089866815614,-18.131089866815614,development_exploratory_not_untouched_final
2022-02-27T08:00:00,od_02,walking,5.0,walking-1,48.3740972801757,53.3740972801757,4,False,walking-2,walking-2,False,50.15598340482364,50.15598340482364,1497.7045174298594,1481.814546159779,1481.814546159779,1497.7045174298594,991.2067585737874,991.2067585737874,0.0,39.24678550297881,5.5999216498785245,-18.131089866815614,-18.131089866815614,development_exploratory_not_untouched_final
2022-02-27T08:00:00,od_02,walking,10.0,walking-1,48.3740972801757,58.3740972801757,6,False,walking-2,walking-2,False,50.15598340482364,50.15598340482364,1497.7045174298594,1481.814546159779,1481.814546159779,1497.7045174298594,991.2067585737874,991.2067585737874,0.0,39.24678550297881,5.5999216498785245,-18.131089866815614,-18.131089866815614,development_exploratory_not_untouched_final
2022-02-27T08:00:00,od_03,motorbike,0.0,motorbike-1,6.910009956562447,6.910009956562447,1,True,motorbike-1,motorbike-1,False,6.910009956562447,6.910009956562447,186.19852145070888,191.07306054379134,191.07306054379134,186.19852145070888,133.6554083084916,133.6554083084916,0.0,0.0,0.0,0.0,0.0,development_exploratory_not_untouched_final
2022-02-27T08:00:00,od_03,motorbike,1.0,motorbike-1,6.910009956562447,7.910009956562447,3,False,motorbike-1,motorbike-1,False,6.910009956562447,6.910009956562447,186.19852145070888,191.07306054379134,191.07306054379134,186.19852145070888,133.6554083084916,133.6554083084916,0.0,0.0,0.0,0.0,0.0,development_exploratory_not_untouched_final
2022-02-27T08:00:00,od_03,motorbike,2.0,motorbike-1,6.910009956562447,8.910009956562448,3,False,motorbike-1,motorbike-1,False,6.910009956562447,6.910009956562447,186.19852145070888,191.07306054379134,191.07306054379134,186.19852145070888,133.6554083084916,133.6554083084916,0.0,0.0,0.0,0.0,0.0,development_exploratory_not_untouched_final
2022-02-27T08:00:00,od_03,motorbike,3.0,motorbike-1,6.910009956562447,9.910009956562448,5,False,motorbike-1,motorbike-1,False,6.910009956562447,6.910009956562447,186.19852145070888,191.07306054379134,191.07306054379134,186.19852145070888,133.6554083084916,133.6554083084916,0.0,0.0,0.0,0.0,0.0,development_exploratory_not_untouched_final
2022-02-27T08:00:00,od_03,motorbike,5.0,motorbike-1,6.910009956562447,11.910009956562448,7,False,motorbike-1,motorbike-1,False,6.910009956562447,6.910009956562447,186.19852145070888,191.07306054379134,191.07306054379134,186.19852145070888,133.6554083084916,133.6554083084916,0.0,0.0,0.0,0.0,0.0,development_exploratory_not_untouched_final
2022-02-27T08:00:00,od_03,motorbike,10.0,motorbike-1,6.910009956562447,16.910009956562448,8,False,motorbike-1,motorbike-1,False,6.910009956562447,6.910009956562447,186.19852145070888,191.07306054379134,191.07306054379134,186.19852145070888,133.6554083084916,133.6554083084916,0.0,0.0,0.0,0.0,0.0,development_exploratory_not_untouched_final
2022-02-27T08:00:00,od_03,walking,0.0,walking-1,34.422845694421525,34.422845694421525,1,True,walking-1,walking-1,False,34.422845694421525,34.422845694421525,927.7262841912461,951.9506244424033,951.9506244424033,927.7262841912461,665.818109659113,665.818109659113,0.0,0.0,0.0,0.0,0.0,development_exploratory_not_untouched_final
2022-02-27T08:00:00,od_03,walking,1.0,walking-1,34.422845694421525,35.422845694421525,2,False,walking-1,walking-1,False,34.422845694421525,34.422845694421525,927.7262841912461,951.9506244424033,951.9506244424033,927.7262841912461,665.818109659113,665.818109659113,0.0,0.0,0.0,0.0,0.0,development_exploratory_not_untouched_final
2022-02-27T08:00:00,od_03,walking,2.0,walking-1,34.422845694421525,36.422845694421525,3,False,walking-1,walking-1,False,34.422845694421525,34.422845694421525,927.7262841912461,951.9506244424033,951.9506244424033,927.7262841912461,665.818109659113,665.818109659113,0.0,0.0,0.0,0.0,0.0,development_exploratory_not_untouched_final
2022-02-27T08:00:00,od_03,walking,3.0,walking-1,34.422845694421525,37.422845694421525,3,False,walking-1,walking-1,False,34.422845694421525,34.422845694421525,927.7262841912461,951.9506244424033,951.9506244424033,927.7262841912461,665.818109659113,665.818109659113,0.0,0.0,0.0,0.0,0.0,development_exploratory_not_untouched_final
2022-02-27T08:00:00,od_03,walking,5.0,walking-1,34.422845694421525,39.422845694421525,3,False,walking-1,walking-1,False,34.422845694421525,34.422845694421525,927.7262841912461,951.9506244424033,951.9506244424033,927.7262841912461,665.818109659113,665.818109659113,0.0,0.0,0.0,0.0,0.0,development_exploratory_not_untouched_final
2022-02-27T08:00:00,od_03,walking,10.0,walking-1,34.422845694421525,44.422845694421525,6,False,walking-1,walking-1,False,34.422845694421525,34.422845694421525,927.7262841912461,951.9506244424033,951.9506244424033,927.7262841912461,665.818109659113,665.818109659113,0.0,0.0,0.0,0.0,0.0,development_exploratory_not_untouched_final
2022-02-27T08:00:00,od_04,motorbike,0.0,motorbike-1,13.275882583129041,13.275882583129041,1,True,motorbike-1,motorbike-1,False,13.275882583129041,13.275882583129041,380.7249636247973,378.6234561263739,378.6234561263739,380.7249636247973,254.48269288881815,254.48269288881815,0.0,0.0,0.0,0.0,0.0,development_exploratory_not_untouched_final
2022-02-27T08:00:00,od_04,motorbike,1.0,motorbike-1,13.275882583129041,14.275882583129041,3,False,motorbike-1,motorbike-1,False,13.275882583129041,13.275882583129041,380.7249636247973,378.6234561263739,378.6234561263739,380.7249636247973,254.48269288881815,254.48269288881815,0.0,0.0,0.0,0.0,0.0,development_exploratory_not_untouched_final
2022-02-27T08:00:00,od_04,motorbike,2.0,motorbike-1,13.275882583129041,15.275882583129041,3,False,motorbike-1,motorbike-1,False,13.275882583129041,13.275882583129041,380.7249636247973,378.6234561263739,378.6234561263739,380.7249636247973,254.48269288881815,254.48269288881815,0.0,0.0,0.0,0.0,0.0,development_exploratory_not_untouched_final
2022-02-27T08:00:00,od_04,motorbike,3.0,motorbike-1,13.275882583129041,16.27588258312904,4,False,motorbike-1,motorbike-1,False,13.275882583129041,13.275882583129041,380.7249636247973,378.6234561263739,378.6234561263739,380.7249636247973,254.48269288881815,254.48269288881815,0.0,0.0,0.0,0.0,0.0,development_exploratory_not_untouched_final
2022-02-27T08:00:00,od_04,motorbike,5.0,motorbike-1,13.275882583129041,18.27588258312904,5,False,motorbike-1,motorbike-1,False,13.275882583129041,13.275882583129041,380.7249636247973,378.6234561263739,378.6234561263739,380.7249636247973,254.48269288881815,254.48269288881815,0.0,0.0,0.0,0.0,0.0,development_exploratory_not_untouched_final
2022-02-27T08:00:00,od_04,motorbike,10.0,motorbike-1,13.275882583129041,23.27588258312904,7,False,motorbike-1,motorbike-1,False,13.275882583129041,13.275882583129041,380.7249636247973,378.6234561263739,378.6234561263739,380.7249636247973,254.48269288881815,254.48269288881815,0.0,0.0,0.0,0.0,0.0,development_exploratory_not_untouched_final
2022-02-27T08:00:00,od_04,walking,0.0,walking-1,66.24586047456621,66.24586047456621,1,True,walking-1,walking-1,False,66.24586047456621,66.24586047456621,1888.56235282872,1870.2438363943622,1870.2438363943622,1888.56235282872,1255.9204588582047,1255.9204588582047,0.0,0.0,0.0,0.0,0.0,development_exploratory_not_untouched_final
2022-02-27T08:00:00,od_04,walking,1.0,walking-1,66.24586047456621,67.24586047456621,4,False,walking-1,walking-1,False,66.24586047456621,66.24586047456621,1888.56235282872,1870.2438363943622,1870.2438363943622,1888.56235282872,1255.9204588582047,1255.9204588582047,0.0,0.0,0.0,0.0,0.0,development_exploratory_not_untouched_final
2022-02-27T08:00:00,od_04,walking,2.0,walking-1,66.24586047456621,68.24586047456621,5,False,walking-1,walking-1,False,66.24586047456621,66.24586047456621,1888.56235282872,1870.2438363943622,1870.2438363943622,1888.56235282872,1255.9204588582047,1255.9204588582047,0.0,0.0,0.0,0.0,0.0,development_exploratory_not_untouched_final
2022-02-27T08:00:00,od_04,walking,3.0,walking-1,66.24586047456621,69.24586047456621,5,False,walking-1,walking-1,False,66.24586047456621,66.24586047456621,1888.56235282872,1870.2438363943622,1870.2438363943622,1888.56235282872,1255.9204588582047,1255.9204588582047,0.0,0.0,0.0,0.0,0.0,development_exploratory_not_untouched_final
2022-02-27T08:00:00,od_04,walking,5.0,walking-1,66.24586047456621,71.24586047456621,5,False,walking-1,walking-1,False,66.24586047456621,66.24586047456621,1888.56235282872,1870.2438363943622,1870.2438363943622,1888.56235282872,1255.9204588582047,1255.9204588582047,0.0,0.0,0.0,0.0,0.0,development_exploratory_not_untouched_final
2022-02-27T08:00:00,od_04,walking,10.0,walking-1,66.24586047456621,76.24586047456621,6,False,walking-1,walking-1,False,66.24586047456621,66.24586047456621,1888.56235282872,1870.2438363943622,1870.2438363943622,1888.56235282872,1255.9204588582047,1255.9204588582047,0.0,0.0,0.0,0.0,0.0,development_exploratory_not_untouched_final
2022-02-27T08:00:00,od_05,motorbike,0.0,motorbike-1,15.468886749491073,15.468886749491073,1,True,motorbike-1,motorbike-1,False,15.468886749491073,15.468886749491073,395.49227946163984,409.8238834826096,409.8238834826096,395.49227946163984,289.53516828293544,289.53516828293544,0.0,0.0,0.0,0.0,0.0,development_exploratory_not_untouched_final
2022-02-27T08:00:00,od_05,motorbike,1.0,motorbike-1,15.468886749491073,16.468886749491073,2,False,motorbike-1,motorbike-1,False,15.468886749491073,15.468886749491073,395.49227946163984,409.8238834826096,409.8238834826096,395.49227946163984,289.53516828293544,289.53516828293544,0.0,0.0,0.0,0.0,0.0,development_exploratory_not_untouched_final
2022-02-27T08:00:00,od_05,motorbike,2.0,motorbike-1,15.468886749491073,17.468886749491073,2,False,motorbike-1,motorbike-1,False,15.468886749491073,15.468886749491073,395.49227946163984,409.8238834826096,409.8238834826096,395.49227946163984,289.53516828293544,289.53516828293544,0.0,0.0,0.0,0.0,0.0,development_exploratory_not_untouched_final
2022-02-27T08:00:00,od_05,motorbike,3.0,motorbike-1,15.468886749491073,18.468886749491073,3,False,motorbike-1,motorbike-1,False,15.468886749491073,15.468886749491073,395.49227946163984,409.8238834826096,409.8238834826096,395.49227946163984,289.53516828293544,289.53516828293544,0.0,0.0,0.0,0.0,0.0,development_exploratory_not_untouched_final
2022-02-27T08:00:00,od_05,motorbike,5.0,motorbike-1,15.468886749491073,20.468886749491073,4,False,motorbike-1,motorbike-1,False,15.468886749491073,15.468886749491073,395.49227946163984,409.8238834826096,409.8238834826096,395.49227946163984,289.53516828293544,289.53516828293544,0.0,0.0,0.0,0.0,0.0,development_exploratory_not_untouched_final
2022-02-27T08:00:00,od_05,motorbike,10.0,motorbike-1,15.468886749491073,25.468886749491073,6,False,motorbike-1,motorbike-1,False,15.468886749491073,15.468886749491073,395.49227946163984,409.8238834826096,409.8238834826096,395.49227946163984,289.53516828293544,289.53516828293544,0.0,0.0,0.0,0.0,0.0,development_exploratory_not_untouched_final
2022-02-27T08:00:00,od_05,walking,0.0,walking-1,79.18940872206731,79.18940872206731,1,True,walking-1,walking-1,False,79.18940872206731,79.18940872206731,2023.8089849787327,2063.920450518117,2063.920450518117,2023.8089849787327,1451.1540109143666,1451.1540109143666,0.0,0.0,0.0,0.0,0.0,development_exploratory_not_untouched_final
2022-02-27T08:00:00,od_05,walking,1.0,walking-1,79.18940872206731,80.18940872206731,5,False,walking-1,walking-1,False,79.18940872206731,79.18940872206731,2023.8089849787327,2063.920450518117,2063.920450518117,2023.8089849787327,1451.1540109143666,1451.1540109143666,0.0,0.0,0.0,0.0,0.0,development_exploratory_not_untouched_final
2022-02-27T08:00:00,od_05,walking,2.0,walking-1,79.18940872206731,81.18940872206731,5,False,walking-1,walking-1,False,79.18940872206731,79.18940872206731,2023.8089849787327,2063.920450518117,2063.920450518117,2023.8089849787327,1451.1540109143666,1451.1540109143666,0.0,0.0,0.0,0.0,0.0,development_exploratory_not_untouched_final
2022-02-27T08:00:00,od_05,walking,3.0,walking-1,79.18940872206731,82.18940872206731,6,False,walking-1,walking-1,False,79.18940872206731,79.18940872206731,2023.8089849787327,2063.920450518117,2063.920450518117,2023.8089849787327,1451.1540109143666,1451.1540109143666,0.0,0.0,0.0,0.0,0.0,development_exploratory_not_untouched_final
2022-02-27T08:00:00,od_05,walking,5.0,walking-1,79.18940872206731,84.18940872206731,6,False,walking-1,walking-1,False,79.18940872206731,79.18940872206731,2023.8089849787327,2063.920450518117,2063.920450518117,2023.8089849787327,1451.1540109143666,1451.1540109143666,0.0,0.0,0.0,0.0,0.0,development_exploratory_not_untouched_final
2022-02-27T08:00:00,od_05,walking,10.0,walking-1,79.18940872206731,89.18940872206731,7,False,walking-1,walking-1,False,79.18940872206731,79.18940872206731,2023.8089849787327,2063.920450518117,2063.920450518117,2023.8089849787327,1451.1540109143666,1451.1540109143666,0.0,0.0,0.0,0.0,0.0,development_exploratory_not_untouched_final
2022-02-27T08:00:00,od_06,motorbike,0.0,motorbike-1,8.795778104253094,8.795778104253094,1,True,motorbike-1,motorbike-1,False,8.795778104253094,8.795778104253094,230.4950625177151,240.1080297288836,240.1080297288836,230.4950625177151,171.49429115336258,171.49429115336258,0.0,0.0,0.0,0.0,0.0,development_exploratory_not_untouched_final
2022-02-27T08:00:00,od_06,motorbike,1.0,motorbike-1,8.795778104253094,9.795778104253094,3,False,motorbike-1,motorbike-1,False,8.795778104253094,8.795778104253094,230.4950625177151,240.1080297288836,240.1080297288836,230.4950625177151,171.49429115336258,171.49429115336258,0.0,0.0,0.0,0.0,0.0,development_exploratory_not_untouched_final
2022-02-27T08:00:00,od_06,motorbike,2.0,motorbike-1,8.795778104253094,10.795778104253094,3,False,motorbike-1,motorbike-1,False,8.795778104253094,8.795778104253094,230.4950625177151,240.1080297288836,240.1080297288836,230.4950625177151,171.49429115336258,171.49429115336258,0.0,0.0,0.0,0.0,0.0,development_exploratory_not_untouched_final
2022-02-27T08:00:00,od_06,motorbike,3.0,motorbike-1,8.795778104253094,11.795778104253094,5,False,motorbike-1,motorbike-1,False,8.795778104253094,8.795778104253094,230.4950625177151,240.1080297288836,240.1080297288836,230.4950625177151,171.49429115336258,171.49429115336258,0.0,0.0,0.0,0.0,0.0,development_exploratory_not_untouched_final
2022-02-27T08:00:00,od_06,motorbike,5.0,motorbike-1,8.795778104253094,13.795778104253094,6,False,motorbike-1,motorbike-1,False,8.795778104253094,8.795778104253094,230.4950625177151,240.1080297288836,240.1080297288836,230.4950625177151,171.49429115336258,171.49429115336258,0.0,0.0,0.0,0.0,0.0,development_exploratory_not_untouched_final
2022-02-27T08:00:00,od_06,motorbike,10.0,motorbike-1,8.795778104253094,18.795778104253095,8,False,motorbike-1,motorbike-1,False,8.795778104253094,8.795778104253094,230.4950625177151,240.1080297288836,240.1080297288836,230.4950625177151,171.49429115336258,171.49429115336258,0.0,0.0,0.0,0.0,0.0,development_exploratory_not_untouched_final
2022-02-27T08:00:00,od_06,walking,0.0,walking-1,42.44838227513487,42.44838227513487,1,True,walking-1,walking-1,False,42.44838227513487,42.44838227513487,1112.0865251999373,1158.376952260977,1158.376952260977,1112.0865251999373,827.7712885672096,827.7712885672096,0.0,0.0,0.0,0.0,0.0,development_exploratory_not_untouched_final
2022-02-27T08:00:00,od_06,walking,1.0,walking-1,42.44838227513487,43.44838227513487,4,False,walking-1,walking-1,False,42.44838227513487,42.44838227513487,1112.0865251999373,1158.376952260977,1158.376952260977,1112.0865251999373,827.7712885672096,827.7712885672096,0.0,0.0,0.0,0.0,0.0,development_exploratory_not_untouched_final
2022-02-27T08:00:00,od_06,walking,2.0,walking-1,42.44838227513487,44.44838227513487,5,False,walking-1,walking-1,False,42.44838227513487,42.44838227513487,1112.0865251999373,1158.376952260977,1158.376952260977,1112.0865251999373,827.7712885672096,827.7712885672096,0.0,0.0,0.0,0.0,0.0,development_exploratory_not_untouched_final
2022-02-27T08:00:00,od_06,walking,3.0,walking-1,42.44838227513487,45.44838227513487,5,False,walking-1,walking-1,False,42.44838227513487,42.44838227513487,1112.0865251999373,1158.376952260977,1158.376952260977,1112.0865251999373,827.7712885672096,827.7712885672096,0.0,0.0,0.0,0.0,0.0,development_exploratory_not_untouched_final
2022-02-27T08:00:00,od_06,walking,5.0,walking-1,42.44838227513487,47.44838227513487,6,False,walking-1,walking-1,False,42.44838227513487,42.44838227513487,1112.0865251999373,1158.376952260977,1158.376952260977,1112.0865251999373,827.7712885672096,827.7712885672096,0.0,0.0,0.0,0.0,0.0,development_exploratory_not_untouched_final
2022-02-27T08:00:00,od_06,walking,10.0,walking-1,42.44838227513487,52.44838227513487,7,False,walking-1,walking-1,False,42.44838227513487,42.44838227513487,1112.0865251999373,1158.376952260977,1158.376952260977,1112.0865251999373,827.7712885672096,827.7712885672096,0.0,0.0,0.0,0.0,0.0,development_exploratory_not_untouched_final
2022-02-27T08:00:00,od_07,motorbike,0.0,motorbike-1,8.70687690002884,8.70687690002884,1,True,motorbike-1,motorbike-1,False,8.70687690002884,8.70687690002884,259.4243737449807,258.3909539942502,258.3909539942502,259.4243737449807,174.19279591059853,174.19279591059853,0.0,0.0,0.0,0.0,0.0,development_exploratory_not_untouched_final
2022-02-27T08:00:00,od_07,motorbike,1.0,motorbike-1,8.70687690002884,9.70687690002884,3,False,motorbike-1,motorbike-1,False,8.70687690002884,8.70687690002884,259.4243737449807,258.3909539942502,258.3909539942502,259.4243737449807,174.19279591059853,174.19279591059853,0.0,0.0,0.0,0.0,0.0,development_exploratory_not_untouched_final
2022-02-27T08:00:00,od_07,motorbike,2.0,motorbike-1,8.70687690002884,10.70687690002884,4,False,motorbike-1,motorbike-1,False,8.70687690002884,8.70687690002884,259.4243737449807,258.3909539942502,258.3909539942502,259.4243737449807,174.19279591059853,174.19279591059853,0.0,0.0,0.0,0.0,0.0,development_exploratory_not_untouched_final
2022-02-27T08:00:00,od_07,motorbike,3.0,motorbike-1,8.70687690002884,11.70687690002884,4,False,motorbike-1,motorbike-1,False,8.70687690002884,8.70687690002884,259.4243737449807,258.3909539942502,258.3909539942502,259.4243737449807,174.19279591059853,174.19279591059853,0.0,0.0,0.0,0.0,0.0,development_exploratory_not_untouched_final
2022-02-27T08:00:00,od_07,motorbike,5.0,motorbike-1,8.70687690002884,13.70687690002884,6,False,motorbike-1,motorbike-1,False,8.70687690002884,8.70687690002884,259.4243737449807,258.3909539942502,258.3909539942502,259.4243737449807,174.19279591059853,174.19279591059853,0.0,0.0,0.0,0.0,0.0,development_exploratory_not_untouched_final
2022-02-27T08:00:00,od_07,motorbike,10.0,motorbike-1,8.70687690002884,18.70687690002884,8,False,motorbike-1,motorbike-1,False,8.70687690002884,8.70687690002884,259.4243737449807,258.3909539942502,258.3909539942502,259.4243737449807,174.19279591059853,174.19279591059853,0.0,0.0,0.0,0.0,0.0,development_exploratory_not_untouched_final
2022-02-27T08:00:00,od_07,walking,0.0,walking-1,36.12094162904502,36.12094162904502,1,True,walking-1,walking-1,False,36.12094162904502,36.12094162904502,1086.8097342581289,1078.614260940595,1078.614260940595,1086.8097342581289,724.2851815069979,724.2851815069979,0.0,0.0,0.0,0.0,0.0,development_exploratory_not_untouched_final
2022-02-27T08:00:00,od_07,walking,1.0,walking-1,36.12094162904502,37.12094162904502,4,False,walking-1,walking-1,False,36.12094162904502,36.12094162904502,1086.8097342581289,1078.614260940595,1078.614260940595,1086.8097342581289,724.2851815069979,724.2851815069979,0.0,0.0,0.0,0.0,0.0,development_exploratory_not_untouched_final
2022-02-27T08:00:00,od_07,walking,2.0,walking-1,36.12094162904502,38.12094162904502,4,False,walking-1,walking-1,False,36.12094162904502,36.12094162904502,1086.8097342581289,1078.614260940595,1078.614260940595,1086.8097342581289,724.2851815069979,724.2851815069979,0.0,0.0,0.0,0.0,0.0,development_exploratory_not_untouched_final
2022-02-27T08:00:00,od_07,walking,3.0,walking-1,36.12094162904502,39.12094162904502,4,False,walking-1,walking-1,False,36.12094162904502,36.12094162904502,1086.8097342581289,1078.614260940595,1078.614260940595,1086.8097342581289,724.2851815069979,724.2851815069979,0.0,0.0,0.0,0.0,0.0,development_exploratory_not_untouched_final
2022-02-27T08:00:00,od_07,walking,5.0,walking-1,36.12094162904502,41.12094162904502,4,False,walking-1,walking-1,False,36.12094162904502,36.12094162904502,1086.8097342581289,1078.614260940595,1078.614260940595,1086.8097342581289,724.2851815069979,724.2851815069979,0.0,0.0,0.0,0.0,0.0,development_exploratory_not_untouched_final
2022-02-27T08:00:00,od_07,walking,10.0,walking-1,36.12094162904502,46.12094162904502,4,False,walking-1,walking-1,False,36.12094162904502,36.12094162904502,1086.8097342581289,1078.614260940595,1078.614260940595,1086.8097342581289,724.2851815069979,724.2851815069979,0.0,0.0,0.0,0.0,0.0,development_exploratory_not_untouched_final
2022-02-27T08:00:00,od_08,motorbike,0.0,motorbike-1,16.700945583245588,16.700945583245588,1,True,motorbike-1,motorbike-1,False,16.700945583245588,16.700945583245588,434.5628393293971,456.2640682268695,456.2640682268695,434.5628393293971,322.9602215390717,322.9602215390717,0.0,0.0,0.0,0.0,0.0,development_exploratory_not_untouched_final
2022-02-27T08:00:00,od_08,motorbike,1.0,motorbike-1,16.700945583245588,17.700945583245588,2,False,motorbike-1,motorbike-1,False,16.700945583245588,16.700945583245588,434.5628393293971,456.2640682268695,456.2640682268695,434.5628393293971,322.9602215390717,322.9602215390717,0.0,0.0,0.0,0.0,0.0,development_exploratory_not_untouched_final
2022-02-27T08:00:00,od_08,motorbike,2.0,motorbike-1,16.700945583245588,18.700945583245588,4,False,motorbike-1,motorbike-1,False,16.700945583245588,16.700945583245588,434.5628393293971,456.2640682268695,456.2640682268695,434.5628393293971,322.9602215390717,322.9602215390717,0.0,0.0,0.0,0.0,0.0,development_exploratory_not_untouched_final
2022-02-27T08:00:00,od_08,motorbike,3.0,motorbike-1,16.700945583245588,19.700945583245588,4,False,motorbike-1,motorbike-1,False,16.700945583245588,16.700945583245588,434.5628393293971,456.2640682268695,456.2640682268695,434.5628393293971,322.9602215390717,322.9602215390717,0.0,0.0,0.0,0.0,0.0,development_exploratory_not_untouched_final
2022-02-27T08:00:00,od_08,motorbike,5.0,motorbike-1,16.700945583245588,21.700945583245588,6,False,motorbike-1,motorbike-1,False,16.700945583245588,16.700945583245588,434.5628393293971,456.2640682268695,456.2640682268695,434.5628393293971,322.9602215390717,322.9602215390717,0.0,0.0,0.0,0.0,0.0,development_exploratory_not_untouched_final
2022-02-27T08:00:00,od_08,motorbike,10.0,motorbike-1,16.700945583245588,26.700945583245588,8,False,motorbike-1,motorbike-1,False,16.700945583245588,16.700945583245588,434.5628393293971,456.2640682268695,456.2640682268695,434.5628393293971,322.9602215390717,322.9602215390717,0.0,0.0,0.0,0.0,0.0,development_exploratory_not_untouched_final
2022-02-27T08:00:00,od_08,walking,0.0,walking-1,82.44427460179587,82.44427460179587,1,True,walking-1,walking-1,False,82.44427460179587,82.44427460179587,2142.381122414956,2219.4895822299127,2219.4895822299127,2142.381122414956,1586.9150800703844,1586.9150800703844,0.0,0.0,0.0,0.0,0.0,development_exploratory_not_untouched_final
2022-02-27T08:00:00,od_08,walking,1.0,walking-1,82.44427460179587,83.44427460179587,3,False,walking-1,walking-1,False,82.44427460179587,82.44427460179587,2142.381122414956,2219.4895822299127,2219.4895822299127,2142.381122414956,1586.9150800703844,1586.9150800703844,0.0,0.0,0.0,0.0,0.0,development_exploratory_not_untouched_final
2022-02-27T08:00:00,od_08,walking,2.0,walking-1,82.44427460179587,84.44427460179587,3,False,walking-1,walking-1,False,82.44427460179587,82.44427460179587,2142.381122414956,2219.4895822299127,2219.4895822299127,2142.381122414956,1586.9150800703844,1586.9150800703844,0.0,0.0,0.0,0.0,0.0,development_exploratory_not_untouched_final
2022-02-27T08:00:00,od_08,walking,3.0,walking-1,82.44427460179587,85.44427460179587,4,False,walking-1,walking-1,False,82.44427460179587,82.44427460179587,2142.381122414956,2219.4895822299127,2219.4895822299127,2142.381122414956,1586.9150800703844,1586.9150800703844,0.0,0.0,0.0,0.0,0.0,development_exploratory_not_untouched_final
2022-02-27T08:00:00,od_08,walking,5.0,walking-1,82.44427460179587,87.44427460179587,5,False,walking-1,walking-1,False,82.44427460179587,82.44427460179587,2142.381122414956,2219.4895822299127,2219.4895822299127,2142.381122414956,1586.9150800703844,1586.9150800703844,0.0,0.0,0.0,0.0,0.0,development_exploratory_not_untouched_final
2022-02-27T08:00:00,od_08,walking,10.0,walking-1,82.44427460179587,92.44427460179587,6,False,walking-1,walking-1,False,82.44427460179587,82.44427460179587,2142.381122414956,2219.4895822299127,2219.4895822299127,2142.381122414956,1586.9150800703844,1586.9150800703844,0.0,0.0,0.0,0.0,0.0,development_exploratory_not_untouched_final
2022-02-27T08:00:00,od_09,motorbike,0.0,motorbike-1,9.921896735442521,9.921896735442521,1,True,motorbike-1,motorbike-1,False,9.921896735442521,9.921896735442521,230.40109421497104,245.41637029110578,245.41637029110578,230.40109421497104,179.9827011274639,179.9827011274639,0.0,0.0,0.0,0.0,0.0,development_exploratory_not_untouched_final
2022-02-27T08:00:00,od_09,motorbike,1.0,motorbike-1,9.921896735442521,10.921896735442521,2,False,motorbike-1,motorbike-1,False,9.921896735442521,9.921896735442521,230.40109421497104,245.41637029110578,245.41637029110578,230.40109421497104,179.9827011274639,179.9827011274639,0.0,0.0,0.0,0.0,0.0,development_exploratory_not_untouched_final
2022-02-27T08:00:00,od_09,motorbike,2.0,motorbike-1,9.921896735442521,11.921896735442521,3,False,motorbike-1,motorbike-1,False,9.921896735442521,9.921896735442521,230.40109421497104,245.41637029110578,245.41637029110578,230.40109421497104,179.9827011274639,179.9827011274639,0.0,0.0,0.0,0.0,0.0,development_exploratory_not_untouched_final
2022-02-27T08:00:00,od_09,motorbike,3.0,motorbike-1,9.921896735442521,12.921896735442521,4,False,motorbike-1,motorbike-1,False,9.921896735442521,9.921896735442521,230.40109421497104,245.41637029110578,245.41637029110578,230.40109421497104,179.9827011274639,179.9827011274639,0.0,0.0,0.0,0.0,0.0,development_exploratory_not_untouched_final
2022-02-27T08:00:00,od_09,motorbike,5.0,motorbike-1,9.921896735442521,14.921896735442521,5,False,motorbike-1,motorbike-1,False,9.921896735442521,9.921896735442521,230.40109421497104,245.41637029110578,245.41637029110578,230.40109421497104,179.9827011274639,179.9827011274639,0.0,0.0,0.0,0.0,0.0,development_exploratory_not_untouched_final
2022-02-27T08:00:00,od_09,motorbike,10.0,motorbike-1,9.921896735442521,19.921896735442523,7,False,motorbike-1,motorbike-1,False,9.921896735442521,9.921896735442521,230.40109421497104,245.41637029110578,245.41637029110578,230.40109421497104,179.9827011274639,179.9827011274639,0.0,0.0,0.0,0.0,0.0,development_exploratory_not_untouched_final
2022-02-27T08:00:00,od_09,walking,0.0,walking-1,44.57985461725738,44.57985461725738,1,True,walking-1,walking-1,False,44.57985461725738,44.57985461725738,1018.4131932323602,1084.8845583776756,1084.8845583776756,1018.4131932323602,801.7653065185439,801.7653065185439,0.0,0.0,0.0,0.0,0.0,development_exploratory_not_untouched_final
2022-02-27T08:00:00,od_09,walking,1.0,walking-1,44.57985461725738,45.57985461725738,3,False,walking-1,walking-1,False,44.57985461725738,44.57985461725738,1018.4131932323602,1084.8845583776756,1084.8845583776756,1018.4131932323602,801.7653065185439,801.7653065185439,0.0,0.0,0.0,0.0,0.0,development_exploratory_not_untouched_final
2022-02-27T08:00:00,od_09,walking,2.0,walking-1,44.57985461725738,46.57985461725738,3,False,walking-1,walking-1,False,44.57985461725738,44.57985461725738,1018.4131932323602,1084.8845583776756,1084.8845583776756,1018.4131932323602,801.7653065185439,801.7653065185439,0.0,0.0,0.0,0.0,0.0,development_exploratory_not_untouched_final
2022-02-27T08:00:00,od_09,walking,3.0,walking-1,44.57985461725738,47.57985461725738,3,False,walking-1,walking-1,False,44.57985461725738,44.57985461725738,1018.4131932323602,1084.8845583776756,1084.8845583776756,1018.4131932323602,801.7653065185439,801.7653065185439,0.0,0.0,0.0,0.0,0.0,development_exploratory_not_untouched_final
2022-02-27T08:00:00,od_09,walking,5.0,walking-1,44.57985461725738,49.57985461725738,4,False,walking-1,walking-1,False,44.57985461725738,44.57985461725738,1018.4131932323602,1084.8845583776756,1084.8845583776756,1018.4131932323602,801.7653065185439,801.7653065185439,0.0,0.0,0.0,0.0,0.0,development_exploratory_not_untouched_final
2022-02-27T08:00:00,od_09,walking,10.0,walking-1,44.57985461725738,54.57985461725738,6,False,walking-1,walking-1,False,44.57985461725738,44.57985461725738,1018.4131932323602,1084.8845583776756,1084.8845583776756,1018.4131932323602,801.7653065185439,801.7653065185439,0.0,0.0,0.0,0.0,0.0,development_exploratory_not_untouched_final
2022-02-27T08:00:00,od_10,motorbike,0.0,motorbike-1,10.045650330099813,10.045650330099813,1,True,motorbike-1,motorbike-1,False,10.045650330099813,10.045650330099813,291.22658525191025,291.4093636337529,291.4093636337529,291.22658525191025,197.85504353281553,197.85504353281553,0.0,0.0,0.0,0.0,0.0,development_exploratory_not_untouched_final
2022-02-27T08:00:00,od_10,motorbike,1.0,motorbike-1,10.045650330099813,11.045650330099813,2,False,motorbike-1,motorbike-1,False,10.045650330099813,10.045650330099813,291.22658525191025,291.4093636337529,291.4093636337529,291.22658525191025,197.85504353281553,197.85504353281553,0.0,0.0,0.0,0.0,0.0,development_exploratory_not_untouched_final
2022-02-27T08:00:00,od_10,motorbike,2.0,motorbike-1,10.045650330099813,12.045650330099813,3,False,motorbike-1,motorbike-1,False,10.045650330099813,10.045650330099813,291.22658525191025,291.4093636337529,291.4093636337529,291.22658525191025,197.85504353281553,197.85504353281553,0.0,0.0,0.0,0.0,0.0,development_exploratory_not_untouched_final
2022-02-27T08:00:00,od_10,motorbike,3.0,motorbike-1,10.045650330099813,13.045650330099813,4,False,motorbike-1,motorbike-1,False,10.045650330099813,10.045650330099813,291.22658525191025,291.4093636337529,291.4093636337529,291.22658525191025,197.85504353281553,197.85504353281553,0.0,0.0,0.0,0.0,0.0,development_exploratory_not_untouched_final
2022-02-27T08:00:00,od_10,motorbike,5.0,motorbike-1,10.045650330099813,15.045650330099813,8,False,motorbike-1,motorbike-1,False,10.045650330099813,10.045650330099813,291.22658525191025,291.4093636337529,291.4093636337529,291.22658525191025,197.85504353281553,197.85504353281553,0.0,0.0,0.0,0.0,0.0,development_exploratory_not_untouched_final
2022-02-27T08:00:00,od_10,motorbike,10.0,motorbike-1,10.045650330099813,20.04565033009981,8,False,motorbike-1,motorbike-1,False,10.045650330099813,10.045650330099813,291.22658525191025,291.4093636337529,291.4093636337529,291.22658525191025,197.85504353281553,197.85504353281553,0.0,0.0,0.0,0.0,0.0,development_exploratory_not_untouched_final
2022-02-27T08:00:00,od_10,walking,0.0,walking-1,50.22825165049906,50.22825165049906,1,True,walking-1,walking-1,False,50.22825165049906,50.22825165049906,1456.1329262595518,1457.0468181687643,1457.0468181687643,1456.1329262595518,989.2752176640773,989.2752176640773,0.0,0.0,0.0,0.0,0.0,development_exploratory_not_untouched_final
2022-02-27T08:00:00,od_10,walking,1.0,walking-1,50.22825165049906,51.22825165049906,4,False,walking-1,walking-1,False,50.22825165049906,50.22825165049906,1456.1329262595518,1457.0468181687643,1457.0468181687643,1456.1329262595518,989.2752176640773,989.2752176640773,0.0,0.0,0.0,0.0,0.0,development_exploratory_not_untouched_final
2022-02-27T08:00:00,od_10,walking,2.0,walking-1,50.22825165049906,52.22825165049906,4,False,walking-1,walking-1,False,50.22825165049906,50.22825165049906,1456.1329262595518,1457.0468181687643,1457.0468181687643,1456.1329262595518,989.2752176640773,989.2752176640773,0.0,0.0,0.0,0.0,0.0,development_exploratory_not_untouched_final
2022-02-27T08:00:00,od_10,walking,3.0,walking-1,50.22825165049906,53.22825165049906,6,False,walking-1,walking-1,False,50.22825165049906,50.22825165049906,1456.1329262595518,1457.0468181687643,1457.0468181687643,1456.1329262595518,989.2752176640773,989.2752176640773,0.0,0.0,0.0,0.0,0.0,development_exploratory_not_untouched_final
2022-02-27T08:00:00,od_10,walking,5.0,walking-1,50.22825165049906,55.22825165049906,6,False,walking-1,walking-1,False,50.22825165049906,50.22825165049906,1456.1329262595518,1457.0468181687643,1457.0468181687643,1456.1329262595518,989.2752176640773,989.2752176640773,0.0,0.0,0.0,0.0,0.0,development_exploratory_not_untouched_final
2022-02-27T08:00:00,od_10,walking,10.0,walking-1,50.22825165049906,60.22825165049906,7,False,walking-1,walking-1,False,50.22825165049906,50.22825165049906,1456.1329262595518,1457.0468181687643,1457.0468181687643,1456.1329262595518,989.2752176640773,989.2752176640773,0.0,0.0,0.0,0.0,0.0,development_exploratory_not_untouched_final
2022-02-27T08:00:00,od_11,motorbike,0.0,motorbike-1,17.571099260409287,17.571099260409287,1,True,motorbike-1,motorbike-1,False,17.571099260409287,17.571099260409287,538.9961969750802,534.8507584514323,534.8507584514323,538.9961969750802,353.76019285912423,353.76019285912423,0.0,0.0,0.0,0.0,0.0,development_exploratory_not_untouched_final
2022-02-27T08:00:00,od_11,motorbike,1.0,motorbike-1,17.571099260409287,18.571099260409287,2,False,motorbike-1,motorbike-1,False,17.571099260409287,17.571099260409287,538.9961969750802,534.8507584514323,534.8507584514323,538.9961969750802,353.76019285912423,353.76019285912423,0.0,0.0,0.0,0.0,0.0,development_exploratory_not_untouched_final
2022-02-27T08:00:00,od_11,motorbike,2.0,motorbike-1,17.571099260409287,19.571099260409287,3,False,motorbike-1,motorbike-1,False,17.571099260409287,17.571099260409287,538.9961969750802,534.8507584514323,534.8507584514323,538.9961969750802,353.76019285912423,353.76019285912423,0.0,0.0,0.0,0.0,0.0,development_exploratory_not_untouched_final
2022-02-27T08:00:00,od_11,motorbike,3.0,motorbike-1,17.571099260409287,20.571099260409287,3,False,motorbike-1,motorbike-1,False,17.571099260409287,17.571099260409287,538.9961969750802,534.8507584514323,534.8507584514323,538.9961969750802,353.76019285912423,353.76019285912423,0.0,0.0,0.0,0.0,0.0,development_exploratory_not_untouched_final
2022-02-27T08:00:00,od_11,motorbike,5.0,motorbike-1,17.571099260409287,22.571099260409287,3,False,motorbike-1,motorbike-1,False,17.571099260409287,17.571099260409287,538.9961969750802,534.8507584514323,534.8507584514323,538.9961969750802,353.76019285912423,353.76019285912423,0.0,0.0,0.0,0.0,0.0,development_exploratory_not_untouched_final
2022-02-27T08:00:00,od_11,motorbike,10.0,motorbike-1,17.571099260409287,27.571099260409287,6,False,motorbike-1,motorbike-1,False,17.571099260409287,17.571099260409287,538.9961969750802,534.8507584514323,534.8507584514323,538.9961969750802,353.76019285912423,353.76019285912423,0.0,0.0,0.0,0.0,0.0,development_exploratory_not_untouched_final
2022-02-27T08:00:00,od_11,walking,0.0,walking-1,69.59747859124312,69.59747859124312,1,True,walking-1,walking-1,False,69.59747859124312,69.59747859124312,2166.8848854962243,2106.408423141036,2106.408423141036,2166.8848854962243,1376.5509927297476,1376.5509927297476,0.0,0.0,0.0,0.0,0.0,development_exploratory_not_untouched_final
2022-02-27T08:00:00,od_11,walking,1.0,walking-1,69.59747859124312,70.59747859124312,6,False,walking-1,walking-1,False,69.59747859124312,69.59747859124312,2166.8848854962243,2106.408423141036,2106.408423141036,2166.8848854962243,1376.5509927297476,1376.5509927297476,0.0,0.0,0.0,0.0,0.0,development_exploratory_not_untouched_final
2022-02-27T08:00:00,od_11,walking,2.0,walking-1,69.59747859124312,71.59747859124312,7,False,walking-1,walking-1,False,69.59747859124312,69.59747859124312,2166.8848854962243,2106.408423141036,2106.408423141036,2166.8848854962243,1376.5509927297476,1376.5509927297476,0.0,0.0,0.0,0.0,0.0,development_exploratory_not_untouched_final
2022-02-27T08:00:00,od_11,walking,3.0,walking-1,69.59747859124312,72.59747859124312,7,False,walking-1,walking-1,False,69.59747859124312,69.59747859124312,2166.8848854962243,2106.408423141036,2106.408423141036,2166.8848854962243,1376.5509927297476,1376.5509927297476,0.0,0.0,0.0,0.0,0.0,development_exploratory_not_untouched_final
2022-02-27T08:00:00,od_11,walking,5.0,walking-1,69.59747859124312,74.59747859124312,8,False,walking-1,walking-1,False,69.59747859124312,69.59747859124312,2166.8848854962243,2106.408423141036,2106.408423141036,2166.8848854962243,1376.5509927297476,1376.5509927297476,0.0,0.0,0.0,0.0,0.0,development_exploratory_not_untouched_final
2022-02-27T08:00:00,od_11,walking,10.0,walking-1,69.59747859124312,79.59747859124312,8,False,walking-1,walking-1,False,69.59747859124312,69.59747859124312,2166.8848854962243,2106.408423141036,2106.408423141036,2166.8848854962243,1376.5509927297476,1376.5509927297476,0.0,0.0,0.0,0.0,0.0,development_exploratory_not_untouched_final
2022-02-27T08:00:00,od_12,motorbike,0.0,motorbike-1,11.041975489410948,11.041975489410948,1,True,motorbike-1,motorbike-1,False,11.041975489410948,11.041975489410948,286.27853120609063,302.47540568011607,302.47540568011607,286.27853120609063,212.36088457536164,212.36088457536164,0.0,0.0,0.0,0.0,0.0,development_exploratory_not_untouched_final
2022-02-27T08:00:00,od_12,motorbike,1.0,motorbike-1,11.041975489410948,12.041975489410948,2,False,motorbike-1,motorbike-1,False,11.041975489410948,11.041975489410948,286.27853120609063,302.47540568011607,302.47540568011607,286.27853120609063,212.36088457536164,212.36088457536164,0.0,0.0,0.0,0.0,0.0,development_exploratory_not_untouched_final
2022-02-27T08:00:00,od_12,motorbike,2.0,motorbike-1,11.041975489410948,13.041975489410948,2,False,motorbike-1,motorbike-1,False,11.041975489410948,11.041975489410948,286.27853120609063,302.47540568011607,302.47540568011607,286.27853120609063,212.36088457536164,212.36088457536164,0.0,0.0,0.0,0.0,0.0,development_exploratory_not_untouched_final
2022-02-27T08:00:00,od_12,motorbike,3.0,motorbike-1,11.041975489410948,14.041975489410948,3,False,motorbike-1,motorbike-1,False,11.041975489410948,11.041975489410948,286.27853120609063,302.47540568011607,302.47540568011607,286.27853120609063,212.36088457536164,212.36088457536164,0.0,0.0,0.0,0.0,0.0,development_exploratory_not_untouched_final
2022-02-27T08:00:00,od_12,motorbike,5.0,motorbike-1,11.041975489410948,16.041975489410948,4,False,motorbike-1,motorbike-1,False,11.041975489410948,11.041975489410948,286.27853120609063,302.47540568011607,302.47540568011607,286.27853120609063,212.36088457536164,212.36088457536164,0.0,0.0,0.0,0.0,0.0,development_exploratory_not_untouched_final
2022-02-27T08:00:00,od_12,motorbike,10.0,motorbike-1,11.041975489410948,21.041975489410948,7,False,motorbike-1,motorbike-1,False,11.041975489410948,11.041975489410948,286.27853120609063,302.47540568011607,302.47540568011607,286.27853120609063,212.36088457536164,212.36088457536164,0.0,0.0,0.0,0.0,0.0,development_exploratory_not_untouched_final
2022-02-27T08:00:00,od_12,walking,0.0,walking-1,56.64962007563846,56.64962007563846,1,True,walking-1,walking-1,False,56.64962007563846,56.64962007563846,1472.284307548678,1555.9799264277328,1555.9799264277328,1472.284307548678,1090.3641768015855,1090.3641768015855,0.0,0.0,0.0,0.0,0.0,development_exploratory_not_untouched_final
2022-02-27T08:00:00,od_12,walking,1.0,walking-1,56.64962007563846,57.64962007563846,5,False,walking-1,walking-1,False,56.64962007563846,56.64962007563846,1472.284307548678,1555.9799264277328,1555.9799264277328,1472.284307548678,1090.3641768015855,1090.3641768015855,0.0,0.0,0.0,0.0,0.0,development_exploratory_not_untouched_final
2022-02-27T08:00:00,od_12,walking,2.0,walking-1,56.64962007563846,58.64962007563846,6,False,walking-1,walking-1,False,56.64962007563846,56.64962007563846,1472.284307548678,1555.9799264277328,1555.9799264277328,1472.284307548678,1090.3641768015855,1090.3641768015855,0.0,0.0,0.0,0.0,0.0,development_exploratory_not_untouched_final
2022-02-27T08:00:00,od_12,walking,3.0,walking-1,56.64962007563846,59.64962007563846,6,False,walking-1,walking-1,False,56.64962007563846,56.64962007563846,1472.284307548678,1555.9799264277328,1555.9799264277328,1472.284307548678,1090.3641768015855,1090.3641768015855,0.0,0.0,0.0,0.0,0.0,development_exploratory_not_untouched_final
2022-02-27T08:00:00,od_12,walking,5.0,walking-1,56.64962007563846,61.64962007563846,6,False,walking-1,walking-1,False,56.64962007563846,56.64962007563846,1472.284307548678,1555.9799264277328,1555.9799264277328,1472.284307548678,1090.3641768015855,1090.3641768015855,0.0,0.0,0.0,0.0,0.0,development_exploratory_not_untouched_final
2022-02-27T08:00:00,od_12,walking,10.0,walking-1,56.64962007563846,66.64962007563847,7,False,walking-1,walking-1,False,56.64962007563846,56.64962007563846,1472.284307548678,1555.9799264277328,1555.9799264277328,1472.284307548678,1090.3641768015855,1090.3641768015855,0.0,0.0,0.0,0.0,0.0,development_exploratory_not_untouched_final
2022-02-27T08:00:00,od_13,motorbike,0.0,motorbike-1,15.733865367527278,15.733865367527278,1,True,motorbike-1,motorbike-1,False,15.733865367527278,15.733865367527278,413.8712379418352,440.8280200107917,440.8280200107917,413.8712379418352,305.8651404952812,305.8651404952812,0.0,0.0,0.0,0.0,0.0,development_exploratory_not_untouched_final
2022-02-27T08:00:00,od_13,motorbike,1.0,motorbike-1,15.733865367527278,16.73386536752728,2,False,motorbike-1,motorbike-1,False,15.733865367527278,15.733865367527278,413.8712379418352,440.8280200107917,440.8280200107917,413.8712379418352,305.8651404952812,305.8651404952812,0.0,0.0,0.0,0.0,0.0,development_exploratory_not_untouched_final
2022-02-27T08:00:00,od_13,motorbike,2.0,motorbike-1,15.733865367527278,17.73386536752728,2,False,motorbike-1,motorbike-1,False,15.733865367527278,15.733865367527278,413.8712379418352,440.8280200107917,440.8280200107917,413.8712379418352,305.8651404952812,305.8651404952812,0.0,0.0,0.0,0.0,0.0,development_exploratory_not_untouched_final
2022-02-27T08:00:00,od_13,motorbike,3.0,motorbike-1,15.733865367527278,18.73386536752728,5,False,motorbike-1,motorbike-1,False,15.733865367527278,15.733865367527278,413.8712379418352,440.8280200107917,440.8280200107917,413.8712379418352,305.8651404952812,305.8651404952812,0.0,0.0,0.0,0.0,0.0,development_exploratory_not_untouched_final
2022-02-27T08:00:00,od_13,motorbike,5.0,motorbike-1,15.733865367527278,20.73386536752728,5,False,motorbike-1,motorbike-1,False,15.733865367527278,15.733865367527278,413.8712379418352,440.8280200107917,440.8280200107917,413.8712379418352,305.8651404952812,305.8651404952812,0.0,0.0,0.0,0.0,0.0,development_exploratory_not_untouched_final
2022-02-27T08:00:00,od_13,motorbike,10.0,motorbike-1,15.733865367527278,25.73386536752728,8,False,motorbike-1,motorbike-1,False,15.733865367527278,15.733865367527278,413.8712379418352,440.8280200107917,440.8280200107917,413.8712379418352,305.8651404952812,305.8651404952812,0.0,0.0,0.0,0.0,0.0,development_exploratory_not_untouched_final
2022-02-27T08:00:00,od_13,walking,0.0,walking-1,76.21028331703089,76.21028331703089,1,True,walking-1,walking-1,False,76.21028331703089,76.21028331703089,1993.0359565548358,2100.1136894915794,2100.1136894915794,1993.0359565548358,1461.7614794464268,1461.7614794464268,0.0,0.0,0.0,0.0,0.0,development_exploratory_not_untouched_final
2022-02-27T08:00:00,od_13,walking,1.0,walking-1,76.21028331703089,77.21028331703089,5,False,walking-1,walking-1,False,76.21028331703089,76.21028331703089,1993.0359565548358,2100.1136894915794,2100.1136894915794,1993.0359565548358,1461.7614794464268,1461.7614794464268,0.0,0.0,0.0,0.0,0.0,development_exploratory_not_untouched_final
2022-02-27T08:00:00,od_13,walking,2.0,walking-1,76.21028331703089,78.21028331703089,6,False,walking-1,walking-1,False,76.21028331703089,76.21028331703089,1993.0359565548358,2100.1136894915794,2100.1136894915794,1993.0359565548358,1461.7614794464268,1461.7614794464268,0.0,0.0,0.0,0.0,0.0,development_exploratory_not_untouched_final
2022-02-27T08:00:00,od_13,walking,3.0,walking-1,76.21028331703089,79.21028331703089,6,False,walking-1,walking-1,False,76.21028331703089,76.21028331703089,1993.0359565548358,2100.1136894915794,2100.1136894915794,1993.0359565548358,1461.7614794464268,1461.7614794464268,0.0,0.0,0.0,0.0,0.0,development_exploratory_not_untouched_final
2022-02-27T08:00:00,od_13,walking,5.0,walking-1,76.21028331703089,81.21028331703089,6,False,walking-1,walking-1,False,76.21028331703089,76.21028331703089,1993.0359565548358,2100.1136894915794,2100.1136894915794,1993.0359565548358,1461.7614794464268,1461.7614794464268,0.0,0.0,0.0,0.0,0.0,development_exploratory_not_untouched_final
2022-02-27T08:00:00,od_13,walking,10.0,walking-1,76.21028331703089,86.21028331703089,7,False,walking-1,walking-1,False,76.21028331703089,76.21028331703089,1993.0359565548358,2100.1136894915794,2100.1136894915794,1993.0359565548358,1461.7614794464268,1461.7614794464268,0.0,0.0,0.0,0.0,0.0,development_exploratory_not_untouched_final
2022-02-27T08:00:00,od_14,motorbike,0.0,motorbike-1,7.225306020952647,7.225306020952647,1,True,motorbike-1,motorbike-1,False,7.225306020952647,7.225306020952647,194.81839620394965,214.70620457432352,214.70620457432352,194.81839620394965,142.41847093540892,142.41847093540892,0.0,0.0,0.0,0.0,0.0,development_exploratory_not_untouched_final
2022-02-27T08:00:00,od_14,motorbike,1.0,motorbike-1,7.225306020952647,8.225306020952647,3,False,motorbike-1,motorbike-1,False,7.225306020952647,7.225306020952647,194.81839620394965,214.70620457432352,214.70620457432352,194.81839620394965,142.41847093540892,142.41847093540892,0.0,0.0,0.0,0.0,0.0,development_exploratory_not_untouched_final
2022-02-27T08:00:00,od_14,motorbike,2.0,motorbike-1,7.225306020952647,9.225306020952647,3,False,motorbike-1,motorbike-1,False,7.225306020952647,7.225306020952647,194.81839620394965,214.70620457432352,214.70620457432352,194.81839620394965,142.41847093540892,142.41847093540892,0.0,0.0,0.0,0.0,0.0,development_exploratory_not_untouched_final
2022-02-27T08:00:00,od_14,motorbike,3.0,motorbike-1,7.225306020952647,10.225306020952647,4,False,motorbike-1,motorbike-1,False,7.225306020952647,7.225306020952647,194.81839620394965,214.70620457432352,214.70620457432352,194.81839620394965,142.41847093540892,142.41847093540892,0.0,0.0,0.0,0.0,0.0,development_exploratory_not_untouched_final
2022-02-27T08:00:00,od_14,motorbike,5.0,motorbike-1,7.225306020952647,12.225306020952647,6,False,motorbike-1,motorbike-1,False,7.225306020952647,7.225306020952647,194.81839620394965,214.70620457432352,214.70620457432352,194.81839620394965,142.41847093540892,142.41847093540892,0.0,0.0,0.0,0.0,0.0,development_exploratory_not_untouched_final
2022-02-27T08:00:00,od_14,motorbike,10.0,motorbike-1,7.225306020952647,17.225306020952647,7,False,motorbike-1,motorbike-1,False,7.225306020952647,7.225306020952647,194.81839620394965,214.70620457432352,214.70620457432352,194.81839620394965,142.41847093540892,142.41847093540892,0.0,0.0,0.0,0.0,0.0,development_exploratory_not_untouched_final
2022-02-27T08:00:00,od_14,walking,0.0,walking-1,41.39215771665848,41.39215771665848,1,True,walking-1,walking-1,False,41.39215771665848,41.39215771665848,1113.0262887378215,1218.8406412197653,1218.8406412197653,1113.0262887378215,813.0780674909333,813.0780674909333,0.0,0.0,0.0,0.0,0.0,development_exploratory_not_untouched_final
2022-02-27T08:00:00,od_14,walking,1.0,walking-1,41.39215771665848,42.39215771665848,2,False,walking-1,walking-1,False,41.39215771665848,41.39215771665848,1113.0262887378215,1218.8406412197653,1218.8406412197653,1113.0262887378215,813.0780674909333,813.0780674909333,0.0,0.0,0.0,0.0,0.0,development_exploratory_not_untouched_final
2022-02-27T08:00:00,od_14,walking,2.0,walking-1,41.39215771665848,43.39215771665848,3,False,walking-1,walking-1,False,41.39215771665848,41.39215771665848,1113.0262887378215,1218.8406412197653,1218.8406412197653,1113.0262887378215,813.0780674909333,813.0780674909333,0.0,0.0,0.0,0.0,0.0,development_exploratory_not_untouched_final
2022-02-27T08:00:00,od_14,walking,3.0,walking-1,41.39215771665848,44.39215771665848,3,False,walking-1,walking-1,False,41.39215771665848,41.39215771665848,1113.0262887378215,1218.8406412197653,1218.8406412197653,1113.0262887378215,813.0780674909333,813.0780674909333,0.0,0.0,0.0,0.0,0.0,development_exploratory_not_untouched_final
2022-02-27T08:00:00,od_14,walking,5.0,walking-1,41.39215771665848,46.39215771665848,3,False,walking-1,walking-1,False,41.39215771665848,41.39215771665848,1113.0262887378215,1218.8406412197653,1218.8406412197653,1113.0262887378215,813.0780674909333,813.0780674909333,0.0,0.0,0.0,0.0,0.0,development_exploratory_not_untouched_final
2022-02-27T08:00:00,od_14,walking,10.0,walking-1,41.39215771665848,51.39215771665848,6,False,walking-1,walking-1,False,41.39215771665848,41.39215771665848,1113.0262887378215,1218.8406412197653,1218.8406412197653,1113.0262887378215,813.0780674909333,813.0780674909333,0.0,0.0,0.0,0.0,0.0,development_exploratory_not_untouched_final
2022-02-27T08:00:00,od_15,motorbike,0.0,motorbike-1,15.834878913287358,15.834878913287358,1,True,motorbike-1,motorbike-1,False,15.834878913287358,15.834878913287358,492.94079552276366,480.1543589434283,480.1543589434283,492.94079552276366,316.87347950625957,316.87347950625957,0.0,0.0,0.0,0.0,0.0,development_exploratory_not_untouched_final
2022-02-27T08:00:00,od_15,motorbike,1.0,motorbike-1,15.834878913287358,16.83487891328736,1,True,motorbike-1,motorbike-1,False,15.834878913287358,15.834878913287358,492.94079552276366,480.1543589434283,480.1543589434283,492.94079552276366,316.87347950625957,316.87347950625957,0.0,0.0,0.0,0.0,0.0,development_exploratory_not_untouched_final
2022-02-27T08:00:00,od_15,motorbike,2.0,motorbike-1,15.834878913287358,17.83487891328736,2,False,motorbike-1,motorbike-1,False,15.834878913287358,15.834878913287358,492.94079552276366,480.1543589434283,480.1543589434283,492.94079552276366,316.87347950625957,316.87347950625957,0.0,0.0,0.0,0.0,0.0,development_exploratory_not_untouched_final
2022-02-27T08:00:00,od_15,motorbike,3.0,motorbike-1,15.834878913287358,18.83487891328736,2,False,motorbike-1,motorbike-1,False,15.834878913287358,15.834878913287358,492.94079552276366,480.1543589434283,480.1543589434283,492.94079552276366,316.87347950625957,316.87347950625957,0.0,0.0,0.0,0.0,0.0,development_exploratory_not_untouched_final
2022-02-27T08:00:00,od_15,motorbike,5.0,motorbike-1,15.834878913287358,20.83487891328736,5,False,motorbike-1,motorbike-1,False,15.834878913287358,15.834878913287358,492.94079552276366,480.1543589434283,480.1543589434283,492.94079552276366,316.87347950625957,316.87347950625957,0.0,0.0,0.0,0.0,0.0,development_exploratory_not_untouched_final
2022-02-27T08:00:00,od_15,motorbike,10.0,motorbike-1,15.834878913287358,25.83487891328736,7,False,motorbike-1,motorbike-1,False,15.834878913287358,15.834878913287358,492.94079552276366,480.1543589434283,480.1543589434283,492.94079552276366,316.87347950625957,316.87347950625957,0.0,0.0,0.0,0.0,0.0,development_exploratory_not_untouched_final
2022-02-27T08:00:00,od_15,walking,0.0,walking-1,66.44032632866953,66.44032632866953,1,True,walking-1,walking-1,False,66.44032632866953,66.44032632866953,2015.3130496999006,1970.0241532287037,1970.0241532287037,2015.3130496999006,1308.9004705681643,1308.9004705681643,0.0,0.0,0.0,0.0,0.0,development_exploratory_not_untouched_final
2022-02-27T08:00:00,od_15,walking,1.0,walking-1,66.44032632866953,67.44032632866953,7,False,walking-1,walking-1,False,66.44032632866953,66.44032632866953,2015.3130496999006,1970.0241532287037,1970.0241532287037,2015.3130496999006,1308.9004705681643,1308.9004705681643,0.0,0.0,0.0,0.0,0.0,development_exploratory_not_untouched_final
2022-02-27T08:00:00,od_15,walking,2.0,walking-1,66.44032632866953,68.44032632866953,7,False,walking-1,walking-1,False,66.44032632866953,66.44032632866953,2015.3130496999006,1970.0241532287037,1970.0241532287037,2015.3130496999006,1308.9004705681643,1308.9004705681643,0.0,0.0,0.0,0.0,0.0,development_exploratory_not_untouched_final
2022-02-27T08:00:00,od_15,walking,3.0,walking-1,66.44032632866953,69.44032632866953,7,False,walking-1,walking-1,False,66.44032632866953,66.44032632866953,2015.3130496999006,1970.0241532287037,1970.0241532287037,2015.3130496999006,1308.9004705681643,1308.9004705681643,0.0,0.0,0.0,0.0,0.0,development_exploratory_not_untouched_final
2022-02-27T08:00:00,od_15,walking,5.0,walking-1,66.44032632866953,71.44032632866953,7,False,walking-1,walking-1,False,66.44032632866953,66.44032632866953,2015.3130496999006,1970.0241532287037,1970.0241532287037,2015.3130496999006,1308.9004705681643,1308.9004705681643,0.0,0.0,0.0,0.0,0.0,development_exploratory_not_untouched_final
2022-02-27T08:00:00,od_15,walking,10.0,walking-1,66.44032632866953,76.44032632866953,7,False,walking-1,walking-1,False,66.44032632866953,66.44032632866953,2015.3130496999006,1970.0241532287037,1970.0241532287037,2015.3130496999006,1308.9004705681643,1308.9004705681643,0.0,0.0,0.0,0.0,0.0,development_exploratory_not_untouched_final
2022-02-27T08:00:00,od_16,motorbike,0.0,motorbike-1,8.443854355792814,8.443854355792814,1,True,motorbike-1,motorbike-1,False,8.443854355792814,8.443854355792814,280.40940170322915,266.96106427296655,266.96106427296655,280.40940170322915,172.2260761916164,172.2260761916164,0.0,0.0,0.0,0.0,0.0,development_exploratory_not_untouched_final
2022-02-27T08:00:00,od_16,motorbike,1.0,motorbike-1,8.443854355792814,9.443854355792814,3,False,motorbike-1,motorbike-1,False,8.443854355792814,8.443854355792814,280.40940170322915,266.96106427296655,266.96106427296655,280.40940170322915,172.2260761916164,172.2260761916164,0.0,0.0,0.0,0.0,0.0,development_exploratory_not_untouched_final
2022-02-27T08:00:00,od_16,motorbike,2.0,motorbike-1,8.443854355792814,10.443854355792814,5,False,motorbike-1,motorbike-1,False,8.443854355792814,8.443854355792814,280.40940170322915,266.96106427296655,266.96106427296655,280.40940170322915,172.2260761916164,172.2260761916164,0.0,0.0,0.0,0.0,0.0,development_exploratory_not_untouched_final
2022-02-27T08:00:00,od_16,motorbike,3.0,motorbike-1,8.443854355792814,11.443854355792814,6,False,motorbike-1,motorbike-1,False,8.443854355792814,8.443854355792814,280.40940170322915,266.96106427296655,266.96106427296655,280.40940170322915,172.2260761916164,172.2260761916164,0.0,0.0,0.0,0.0,0.0,development_exploratory_not_untouched_final
2022-02-27T08:00:00,od_16,motorbike,5.0,motorbike-1,8.443854355792814,13.443854355792814,7,False,motorbike-1,motorbike-1,False,8.443854355792814,8.443854355792814,280.40940170322915,266.96106427296655,266.96106427296655,280.40940170322915,172.2260761916164,172.2260761916164,0.0,0.0,0.0,0.0,0.0,development_exploratory_not_untouched_final
2022-02-27T08:00:00,od_16,motorbike,10.0,motorbike-1,8.443854355792814,18.443854355792816,8,False,motorbike-1,motorbike-1,False,8.443854355792814,8.443854355792814,280.40940170322915,266.96106427296655,266.96106427296655,280.40940170322915,172.2260761916164,172.2260761916164,0.0,0.0,0.0,0.0,0.0,development_exploratory_not_untouched_final
2022-02-27T08:00:00,od_16,walking,0.0,walking-1,42.321031780608884,42.321031780608884,1,True,walking-1,walking-1,False,42.321031780608884,42.321031780608884,1405.9630219837734,1338.3548764101304,1338.3548764101304,1405.9630219837734,863.3226534791088,863.3226534791088,0.0,0.0,0.0,0.0,0.0,development_exploratory_not_untouched_final
2022-02-27T08:00:00,od_16,walking,1.0,walking-1,42.321031780608884,43.321031780608884,2,False,walking-1,walking-1,False,42.321031780608884,42.321031780608884,1405.9630219837734,1338.3548764101304,1338.3548764101304,1405.9630219837734,863.3226534791088,863.3226534791088,0.0,0.0,0.0,0.0,0.0,development_exploratory_not_untouched_final
2022-02-27T08:00:00,od_16,walking,2.0,walking-1,42.321031780608884,44.321031780608884,2,False,walking-1,walking-1,False,42.321031780608884,42.321031780608884,1405.9630219837734,1338.3548764101304,1338.3548764101304,1405.9630219837734,863.3226534791088,863.3226534791088,0.0,0.0,0.0,0.0,0.0,development_exploratory_not_untouched_final
2022-02-27T08:00:00,od_16,walking,3.0,walking-1,42.321031780608884,45.321031780608884,3,False,walking-1,walking-1,False,42.321031780608884,42.321031780608884,1405.9630219837734,1338.3548764101304,1338.3548764101304,1405.9630219837734,863.3226534791088,863.3226534791088,0.0,0.0,0.0,0.0,0.0,development_exploratory_not_untouched_final
2022-02-27T08:00:00,od_16,walking,5.0,walking-1,42.321031780608884,47.321031780608884,3,False,walking-1,walking-1,False,42.321031780608884,42.321031780608884,1405.9630219837734,1338.3548764101304,1338.3548764101304,1405.9630219837734,863.3226534791088,863.3226534791088,0.0,0.0,0.0,0.0,0.0,development_exploratory_not_untouched_final
2022-02-27T08:00:00,od_16,walking,10.0,walking-1,42.321031780608884,52.321031780608884,4,False,walking-1,walking-1,False,42.321031780608884,42.321031780608884,1405.9630219837734,1338.3548764101304,1338.3548764101304,1405.9630219837734,863.3226534791088,863.3226534791088,0.0,0.0,0.0,0.0,0.0,development_exploratory_not_untouched_final
2022-02-27T08:00:00,od_17,motorbike,0.0,motorbike-1,7.441035707268513,7.441035707268513,1,True,motorbike-1,motorbike-1,False,7.441035707268513,7.441035707268513,196.9215507696744,217.34569894735856,217.34569894735856,196.9215507696744,145.56789157825403,145.56789157825403,0.0,0.0,0.0,0.0,0.0,development_exploratory_not_untouched_final
2022-02-27T08:00:00,od_17,motorbike,1.0,motorbike-1,7.441035707268513,8.441035707268513,2,False,motorbike-1,motorbike-1,False,7.441035707268513,7.441035707268513,196.9215507696744,217.34569894735856,217.34569894735856,196.9215507696744,145.56789157825403,145.56789157825403,0.0,0.0,0.0,0.0,0.0,development_exploratory_not_untouched_final
2022-02-27T08:00:00,od_17,motorbike,2.0,motorbike-1,7.441035707268513,9.441035707268513,4,False,motorbike-1,motorbike-1,False,7.441035707268513,7.441035707268513,196.9215507696744,217.34569894735856,217.34569894735856,196.9215507696744,145.56789157825403,145.56789157825403,0.0,0.0,0.0,0.0,0.0,development_exploratory_not_untouched_final
2022-02-27T08:00:00,od_17,motorbike,3.0,motorbike-1,7.441035707268513,10.441035707268513,5,False,motorbike-1,motorbike-1,False,7.441035707268513,7.441035707268513,196.9215507696744,217.34569894735856,217.34569894735856,196.9215507696744,145.56789157825403,145.56789157825403,0.0,0.0,0.0,0.0,0.0,development_exploratory_not_untouched_final
2022-02-27T08:00:00,od_17,motorbike,5.0,motorbike-1,7.441035707268513,12.441035707268513,8,False,motorbike-1,motorbike-1,False,7.441035707268513,7.441035707268513,196.9215507696744,217.34569894735856,217.34569894735856,196.9215507696744,145.56789157825403,145.56789157825403,0.0,0.0,0.0,0.0,0.0,development_exploratory_not_untouched_final
2022-02-27T08:00:00,od_17,motorbike,10.0,motorbike-1,7.441035707268513,17.44103570726851,8,False,motorbike-1,motorbike-1,False,7.441035707268513,7.441035707268513,196.9215507696744,217.34569894735856,217.34569894735856,196.9215507696744,145.56789157825403,145.56789157825403,0.0,0.0,0.0,0.0,0.0,development_exploratory_not_untouched_final
2022-02-27T08:00:00,od_17,walking,0.0,walking-1,34.43480932707909,34.43480932707909,1,True,walking-1,walking-1,False,34.43480932707909,34.43480932707909,912.4440911204771,1009.1421164813503,1009.1421164813503,912.4440911204771,674.5206898901203,674.5206898901203,0.0,0.0,0.0,0.0,0.0,development_exploratory_not_untouched_final
2022-02-27T08:00:00,od_17,walking,1.0,walking-1,34.43480932707909,35.43480932707909,1,True,walking-1,walking-1,False,34.43480932707909,34.43480932707909,912.4440911204771,1009.1421164813503,1009.1421164813503,912.4440911204771,674.5206898901203,674.5206898901203,0.0,0.0,0.0,0.0,0.0,development_exploratory_not_untouched_final
2022-02-27T08:00:00,od_17,walking,2.0,walking-1,34.43480932707909,36.43480932707909,1,True,walking-1,walking-1,False,34.43480932707909,34.43480932707909,912.4440911204771,1009.1421164813503,1009.1421164813503,912.4440911204771,674.5206898901203,674.5206898901203,0.0,0.0,0.0,0.0,0.0,development_exploratory_not_untouched_final
2022-02-27T08:00:00,od_17,walking,3.0,walking-1,34.43480932707909,37.43480932707909,2,False,walking-1,walking-1,False,34.43480932707909,34.43480932707909,912.4440911204771,1009.1421164813503,1009.1421164813503,912.4440911204771,674.5206898901203,674.5206898901203,0.0,0.0,0.0,0.0,0.0,development_exploratory_not_untouched_final
2022-02-27T08:00:00,od_17,walking,5.0,walking-1,34.43480932707909,39.43480932707909,2,False,walking-1,walking-1,False,34.43480932707909,34.43480932707909,912.4440911204771,1009.1421164813503,1009.1421164813503,912.4440911204771,674.5206898901203,674.5206898901203,0.0,0.0,0.0,0.0,0.0,development_exploratory_not_untouched_final
2022-02-27T08:00:00,od_17,walking,10.0,walking-1,34.43480932707909,44.43480932707909,5,False,walking-1,walking-1,False,34.43480932707909,34.43480932707909,912.4440911204771,1009.1421164813503,1009.1421164813503,912.4440911204771,674.5206898901203,674.5206898901203,0.0,0.0,0.0,0.0,0.0,development_exploratory_not_untouched_final
2022-02-27T08:00:00,od_18,motorbike,0.0,motorbike-1,12.726291990935445,12.726291990935445,1,True,motorbike-1,motorbike-1,False,12.726291990935445,12.726291990935445,370.8967281285286,371.66944834687297,371.66944834687297,370.8967281285286,253.59049145330883,253.59049145330883,0.0,0.0,0.0,0.0,0.0,development_exploratory_not_untouched_final
2022-02-27T08:00:00,od_18,motorbike,1.0,motorbike-1,12.726291990935445,13.726291990935445,2,False,motorbike-1,motorbike-1,False,12.726291990935445,12.726291990935445,370.8967281285286,371.66944834687297,371.66944834687297,370.8967281285286,253.59049145330883,253.59049145330883,0.0,0.0,0.0,0.0,0.0,development_exploratory_not_untouched_final
2022-02-27T08:00:00,od_18,motorbike,2.0,motorbike-1,12.726291990935445,14.726291990935445,3,False,motorbike-1,motorbike-1,False,12.726291990935445,12.726291990935445,370.8967281285286,371.66944834687297,371.66944834687297,370.8967281285286,253.59049145330883,253.59049145330883,0.0,0.0,0.0,0.0,0.0,development_exploratory_not_untouched_final
2022-02-27T08:00:00,od_18,motorbike,3.0,motorbike-1,12.726291990935445,15.726291990935445,3,False,motorbike-1,motorbike-1,False,12.726291990935445,12.726291990935445,370.8967281285286,371.66944834687297,371.66944834687297,370.8967281285286,253.59049145330883,253.59049145330883,0.0,0.0,0.0,0.0,0.0,development_exploratory_not_untouched_final
2022-02-27T08:00:00,od_18,motorbike,5.0,motorbike-1,12.726291990935445,17.726291990935444,6,False,motorbike-1,motorbike-1,False,12.726291990935445,12.726291990935445,370.8967281285286,371.66944834687297,371.66944834687297,370.8967281285286,253.59049145330883,253.59049145330883,0.0,0.0,0.0,0.0,0.0,development_exploratory_not_untouched_final
2022-02-27T08:00:00,od_18,motorbike,10.0,motorbike-1,12.726291990935445,22.726291990935444,8,False,motorbike-1,motorbike-1,False,12.726291990935445,12.726291990935445,370.8967281285286,371.66944834687297,371.66944834687297,370.8967281285286,253.59049145330883,253.59049145330883,0.0,0.0,0.0,0.0,0.0,development_exploratory_not_untouched_final
2022-02-27T08:00:00,od_18,walking,0.0,walking-1,63.63145995467723,63.63145995467723,1,True,walking-1,walking-1,False,63.63145995467723,63.63145995467723,1854.4836406426427,1854.8206287690095,1854.8206287690095,1854.4836406426427,1267.4037616035805,1267.4037616035805,0.0,0.0,0.0,0.0,0.0,development_exploratory_not_untouched_final
2022-02-27T08:00:00,od_18,walking,1.0,walking-1,63.63145995467723,64.63145995467724,5,False,walking-1,walking-1,False,63.63145995467723,63.63145995467723,1854.4836406426427,1854.8206287690095,1854.8206287690095,1854.4836406426427,1267.4037616035805,1267.4037616035805,0.0,0.0,0.0,0.0,0.0,development_exploratory_not_untouched_final
2022-02-27T08:00:00,od_18,walking,2.0,walking-1,63.63145995467723,65.63145995467724,6,False,walking-1,walking-1,False,63.63145995467723,63.63145995467723,1854.4836406426427,1854.8206287690095,1854.8206287690095,1854.4836406426427,1267.4037616035805,1267.4037616035805,0.0,0.0,0.0,0.0,0.0,development_exploratory_not_untouched_final
2022-02-27T08:00:00,od_18,walking,3.0,walking-1,63.63145995467723,66.63145995467724,6,False,walking-1,walking-1,False,63.63145995467723,63.63145995467723,1854.4836406426427,1854.8206287690095,1854.8206287690095,1854.4836406426427,1267.4037616035805,1267.4037616035805,0.0,0.0,0.0,0.0,0.0,development_exploratory_not_untouched_final
2022-02-27T08:00:00,od_18,walking,5.0,walking-1,63.63145995467723,68.63145995467724,6,False,walking-1,walking-1,False,63.63145995467723,63.63145995467723,1854.4836406426427,1854.8206287690095,1854.8206287690095,1854.4836406426427,1267.4037616035805,1267.4037616035805,0.0,0.0,0.0,0.0,0.0,development_exploratory_not_untouched_final
2022-02-27T08:00:00,od_18,walking,10.0,walking-1,63.63145995467723,73.63145995467724,8,False,walking-1,walking-1,False,63.63145995467723,63.63145995467723,1854.4836406426427,1854.8206287690095,1854.8206287690095,1854.4836406426427,1267.4037616035805,1267.4037616035805,0.0,0.0,0.0,0.0,0.0,development_exploratory_not_untouched_final
2022-02-27T08:00:00,od_19,motorbike,0.0,motorbike-1,10.685350920074288,10.685350920074288,1,True,motorbike-1,motorbike-1,False,10.685350920074288,10.685350920074288,281.05777718495017,289.7496379611923,289.7496379611923,281.05777718495017,203.65745778724803,203.65745778724803,0.0,0.0,0.0,0.0,0.0,development_exploratory_not_untouched_final
2022-02-27T08:00:00,od_19,motorbike,1.0,motorbike-1,10.685350920074288,11.685350920074288,2,False,motorbike-1,motorbike-1,False,10.685350920074288,10.685350920074288,281.05777718495017,289.7496379611923,289.7496379611923,281.05777718495017,203.65745778724803,203.65745778724803,0.0,0.0,0.0,0.0,0.0,development_exploratory_not_untouched_final
2022-02-27T08:00:00,od_19,motorbike,2.0,motorbike-1,10.685350920074288,12.685350920074288,4,False,motorbike-1,motorbike-1,False,10.685350920074288,10.685350920074288,281.05777718495017,289.7496379611923,289.7496379611923,281.05777718495017,203.65745778724803,203.65745778724803,0.0,0.0,0.0,0.0,0.0,development_exploratory_not_untouched_final
2022-02-27T08:00:00,od_19,motorbike,3.0,motorbike-1,10.685350920074288,13.685350920074288,4,False,motorbike-1,motorbike-1,False,10.685350920074288,10.685350920074288,281.05777718495017,289.7496379611923,289.7496379611923,281.05777718495017,203.65745778724803,203.65745778724803,0.0,0.0,0.0,0.0,0.0,development_exploratory_not_untouched_final
2022-02-27T08:00:00,od_19,motorbike,5.0,motorbike-1,10.685350920074288,15.685350920074288,6,False,motorbike-1,motorbike-1,False,10.685350920074288,10.685350920074288,281.05777718495017,289.7496379611923,289.7496379611923,281.05777718495017,203.65745778724803,203.65745778724803,0.0,0.0,0.0,0.0,0.0,development_exploratory_not_untouched_final
2022-02-27T08:00:00,od_19,motorbike,10.0,motorbike-1,10.685350920074288,20.68535092007429,8,False,motorbike-1,motorbike-1,False,10.685350920074288,10.685350920074288,281.05777718495017,289.7496379611923,289.7496379611923,281.05777718495017,203.65745778724803,203.65745778724803,0.0,0.0,0.0,0.0,0.0,development_exploratory_not_untouched_final
2022-02-27T08:00:00,od_19,walking,0.0,walking-1,53.016329309640604,53.016329309640604,1,True,walking-1,walking-1,False,53.016329309640604,53.016329309640604,1394.6049262247714,1437.700902858504,1437.700902858504,1394.6049262247714,1010.4982483838958,1010.4982483838958,0.0,0.0,0.0,0.0,0.0,development_exploratory_not_untouched_final
2022-02-27T08:00:00,od_19,walking,1.0,walking-1,53.016329309640604,54.016329309640604,4,False,walking-1,walking-1,False,53.016329309640604,53.016329309640604,1394.6049262247714,1437.700902858504,1437.700902858504,1394.6049262247714,1010.4982483838958,1010.4982483838958,0.0,0.0,0.0,0.0,0.0,development_exploratory_not_untouched_final
2022-02-27T08:00:00,od_19,walking,2.0,walking-1,53.016329309640604,55.016329309640604,4,False,walking-1,walking-1,False,53.016329309640604,53.016329309640604,1394.6049262247714,1437.700902858504,1437.700902858504,1394.6049262247714,1010.4982483838958,1010.4982483838958,0.0,0.0,0.0,0.0,0.0,development_exploratory_not_untouched_final
2022-02-27T08:00:00,od_19,walking,3.0,walking-1,53.016329309640604,56.016329309640604,4,False,walking-1,walking-1,False,53.016329309640604,53.016329309640604,1394.6049262247714,1437.700902858504,1437.700902858504,1394.6049262247714,1010.4982483838958,1010.4982483838958,0.0,0.0,0.0,0.0,0.0,development_exploratory_not_untouched_final
2022-02-27T08:00:00,od_19,walking,5.0,walking-1,53.016329309640604,58.016329309640604,6,False,walking-1,walking-1,False,53.016329309640604,53.016329309640604,1394.6049262247714,1437.700902858504,1437.700902858504,1394.6049262247714,1010.4982483838958,1010.4982483838958,0.0,0.0,0.0,0.0,0.0,development_exploratory_not_untouched_final
2022-02-27T08:00:00,od_19,walking,10.0,walking-1,53.016329309640604,63.016329309640604,7,False,walking-1,walking-1,False,53.016329309640604,53.016329309640604,1394.6049262247714,1437.700902858504,1437.700902858504,1394.6049262247714,1010.4982483838958,1010.4982483838958,0.0,0.0,0.0,0.0,0.0,development_exploratory_not_untouched_final
2022-02-27T08:00:00,od_20,motorbike,0.0,motorbike-1,8.770543469520456,8.770543469520456,1,True,motorbike-1,motorbike-1,False,8.770543469520456,8.770543469520456,204.05546107527942,219.16284195085746,219.16284195085746,204.05546107527942,159.59144069550095,159.59144069550095,0.0,0.0,0.0,0.0,0.0,development_exploratory_not_untouched_final
2022-02-27T08:00:00,od_20,motorbike,1.0,motorbike-1,8.770543469520456,9.770543469520456,2,False,motorbike-1,motorbike-1,False,8.770543469520456,8.770543469520456,204.05546107527942,219.16284195085746,219.16284195085746,204.05546107527942,159.59144069550095,159.59144069550095,0.0,0.0,0.0,0.0,0.0,development_exploratory_not_untouched_final
2022-02-27T08:00:00,od_20,motorbike,2.0,motorbike-1,8.770543469520456,10.770543469520456,3,False,motorbike-1,motorbike-1,False,8.770543469520456,8.770543469520456,204.05546107527942,219.16284195085746,219.16284195085746,204.05546107527942,159.59144069550095,159.59144069550095,0.0,0.0,0.0,0.0,0.0,development_exploratory_not_untouched_final
2022-02-27T08:00:00,od_20,motorbike,3.0,motorbike-1,8.770543469520456,11.770543469520456,3,False,motorbike-1,motorbike-1,False,8.770543469520456,8.770543469520456,204.05546107527942,219.16284195085746,219.16284195085746,204.05546107527942,159.59144069550095,159.59144069550095,0.0,0.0,0.0,0.0,0.0,development_exploratory_not_untouched_final
2022-02-27T08:00:00,od_20,motorbike,5.0,motorbike-1,8.770543469520456,13.770543469520456,5,False,motorbike-1,motorbike-1,False,8.770543469520456,8.770543469520456,204.05546107527942,219.16284195085746,219.16284195085746,204.05546107527942,159.59144069550095,159.59144069550095,0.0,0.0,0.0,0.0,0.0,development_exploratory_not_untouched_final
2022-02-27T08:00:00,od_20,motorbike,10.0,motorbike-1,8.770543469520456,18.770543469520454,7,False,motorbike-1,motorbike-1,False,8.770543469520456,8.770543469520456,204.05546107527942,219.16284195085746,219.16284195085746,204.05546107527942,159.59144069550095,159.59144069550095,0.0,0.0,0.0,0.0,0.0,development_exploratory_not_untouched_final
2022-02-27T08:00:00,od_20,walking,0.0,walking-1,46.44827166644704,46.44827166644704,1,True,walking-1,walking-1,False,46.44827166644704,46.44827166644704,1081.0144514629453,1159.6345941224483,1159.6345941224483,1081.0144514629453,845.2043043528367,845.2043043528367,0.0,0.0,0.0,0.0,0.0,development_exploratory_not_untouched_final
2022-02-27T08:00:00,od_20,walking,1.0,walking-1,46.44827166644704,47.44827166644704,5,False,walking-1,walking-1,False,46.44827166644704,46.44827166644704,1081.0144514629453,1159.6345941224483,1159.6345941224483,1081.0144514629453,845.2043043528367,845.2043043528367,0.0,0.0,0.0,0.0,0.0,development_exploratory_not_untouched_final
2022-02-27T08:00:00,od_20,walking,2.0,walking-1,46.44827166644704,48.44827166644704,5,False,walking-1,walking-1,False,46.44827166644704,46.44827166644704,1081.0144514629453,1159.6345941224483,1159.6345941224483,1081.0144514629453,845.2043043528367,845.2043043528367,0.0,0.0,0.0,0.0,0.0,development_exploratory_not_untouched_final
2022-02-27T08:00:00,od_20,walking,3.0,walking-1,46.44827166644704,49.44827166644704,5,False,walking-1,walking-1,False,46.44827166644704,46.44827166644704,1081.0144514629453,1159.6345941224483,1159.6345941224483,1081.0144514629453,845.2043043528367,845.2043043528367,0.0,0.0,0.0,0.0,0.0,development_exploratory_not_untouched_final
2022-02-27T08:00:00,od_20,walking,5.0,walking-1,46.44827166644704,51.44827166644704,5,False,walking-1,walking-1,False,46.44827166644704,46.44827166644704,1081.0144514629453,1159.6345941224483,1159.6345941224483,1081.0144514629453,845.2043043528367,845.2043043528367,0.0,0.0,0.0,0.0,0.0,development_exploratory_not_untouched_final
2022-02-27T08:00:00,od_20,walking,10.0,walking-1,46.44827166644704,56.44827166644704,6,False,walking-1,walking-1,False,46.44827166644704,46.44827166644704,1081.0144514629453,1159.6345941224483,1159.6345941224483,1081.0144514629453,845.2043043528367,845.2043043528367,0.0,0.0,0.0,0.0,0.0,development_exploratory_not_untouched_final
2022-02-27T08:00:00,od_21,motorbike,0.0,motorbike-1,9.04935995112664,9.04935995112664,1,True,motorbike-1,motorbike-1,False,9.04935995112664,9.04935995112664,239.52571411062732,251.72991965458675,251.72991965458675,239.52571411062732,175.22102358766077,175.22102358766077,0.0,0.0,0.0,0.0,0.0,development_exploratory_not_untouched_final
2022-02-27T08:00:00,od_21,motorbike,1.0,motorbike-1,9.04935995112664,10.04935995112664,3,False,motorbike-1,motorbike-1,False,9.04935995112664,9.04935995112664,239.52571411062732,251.72991965458675,251.72991965458675,239.52571411062732,175.22102358766077,175.22102358766077,0.0,0.0,0.0,0.0,0.0,development_exploratory_not_untouched_final
2022-02-27T08:00:00,od_21,motorbike,2.0,motorbike-1,9.04935995112664,11.04935995112664,4,False,motorbike-1,motorbike-1,False,9.04935995112664,9.04935995112664,239.52571411062732,251.72991965458675,251.72991965458675,239.52571411062732,175.22102358766077,175.22102358766077,0.0,0.0,0.0,0.0,0.0,development_exploratory_not_untouched_final
2022-02-27T08:00:00,od_21,motorbike,3.0,motorbike-1,9.04935995112664,12.04935995112664,5,False,motorbike-1,motorbike-1,False,9.04935995112664,9.04935995112664,239.52571411062732,251.72991965458675,251.72991965458675,239.52571411062732,175.22102358766077,175.22102358766077,0.0,0.0,0.0,0.0,0.0,development_exploratory_not_untouched_final
2022-02-27T08:00:00,od_21,motorbike,5.0,motorbike-1,9.04935995112664,14.04935995112664,6,False,motorbike-1,motorbike-1,False,9.04935995112664,9.04935995112664,239.52571411062732,251.72991965458675,251.72991965458675,239.52571411062732,175.22102358766077,175.22102358766077,0.0,0.0,0.0,0.0,0.0,development_exploratory_not_untouched_final
2022-02-27T08:00:00,od_21,motorbike,10.0,motorbike-1,9.04935995112664,19.04935995112664,8,False,motorbike-1,motorbike-1,False,9.04935995112664,9.04935995112664,239.52571411062732,251.72991965458675,251.72991965458675,239.52571411062732,175.22102358766077,175.22102358766077,0.0,0.0,0.0,0.0,0.0,development_exploratory_not_untouched_final
2022-02-27T08:00:00,od_21,walking,0.0,walking-1,43.87865051815163,43.87865051815163,1,True,walking-1,walking-1,False,43.87865051815163,43.87865051815163,1132.9466289198597,1193.6831577145058,1193.6831577145058,1132.9466289198597,841.7396714505464,841.7396714505464,0.0,0.0,0.0,0.0,0.0,development_exploratory_not_untouched_final
2022-02-27T08:00:00,od_21,walking,1.0,walking-1,43.87865051815163,44.87865051815163,2,False,walking-1,walking-1,False,43.87865051815163,43.87865051815163,1132.9466289198597,1193.6831577145058,1193.6831577145058,1132.9466289198597,841.7396714505464,841.7396714505464,0.0,0.0,0.0,0.0,0.0,development_exploratory_not_untouched_final
2022-02-27T08:00:00,od_21,walking,2.0,walking-1,43.87865051815163,45.87865051815163,3,False,walking-1,walking-1,False,43.87865051815163,43.87865051815163,1132.9466289198597,1193.6831577145058,1193.6831577145058,1132.9466289198597,841.7396714505464,841.7396714505464,0.0,0.0,0.0,0.0,0.0,development_exploratory_not_untouched_final
2022-02-27T08:00:00,od_21,walking,3.0,walking-1,43.87865051815163,46.87865051815163,3,False,walking-1,walking-1,False,43.87865051815163,43.87865051815163,1132.9466289198597,1193.6831577145058,1193.6831577145058,1132.9466289198597,841.7396714505464,841.7396714505464,0.0,0.0,0.0,0.0,0.0,development_exploratory_not_untouched_final
2022-02-27T08:00:00,od_21,walking,5.0,walking-1,43.87865051815163,48.87865051815163,3,False,walking-1,walking-1,False,43.87865051815163,43.87865051815163,1132.9466289198597,1193.6831577145058,1193.6831577145058,1132.9466289198597,841.7396714505464,841.7396714505464,0.0,0.0,0.0,0.0,0.0,development_exploratory_not_untouched_final
2022-02-27T08:00:00,od_21,walking,10.0,walking-1,43.87865051815163,53.87865051815163,5,False,walking-1,walking-1,False,43.87865051815163,43.87865051815163,1132.9466289198597,1193.6831577145058,1193.6831577145058,1132.9466289198597,841.7396714505464,841.7396714505464,0.0,0.0,0.0,0.0,0.0,development_exploratory_not_untouched_final
2022-02-27T08:00:00,od_22,motorbike,0.0,motorbike-1,7.015399211952966,7.015399211952966,1,True,motorbike-1,motorbike-1,False,7.015399211952966,7.015399211952966,184.83649611144946,189.59072285070445,189.59072285070445,184.83649611144946,131.72318658108608,131.72318658108608,0.0,0.0,0.0,0.0,0.0,development_exploratory_not_untouched_final
2022-02-27T08:00:00,od_22,motorbike,1.0,motorbike-1,7.015399211952966,8.015399211952966,3,False,motorbike-1,motorbike-1,False,7.015399211952966,7.015399211952966,184.83649611144946,189.59072285070445,189.59072285070445,184.83649611144946,131.72318658108608,131.72318658108608,0.0,0.0,0.0,0.0,0.0,development_exploratory_not_untouched_final
2022-02-27T08:00:00,od_22,motorbike,2.0,motorbike-1,7.015399211952966,9.015399211952966,4,False,motorbike-1,motorbike-1,False,7.015399211952966,7.015399211952966,184.83649611144946,189.59072285070445,189.59072285070445,184.83649611144946,131.72318658108608,131.72318658108608,0.0,0.0,0.0,0.0,0.0,development_exploratory_not_untouched_final
2022-02-27T08:00:00,od_22,motorbike,3.0,motorbike-1,7.015399211952966,10.015399211952966,5,False,motorbike-1,motorbike-1,False,7.015399211952966,7.015399211952966,184.83649611144946,189.59072285070445,189.59072285070445,184.83649611144946,131.72318658108608,131.72318658108608,0.0,0.0,0.0,0.0,0.0,development_exploratory_not_untouched_final
2022-02-27T08:00:00,od_22,motorbike,5.0,motorbike-1,7.015399211952966,12.015399211952966,6,False,motorbike-1,motorbike-1,False,7.015399211952966,7.015399211952966,184.83649611144946,189.59072285070445,189.59072285070445,184.83649611144946,131.72318658108608,131.72318658108608,0.0,0.0,0.0,0.0,0.0,development_exploratory_not_untouched_final
2022-02-27T08:00:00,od_22,motorbike,10.0,motorbike-1,7.015399211952966,17.015399211952968,7,False,motorbike-1,motorbike-1,False,7.015399211952966,7.015399211952966,184.83649611144946,189.59072285070445,189.59072285070445,184.83649611144946,131.72318658108608,131.72318658108608,0.0,0.0,0.0,0.0,0.0,development_exploratory_not_untouched_final
2022-02-27T08:00:00,od_22,walking,0.0,walking-1,35.07699605976483,35.07699605976483,1,True,walking-1,walking-1,False,35.07699605976483,35.07699605976483,924.1824805572481,947.9536142535223,947.9536142535223,924.1824805572481,658.6159329054304,658.6159329054304,0.0,0.0,0.0,0.0,0.0,development_exploratory_not_untouched_final
2022-02-27T08:00:00,od_22,walking,1.0,walking-1,35.07699605976483,36.07699605976483,1,True,walking-1,walking-1,False,35.07699605976483,35.07699605976483,924.1824805572481,947.9536142535223,947.9536142535223,924.1824805572481,658.6159329054304,658.6159329054304,0.0,0.0,0.0,0.0,0.0,development_exploratory_not_untouched_final
2022-02-27T08:00:00,od_22,walking,2.0,walking-1,35.07699605976483,37.07699605976483,1,True,walking-1,walking-1,False,35.07699605976483,35.07699605976483,924.1824805572481,947.9536142535223,947.9536142535223,924.1824805572481,658.6159329054304,658.6159329054304,0.0,0.0,0.0,0.0,0.0,development_exploratory_not_untouched_final
2022-02-27T08:00:00,od_22,walking,3.0,walking-1,35.07699605976483,38.07699605976483,2,False,walking-1,walking-1,False,35.07699605976483,35.07699605976483,924.1824805572481,947.9536142535223,947.9536142535223,924.1824805572481,658.6159329054304,658.6159329054304,0.0,0.0,0.0,0.0,0.0,development_exploratory_not_untouched_final
2022-02-27T08:00:00,od_22,walking,5.0,walking-1,35.07699605976483,40.07699605976483,3,False,walking-1,walking-1,False,35.07699605976483,35.07699605976483,924.1824805572481,947.9536142535223,947.9536142535223,924.1824805572481,658.6159329054304,658.6159329054304,0.0,0.0,0.0,0.0,0.0,development_exploratory_not_untouched_final
2022-02-27T08:00:00,od_22,walking,10.0,walking-1,35.07699605976483,45.07699605976483,4,False,walking-1,walking-1,False,35.07699605976483,35.07699605976483,924.1824805572481,947.9536142535223,947.9536142535223,924.1824805572481,658.6159329054304,658.6159329054304,0.0,0.0,0.0,0.0,0.0,development_exploratory_not_untouched_final
2022-02-27T08:00:00,od_23,motorbike,0.0,motorbike-1,10.555049856816883,10.555049856816883,1,True,motorbike-1,motorbike-1,False,10.555049856816883,10.555049856816883,289.447719237266,296.85872041325985,296.85872041325985,289.447719237266,208.62316053309542,208.62316053309542,0.0,0.0,0.0,0.0,0.0,development_exploratory_not_untouched_final
2022-02-27T08:00:00,od_23,motorbike,1.0,motorbike-1,10.555049856816883,11.555049856816883,2,False,motorbike-1,motorbike-1,False,10.555049856816883,10.555049856816883,289.447719237266,296.85872041325985,296.85872041325985,289.447719237266,208.62316053309542,208.62316053309542,0.0,0.0,0.0,0.0,0.0,development_exploratory_not_untouched_final
2022-02-27T08:00:00,od_23,motorbike,2.0,motorbike-1,10.555049856816883,12.555049856816883,3,False,motorbike-1,motorbike-1,False,10.555049856816883,10.555049856816883,289.447719237266,296.85872041325985,296.85872041325985,289.447719237266,208.62316053309542,208.62316053309542,0.0,0.0,0.0,0.0,0.0,development_exploratory_not_untouched_final
2022-02-27T08:00:00,od_23,motorbike,3.0,motorbike-1,10.555049856816883,13.555049856816883,4,False,motorbike-1,motorbike-1,False,10.555049856816883,10.555049856816883,289.447719237266,296.85872041325985,296.85872041325985,289.447719237266,208.62316053309542,208.62316053309542,0.0,0.0,0.0,0.0,0.0,development_exploratory_not_untouched_final
2022-02-27T08:00:00,od_23,motorbike,5.0,motorbike-1,10.555049856816883,15.555049856816883,4,False,motorbike-1,motorbike-1,False,10.555049856816883,10.555049856816883,289.447719237266,296.85872041325985,296.85872041325985,289.447719237266,208.62316053309542,208.62316053309542,0.0,0.0,0.0,0.0,0.0,development_exploratory_not_untouched_final
2022-02-27T08:00:00,od_23,motorbike,10.0,motorbike-1,10.555049856816883,20.555049856816883,7,False,motorbike-1,motorbike-1,False,10.555049856816883,10.555049856816883,289.447719237266,296.85872041325985,296.85872041325985,289.447719237266,208.62316053309542,208.62316053309542,0.0,0.0,0.0,0.0,0.0,development_exploratory_not_untouched_final
2022-02-27T08:00:00,od_23,walking,0.0,walking-1,50.65519895369051,50.65519895369051,1,True,walking-1,walking-1,False,50.65519895369051,50.65519895369051,1391.7440918672057,1426.5705569644151,1426.5705569644151,1391.7440918672057,1001.5709675416012,1001.5709675416012,0.0,0.0,0.0,0.0,0.0,development_exploratory_not_untouched_final
2022-02-27T08:00:00,od_23,walking,1.0,walking-1,50.65519895369051,51.65519895369051,5,False,walking-1,walking-1,False,50.65519895369051,50.65519895369051,1391.7440918672057,1426.5705569644151,1426.5705569644151,1391.7440918672057,1001.5709675416012,1001.5709675416012,0.0,0.0,0.0,0.0,0.0,development_exploratory_not_untouched_final
2022-02-27T08:00:00,od_23,walking,2.0,walking-1,50.65519895369051,52.65519895369051,5,False,walking-1,walking-1,False,50.65519895369051,50.65519895369051,1391.7440918672057,1426.5705569644151,1426.5705569644151,1391.7440918672057,1001.5709675416012,1001.5709675416012,0.0,0.0,0.0,0.0,0.0,development_exploratory_not_untouched_final
2022-02-27T08:00:00,od_23,walking,3.0,walking-1,50.65519895369051,53.65519895369051,5,False,walking-1,walking-1,False,50.65519895369051,50.65519895369051,1391.7440918672057,1426.5705569644151,1426.5705569644151,1391.7440918672057,1001.5709675416012,1001.5709675416012,0.0,0.0,0.0,0.0,0.0,development_exploratory_not_untouched_final
2022-02-27T08:00:00,od_23,walking,5.0,walking-1,50.65519895369051,55.65519895369051,5,False,walking-1,walking-1,False,50.65519895369051,50.65519895369051,1391.7440918672057,1426.5705569644151,1426.5705569644151,1391.7440918672057,1001.5709675416012,1001.5709675416012,0.0,0.0,0.0,0.0,0.0,development_exploratory_not_untouched_final
2022-02-27T08:00:00,od_23,walking,10.0,walking-1,50.65519895369051,60.65519895369051,6,False,walking-1,walking-1,False,50.65519895369051,50.65519895369051,1391.7440918672057,1426.5705569644151,1426.5705569644151,1391.7440918672057,1001.5709675416012,1001.5709675416012,0.0,0.0,0.0,0.0,0.0,development_exploratory_not_untouched_final
2022-02-27T08:00:00,od_24,motorbike,0.0,motorbike-1,8.480694922287851,8.480694922287851,1,True,motorbike-1,motorbike-1,False,8.480694922287851,8.480694922287851,232.1447469562127,246.0354745736995,246.0354745736995,232.1447469562127,165.91748362703316,165.91748362703316,0.0,0.0,0.0,0.0,0.0,development_exploratory_not_untouched_final
2022-02-27T08:00:00,od_24,motorbike,1.0,motorbike-1,8.480694922287851,9.480694922287851,2,False,motorbike-1,motorbike-1,False,8.480694922287851,8.480694922287851,232.1447469562127,246.0354745736995,246.0354745736995,232.1447469562127,165.91748362703316,165.91748362703316,0.0,0.0,0.0,0.0,0.0,development_exploratory_not_untouched_final
2022-02-27T08:00:00,od_24,motorbike,2.0,motorbike-1,8.480694922287851,10.480694922287851,3,False,motorbike-1,motorbike-1,False,8.480694922287851,8.480694922287851,232.1447469562127,246.0354745736995,246.0354745736995,232.1447469562127,165.91748362703316,165.91748362703316,0.0,0.0,0.0,0.0,0.0,development_exploratory_not_untouched_final
2022-02-27T08:00:00,od_24,motorbike,3.0,motorbike-1,8.480694922287851,11.480694922287851,5,False,motorbike-1,motorbike-1,False,8.480694922287851,8.480694922287851,232.1447469562127,246.0354745736995,246.0354745736995,232.1447469562127,165.91748362703316,165.91748362703316,0.0,0.0,0.0,0.0,0.0,development_exploratory_not_untouched_final
2022-02-27T08:00:00,od_24,motorbike,5.0,motorbike-1,8.480694922287851,13.480694922287851,7,False,motorbike-1,motorbike-1,False,8.480694922287851,8.480694922287851,232.1447469562127,246.0354745736995,246.0354745736995,232.1447469562127,165.91748362703316,165.91748362703316,0.0,0.0,0.0,0.0,0.0,development_exploratory_not_untouched_final
2022-02-27T08:00:00,od_24,motorbike,10.0,motorbike-1,8.480694922287851,18.480694922287853,8,False,motorbike-1,motorbike-1,False,8.480694922287851,8.480694922287851,232.1447469562127,246.0354745736995,246.0354745736995,232.1447469562127,165.91748362703316,165.91748362703316,0.0,0.0,0.0,0.0,0.0,development_exploratory_not_untouched_final
2022-02-27T08:00:00,od_24,walking,0.0,walking-1,38.60634262328327,38.60634262328327,1,True,walking-1,walking-1,False,38.60634262328327,38.60634262328327,1059.5554450615016,1119.581139823962,1119.581139823962,1059.5554450615016,755.4339199031016,755.4339199031016,0.0,0.0,0.0,0.0,0.0,development_exploratory_not_untouched_final
2022-02-27T08:00:00,od_24,walking,1.0,walking-1,38.60634262328327,39.60634262328327,1,True,walking-1,walking-1,False,38.60634262328327,38.60634262328327,1059.5554450615016,1119.581139823962,1119.581139823962,1059.5554450615016,755.4339199031016,755.4339199031016,0.0,0.0,0.0,0.0,0.0,development_exploratory_not_untouched_final
2022-02-27T08:00:00,od_24,walking,2.0,walking-1,38.60634262328327,40.60634262328327,2,False,walking-1,walking-1,False,38.60634262328327,38.60634262328327,1059.5554450615016,1119.581139823962,1119.581139823962,1059.5554450615016,755.4339199031016,755.4339199031016,0.0,0.0,0.0,0.0,0.0,development_exploratory_not_untouched_final
2022-02-27T08:00:00,od_24,walking,3.0,walking-1,38.60634262328327,41.60634262328327,3,False,walking-1,walking-1,False,38.60634262328327,38.60634262328327,1059.5554450615016,1119.581139823962,1119.581139823962,1059.5554450615016,755.4339199031016,755.4339199031016,0.0,0.0,0.0,0.0,0.0,development_exploratory_not_untouched_final
2022-02-27T08:00:00,od_24,walking,5.0,walking-1,38.60634262328327,43.60634262328327,3,False,walking-1,walking-1,False,38.60634262328327,38.60634262328327,1059.5554450615016,1119.581139823962,1119.581139823962,1059.5554450615016,755.4339199031016,755.4339199031016,0.0,0.0,0.0,0.0,0.0,development_exploratory_not_untouched_final
2022-02-27T08:00:00,od_24,walking,10.0,walking-1,38.60634262328327,48.60634262328327,4,False,walking-1,walking-1,False,38.60634262328327,38.60634262328327,1059.5554450615016,1119.581139823962,1119.581139823962,1059.5554450615016,755.4339199031016,755.4339199031016,0.0,0.0,0.0,0.0,0.0,development_exploratory_not_untouched_final
2022-02-27T08:00:00,od_25,motorbike,0.0,motorbike-1,12.177989808997324,12.177989808997324,1,True,motorbike-1,motorbike-1,False,12.177989808997324,12.177989808997324,374.71674340428615,369.39562404414573,369.39562404414573,374.71674340428615,244.71877167642216,244.71877167642216,0.0,0.0,0.0,0.0,0.0,development_exploratory_not_untouched_final
2022-02-27T08:00:00,od_25,motorbike,1.0,motorbike-1,12.177989808997324,13.177989808997324,2,False,motorbike-2,motorbike-2,False,12.22816830273166,12.22816830273166,370.2212469374779,367.0467905999309,367.0467905999309,370.2212469374779,244.67982928146577,244.67982928146577,0.0,4.495496466808277,2.348833444214847,0.0389423949563934,0.0389423949563934,development_exploratory_not_untouched_final
2022-02-27T08:00:00,od_25,motorbike,2.0,motorbike-1,12.177989808997324,14.177989808997324,4,False,motorbike-2,motorbike-2,False,12.22816830273166,12.22816830273166,370.2212469374779,367.0467905999309,367.0467905999309,370.2212469374779,244.67982928146577,244.67982928146577,0.0,4.495496466808277,2.348833444214847,0.0389423949563934,0.0389423949563934,development_exploratory_not_untouched_final
2022-02-27T08:00:00,od_25,motorbike,3.0,motorbike-1,12.177989808997324,15.177989808997324,4,False,motorbike-2,motorbike-2,False,12.22816830273166,12.22816830273166,370.2212469374779,367.0467905999309,367.0467905999309,370.2212469374779,244.67982928146577,244.67982928146577,0.0,4.495496466808277,2.348833444214847,0.0389423949563934,0.0389423949563934,development_exploratory_not_untouched_final
2022-02-27T08:00:00,od_25,motorbike,5.0,motorbike-1,12.177989808997324,17.177989808997324,4,False,motorbike-2,motorbike-2,False,12.22816830273166,12.22816830273166,370.2212469374779,367.0467905999309,367.0467905999309,370.2212469374779,244.67982928146577,244.67982928146577,0.0,4.495496466808277,2.348833444214847,0.0389423949563934,0.0389423949563934,development_exploratory_not_untouched_final
2022-02-27T08:00:00,od_25,motorbike,10.0,motorbike-1,12.177989808997324,22.177989808997324,8,False,motorbike-2,motorbike-2,False,12.22816830273166,12.22816830273166,370.2212469374779,367.0467905999309,367.0467905999309,370.2212469374779,244.67982928146577,244.67982928146577,0.0,4.495496466808277,2.348833444214847,0.0389423949563934,0.0389423949563934,development_exploratory_not_untouched_final
2022-02-27T08:00:00,od_25,walking,0.0,walking-1,53.64646218551867,53.64646218551867,1,True,walking-1,walking-1,False,53.64646218551867,53.64646218551867,1649.8190973264245,1625.1162691717907,1625.1162691717907,1649.8190973264245,1077.4741781819864,1077.4741781819864,0.0,0.0,0.0,0.0,0.0,development_exploratory_not_untouched_final
2022-02-27T08:00:00,od_25,walking,1.0,walking-1,53.64646218551867,54.64646218551867,1,True,walking-1,walking-1,False,53.64646218551867,53.64646218551867,1649.8190973264245,1625.1162691717907,1625.1162691717907,1649.8190973264245,1077.4741781819864,1077.4741781819864,0.0,0.0,0.0,0.0,0.0,development_exploratory_not_untouched_final
2022-02-27T08:00:00,od_25,walking,2.0,walking-1,53.64646218551867,55.64646218551867,2,False,walking-1,walking-1,False,53.64646218551867,53.64646218551867,1649.8190973264245,1625.1162691717907,1625.1162691717907,1649.8190973264245,1077.4741781819864,1077.4741781819864,0.0,0.0,0.0,0.0,0.0,development_exploratory_not_untouched_final
2022-02-27T08:00:00,od_25,walking,3.0,walking-1,53.64646218551867,56.64646218551867,2,False,walking-1,walking-1,False,53.64646218551867,53.64646218551867,1649.8190973264245,1625.1162691717907,1625.1162691717907,1649.8190973264245,1077.4741781819864,1077.4741781819864,0.0,0.0,0.0,0.0,0.0,development_exploratory_not_untouched_final
2022-02-27T08:00:00,od_25,walking,5.0,walking-1,53.64646218551867,58.64646218551867,3,False,walking-1,walking-1,False,53.64646218551867,53.64646218551867,1649.8190973264245,1625.1162691717907,1625.1162691717907,1649.8190973264245,1077.4741781819864,1077.4741781819864,0.0,0.0,0.0,0.0,0.0,development_exploratory_not_untouched_final
2022-02-27T08:00:00,od_25,walking,10.0,walking-1,53.64646218551867,63.64646218551867,5,False,walking-1,walking-1,False,53.64646218551867,53.64646218551867,1649.8190973264245,1625.1162691717907,1625.1162691717907,1649.8190973264245,1077.4741781819864,1077.4741781819864,0.0,0.0,0.0,0.0,0.0,development_exploratory_not_untouched_final
2022-02-27T08:00:00,od_26,motorbike,0.0,motorbike-1,7.0496129747457505,7.0496129747457505,1,True,motorbike-1,motorbike-1,False,7.0496129747457505,7.0496129747457505,184.05752809323536,188.73478052146095,188.73478052146095,184.05752809323536,130.95580447642644,130.95580447642644,0.0,0.0,0.0,0.0,0.0,development_exploratory_not_untouched_final
2022-02-27T08:00:00,od_26,motorbike,1.0,motorbike-1,7.0496129747457505,8.04961297474575,3,False,motorbike-1,motorbike-1,False,7.0496129747457505,7.0496129747457505,184.05752809323536,188.73478052146095,188.73478052146095,184.05752809323536,130.95580447642644,130.95580447642644,0.0,0.0,0.0,0.0,0.0,development_exploratory_not_untouched_final
2022-02-27T08:00:00,od_26,motorbike,2.0,motorbike-1,7.0496129747457505,9.04961297474575,4,False,motorbike-1,motorbike-1,False,7.0496129747457505,7.0496129747457505,184.05752809323536,188.73478052146095,188.73478052146095,184.05752809323536,130.95580447642644,130.95580447642644,0.0,0.0,0.0,0.0,0.0,development_exploratory_not_untouched_final
2022-02-27T08:00:00,od_26,motorbike,3.0,motorbike-1,7.0496129747457505,10.04961297474575,4,False,motorbike-1,motorbike-1,False,7.0496129747457505,7.0496129747457505,184.05752809323536,188.73478052146095,188.73478052146095,184.05752809323536,130.95580447642644,130.95580447642644,0.0,0.0,0.0,0.0,0.0,development_exploratory_not_untouched_final
2022-02-27T08:00:00,od_26,motorbike,5.0,motorbike-1,7.0496129747457505,12.04961297474575,6,False,motorbike-1,motorbike-1,False,7.0496129747457505,7.0496129747457505,184.05752809323536,188.73478052146095,188.73478052146095,184.05752809323536,130.95580447642644,130.95580447642644,0.0,0.0,0.0,0.0,0.0,development_exploratory_not_untouched_final
2022-02-27T08:00:00,od_26,motorbike,10.0,motorbike-1,7.0496129747457505,17.04961297474575,7,False,motorbike-1,motorbike-1,False,7.0496129747457505,7.0496129747457505,184.05752809323536,188.73478052146095,188.73478052146095,184.05752809323536,130.95580447642644,130.95580447642644,0.0,0.0,0.0,0.0,0.0,development_exploratory_not_untouched_final
2022-02-27T08:00:00,od_26,walking,0.0,walking-1,34.75588898945021,34.75588898945021,1,True,walking-1,walking-1,False,34.75588898945021,34.75588898945021,906.4531869978243,930.2283179894836,930.2283179894836,906.4531869978243,645.8212203770653,645.8212203770653,0.0,0.0,0.0,0.0,0.0,development_exploratory_not_untouched_final
2022-02-27T08:00:00,od_26,walking,1.0,walking-1,34.75588898945021,35.75588898945021,1,True,walking-1,walking-1,False,34.75588898945021,34.75588898945021,906.4531869978243,930.2283179894836,930.2283179894836,906.4531869978243,645.8212203770653,645.8212203770653,0.0,0.0,0.0,0.0,0.0,development_exploratory_not_untouched_final
2022-02-27T08:00:00,od_26,walking,2.0,walking-1,34.75588898945021,36.75588898945021,3,False,walking-1,walking-1,False,34.75588898945021,34.75588898945021,906.4531869978243,930.2283179894836,930.2283179894836,906.4531869978243,645.8212203770653,645.8212203770653,0.0,0.0,0.0,0.0,0.0,development_exploratory_not_untouched_final
2022-02-27T08:00:00,od_26,walking,3.0,walking-1,34.75588898945021,37.75588898945021,4,False,walking-1,walking-1,False,34.75588898945021,34.75588898945021,906.4531869978243,930.2283179894836,930.2283179894836,906.4531869978243,645.8212203770653,645.8212203770653,0.0,0.0,0.0,0.0,0.0,development_exploratory_not_untouched_final
2022-02-27T08:00:00,od_26,walking,5.0,walking-1,34.75588898945021,39.75588898945021,4,False,walking-1,walking-1,False,34.75588898945021,34.75588898945021,906.4531869978243,930.2283179894836,930.2283179894836,906.4531869978243,645.8212203770653,645.8212203770653,0.0,0.0,0.0,0.0,0.0,development_exploratory_not_untouched_final
2022-02-27T08:00:00,od_26,walking,10.0,walking-1,34.75588898945021,44.75588898945021,5,False,walking-1,walking-1,False,34.75588898945021,34.75588898945021,906.4531869978243,930.2283179894836,930.2283179894836,906.4531869978243,645.8212203770653,645.8212203770653,0.0,0.0,0.0,0.0,0.0,development_exploratory_not_untouched_final
2022-02-27T08:00:00,od_27,motorbike,0.0,motorbike-1,8.330234717082032,8.330234717082032,1,True,motorbike-1,motorbike-1,False,8.330234717082032,8.330234717082032,208.6735771515151,218.57475751925278,218.57475751925278,208.6735771515151,158.50087861668217,158.50087861668217,0.0,0.0,0.0,0.0,0.0,development_exploratory_not_untouched_final
2022-02-27T08:00:00,od_27,motorbike,1.0,motorbike-1,8.330234717082032,9.330234717082032,2,False,motorbike-1,motorbike-1,False,8.330234717082032,8.330234717082032,208.6735771515151,218.57475751925278,218.57475751925278,208.6735771515151,158.50087861668217,158.50087861668217,0.0,0.0,0.0,0.0,0.0,development_exploratory_not_untouched_final
2022-02-27T08:00:00,od_27,motorbike,2.0,motorbike-1,8.330234717082032,10.330234717082032,4,False,motorbike-1,motorbike-1,False,8.330234717082032,8.330234717082032,208.6735771515151,218.57475751925278,218.57475751925278,208.6735771515151,158.50087861668217,158.50087861668217,0.0,0.0,0.0,0.0,0.0,development_exploratory_not_untouched_final
2022-02-27T08:00:00,od_27,motorbike,3.0,motorbike-1,8.330234717082032,11.330234717082032,5,False,motorbike-1,motorbike-1,False,8.330234717082032,8.330234717082032,208.6735771515151,218.57475751925278,218.57475751925278,208.6735771515151,158.50087861668217,158.50087861668217,0.0,0.0,0.0,0.0,0.0,development_exploratory_not_untouched_final
2022-02-27T08:00:00,od_27,motorbike,5.0,motorbike-1,8.330234717082032,13.330234717082032,7,False,motorbike-1,motorbike-1,False,8.330234717082032,8.330234717082032,208.6735771515151,218.57475751925278,218.57475751925278,208.6735771515151,158.50087861668217,158.50087861668217,0.0,0.0,0.0,0.0,0.0,development_exploratory_not_untouched_final
2022-02-27T08:00:00,od_27,motorbike,10.0,motorbike-1,8.330234717082032,18.330234717082032,8,False,motorbike-1,motorbike-1,False,8.330234717082032,8.330234717082032,208.6735771515151,218.57475751925278,218.57475751925278,208.6735771515151,158.50087861668217,158.50087861668217,0.0,0.0,0.0,0.0,0.0,development_exploratory_not_untouched_final
2022-02-27T08:00:00,od_27,walking,0.0,walking-1,41.572207993675015,41.572207993675015,1,True,walking-1,walking-1,False,41.572207993675015,41.572207993675015,1041.9014880625025,1091.3206014746538,1091.3206014746538,1041.9014880625025,791.869585971534,791.869585971534,0.0,0.0,0.0,0.0,0.0,development_exploratory_not_untouched_final
2022-02-27T08:00:00,od_27,walking,1.0,walking-1,41.572207993675015,42.572207993675015,4,False,walking-1,walking-1,False,41.572207993675015,41.572207993675015,1041.9014880625025,1091.3206014746538,1091.3206014746538,1041.9014880625025,791.869585971534,791.869585971534,0.0,0.0,0.0,0.0,0.0,development_exploratory_not_untouched_final
2022-02-27T08:00:00,od_27,walking,2.0,walking-1,41.572207993675015,43.572207993675015,4,False,walking-1,walking-1,False,41.572207993675015,41.572207993675015,1041.9014880625025,1091.3206014746538,1091.3206014746538,1041.9014880625025,791.869585971534,791.869585971534,0.0,0.0,0.0,0.0,0.0,development_exploratory_not_untouched_final
2022-02-27T08:00:00,od_27,walking,3.0,walking-1,41.572207993675015,44.572207993675015,4,False,walking-1,walking-1,False,41.572207993675015,41.572207993675015,1041.9014880625025,1091.3206014746538,1091.3206014746538,1041.9014880625025,791.869585971534,791.869585971534,0.0,0.0,0.0,0.0,0.0,development_exploratory_not_untouched_final
2022-02-27T08:00:00,od_27,walking,5.0,walking-1,41.572207993675015,46.572207993675015,6,False,walking-1,walking-1,False,41.572207993675015,41.572207993675015,1041.9014880625025,1091.3206014746538,1091.3206014746538,1041.9014880625025,791.869585971534,791.869585971534,0.0,0.0,0.0,0.0,0.0,development_exploratory_not_untouched_final
2022-02-27T08:00:00,od_27,walking,10.0,walking-1,41.572207993675015,51.572207993675015,6,False,walking-1,walking-1,False,41.572207993675015,41.572207993675015,1041.9014880625025,1091.3206014746538,1091.3206014746538,1041.9014880625025,791.869585971534,791.869585971534,0.0,0.0,0.0,0.0,0.0,development_exploratory_not_untouched_final
2022-02-27T08:00:00,od_28,motorbike,0.0,motorbike-1,8.135485464425692,8.135485464425692,1,True,motorbike-1,motorbike-1,False,8.135485464425692,8.135485464425692,223.9111446222322,231.0807607511633,231.0807607511633,223.9111446222322,159.40896621656262,159.40896621656262,0.0,0.0,0.0,0.0,0.0,development_exploratory_not_untouched_final
2022-02-27T08:00:00,od_28,motorbike,1.0,motorbike-1,8.135485464425692,9.135485464425692,2,False,motorbike-1,motorbike-1,False,8.135485464425692,8.135485464425692,223.9111446222322,231.0807607511633,231.0807607511633,223.9111446222322,159.40896621656262,159.40896621656262,0.0,0.0,0.0,0.0,0.0,development_exploratory_not_untouched_final
2022-02-27T08:00:00,od_28,motorbike,2.0,motorbike-1,8.135485464425692,10.135485464425692,3,False,motorbike-1,motorbike-1,False,8.135485464425692,8.135485464425692,223.9111446222322,231.0807607511633,231.0807607511633,223.9111446222322,159.40896621656262,159.40896621656262,0.0,0.0,0.0,0.0,0.0,development_exploratory_not_untouched_final
2022-02-27T08:00:00,od_28,motorbike,3.0,motorbike-1,8.135485464425692,11.135485464425692,4,False,motorbike-1,motorbike-1,False,8.135485464425692,8.135485464425692,223.9111446222322,231.0807607511633,231.0807607511633,223.9111446222322,159.40896621656262,159.40896621656262,0.0,0.0,0.0,0.0,0.0,development_exploratory_not_untouched_final
2022-02-27T08:00:00,od_28,motorbike,5.0,motorbike-1,8.135485464425692,13.135485464425692,6,False,motorbike-1,motorbike-1,False,8.135485464425692,8.135485464425692,223.9111446222322,231.0807607511633,231.0807607511633,223.9111446222322,159.40896621656262,159.40896621656262,0.0,0.0,0.0,0.0,0.0,development_exploratory_not_untouched_final
2022-02-27T08:00:00,od_28,motorbike,10.0,motorbike-1,8.135485464425692,18.13548546442569,7,False,motorbike-1,motorbike-1,False,8.135485464425692,8.135485464425692,223.9111446222322,231.0807607511633,231.0807607511633,223.9111446222322,159.40896621656262,159.40896621656262,0.0,0.0,0.0,0.0,0.0,development_exploratory_not_untouched_final
2022-02-27T08:00:00,od_28,walking,0.0,walking-1,40.0541484546324,40.0541484546324,1,True,walking-1,walking-1,False,40.0541484546324,40.0541484546324,1102.1070850088363,1137.6054007940127,1137.6054007940127,1102.1070850088363,784.7691917872639,784.7691917872639,0.0,0.0,0.0,0.0,0.0,development_exploratory_not_untouched_final
2022-02-27T08:00:00,od_28,walking,1.0,walking-1,40.0541484546324,41.0541484546324,2,False,walking-1,walking-1,False,40.0541484546324,40.0541484546324,1102.1070850088363,1137.6054007940127,1137.6054007940127,1102.1070850088363,784.7691917872639,784.7691917872639,0.0,0.0,0.0,0.0,0.0,development_exploratory_not_untouched_final
2022-02-27T08:00:00,od_28,walking,2.0,walking-1,40.0541484546324,42.0541484546324,3,False,walking-1,walking-1,False,40.0541484546324,40.0541484546324,1102.1070850088363,1137.6054007940127,1137.6054007940127,1102.1070850088363,784.7691917872639,784.7691917872639,0.0,0.0,0.0,0.0,0.0,development_exploratory_not_untouched_final
2022-02-27T08:00:00,od_28,walking,3.0,walking-1,40.0541484546324,43.0541484546324,3,False,walking-1,walking-1,False,40.0541484546324,40.0541484546324,1102.1070850088363,1137.6054007940127,1137.6054007940127,1102.1070850088363,784.7691917872639,784.7691917872639,0.0,0.0,0.0,0.0,0.0,development_exploratory_not_untouched_final
2022-02-27T08:00:00,od_28,walking,5.0,walking-1,40.0541484546324,45.0541484546324,3,False,walking-1,walking-1,False,40.0541484546324,40.0541484546324,1102.1070850088363,1137.6054007940127,1137.6054007940127,1102.1070850088363,784.7691917872639,784.7691917872639,0.0,0.0,0.0,0.0,0.0,development_exploratory_not_untouched_final
2022-02-27T08:00:00,od_28,walking,10.0,walking-1,40.0541484546324,50.0541484546324,7,False,walking-1,walking-1,False,40.0541484546324,40.0541484546324,1102.1070850088363,1137.6054007940127,1137.6054007940127,1102.1070850088363,784.7691917872639,784.7691917872639,0.0,0.0,0.0,0.0,0.0,development_exploratory_not_untouched_final
2022-02-27T08:00:00,od_29,motorbike,0.0,motorbike-1,12.12202676751413,12.12202676751413,1,True,motorbike-1,motorbike-1,False,12.12202676751413,12.12202676751413,327.77876952102565,341.4458097308068,341.4458097308068,327.77876952102565,235.15004475573147,235.15004475573147,0.0,0.0,0.0,0.0,0.0,development_exploratory_not_untouched_final
2022-02-27T08:00:00,od_29,motorbike,1.0,motorbike-1,12.12202676751413,13.12202676751413,2,False,motorbike-1,motorbike-1,False,12.12202676751413,12.12202676751413,327.77876952102565,341.4458097308068,341.4458097308068,327.77876952102565,235.15004475573147,235.15004475573147,0.0,0.0,0.0,0.0,0.0,development_exploratory_not_untouched_final
2022-02-27T08:00:00,od_29,motorbike,2.0,motorbike-1,12.12202676751413,14.12202676751413,3,False,motorbike-1,motorbike-1,False,12.12202676751413,12.12202676751413,327.77876952102565,341.4458097308068,341.4458097308068,327.77876952102565,235.15004475573147,235.15004475573147,0.0,0.0,0.0,0.0,0.0,development_exploratory_not_untouched_final
2022-02-27T08:00:00,od_29,motorbike,3.0,motorbike-1,12.12202676751413,15.12202676751413,4,False,motorbike-1,motorbike-1,False,12.12202676751413,12.12202676751413,327.77876952102565,341.4458097308068,341.4458097308068,327.77876952102565,235.15004475573147,235.15004475573147,0.0,0.0,0.0,0.0,0.0,development_exploratory_not_untouched_final
2022-02-27T08:00:00,od_29,motorbike,5.0,motorbike-1,12.12202676751413,17.12202676751413,5,False,motorbike-1,motorbike-1,False,12.12202676751413,12.12202676751413,327.77876952102565,341.4458097308068,341.4458097308068,327.77876952102565,235.15004475573147,235.15004475573147,0.0,0.0,0.0,0.0,0.0,development_exploratory_not_untouched_final
2022-02-27T08:00:00,od_29,motorbike,10.0,motorbike-1,12.12202676751413,22.12202676751413,7,False,motorbike-1,motorbike-1,False,12.12202676751413,12.12202676751413,327.77876952102565,341.4458097308068,341.4458097308068,327.77876952102565,235.15004475573147,235.15004475573147,0.0,0.0,0.0,0.0,0.0,development_exploratory_not_untouched_final
2022-02-27T08:00:00,od_29,walking,0.0,walking-1,60.949584464314654,60.949584464314654,1,True,walking-1,walking-1,False,60.949584464314654,60.949584464314654,1640.050987195363,1704.4542468769112,1704.4542468769112,1640.050987195363,1178.3978890933809,1178.3978890933809,0.0,0.0,0.0,0.0,0.0,development_exploratory_not_untouched_final
2022-02-27T08:00:00,od_29,walking,1.0,walking-1,60.949584464314654,61.949584464314654,5,False,walking-7,walking-1,True,60.95652164155992,60.949584464314654,1639.9547397334084,1704.4542468769112,1704.461231011361,1640.050987195363,1178.4875461132085,1178.3978890933809,0.007607803758584842,0.09624746195459011,0.0,-0.08965701982765495,0.0,development_exploratory_not_untouched_final
2022-02-27T08:00:00,od_29,walking,2.0,walking-1,60.949584464314654,62.949584464314654,5,False,walking-7,walking-1,True,60.95652164155992,60.949584464314654,1639.9547397334084,1704.4542468769112,1704.461231011361,1640.050987195363,1178.4875461132085,1178.3978890933809,0.007607803758584842,0.09624746195459011,0.0,-0.08965701982765495,0.0,development_exploratory_not_untouched_final
2022-02-27T08:00:00,od_29,walking,3.0,walking-1,60.949584464314654,63.949584464314654,5,False,walking-7,walking-1,True,60.95652164155992,60.949584464314654,1639.9547397334084,1704.4542468769112,1704.461231011361,1640.050987195363,1178.4875461132085,1178.3978890933809,0.007607803758584842,0.09624746195459011,0.0,-0.08965701982765495,0.0,development_exploratory_not_untouched_final
2022-02-27T08:00:00,od_29,walking,5.0,walking-1,60.949584464314654,65.94958446431465,6,False,walking-7,walking-1,True,60.95652164155992,60.949584464314654,1639.9547397334084,1704.4542468769112,1704.461231011361,1640.050987195363,1178.4875461132085,1178.3978890933809,0.007607803758584842,0.09624746195459011,0.0,-0.08965701982765495,0.0,development_exploratory_not_untouched_final
2022-02-27T08:00:00,od_29,walking,10.0,walking-1,60.949584464314654,70.94958446431465,7,False,walking-7,walking-1,True,60.95652164155992,60.949584464314654,1639.9547397334084,1704.4542468769112,1704.461231011361,1640.050987195363,1178.4875461132085,1178.3978890933809,0.007607803758584842,0.09624746195459011,0.0,-0.08965701982765495,0.0,development_exploratory_not_untouched_final
2022-02-27T08:00:00,od_30,motorbike,0.0,motorbike-1,11.612358092570656,11.612358092570656,1,True,motorbike-1,motorbike-1,False,11.612358092570656,11.612358092570656,325.4102786841401,330.8651735694403,330.8651735694403,325.4102786841401,227.96169218355007,227.96169218355007,0.0,0.0,0.0,0.0,0.0,development_exploratory_not_untouched_final
2022-02-27T08:00:00,od_30,motorbike,1.0,motorbike-1,11.612358092570656,12.612358092570656,2,False,motorbike-1,motorbike-1,False,11.612358092570656,11.612358092570656,325.4102786841401,330.8651735694403,330.8651735694403,325.4102786841401,227.96169218355007,227.96169218355007,0.0,0.0,0.0,0.0,0.0,development_exploratory_not_untouched_final
2022-02-27T08:00:00,od_30,motorbike,2.0,motorbike-1,11.612358092570656,13.612358092570656,3,False,motorbike-1,motorbike-1,False,11.612358092570656,11.612358092570656,325.4102786841401,330.8651735694403,330.8651735694403,325.4102786841401,227.96169218355007,227.96169218355007,0.0,0.0,0.0,0.0,0.0,development_exploratory_not_untouched_final
2022-02-27T08:00:00,od_30,motorbike,3.0,motorbike-1,11.612358092570656,14.612358092570656,5,False,motorbike-1,motorbike-1,False,11.612358092570656,11.612358092570656,325.4102786841401,330.8651735694403,330.8651735694403,325.4102786841401,227.96169218355007,227.96169218355007,0.0,0.0,0.0,0.0,0.0,development_exploratory_not_untouched_final
2022-02-27T08:00:00,od_30,motorbike,5.0,motorbike-1,11.612358092570656,16.612358092570656,6,False,motorbike-1,motorbike-1,False,11.612358092570656,11.612358092570656,325.4102786841401,330.8651735694403,330.8651735694403,325.4102786841401,227.96169218355007,227.96169218355007,0.0,0.0,0.0,0.0,0.0,development_exploratory_not_untouched_final
2022-02-27T08:00:00,od_30,motorbike,10.0,motorbike-1,11.612358092570656,21.612358092570656,8,False,motorbike-1,motorbike-1,False,11.612358092570656,11.612358092570656,325.4102786841401,330.8651735694403,330.8651735694403,325.4102786841401,227.96169218355007,227.96169218355007,0.0,0.0,0.0,0.0,0.0,development_exploratory_not_untouched_final
2022-02-27T08:00:00,od_30,walking,0.0,walking-1,55.12699503869423,55.12699503869423,1,True,walking-1,walking-1,False,55.12699503869423,55.12699503869423,1554.568913504779,1577.5432124721176,1577.5432124721176,1554.568913504779,1083.0169464702064,1083.0169464702064,0.0,0.0,0.0,0.0,0.0,development_exploratory_not_untouched_final
2022-02-27T08:00:00,od_30,walking,1.0,walking-1,55.12699503869423,56.12699503869423,4,False,walking-1,walking-1,False,55.12699503869423,55.12699503869423,1554.568913504779,1577.5432124721176,1577.5432124721176,1554.568913504779,1083.0169464702064,1083.0169464702064,0.0,0.0,0.0,0.0,0.0,development_exploratory_not_untouched_final
2022-02-27T08:00:00,od_30,walking,2.0,walking-1,55.12699503869423,57.12699503869423,5,False,walking-1,walking-1,False,55.12699503869423,55.12699503869423,1554.568913504779,1577.5432124721176,1577.5432124721176,1554.568913504779,1083.0169464702064,1083.0169464702064,0.0,0.0,0.0,0.0,0.0,development_exploratory_not_untouched_final
2022-02-27T08:00:00,od_30,walking,3.0,walking-1,55.12699503869423,58.12699503869423,5,False,walking-1,walking-1,False,55.12699503869423,55.12699503869423,1554.568913504779,1577.5432124721176,1577.5432124721176,1554.568913504779,1083.0169464702064,1083.0169464702064,0.0,0.0,0.0,0.0,0.0,development_exploratory_not_untouched_final
2022-02-27T08:00:00,od_30,walking,5.0,walking-1,55.12699503869423,60.12699503869423,5,False,walking-1,walking-1,False,55.12699503869423,55.12699503869423,1554.568913504779,1577.5432124721176,1577.5432124721176,1554.568913504779,1083.0169464702064,1083.0169464702064,0.0,0.0,0.0,0.0,0.0,development_exploratory_not_untouched_final
2022-02-27T08:00:00,od_30,walking,10.0,walking-1,55.12699503869423,65.12699503869423,6,False,walking-1,walking-1,False,55.12699503869423,55.12699503869423,1554.568913504779,1577.5432124721176,1577.5432124721176,1554.568913504779,1083.0169464702064,1083.0169464702064,0.0,0.0,0.0,0.0,0.0,development_exploratory_not_untouched_final
2022-02-27T12:00:00,od_01,motorbike,0.0,motorbike-1,8.230305959783891,8.230305959783891,1,True,motorbike-1,motorbike-1,False,8.230305959783891,8.230305959783891,110.96153609390434,131.47897094204774,131.47897094204774,110.96153609390434,92.23277287915704,92.23277287915704,0.0,0.0,0.0,0.0,0.0,development_exploratory_not_untouched_final
2022-02-27T12:00:00,od_01,motorbike,1.0,motorbike-1,8.230305959783891,9.230305959783891,2,False,motorbike-1,motorbike-1,False,8.230305959783891,8.230305959783891,110.96153609390434,131.47897094204774,131.47897094204774,110.96153609390434,92.23277287915704,92.23277287915704,0.0,0.0,0.0,0.0,0.0,development_exploratory_not_untouched_final
2022-02-27T12:00:00,od_01,motorbike,2.0,motorbike-1,8.230305959783891,10.230305959783891,2,False,motorbike-1,motorbike-1,False,8.230305959783891,8.230305959783891,110.96153609390434,131.47897094204774,131.47897094204774,110.96153609390434,92.23277287915704,92.23277287915704,0.0,0.0,0.0,0.0,0.0,development_exploratory_not_untouched_final
2022-02-27T12:00:00,od_01,motorbike,3.0,motorbike-1,8.230305959783891,11.230305959783891,3,False,motorbike-1,motorbike-1,False,8.230305959783891,8.230305959783891,110.96153609390434,131.47897094204774,131.47897094204774,110.96153609390434,92.23277287915704,92.23277287915704,0.0,0.0,0.0,0.0,0.0,development_exploratory_not_untouched_final
2022-02-27T12:00:00,od_01,motorbike,5.0,motorbike-1,8.230305959783891,13.230305959783891,6,False,motorbike-1,motorbike-1,False,8.230305959783891,8.230305959783891,110.96153609390434,131.47897094204774,131.47897094204774,110.96153609390434,92.23277287915704,92.23277287915704,0.0,0.0,0.0,0.0,0.0,development_exploratory_not_untouched_final
2022-02-27T12:00:00,od_01,motorbike,10.0,motorbike-1,8.230305959783891,18.23030595978389,7,False,motorbike-1,motorbike-1,False,8.230305959783891,8.230305959783891,110.96153609390434,131.47897094204774,131.47897094204774,110.96153609390434,92.23277287915704,92.23277287915704,0.0,0.0,0.0,0.0,0.0,development_exploratory_not_untouched_final
2022-02-27T12:00:00,od_01,walking,0.0,walking-1,40.00596776846269,40.00596776846269,1,True,walking-1,walking-1,False,40.00596776846269,40.00596776846269,539.3822259124952,639.0719101922527,639.0719101922527,539.3822259124952,448.36581998520165,448.36581998520165,0.0,0.0,0.0,0.0,0.0,development_exploratory_not_untouched_final
2022-02-27T12:00:00,od_01,walking,1.0,walking-1,40.00596776846269,41.00596776846269,3,False,walking-1,walking-1,False,40.00596776846269,40.00596776846269,539.3822259124952,639.0719101922527,639.0719101922527,539.3822259124952,448.36581998520165,448.36581998520165,0.0,0.0,0.0,0.0,0.0,development_exploratory_not_untouched_final
2022-02-27T12:00:00,od_01,walking,2.0,walking-1,40.00596776846269,42.00596776846269,4,False,walking-1,walking-1,False,40.00596776846269,40.00596776846269,539.3822259124952,639.0719101922527,639.0719101922527,539.3822259124952,448.36581998520165,448.36581998520165,0.0,0.0,0.0,0.0,0.0,development_exploratory_not_untouched_final
2022-02-27T12:00:00,od_01,walking,3.0,walking-1,40.00596776846269,43.00596776846269,4,False,walking-1,walking-1,False,40.00596776846269,40.00596776846269,539.3822259124952,639.0719101922527,639.0719101922527,539.3822259124952,448.36581998520165,448.36581998520165,0.0,0.0,0.0,0.0,0.0,development_exploratory_not_untouched_final
2022-02-27T12:00:00,od_01,walking,5.0,walking-1,40.00596776846269,45.00596776846269,4,False,walking-1,walking-1,False,40.00596776846269,40.00596776846269,539.3822259124952,639.0719101922527,639.0719101922527,539.3822259124952,448.36581998520165,448.36581998520165,0.0,0.0,0.0,0.0,0.0,development_exploratory_not_untouched_final
2022-02-27T12:00:00,od_01,walking,10.0,walking-1,40.00596776846269,50.00596776846269,6,False,walking-1,walking-1,False,40.00596776846269,40.00596776846269,539.3822259124952,639.0719101922527,639.0719101922527,539.3822259124952,448.36581998520165,448.36581998520165,0.0,0.0,0.0,0.0,0.0,development_exploratory_not_untouched_final
2022-02-27T12:00:00,od_02,motorbike,0.0,motorbike-1,9.67481945603514,9.67481945603514,1,True,motorbike-1,motorbike-1,False,9.67481945603514,9.67481945603514,136.12169380251257,158.01900819305374,158.01900819305374,136.12169380251257,111.67807241226353,111.67807241226353,0.0,0.0,0.0,0.0,0.0,development_exploratory_not_untouched_final
2022-02-27T12:00:00,od_02,motorbike,1.0,motorbike-1,9.67481945603514,10.67481945603514,3,False,motorbike-1,motorbike-1,False,9.67481945603514,9.67481945603514,136.12169380251257,158.01900819305374,158.01900819305374,136.12169380251257,111.67807241226353,111.67807241226353,0.0,0.0,0.0,0.0,0.0,development_exploratory_not_untouched_final
2022-02-27T12:00:00,od_02,motorbike,2.0,motorbike-1,9.67481945603514,11.67481945603514,5,False,motorbike-1,motorbike-1,False,9.67481945603514,9.67481945603514,136.12169380251257,158.01900819305374,158.01900819305374,136.12169380251257,111.67807241226353,111.67807241226353,0.0,0.0,0.0,0.0,0.0,development_exploratory_not_untouched_final
2022-02-27T12:00:00,od_02,motorbike,3.0,motorbike-1,9.67481945603514,12.67481945603514,6,False,motorbike-1,motorbike-1,False,9.67481945603514,9.67481945603514,136.12169380251257,158.01900819305374,158.01900819305374,136.12169380251257,111.67807241226353,111.67807241226353,0.0,0.0,0.0,0.0,0.0,development_exploratory_not_untouched_final
2022-02-27T12:00:00,od_02,motorbike,5.0,motorbike-1,9.67481945603514,14.67481945603514,7,False,motorbike-1,motorbike-1,False,9.67481945603514,9.67481945603514,136.12169380251257,158.01900819305374,158.01900819305374,136.12169380251257,111.67807241226353,111.67807241226353,0.0,0.0,0.0,0.0,0.0,development_exploratory_not_untouched_final
2022-02-27T12:00:00,od_02,motorbike,10.0,motorbike-1,9.67481945603514,19.674819456035138,8,False,motorbike-1,motorbike-1,False,9.67481945603514,9.67481945603514,136.12169380251257,158.01900819305374,158.01900819305374,136.12169380251257,111.67807241226353,111.67807241226353,0.0,0.0,0.0,0.0,0.0,development_exploratory_not_untouched_final
2022-02-27T12:00:00,od_02,walking,0.0,walking-1,48.3740972801757,48.3740972801757,1,True,walking-1,walking-1,False,48.3740972801757,48.3740972801757,680.6084690125624,790.0950409652696,790.0950409652696,680.6084690125624,558.3903620613177,558.3903620613177,0.0,0.0,0.0,0.0,0.0,development_exploratory_not_untouched_final
2022-02-27T12:00:00,od_02,walking,1.0,walking-1,48.3740972801757,49.3740972801757,2,False,walking-1,walking-1,False,48.3740972801757,48.3740972801757,680.6084690125624,790.0950409652696,790.0950409652696,680.6084690125624,558.3903620613177,558.3903620613177,0.0,0.0,0.0,0.0,0.0,development_exploratory_not_untouched_final
2022-02-27T12:00:00,od_02,walking,2.0,walking-1,48.3740972801757,50.3740972801757,3,False,walking-1,walking-1,False,48.3740972801757,48.3740972801757,680.6084690125624,790.0950409652696,790.0950409652696,680.6084690125624,558.3903620613177,558.3903620613177,0.0,0.0,0.0,0.0,0.0,development_exploratory_not_untouched_final
2022-02-27T12:00:00,od_02,walking,3.0,walking-1,48.3740972801757,51.3740972801757,4,False,walking-1,walking-1,False,48.3740972801757,48.3740972801757,680.6084690125624,790.0950409652696,790.0950409652696,680.6084690125624,558.3903620613177,558.3903620613177,0.0,0.0,0.0,0.0,0.0,development_exploratory_not_untouched_final
2022-02-27T12:00:00,od_02,walking,5.0,walking-1,48.3740972801757,53.3740972801757,4,False,walking-1,walking-1,False,48.3740972801757,48.3740972801757,680.6084690125624,790.0950409652696,790.0950409652696,680.6084690125624,558.3903620613177,558.3903620613177,0.0,0.0,0.0,0.0,0.0,development_exploratory_not_untouched_final
2022-02-27T12:00:00,od_02,walking,10.0,walking-1,48.3740972801757,58.3740972801757,6,False,walking-1,walking-1,False,48.3740972801757,48.3740972801757,680.6084690125624,790.0950409652696,790.0950409652696,680.6084690125624,558.3903620613177,558.3903620613177,0.0,0.0,0.0,0.0,0.0,development_exploratory_not_untouched_final
2022-02-27T12:00:00,od_03,motorbike,0.0,motorbike-1,6.910009956562447,6.910009956562447,1,True,motorbike-1,motorbike-1,False,6.910009956562447,6.910009956562447,95.48397442187014,111.06915405331418,111.06915405331418,95.48397442187014,79.2096906143599,79.2096906143599,0.0,0.0,0.0,0.0,0.0,development_exploratory_not_untouched_final
2022-02-27T12:00:00,od_03,motorbike,1.0,motorbike-1,6.910009956562447,7.910009956562447,3,False,motorbike-1,motorbike-1,False,6.910009956562447,6.910009956562447,95.48397442187014,111.06915405331418,111.06915405331418,95.48397442187014,79.2096906143599,79.2096906143599,0.0,0.0,0.0,0.0,0.0,development_exploratory_not_untouched_final
2022-02-27T12:00:00,od_03,motorbike,2.0,motorbike-1,6.910009956562447,8.910009956562448,3,False,motorbike-1,motorbike-1,False,6.910009956562447,6.910009956562447,95.48397442187014,111.06915405331418,111.06915405331418,95.48397442187014,79.2096906143599,79.2096906143599,0.0,0.0,0.0,0.0,0.0,development_exploratory_not_untouched_final
2022-02-27T12:00:00,od_03,motorbike,3.0,motorbike-1,6.910009956562447,9.910009956562448,5,False,motorbike-1,motorbike-1,False,6.910009956562447,6.910009956562447,95.48397442187014,111.06915405331418,111.06915405331418,95.48397442187014,79.2096906143599,79.2096906143599,0.0,0.0,0.0,0.0,0.0,development_exploratory_not_untouched_final
2022-02-27T12:00:00,od_03,motorbike,5.0,motorbike-1,6.910009956562447,11.910009956562448,7,False,motorbike-1,motorbike-1,False,6.910009956562447,6.910009956562447,95.48397442187014,111.06915405331418,111.06915405331418,95.48397442187014,79.2096906143599,79.2096906143599,0.0,0.0,0.0,0.0,0.0,development_exploratory_not_untouched_final
2022-02-27T12:00:00,od_03,motorbike,10.0,motorbike-1,6.910009956562447,16.910009956562448,8,False,motorbike-1,motorbike-1,False,6.910009956562447,6.910009956562447,95.48397442187014,111.06915405331418,111.06915405331418,95.48397442187014,79.2096906143599,79.2096906143599,0.0,0.0,0.0,0.0,0.0,development_exploratory_not_untouched_final
2022-02-27T12:00:00,od_03,walking,0.0,walking-1,34.422845694421525,34.422845694421525,1,True,walking-1,walking-1,False,34.422845694421525,34.422845694421525,475.6677332995655,553.2892621854588,553.2892621854588,475.6677332995655,394.5948732188291,394.5948732188291,0.0,0.0,0.0,0.0,0.0,development_exploratory_not_untouched_final
2022-02-27T12:00:00,od_03,walking,1.0,walking-1,34.422845694421525,35.422845694421525,2,False,walking-1,walking-1,False,34.422845694421525,34.422845694421525,475.6677332995655,553.2892621854588,553.2892621854588,475.6677332995655,394.5948732188291,394.5948732188291,0.0,0.0,0.0,0.0,0.0,development_exploratory_not_untouched_final
2022-02-27T12:00:00,od_03,walking,2.0,walking-1,34.422845694421525,36.422845694421525,3,False,walking-1,walking-1,False,34.422845694421525,34.422845694421525,475.6677332995655,553.2892621854588,553.2892621854588,475.6677332995655,394.5948732188291,394.5948732188291,0.0,0.0,0.0,0.0,0.0,development_exploratory_not_untouched_final
2022-02-27T12:00:00,od_03,walking,3.0,walking-1,34.422845694421525,37.422845694421525,3,False,walking-1,walking-1,False,34.422845694421525,34.422845694421525,475.6677332995655,553.2892621854588,553.2892621854588,475.6677332995655,394.5948732188291,394.5948732188291,0.0,0.0,0.0,0.0,0.0,development_exploratory_not_untouched_final
2022-02-27T12:00:00,od_03,walking,5.0,walking-1,34.422845694421525,39.422845694421525,3,False,walking-1,walking-1,False,34.422845694421525,34.422845694421525,475.6677332995655,553.2892621854588,553.2892621854588,475.6677332995655,394.5948732188291,394.5948732188291,0.0,0.0,0.0,0.0,0.0,development_exploratory_not_untouched_final
2022-02-27T12:00:00,od_03,walking,10.0,walking-1,34.422845694421525,44.422845694421525,6,False,walking-1,walking-1,False,34.422845694421525,34.422845694421525,475.6677332995655,553.2892621854588,553.2892621854588,475.6677332995655,394.5948732188291,394.5948732188291,0.0,0.0,0.0,0.0,0.0,development_exploratory_not_untouched_final
2022-02-27T12:00:00,od_04,motorbike,0.0,motorbike-1,13.275882583129041,13.275882583129041,1,True,motorbike-1,motorbike-1,False,13.275882583129041,13.275882583129041,183.50641295233976,209.28493021844739,209.28493021844739,183.50641295233976,153.09007123052572,153.09007123052572,0.0,0.0,0.0,0.0,0.0,development_exploratory_not_untouched_final
2022-02-27T12:00:00,od_04,motorbike,1.0,motorbike-1,13.275882583129041,14.275882583129041,3,False,motorbike-1,motorbike-1,False,13.275882583129041,13.275882583129041,183.50641295233976,209.28493021844739,209.28493021844739,183.50641295233976,153.09007123052572,153.09007123052572,0.0,0.0,0.0,0.0,0.0,development_exploratory_not_untouched_final
2022-02-27T12:00:00,od_04,motorbike,2.0,motorbike-1,13.275882583129041,15.275882583129041,3,False,motorbike-1,motorbike-1,False,13.275882583129041,13.275882583129041,183.50641295233976,209.28493021844739,209.28493021844739,183.50641295233976,153.09007123052572,153.09007123052572,0.0,0.0,0.0,0.0,0.0,development_exploratory_not_untouched_final
2022-02-27T12:00:00,od_04,motorbike,3.0,motorbike-1,13.275882583129041,16.27588258312904,4,False,motorbike-1,motorbike-1,False,13.275882583129041,13.275882583129041,183.50641295233976,209.28493021844739,209.28493021844739,183.50641295233976,153.09007123052572,153.09007123052572,0.0,0.0,0.0,0.0,0.0,development_exploratory_not_untouched_final
2022-02-27T12:00:00,od_04,motorbike,5.0,motorbike-1,13.275882583129041,18.27588258312904,5,False,motorbike-1,motorbike-1,False,13.275882583129041,13.275882583129041,183.50641295233976,209.28493021844739,209.28493021844739,183.50641295233976,153.09007123052572,153.09007123052572,0.0,0.0,0.0,0.0,0.0,development_exploratory_not_untouched_final
2022-02-27T12:00:00,od_04,motorbike,10.0,motorbike-1,13.275882583129041,23.27588258312904,7,False,motorbike-1,motorbike-1,False,13.275882583129041,13.275882583129041,183.50641295233976,209.28493021844739,209.28493021844739,183.50641295233976,153.09007123052572,153.09007123052572,0.0,0.0,0.0,0.0,0.0,development_exploratory_not_untouched_final
2022-02-27T12:00:00,od_04,walking,0.0,walking-1,66.24586047456621,66.24586047456621,1,True,walking-1,walking-1,False,66.24586047456621,66.24586047456621,915.0090338308955,1040.3072804313133,1040.3072804313133,915.0090338308955,762.4133112623614,762.4133112623614,0.0,0.0,0.0,0.0,0.0,development_exploratory_not_untouched_final
2022-02-27T12:00:00,od_04,walking,1.0,walking-1,66.24586047456621,67.24586047456621,4,False,walking-1,walking-1,False,66.24586047456621,66.24586047456621,915.0090338308955,1040.3072804313133,1040.3072804313133,915.0090338308955,762.4133112623614,762.4133112623614,0.0,0.0,0.0,0.0,0.0,development_exploratory_not_untouched_final
2022-02-27T12:00:00,od_04,walking,2.0,walking-1,66.24586047456621,68.24586047456621,5,False,walking-1,walking-1,False,66.24586047456621,66.24586047456621,915.0090338308955,1040.3072804313133,1040.3072804313133,915.0090338308955,762.4133112623614,762.4133112623614,0.0,0.0,0.0,0.0,0.0,development_exploratory_not_untouched_final
2022-02-27T12:00:00,od_04,walking,3.0,walking-1,66.24586047456621,69.24586047456621,5,False,walking-1,walking-1,False,66.24586047456621,66.24586047456621,915.0090338308955,1040.3072804313133,1040.3072804313133,915.0090338308955,762.4133112623614,762.4133112623614,0.0,0.0,0.0,0.0,0.0,development_exploratory_not_untouched_final
2022-02-27T12:00:00,od_04,walking,5.0,walking-1,66.24586047456621,71.24586047456621,5,False,walking-1,walking-1,False,66.24586047456621,66.24586047456621,915.0090338308955,1040.3072804313133,1040.3072804313133,915.0090338308955,762.4133112623614,762.4133112623614,0.0,0.0,0.0,0.0,0.0,development_exploratory_not_untouched_final
2022-02-27T12:00:00,od_04,walking,10.0,walking-1,66.24586047456621,76.24586047456621,6,False,walking-1,walking-1,False,66.24586047456621,66.24586047456621,915.0090338308955,1040.3072804313133,1040.3072804313133,915.0090338308955,762.4133112623614,762.4133112623614,0.0,0.0,0.0,0.0,0.0,development_exploratory_not_untouched_final
2022-02-27T12:00:00,od_05,motorbike,0.0,motorbike-1,15.468886749491073,15.468886749491073,1,True,motorbike-1,motorbike-1,False,15.468886749491073,15.468886749491073,207.68529525821137,240.1375859329334,240.1375859329334,207.68529525821137,175.35910362381102,175.35910362381102,0.0,0.0,0.0,0.0,0.0,development_exploratory_not_untouched_final
2022-02-27T12:00:00,od_05,motorbike,1.0,motorbike-1,15.468886749491073,16.468886749491073,2,False,motorbike-1,motorbike-1,False,15.468886749491073,15.468886749491073,207.68529525821137,240.1375859329334,240.1375859329334,207.68529525821137,175.35910362381102,175.35910362381102,0.0,0.0,0.0,0.0,0.0,development_exploratory_not_untouched_final
2022-02-27T12:00:00,od_05,motorbike,2.0,motorbike-1,15.468886749491073,17.468886749491073,2,False,motorbike-1,motorbike-1,False,15.468886749491073,15.468886749491073,207.68529525821137,240.1375859329334,240.1375859329334,207.68529525821137,175.35910362381102,175.35910362381102,0.0,0.0,0.0,0.0,0.0,development_exploratory_not_untouched_final
2022-02-27T12:00:00,od_05,motorbike,3.0,motorbike-1,15.468886749491073,18.468886749491073,3,False,motorbike-1,motorbike-1,False,15.468886749491073,15.468886749491073,207.68529525821137,240.1375859329334,240.1375859329334,207.68529525821137,175.35910362381102,175.35910362381102,0.0,0.0,0.0,0.0,0.0,development_exploratory_not_untouched_final
2022-02-27T12:00:00,od_05,motorbike,5.0,motorbike-1,15.468886749491073,20.468886749491073,4,False,motorbike-1,motorbike-1,False,15.468886749491073,15.468886749491073,207.68529525821137,240.1375859329334,240.1375859329334,207.68529525821137,175.35910362381102,175.35910362381102,0.0,0.0,0.0,0.0,0.0,development_exploratory_not_untouched_final
2022-02-27T12:00:00,od_05,motorbike,10.0,motorbike-1,15.468886749491073,25.468886749491073,6,False,motorbike-1,motorbike-1,False,15.468886749491073,15.468886749491073,207.68529525821137,240.1375859329334,240.1375859329334,207.68529525821137,175.35910362381102,175.35910362381102,0.0,0.0,0.0,0.0,0.0,development_exploratory_not_untouched_final
2022-02-27T12:00:00,od_05,walking,0.0,walking-1,79.18940872206731,79.18940872206731,1,True,walking-1,walking-1,False,79.18940872206731,79.18940872206731,1062.8315673795296,1217.3666563735717,1217.3666563735717,1062.8315673795296,893.2849989961995,893.2849989961995,0.0,0.0,0.0,0.0,0.0,development_exploratory_not_untouched_final
2022-02-27T12:00:00,od_05,walking,1.0,walking-1,79.18940872206731,80.18940872206731,5,False,walking-1,walking-1,False,79.18940872206731,79.18940872206731,1062.8315673795296,1217.3666563735717,1217.3666563735717,1062.8315673795296,893.2849989961995,893.2849989961995,0.0,0.0,0.0,0.0,0.0,development_exploratory_not_untouched_final
2022-02-27T12:00:00,od_05,walking,2.0,walking-1,79.18940872206731,81.18940872206731,5,False,walking-1,walking-1,False,79.18940872206731,79.18940872206731,1062.8315673795296,1217.3666563735717,1217.3666563735717,1062.8315673795296,893.2849989961995,893.2849989961995,0.0,0.0,0.0,0.0,0.0,development_exploratory_not_untouched_final
2022-02-27T12:00:00,od_05,walking,3.0,walking-1,79.18940872206731,82.18940872206731,6,False,walking-1,walking-1,False,79.18940872206731,79.18940872206731,1062.8315673795296,1217.3666563735717,1217.3666563735717,1062.8315673795296,893.2849989961995,893.2849989961995,0.0,0.0,0.0,0.0,0.0,development_exploratory_not_untouched_final
2022-02-27T12:00:00,od_05,walking,5.0,walking-1,79.18940872206731,84.18940872206731,6,False,walking-1,walking-1,False,79.18940872206731,79.18940872206731,1062.8315673795296,1217.3666563735717,1217.3666563735717,1062.8315673795296,893.2849989961995,893.2849989961995,0.0,0.0,0.0,0.0,0.0,development_exploratory_not_untouched_final
2022-02-27T12:00:00,od_05,walking,10.0,walking-1,79.18940872206731,89.18940872206731,7,False,walking-1,walking-1,False,79.18940872206731,79.18940872206731,1062.8315673795296,1217.3666563735717,1217.3666563735717,1062.8315673795296,893.2849989961995,893.2849989961995,0.0,0.0,0.0,0.0,0.0,development_exploratory_not_untouched_final
2022-02-27T12:00:00,od_06,motorbike,0.0,motorbike-1,8.795778104253094,8.795778104253094,1,True,motorbike-1,motorbike-1,False,8.795778104253094,8.795778104253094,121.85126663136414,143.25515629978574,143.25515629978574,121.85126663136414,100.67804136610013,100.67804136610013,0.0,0.0,0.0,0.0,0.0,development_exploratory_not_untouched_final
2022-02-27T12:00:00,od_06,motorbike,1.0,motorbike-1,8.795778104253094,9.795778104253094,3,False,motorbike-1,motorbike-1,False,8.795778104253094,8.795778104253094,121.85126663136414,143.25515629978574,143.25515629978574,121.85126663136414,100.67804136610013,100.67804136610013,0.0,0.0,0.0,0.0,0.0,development_exploratory_not_untouched_final
2022-02-27T12:00:00,od_06,motorbike,2.0,motorbike-1,8.795778104253094,10.795778104253094,3,False,motorbike-1,motorbike-1,False,8.795778104253094,8.795778104253094,121.85126663136414,143.25515629978574,143.25515629978574,121.85126663136414,100.67804136610013,100.67804136610013,0.0,0.0,0.0,0.0,0.0,development_exploratory_not_untouched_final
2022-02-27T12:00:00,od_06,motorbike,3.0,motorbike-1,8.795778104253094,11.795778104253094,5,False,motorbike-1,motorbike-1,False,8.795778104253094,8.795778104253094,121.85126663136414,143.25515629978574,143.25515629978574,121.85126663136414,100.67804136610013,100.67804136610013,0.0,0.0,0.0,0.0,0.0,development_exploratory_not_untouched_final
2022-02-27T12:00:00,od_06,motorbike,5.0,motorbike-1,8.795778104253094,13.795778104253094,6,False,motorbike-1,motorbike-1,False,8.795778104253094,8.795778104253094,121.85126663136414,143.25515629978574,143.25515629978574,121.85126663136414,100.67804136610013,100.67804136610013,0.0,0.0,0.0,0.0,0.0,development_exploratory_not_untouched_final
2022-02-27T12:00:00,od_06,motorbike,10.0,motorbike-1,8.795778104253094,18.795778104253095,8,False,motorbike-1,motorbike-1,False,8.795778104253094,8.795778104253094,121.85126663136414,143.25515629978574,143.25515629978574,121.85126663136414,100.67804136610013,100.67804136610013,0.0,0.0,0.0,0.0,0.0,development_exploratory_not_untouched_final
2022-02-27T12:00:00,od_06,walking,0.0,walking-1,42.44838227513487,42.44838227513487,1,True,walking-1,walking-1,False,42.44838227513487,42.44838227513487,588.3502287159964,691.6208935430379,691.6208935430379,588.3502287159964,486.0415546961236,486.0415546961236,0.0,0.0,0.0,0.0,0.0,development_exploratory_not_untouched_final
2022-02-27T12:00:00,od_06,walking,1.0,walking-1,42.44838227513487,43.44838227513487,4,False,walking-1,walking-1,False,42.44838227513487,42.44838227513487,588.3502287159964,691.6208935430379,691.6208935430379,588.3502287159964,486.0415546961236,486.0415546961236,0.0,0.0,0.0,0.0,0.0,development_exploratory_not_untouched_final
2022-02-27T12:00:00,od_06,walking,2.0,walking-1,42.44838227513487,44.44838227513487,5,False,walking-1,walking-1,False,42.44838227513487,42.44838227513487,588.3502287159964,691.6208935430379,691.6208935430379,588.3502287159964,486.0415546961236,486.0415546961236,0.0,0.0,0.0,0.0,0.0,development_exploratory_not_untouched_final
2022-02-27T12:00:00,od_06,walking,3.0,walking-1,42.44838227513487,45.44838227513487,5,False,walking-1,walking-1,False,42.44838227513487,42.44838227513487,588.3502287159964,691.6208935430379,691.6208935430379,588.3502287159964,486.0415546961236,486.0415546961236,0.0,0.0,0.0,0.0,0.0,development_exploratory_not_untouched_final
2022-02-27T12:00:00,od_06,walking,5.0,walking-1,42.44838227513487,47.44838227513487,6,False,walking-1,walking-1,False,42.44838227513487,42.44838227513487,588.3502287159964,691.6208935430379,691.6208935430379,588.3502287159964,486.0415546961236,486.0415546961236,0.0,0.0,0.0,0.0,0.0,development_exploratory_not_untouched_final
2022-02-27T12:00:00,od_06,walking,10.0,walking-1,42.44838227513487,52.44838227513487,7,False,walking-1,walking-1,False,42.44838227513487,42.44838227513487,588.3502287159964,691.6208935430379,691.6208935430379,588.3502287159964,486.0415546961236,486.0415546961236,0.0,0.0,0.0,0.0,0.0,development_exploratory_not_untouched_final
2022-02-27T12:00:00,od_07,motorbike,0.0,motorbike-1,8.70687690002884,8.70687690002884,1,True,motorbike-1,motorbike-1,False,8.70687690002884,8.70687690002884,122.04580682565363,142.95671343343582,142.95671343343582,122.04580682565363,100.0650122674283,100.0650122674283,0.0,0.0,0.0,0.0,0.0,development_exploratory_not_untouched_final
2022-02-27T12:00:00,od_07,motorbike,1.0,motorbike-1,8.70687690002884,9.70687690002884,3,False,motorbike-1,motorbike-1,False,8.70687690002884,8.70687690002884,122.04580682565363,142.95671343343582,142.95671343343582,122.04580682565363,100.0650122674283,100.0650122674283,0.0,0.0,0.0,0.0,0.0,development_exploratory_not_untouched_final
2022-02-27T12:00:00,od_07,motorbike,2.0,motorbike-1,8.70687690002884,10.70687690002884,4,False,motorbike-1,motorbike-1,False,8.70687690002884,8.70687690002884,122.04580682565363,142.95671343343582,142.95671343343582,122.04580682565363,100.0650122674283,100.0650122674283,0.0,0.0,0.0,0.0,0.0,development_exploratory_not_untouched_final
2022-02-27T12:00:00,od_07,motorbike,3.0,motorbike-1,8.70687690002884,11.70687690002884,4,False,motorbike-1,motorbike-1,False,8.70687690002884,8.70687690002884,122.04580682565363,142.95671343343582,142.95671343343582,122.04580682565363,100.0650122674283,100.0650122674283,0.0,0.0,0.0,0.0,0.0,development_exploratory_not_untouched_final
2022-02-27T12:00:00,od_07,motorbike,5.0,motorbike-1,8.70687690002884,13.70687690002884,6,False,motorbike-1,motorbike-1,False,8.70687690002884,8.70687690002884,122.04580682565363,142.95671343343582,142.95671343343582,122.04580682565363,100.0650122674283,100.0650122674283,0.0,0.0,0.0,0.0,0.0,development_exploratory_not_untouched_final
2022-02-27T12:00:00,od_07,motorbike,10.0,motorbike-1,8.70687690002884,18.70687690002884,8,False,motorbike-1,motorbike-1,False,8.70687690002884,8.70687690002884,122.04580682565363,142.95671343343582,142.95671343343582,122.04580682565363,100.0650122674283,100.0650122674283,0.0,0.0,0.0,0.0,0.0,development_exploratory_not_untouched_final
2022-02-27T12:00:00,od_07,walking,0.0,walking-1,36.12094162904502,36.12094162904502,1,True,walking-1,walking-1,False,36.12094162904502,36.12094162904502,506.7552441957582,593.5324569937505,593.5324569937505,506.7552441957582,415.25548313272725,415.25548313272725,0.0,0.0,0.0,0.0,0.0,development_exploratory_not_untouched_final
2022-02-27T12:00:00,od_07,walking,1.0,walking-1,36.12094162904502,37.12094162904502,4,False,walking-1,walking-1,False,36.12094162904502,36.12094162904502,506.7552441957582,593.5324569937505,593.5324569937505,506.7552441957582,415.25548313272725,415.25548313272725,0.0,0.0,0.0,0.0,0.0,development_exploratory_not_untouched_final
2022-02-27T12:00:00,od_07,walking,2.0,walking-1,36.12094162904502,38.12094162904502,4,False,walking-1,walking-1,False,36.12094162904502,36.12094162904502,506.7552441957582,593.5324569937505,593.5324569937505,506.7552441957582,415.25548313272725,415.25548313272725,0.0,0.0,0.0,0.0,0.0,development_exploratory_not_untouched_final
2022-02-27T12:00:00,od_07,walking,3.0,walking-1,36.12094162904502,39.12094162904502,4,False,walking-1,walking-1,False,36.12094162904502,36.12094162904502,506.7552441957582,593.5324569937505,593.5324569937505,506.7552441957582,415.25548313272725,415.25548313272725,0.0,0.0,0.0,0.0,0.0,development_exploratory_not_untouched_final
2022-02-27T12:00:00,od_07,walking,5.0,walking-1,36.12094162904502,41.12094162904502,4,False,walking-1,walking-1,False,36.12094162904502,36.12094162904502,506.7552441957582,593.5324569937505,593.5324569937505,506.7552441957582,415.25548313272725,415.25548313272725,0.0,0.0,0.0,0.0,0.0,development_exploratory_not_untouched_final
2022-02-27T12:00:00,od_07,walking,10.0,walking-1,36.12094162904502,46.12094162904502,4,False,walking-1,walking-1,False,36.12094162904502,36.12094162904502,506.7552441957582,593.5324569937505,593.5324569937505,506.7552441957582,415.25548313272725,415.25548313272725,0.0,0.0,0.0,0.0,0.0,development_exploratory_not_untouched_final
2022-02-27T12:00:00,od_08,motorbike,0.0,motorbike-1,16.700945583245588,16.700945583245588,1,True,motorbike-1,motorbike-1,False,16.700945583245588,16.700945583245588,227.69602101464224,268.53447562582835,268.53447562582835,227.69602101464224,189.19721514650738,189.19721514650738,0.0,0.0,0.0,0.0,0.0,development_exploratory_not_untouched_final
2022-02-27T12:00:00,od_08,motorbike,1.0,motorbike-1,16.700945583245588,17.700945583245588,2,False,motorbike-1,motorbike-1,False,16.700945583245588,16.700945583245588,227.69602101464224,268.53447562582835,268.53447562582835,227.69602101464224,189.19721514650738,189.19721514650738,0.0,0.0,0.0,0.0,0.0,development_exploratory_not_untouched_final
2022-02-27T12:00:00,od_08,motorbike,2.0,motorbike-1,16.700945583245588,18.700945583245588,4,False,motorbike-1,motorbike-1,False,16.700945583245588,16.700945583245588,227.69602101464224,268.53447562582835,268.53447562582835,227.69602101464224,189.19721514650738,189.19721514650738,0.0,0.0,0.0,0.0,0.0,development_exploratory_not_untouched_final
2022-02-27T12:00:00,od_08,motorbike,3.0,motorbike-1,16.700945583245588,19.700945583245588,4,False,motorbike-1,motorbike-1,False,16.700945583245588,16.700945583245588,227.69602101464224,268.53447562582835,268.53447562582835,227.69602101464224,189.19721514650738,189.19721514650738,0.0,0.0,0.0,0.0,0.0,development_exploratory_not_untouched_final
2022-02-27T12:00:00,od_08,motorbike,5.0,motorbike-1,16.700945583245588,21.700945583245588,6,False,motorbike-1,motorbike-1,False,16.700945583245588,16.700945583245588,227.69602101464224,268.53447562582835,268.53447562582835,227.69602101464224,189.19721514650738,189.19721514650738,0.0,0.0,0.0,0.0,0.0,development_exploratory_not_untouched_final
2022-02-27T12:00:00,od_08,motorbike,10.0,motorbike-1,16.700945583245588,26.700945583245588,8,False,motorbike-1,motorbike-1,False,16.700945583245588,16.700945583245588,227.69602101464224,268.53447562582835,268.53447562582835,227.69602101464224,189.19721514650738,189.19721514650738,0.0,0.0,0.0,0.0,0.0,development_exploratory_not_untouched_final
2022-02-27T12:00:00,od_08,walking,0.0,walking-1,82.44427460179587,82.44427460179587,1,True,walking-1,walking-1,False,82.44427460179587,82.44427460179587,1123.9216085445512,1299.6400516399685,1299.6400516399685,1123.9216085445512,932.1382484890446,932.1382484890446,0.0,0.0,0.0,0.0,0.0,development_exploratory_not_untouched_final
2022-02-27T12:00:00,od_08,walking,1.0,walking-1,82.44427460179587,83.44427460179587,3,False,walking-1,walking-1,False,82.44427460179587,82.44427460179587,1123.9216085445512,1299.6400516399685,1299.6400516399685,1123.9216085445512,932.1382484890446,932.1382484890446,0.0,0.0,0.0,0.0,0.0,development_exploratory_not_untouched_final
2022-02-27T12:00:00,od_08,walking,2.0,walking-1,82.44427460179587,84.44427460179587,3,False,walking-1,walking-1,False,82.44427460179587,82.44427460179587,1123.9216085445512,1299.6400516399685,1299.6400516399685,1123.9216085445512,932.1382484890446,932.1382484890446,0.0,0.0,0.0,0.0,0.0,development_exploratory_not_untouched_final
2022-02-27T12:00:00,od_08,walking,3.0,walking-1,82.44427460179587,85.44427460179587,4,False,walking-1,walking-1,False,82.44427460179587,82.44427460179587,1123.9216085445512,1299.6400516399685,1299.6400516399685,1123.9216085445512,932.1382484890446,932.1382484890446,0.0,0.0,0.0,0.0,0.0,development_exploratory_not_untouched_final
2022-02-27T12:00:00,od_08,walking,5.0,walking-1,82.44427460179587,87.44427460179587,5,False,walking-1,walking-1,False,82.44427460179587,82.44427460179587,1123.9216085445512,1299.6400516399685,1299.6400516399685,1123.9216085445512,932.1382484890446,932.1382484890446,0.0,0.0,0.0,0.0,0.0,development_exploratory_not_untouched_final
2022-02-27T12:00:00,od_08,walking,10.0,walking-1,82.44427460179587,92.44427460179587,6,False,walking-1,walking-1,False,82.44427460179587,82.44427460179587,1123.9216085445512,1299.6400516399685,1299.6400516399685,1123.9216085445512,932.1382484890446,932.1382484890446,0.0,0.0,0.0,0.0,0.0,development_exploratory_not_untouched_final
2022-02-27T12:00:00,od_09,motorbike,0.0,motorbike-1,9.921896735442521,9.921896735442521,1,True,motorbike-1,motorbike-1,False,9.921896735442521,9.921896735442521,120.58028755205287,145.7770659891586,145.7770659891586,120.58028755205287,105.95689962601936,105.95689962601936,0.0,0.0,0.0,0.0,0.0,development_exploratory_not_untouched_final
2022-02-27T12:00:00,od_09,motorbike,1.0,motorbike-1,9.921896735442521,10.921896735442521,2,False,motorbike-1,motorbike-1,False,9.921896735442521,9.921896735442521,120.58028755205287,145.7770659891586,145.7770659891586,120.58028755205287,105.95689962601936,105.95689962601936,0.0,0.0,0.0,0.0,0.0,development_exploratory_not_untouched_final
2022-02-27T12:00:00,od_09,motorbike,2.0,motorbike-1,9.921896735442521,11.921896735442521,3,False,motorbike-1,motorbike-1,False,9.921896735442521,9.921896735442521,120.58028755205287,145.7770659891586,145.7770659891586,120.58028755205287,105.95689962601936,105.95689962601936,0.0,0.0,0.0,0.0,0.0,development_exploratory_not_untouched_final
2022-02-27T12:00:00,od_09,motorbike,3.0,motorbike-1,9.921896735442521,12.921896735442521,4,False,motorbike-1,motorbike-1,False,9.921896735442521,9.921896735442521,120.58028755205287,145.7770659891586,145.7770659891586,120.58028755205287,105.95689962601936,105.95689962601936,0.0,0.0,0.0,0.0,0.0,development_exploratory_not_untouched_final
2022-02-27T12:00:00,od_09,motorbike,5.0,motorbike-1,9.921896735442521,14.921896735442521,5,False,motorbike-1,motorbike-1,False,9.921896735442521,9.921896735442521,120.58028755205287,145.7770659891586,145.7770659891586,120.58028755205287,105.95689962601936,105.95689962601936,0.0,0.0,0.0,0.0,0.0,development_exploratory_not_untouched_final
2022-02-27T12:00:00,od_09,motorbike,10.0,motorbike-1,9.921896735442521,19.921896735442523,7,False,motorbike-1,motorbike-1,False,9.921896735442521,9.921896735442521,120.58028755205287,145.7770659891586,145.7770659891586,120.58028755205287,105.95689962601936,105.95689962601936,0.0,0.0,0.0,0.0,0.0,development_exploratory_not_untouched_final
2022-02-27T12:00:00,od_09,walking,0.0,walking-1,44.57985461725738,44.57985461725738,1,True,walking-1,walking-1,False,44.57985461725738,44.57985461725738,533.0307798215539,646.8945121800626,646.8945121800626,533.0307798215539,472.4303530141416,472.4303530141416,0.0,0.0,0.0,0.0,0.0,development_exploratory_not_untouched_final
2022-02-27T12:00:00,od_09,walking,1.0,walking-1,44.57985461725738,45.57985461725738,3,False,walking-1,walking-1,False,44.57985461725738,44.57985461725738,533.0307798215539,646.8945121800626,646.8945121800626,533.0307798215539,472.4303530141416,472.4303530141416,0.0,0.0,0.0,0.0,0.0,development_exploratory_not_untouched_final
2022-02-27T12:00:00,od_09,walking,2.0,walking-1,44.57985461725738,46.57985461725738,3,False,walking-1,walking-1,False,44.57985461725738,44.57985461725738,533.0307798215539,646.8945121800626,646.8945121800626,533.0307798215539,472.4303530141416,472.4303530141416,0.0,0.0,0.0,0.0,0.0,development_exploratory_not_untouched_final
2022-02-27T12:00:00,od_09,walking,3.0,walking-1,44.57985461725738,47.57985461725738,3,False,walking-1,walking-1,False,44.57985461725738,44.57985461725738,533.0307798215539,646.8945121800626,646.8945121800626,533.0307798215539,472.4303530141416,472.4303530141416,0.0,0.0,0.0,0.0,0.0,development_exploratory_not_untouched_final
2022-02-27T12:00:00,od_09,walking,5.0,walking-1,44.57985461725738,49.57985461725738,4,False,walking-1,walking-1,False,44.57985461725738,44.57985461725738,533.0307798215539,646.8945121800626,646.8945121800626,533.0307798215539,472.4303530141416,472.4303530141416,0.0,0.0,0.0,0.0,0.0,development_exploratory_not_untouched_final
2022-02-27T12:00:00,od_09,walking,10.0,walking-1,44.57985461725738,54.57985461725738,6,False,walking-1,walking-1,False,44.57985461725738,44.57985461725738,533.0307798215539,646.8945121800626,646.8945121800626,533.0307798215539,472.4303530141416,472.4303530141416,0.0,0.0,0.0,0.0,0.0,development_exploratory_not_untouched_final
2022-02-27T12:00:00,od_10,motorbike,0.0,motorbike-1,10.045650330099813,10.045650330099813,1,True,motorbike-1,motorbike-1,False,10.045650330099813,10.045650330099813,140.18299753465868,162.9300908219332,162.9300908219332,140.18299753465868,115.59000417767884,115.59000417767884,0.0,0.0,0.0,0.0,0.0,development_exploratory_not_untouched_final
2022-02-27T12:00:00,od_10,motorbike,1.0,motorbike-1,10.045650330099813,11.045650330099813,2,False,motorbike-1,motorbike-1,False,10.045650330099813,10.045650330099813,140.18299753465868,162.9300908219332,162.9300908219332,140.18299753465868,115.59000417767884,115.59000417767884,0.0,0.0,0.0,0.0,0.0,development_exploratory_not_untouched_final
2022-02-27T12:00:00,od_10,motorbike,2.0,motorbike-1,10.045650330099813,12.045650330099813,3,False,motorbike-1,motorbike-1,False,10.045650330099813,10.045650330099813,140.18299753465868,162.9300908219332,162.9300908219332,140.18299753465868,115.59000417767884,115.59000417767884,0.0,0.0,0.0,0.0,0.0,development_exploratory_not_untouched_final
2022-02-27T12:00:00,od_10,motorbike,3.0,motorbike-1,10.045650330099813,13.045650330099813,4,False,motorbike-1,motorbike-1,False,10.045650330099813,10.045650330099813,140.18299753465868,162.9300908219332,162.9300908219332,140.18299753465868,115.59000417767884,115.59000417767884,0.0,0.0,0.0,0.0,0.0,development_exploratory_not_untouched_final
2022-02-27T12:00:00,od_10,motorbike,5.0,motorbike-1,10.045650330099813,15.045650330099813,8,False,motorbike-1,motorbike-1,False,10.045650330099813,10.045650330099813,140.18299753465868,162.9300908219332,162.9300908219332,140.18299753465868,115.59000417767884,115.59000417767884,0.0,0.0,0.0,0.0,0.0,development_exploratory_not_untouched_final
2022-02-27T12:00:00,od_10,motorbike,10.0,motorbike-1,10.045650330099813,20.04565033009981,8,False,motorbike-1,motorbike-1,False,10.045650330099813,10.045650330099813,140.18299753465868,162.9300908219332,162.9300908219332,140.18299753465868,115.59000417767884,115.59000417767884,0.0,0.0,0.0,0.0,0.0,development_exploratory_not_untouched_final
2022-02-27T12:00:00,od_10,walking,0.0,walking-1,50.22825165049906,50.22825165049906,1,True,walking-1,walking-1,False,50.22825165049906,50.22825165049906,700.914987673294,814.6504541096659,814.6504541096659,700.914987673294,577.950020888394,577.950020888394,0.0,0.0,0.0,0.0,0.0,development_exploratory_not_untouched_final
2022-02-27T12:00:00,od_10,walking,1.0,walking-1,50.22825165049906,51.22825165049906,4,False,walking-1,walking-1,False,50.22825165049906,50.22825165049906,700.914987673294,814.6504541096659,814.6504541096659,700.914987673294,577.950020888394,577.950020888394,0.0,0.0,0.0,0.0,0.0,development_exploratory_not_untouched_final
2022-02-27T12:00:00,od_10,walking,2.0,walking-1,50.22825165049906,52.22825165049906,4,False,walking-1,walking-1,False,50.22825165049906,50.22825165049906,700.914987673294,814.6504541096659,814.6504541096659,700.914987673294,577.950020888394,577.950020888394,0.0,0.0,0.0,0.0,0.0,development_exploratory_not_untouched_final
2022-02-27T12:00:00,od_10,walking,3.0,walking-1,50.22825165049906,53.22825165049906,6,False,walking-1,walking-1,False,50.22825165049906,50.22825165049906,700.914987673294,814.6504541096659,814.6504541096659,700.914987673294,577.950020888394,577.950020888394,0.0,0.0,0.0,0.0,0.0,development_exploratory_not_untouched_final
2022-02-27T12:00:00,od_10,walking,5.0,walking-1,50.22825165049906,55.22825165049906,6,False,walking-1,walking-1,False,50.22825165049906,50.22825165049906,700.914987673294,814.6504541096659,814.6504541096659,700.914987673294,577.950020888394,577.950020888394,0.0,0.0,0.0,0.0,0.0,development_exploratory_not_untouched_final
2022-02-27T12:00:00,od_10,walking,10.0,walking-1,50.22825165049906,60.22825165049906,7,False,walking-1,walking-1,False,50.22825165049906,50.22825165049906,700.914987673294,814.6504541096659,814.6504541096659,700.914987673294,577.950020888394,577.950020888394,0.0,0.0,0.0,0.0,0.0,development_exploratory_not_untouched_final
2022-02-27T12:00:00,od_11,motorbike,0.0,motorbike-1,17.571099260409287,17.571099260409287,1,True,motorbike-1,motorbike-1,False,17.571099260409287,17.571099260409287,245.8424957322327,288.623003964874,288.623003964874,245.8424957322327,201.18806861075572,201.18806861075572,0.0,0.0,0.0,0.0,0.0,development_exploratory_not_untouched_final
2022-02-27T12:00:00,od_11,motorbike,1.0,motorbike-1,17.571099260409287,18.571099260409287,2,False,motorbike-1,motorbike-1,False,17.571099260409287,17.571099260409287,245.8424957322327,288.623003964874,288.623003964874,245.8424957322327,201.18806861075572,201.18806861075572,0.0,0.0,0.0,0.0,0.0,development_exploratory_not_untouched_final
2022-02-27T12:00:00,od_11,motorbike,2.0,motorbike-1,17.571099260409287,19.571099260409287,3,False,motorbike-1,motorbike-1,False,17.571099260409287,17.571099260409287,245.8424957322327,288.623003964874,288.623003964874,245.8424957322327,201.18806861075572,201.18806861075572,0.0,0.0,0.0,0.0,0.0,development_exploratory_not_untouched_final
2022-02-27T12:00:00,od_11,motorbike,3.0,motorbike-1,17.571099260409287,20.571099260409287,3,False,motorbike-1,motorbike-1,False,17.571099260409287,17.571099260409287,245.8424957322327,288.623003964874,288.623003964874,245.8424957322327,201.18806861075572,201.18806861075572,0.0,0.0,0.0,0.0,0.0,development_exploratory_not_untouched_final
2022-02-27T12:00:00,od_11,motorbike,5.0,motorbike-1,17.571099260409287,22.571099260409287,3,False,motorbike-1,motorbike-1,False,17.571099260409287,17.571099260409287,245.8424957322327,288.623003964874,288.623003964874,245.8424957322327,201.18806861075572,201.18806861075572,0.0,0.0,0.0,0.0,0.0,development_exploratory_not_untouched_final
2022-02-27T12:00:00,od_11,motorbike,10.0,motorbike-1,17.571099260409287,27.571099260409287,6,False,motorbike-1,motorbike-1,False,17.571099260409287,17.571099260409287,245.8424957322327,288.623003964874,288.623003964874,245.8424957322327,201.18806861075572,201.18806861075572,0.0,0.0,0.0,0.0,0.0,development_exploratory_not_untouched_final
2022-02-27T12:00:00,od_11,walking,0.0,walking-1,69.59747859124312,69.59747859124312,1,True,walking-1,walking-1,False,69.59747859124312,69.59747859124312,975.9487465484349,1137.389046953474,1137.389046953474,975.9487465484349,792.5131583607928,792.5131583607928,0.0,0.0,0.0,0.0,0.0,development_exploratory_not_untouched_final
2022-02-27T12:00:00,od_11,walking,1.0,walking-1,69.59747859124312,70.59747859124312,6,False,walking-1,walking-1,False,69.59747859124312,69.59747859124312,975.9487465484349,1137.389046953474,1137.389046953474,975.9487465484349,792.5131583607928,792.5131583607928,0.0,0.0,0.0,0.0,0.0,development_exploratory_not_untouched_final
2022-02-27T12:00:00,od_11,walking,2.0,walking-1,69.59747859124312,71.59747859124312,7,False,walking-1,walking-1,False,69.59747859124312,69.59747859124312,975.9487465484349,1137.389046953474,1137.389046953474,975.9487465484349,792.5131583607928,792.5131583607928,0.0,0.0,0.0,0.0,0.0,development_exploratory_not_untouched_final
2022-02-27T12:00:00,od_11,walking,3.0,walking-1,69.59747859124312,72.59747859124312,7,False,walking-1,walking-1,False,69.59747859124312,69.59747859124312,975.9487465484349,1137.389046953474,1137.389046953474,975.9487465484349,792.5131583607928,792.5131583607928,0.0,0.0,0.0,0.0,0.0,development_exploratory_not_untouched_final
2022-02-27T12:00:00,od_11,walking,5.0,walking-1,69.59747859124312,74.59747859124312,8,False,walking-1,walking-1,False,69.59747859124312,69.59747859124312,975.9487465484349,1137.389046953474,1137.389046953474,975.9487465484349,792.5131583607928,792.5131583607928,0.0,0.0,0.0,0.0,0.0,development_exploratory_not_untouched_final
2022-02-27T12:00:00,od_11,walking,10.0,walking-1,69.59747859124312,79.59747859124312,8,False,walking-1,walking-1,False,69.59747859124312,69.59747859124312,975.9487465484349,1137.389046953474,1137.389046953474,975.9487465484349,792.5131583607928,792.5131583607928,0.0,0.0,0.0,0.0,0.0,development_exploratory_not_untouched_final
2022-02-27T12:00:00,od_12,motorbike,0.0,motorbike-1,11.041975489410948,11.041975489410948,1,True,motorbike-1,motorbike-1,False,11.041975489410948,11.041975489410948,148.3673292724718,175.7402571257074,175.7402571257074,148.3673292724718,123.84092464563786,123.84092464563786,0.0,0.0,0.0,0.0,0.0,development_exploratory_not_untouched_final
2022-02-27T12:00:00,od_12,motorbike,1.0,motorbike-1,11.041975489410948,12.041975489410948,2,False,motorbike-1,motorbike-1,False,11.041975489410948,11.041975489410948,148.3673292724718,175.7402571257074,175.7402571257074,148.3673292724718,123.84092464563786,123.84092464563786,0.0,0.0,0.0,0.0,0.0,development_exploratory_not_untouched_final
2022-02-27T12:00:00,od_12,motorbike,2.0,motorbike-1,11.041975489410948,13.041975489410948,2,False,motorbike-1,motorbike-1,False,11.041975489410948,11.041975489410948,148.3673292724718,175.7402571257074,175.7402571257074,148.3673292724718,123.84092464563786,123.84092464563786,0.0,0.0,0.0,0.0,0.0,development_exploratory_not_untouched_final
2022-02-27T12:00:00,od_12,motorbike,3.0,motorbike-1,11.041975489410948,14.041975489410948,3,False,motorbike-1,motorbike-1,False,11.041975489410948,11.041975489410948,148.3673292724718,175.7402571257074,175.7402571257074,148.3673292724718,123.84092464563786,123.84092464563786,0.0,0.0,0.0,0.0,0.0,development_exploratory_not_untouched_final
2022-02-27T12:00:00,od_12,motorbike,5.0,motorbike-1,11.041975489410948,16.041975489410948,4,False,motorbike-1,motorbike-1,False,11.041975489410948,11.041975489410948,148.3673292724718,175.7402571257074,175.7402571257074,148.3673292724718,123.84092464563786,123.84092464563786,0.0,0.0,0.0,0.0,0.0,development_exploratory_not_untouched_final
2022-02-27T12:00:00,od_12,motorbike,10.0,motorbike-1,11.041975489410948,21.041975489410948,7,False,motorbike-1,motorbike-1,False,11.041975489410948,11.041975489410948,148.3673292724718,175.7402571257074,175.7402571257074,148.3673292724718,123.84092464563786,123.84092464563786,0.0,0.0,0.0,0.0,0.0,development_exploratory_not_untouched_final
2022-02-27T12:00:00,od_12,walking,0.0,walking-1,56.64962007563846,56.64962007563846,1,True,walking-1,walking-1,False,56.64962007563846,56.64962007563846,761.7852904896943,902.2836204466154,902.2836204466154,761.7852904896943,635.4513262661424,635.4513262661424,0.0,0.0,0.0,0.0,0.0,development_exploratory_not_untouched_final
2022-02-27T12:00:00,od_12,walking,1.0,walking-1,56.64962007563846,57.64962007563846,5,False,walking-1,walking-1,False,56.64962007563846,56.64962007563846,761.7852904896943,902.2836204466154,902.2836204466154,761.7852904896943,635.4513262661424,635.4513262661424,0.0,0.0,0.0,0.0,0.0,development_exploratory_not_untouched_final
2022-02-27T12:00:00,od_12,walking,2.0,walking-1,56.64962007563846,58.64962007563846,6,False,walking-1,walking-1,False,56.64962007563846,56.64962007563846,761.7852904896943,902.2836204466154,902.2836204466154,761.7852904896943,635.4513262661424,635.4513262661424,0.0,0.0,0.0,0.0,0.0,development_exploratory_not_untouched_final
2022-02-27T12:00:00,od_12,walking,3.0,walking-1,56.64962007563846,59.64962007563846,6,False,walking-1,walking-1,False,56.64962007563846,56.64962007563846,761.7852904896943,902.2836204466154,902.2836204466154,761.7852904896943,635.4513262661424,635.4513262661424,0.0,0.0,0.0,0.0,0.0,development_exploratory_not_untouched_final
2022-02-27T12:00:00,od_12,walking,5.0,walking-1,56.64962007563846,61.64962007563846,6,False,walking-1,walking-1,False,56.64962007563846,56.64962007563846,761.7852904896943,902.2836204466154,902.2836204466154,761.7852904896943,635.4513262661424,635.4513262661424,0.0,0.0,0.0,0.0,0.0,development_exploratory_not_untouched_final
2022-02-27T12:00:00,od_12,walking,10.0,walking-1,56.64962007563846,66.64962007563847,7,False,walking-1,walking-1,False,56.64962007563846,56.64962007563846,761.7852904896943,902.2836204466154,902.2836204466154,761.7852904896943,635.4513262661424,635.4513262661424,0.0,0.0,0.0,0.0,0.0,development_exploratory_not_untouched_final
2022-02-27T12:00:00,od_13,motorbike,0.0,motorbike-1,15.733865367527278,15.733865367527278,1,True,motorbike-1,motorbike-1,False,15.733865367527278,15.733865367527278,214.90227641021764,254.17654749306783,254.17654749306783,214.90227641021764,177.6730514064792,177.6730514064792,0.0,0.0,0.0,0.0,0.0,development_exploratory_not_untouched_final
2022-02-27T12:00:00,od_13,motorbike,1.0,motorbike-1,15.733865367527278,16.73386536752728,2,False,motorbike-1,motorbike-1,False,15.733865367527278,15.733865367527278,214.90227641021764,254.17654749306783,254.17654749306783,214.90227641021764,177.6730514064792,177.6730514064792,0.0,0.0,0.0,0.0,0.0,development_exploratory_not_untouched_final
2022-02-27T12:00:00,od_13,motorbike,2.0,motorbike-1,15.733865367527278,17.73386536752728,2,False,motorbike-1,motorbike-1,False,15.733865367527278,15.733865367527278,214.90227641021764,254.17654749306783,254.17654749306783,214.90227641021764,177.6730514064792,177.6730514064792,0.0,0.0,0.0,0.0,0.0,development_exploratory_not_untouched_final
2022-02-27T12:00:00,od_13,motorbike,3.0,motorbike-1,15.733865367527278,18.73386536752728,5,False,motorbike-1,motorbike-1,False,15.733865367527278,15.733865367527278,214.90227641021764,254.17654749306783,254.17654749306783,214.90227641021764,177.6730514064792,177.6730514064792,0.0,0.0,0.0,0.0,0.0,development_exploratory_not_untouched_final
2022-02-27T12:00:00,od_13,motorbike,5.0,motorbike-1,15.733865367527278,20.73386536752728,5,False,motorbike-1,motorbike-1,False,15.733865367527278,15.733865367527278,214.90227641021764,254.17654749306783,254.17654749306783,214.90227641021764,177.6730514064792,177.6730514064792,0.0,0.0,0.0,0.0,0.0,development_exploratory_not_untouched_final
2022-02-27T12:00:00,od_13,motorbike,10.0,motorbike-1,15.733865367527278,25.73386536752728,8,False,motorbike-1,motorbike-1,False,15.733865367527278,15.733865367527278,214.90227641021764,254.17654749306783,254.17654749306783,214.90227641021764,177.6730514064792,177.6730514064792,0.0,0.0,0.0,0.0,0.0,development_exploratory_not_untouched_final
2022-02-27T12:00:00,od_13,walking,0.0,walking-1,76.21028331703089,76.21028331703089,1,True,walking-1,walking-1,False,76.21028331703089,76.21028331703089,1038.8501110184475,1213.7467221822524,1213.7467221822524,1038.8501110184475,856.1839333439739,856.1839333439739,0.0,0.0,0.0,0.0,0.0,development_exploratory_not_untouched_final
2022-02-27T12:00:00,od_13,walking,1.0,walking-1,76.21028331703089,77.21028331703089,5,False,walking-1,walking-1,False,76.21028331703089,76.21028331703089,1038.8501110184475,1213.7467221822524,1213.7467221822524,1038.8501110184475,856.1839333439739,856.1839333439739,0.0,0.0,0.0,0.0,0.0,development_exploratory_not_untouched_final
2022-02-27T12:00:00,od_13,walking,2.0,walking-1,76.21028331703089,78.21028331703089,6,False,walking-1,walking-1,False,76.21028331703089,76.21028331703089,1038.8501110184475,1213.7467221822524,1213.7467221822524,1038.8501110184475,856.1839333439739,856.1839333439739,0.0,0.0,0.0,0.0,0.0,development_exploratory_not_untouched_final
2022-02-27T12:00:00,od_13,walking,3.0,walking-1,76.21028331703089,79.21028331703089,6,False,walking-1,walking-1,False,76.21028331703089,76.21028331703089,1038.8501110184475,1213.7467221822524,1213.7467221822524,1038.8501110184475,856.1839333439739,856.1839333439739,0.0,0.0,0.0,0.0,0.0,development_exploratory_not_untouched_final
2022-02-27T12:00:00,od_13,walking,5.0,walking-1,76.21028331703089,81.21028331703089,6,False,walking-1,walking-1,False,76.21028331703089,76.21028331703089,1038.8501110184475,1213.7467221822524,1213.7467221822524,1038.8501110184475,856.1839333439739,856.1839333439739,0.0,0.0,0.0,0.0,0.0,development_exploratory_not_untouched_final
2022-02-27T12:00:00,od_13,walking,10.0,walking-1,76.21028331703089,86.21028331703089,7,False,walking-1,walking-1,False,76.21028331703089,76.21028331703089,1038.8501110184475,1213.7467221822524,1213.7467221822524,1038.8501110184475,856.1839333439739,856.1839333439739,0.0,0.0,0.0,0.0,0.0,development_exploratory_not_untouched_final
2022-02-27T12:00:00,od_14,motorbike,0.0,motorbike-1,7.225306020952647,7.225306020952647,1,True,motorbike-1,motorbike-1,False,7.225306020952647,7.225306020952647,100.0137477784937,118.62734742703974,118.62734742703974,100.0137477784937,81.43941628765202,81.43941628765202,0.0,0.0,0.0,0.0,0.0,development_exploratory_not_untouched_final
2022-02-27T12:00:00,od_14,motorbike,1.0,motorbike-1,7.225306020952647,8.225306020952647,3,False,motorbike-1,motorbike-1,False,7.225306020952647,7.225306020952647,100.0137477784937,118.62734742703974,118.62734742703974,100.0137477784937,81.43941628765202,81.43941628765202,0.0,0.0,0.0,0.0,0.0,development_exploratory_not_untouched_final
2022-02-27T12:00:00,od_14,motorbike,2.0,motorbike-1,7.225306020952647,9.225306020952647,3,False,motorbike-1,motorbike-1,False,7.225306020952647,7.225306020952647,100.0137477784937,118.62734742703974,118.62734742703974,100.0137477784937,81.43941628765202,81.43941628765202,0.0,0.0,0.0,0.0,0.0,development_exploratory_not_untouched_final
2022-02-27T12:00:00,od_14,motorbike,3.0,motorbike-1,7.225306020952647,10.225306020952647,4,False,motorbike-1,motorbike-1,False,7.225306020952647,7.225306020952647,100.0137477784937,118.62734742703974,118.62734742703974,100.0137477784937,81.43941628765202,81.43941628765202,0.0,0.0,0.0,0.0,0.0,development_exploratory_not_untouched_final
2022-02-27T12:00:00,od_14,motorbike,5.0,motorbike-1,7.225306020952647,12.225306020952647,6,False,motorbike-1,motorbike-1,False,7.225306020952647,7.225306020952647,100.0137477784937,118.62734742703974,118.62734742703974,100.0137477784937,81.43941628765202,81.43941628765202,0.0,0.0,0.0,0.0,0.0,development_exploratory_not_untouched_final
2022-02-27T12:00:00,od_14,motorbike,10.0,motorbike-1,7.225306020952647,17.225306020952647,7,False,motorbike-1,motorbike-1,False,7.225306020952647,7.225306020952647,100.0137477784937,118.62734742703974,118.62734742703974,100.0137477784937,81.43941628765202,81.43941628765202,0.0,0.0,0.0,0.0,0.0,development_exploratory_not_untouched_final
2022-02-27T12:00:00,od_14,walking,0.0,walking-1,41.39215771665848,41.39215771665848,1,True,walking-1,walking-1,False,41.39215771665848,41.39215771665848,570.0357736637208,676.1086741557446,676.1086741557446,570.0357736637208,465.8777901367172,465.8777901367172,0.0,0.0,0.0,0.0,0.0,development_exploratory_not_untouched_final
2022-02-27T12:00:00,od_14,walking,1.0,walking-1,41.39215771665848,42.39215771665848,2,False,walking-1,walking-1,False,41.39215771665848,41.39215771665848,570.0357736637208,676.1086741557446,676.1086741557446,570.0357736637208,465.8777901367172,465.8777901367172,0.0,0.0,0.0,0.0,0.0,development_exploratory_not_untouched_final
2022-02-27T12:00:00,od_14,walking,2.0,walking-1,41.39215771665848,43.39215771665848,3,False,walking-1,walking-1,False,41.39215771665848,41.39215771665848,570.0357736637208,676.1086741557446,676.1086741557446,570.0357736637208,465.8777901367172,465.8777901367172,0.0,0.0,0.0,0.0,0.0,development_exploratory_not_untouched_final
2022-02-27T12:00:00,od_14,walking,3.0,walking-1,41.39215771665848,44.39215771665848,3,False,walking-1,walking-1,False,41.39215771665848,41.39215771665848,570.0357736637208,676.1086741557446,676.1086741557446,570.0357736637208,465.8777901367172,465.8777901367172,0.0,0.0,0.0,0.0,0.0,development_exploratory_not_untouched_final
2022-02-27T12:00:00,od_14,walking,5.0,walking-1,41.39215771665848,46.39215771665848,3,False,walking-1,walking-1,False,41.39215771665848,41.39215771665848,570.0357736637208,676.1086741557446,676.1086741557446,570.0357736637208,465.8777901367172,465.8777901367172,0.0,0.0,0.0,0.0,0.0,development_exploratory_not_untouched_final
2022-02-27T12:00:00,od_14,walking,10.0,walking-1,41.39215771665848,51.39215771665848,6,False,walking-1,walking-1,False,41.39215771665848,41.39215771665848,570.0357736637208,676.1086741557446,676.1086741557446,570.0357736637208,465.8777901367172,465.8777901367172,0.0,0.0,0.0,0.0,0.0,development_exploratory_not_untouched_final
2022-02-27T12:00:00,od_15,motorbike,0.0,motorbike-1,15.834878913287358,15.834878913287358,1,True,motorbike-1,motorbike-1,False,15.834878913287358,15.834878913287358,222.28320842437427,258.0648240014272,258.0648240014272,222.28320842437427,182.67515259472913,182.67515259472913,0.0,0.0,0.0,0.0,0.0,development_exploratory_not_untouched_final
2022-02-27T12:00:00,od_15,motorbike,1.0,motorbike-1,15.834878913287358,16.83487891328736,1,True,motorbike-1,motorbike-1,False,15.834878913287358,15.834878913287358,222.28320842437427,258.0648240014272,258.0648240014272,222.28320842437427,182.67515259472913,182.67515259472913,0.0,0.0,0.0,0.0,0.0,development_exploratory_not_untouched_final
2022-02-27T12:00:00,od_15,motorbike,2.0,motorbike-1,15.834878913287358,17.83487891328736,2,False,motorbike-1,motorbike-1,False,15.834878913287358,15.834878913287358,222.28320842437427,258.0648240014272,258.0648240014272,222.28320842437427,182.67515259472913,182.67515259472913,0.0,0.0,0.0,0.0,0.0,development_exploratory_not_untouched_final
2022-02-27T12:00:00,od_15,motorbike,3.0,motorbike-1,15.834878913287358,18.83487891328736,2,False,motorbike-1,motorbike-1,False,15.834878913287358,15.834878913287358,222.28320842437427,258.0648240014272,258.0648240014272,222.28320842437427,182.67515259472913,182.67515259472913,0.0,0.0,0.0,0.0,0.0,development_exploratory_not_untouched_final
2022-02-27T12:00:00,od_15,motorbike,5.0,motorbike-1,15.834878913287358,20.83487891328736,5,False,motorbike-1,motorbike-1,False,15.834878913287358,15.834878913287358,222.28320842437427,258.0648240014272,258.0648240014272,222.28320842437427,182.67515259472913,182.67515259472913,0.0,0.0,0.0,0.0,0.0,development_exploratory_not_untouched_final
2022-02-27T12:00:00,od_15,motorbike,10.0,motorbike-1,15.834878913287358,25.83487891328736,7,False,motorbike-1,motorbike-1,False,15.834878913287358,15.834878913287358,222.28320842437427,258.0648240014272,258.0648240014272,222.28320842437427,182.67515259472913,182.67515259472913,0.0,0.0,0.0,0.0,0.0,development_exploratory_not_untouched_final
2022-02-27T12:00:00,od_15,walking,0.0,walking-1,66.44032632866953,66.44032632866953,1,True,walking-1,walking-1,False,66.44032632866953,66.44032632866953,929.0923991813804,1073.1832112472684,1073.1832112472684,929.0923991813804,763.6170022848881,763.6170022848881,0.0,0.0,0.0,0.0,0.0,development_exploratory_not_untouched_final
2022-02-27T12:00:00,od_15,walking,1.0,walking-1,66.44032632866953,67.44032632866953,7,False,walking-1,walking-1,False,66.44032632866953,66.44032632866953,929.0923991813804,1073.1832112472684,1073.1832112472684,929.0923991813804,763.6170022848881,763.6170022848881,0.0,0.0,0.0,0.0,0.0,development_exploratory_not_untouched_final
2022-02-27T12:00:00,od_15,walking,2.0,walking-1,66.44032632866953,68.44032632866953,7,False,walking-1,walking-1,False,66.44032632866953,66.44032632866953,929.0923991813804,1073.1832112472684,1073.1832112472684,929.0923991813804,763.6170022848881,763.6170022848881,0.0,0.0,0.0,0.0,0.0,development_exploratory_not_untouched_final
2022-02-27T12:00:00,od_15,walking,3.0,walking-1,66.44032632866953,69.44032632866953,7,False,walking-1,walking-1,False,66.44032632866953,66.44032632866953,929.0923991813804,1073.1832112472684,1073.1832112472684,929.0923991813804,763.6170022848881,763.6170022848881,0.0,0.0,0.0,0.0,0.0,development_exploratory_not_untouched_final
2022-02-27T12:00:00,od_15,walking,5.0,walking-1,66.44032632866953,71.44032632866953,7,False,walking-1,walking-1,False,66.44032632866953,66.44032632866953,929.0923991813804,1073.1832112472684,1073.1832112472684,929.0923991813804,763.6170022848881,763.6170022848881,0.0,0.0,0.0,0.0,0.0,development_exploratory_not_untouched_final
2022-02-27T12:00:00,od_15,walking,10.0,walking-1,66.44032632866953,76.44032632866953,7,False,walking-1,walking-1,False,66.44032632866953,66.44032632866953,929.0923991813804,1073.1832112472684,1073.1832112472684,929.0923991813804,763.6170022848881,763.6170022848881,0.0,0.0,0.0,0.0,0.0,development_exploratory_not_untouched_final
2022-02-27T12:00:00,od_16,motorbike,0.0,motorbike-1,8.443854355792814,8.443854355792814,1,True,motorbike-1,motorbike-1,False,8.443854355792814,8.443854355792814,119.64352826084748,138.9886292981131,138.9886292981131,119.64352826084748,97.78194402000155,97.78194402000155,0.0,0.0,0.0,0.0,0.0,development_exploratory_not_untouched_final
2022-02-27T12:00:00,od_16,motorbike,1.0,motorbike-1,8.443854355792814,9.443854355792814,3,False,motorbike-1,motorbike-1,False,8.443854355792814,8.443854355792814,119.64352826084748,138.9886292981131,138.9886292981131,119.64352826084748,97.78194402000155,97.78194402000155,0.0,0.0,0.0,0.0,0.0,development_exploratory_not_untouched_final
2022-02-27T12:00:00,od_16,motorbike,2.0,motorbike-1,8.443854355792814,10.443854355792814,5,False,motorbike-1,motorbike-1,False,8.443854355792814,8.443854355792814,119.64352826084748,138.9886292981131,138.9886292981131,119.64352826084748,97.78194402000155,97.78194402000155,0.0,0.0,0.0,0.0,0.0,development_exploratory_not_untouched_final
2022-02-27T12:00:00,od_16,motorbike,3.0,motorbike-1,8.443854355792814,11.443854355792814,6,False,motorbike-1,motorbike-1,False,8.443854355792814,8.443854355792814,119.64352826084748,138.9886292981131,138.9886292981131,119.64352826084748,97.78194402000155,97.78194402000155,0.0,0.0,0.0,0.0,0.0,development_exploratory_not_untouched_final
2022-02-27T12:00:00,od_16,motorbike,5.0,motorbike-1,8.443854355792814,13.443854355792814,7,False,motorbike-1,motorbike-1,False,8.443854355792814,8.443854355792814,119.64352826084748,138.9886292981131,138.9886292981131,119.64352826084748,97.78194402000155,97.78194402000155,0.0,0.0,0.0,0.0,0.0,development_exploratory_not_untouched_final
2022-02-27T12:00:00,od_16,motorbike,10.0,motorbike-1,8.443854355792814,18.443854355792816,8,False,motorbike-1,motorbike-1,False,8.443854355792814,8.443854355792814,119.64352826084748,138.9886292981131,138.9886292981131,119.64352826084748,97.78194402000155,97.78194402000155,0.0,0.0,0.0,0.0,0.0,development_exploratory_not_untouched_final
2022-02-27T12:00:00,od_16,walking,0.0,walking-1,42.321031780608884,42.321031780608884,1,True,walking-1,walking-1,False,42.321031780608884,42.321031780608884,599.6993392759636,696.6763486328831,696.6763486328831,599.6993392759636,490.10130920851316,490.10130920851316,0.0,0.0,0.0,0.0,0.0,development_exploratory_not_untouched_final
2022-02-27T12:00:00,od_16,walking,1.0,walking-1,42.321031780608884,43.321031780608884,2,False,walking-1,walking-1,False,42.321031780608884,42.321031780608884,599.6993392759636,696.6763486328831,696.6763486328831,599.6993392759636,490.10130920851316,490.10130920851316,0.0,0.0,0.0,0.0,0.0,development_exploratory_not_untouched_final
2022-02-27T12:00:00,od_16,walking,2.0,walking-1,42.321031780608884,44.321031780608884,2,False,walking-1,walking-1,False,42.321031780608884,42.321031780608884,599.6993392759636,696.6763486328831,696.6763486328831,599.6993392759636,490.10130920851316,490.10130920851316,0.0,0.0,0.0,0.0,0.0,development_exploratory_not_untouched_final
2022-02-27T12:00:00,od_16,walking,3.0,walking-1,42.321031780608884,45.321031780608884,3,False,walking-1,walking-1,False,42.321031780608884,42.321031780608884,599.6993392759636,696.6763486328831,696.6763486328831,599.6993392759636,490.10130920851316,490.10130920851316,0.0,0.0,0.0,0.0,0.0,development_exploratory_not_untouched_final
2022-02-27T12:00:00,od_16,walking,5.0,walking-1,42.321031780608884,47.321031780608884,3,False,walking-1,walking-1,False,42.321031780608884,42.321031780608884,599.6993392759636,696.6763486328831,696.6763486328831,599.6993392759636,490.10130920851316,490.10130920851316,0.0,0.0,0.0,0.0,0.0,development_exploratory_not_untouched_final
2022-02-27T12:00:00,od_16,walking,10.0,walking-1,42.321031780608884,52.321031780608884,4,False,walking-1,walking-1,False,42.321031780608884,42.321031780608884,599.6993392759636,696.6763486328831,696.6763486328831,599.6993392759636,490.10130920851316,490.10130920851316,0.0,0.0,0.0,0.0,0.0,development_exploratory_not_untouched_final
2022-02-27T12:00:00,od_17,motorbike,0.0,motorbike-1,7.441035707268513,7.441035707268513,1,True,motorbike-1,motorbike-1,False,7.441035707268513,7.441035707268513,101.97172530084767,121.1422122773096,121.1422122773096,101.97172530084767,83.52777664513086,83.52777664513086,0.0,0.0,0.0,0.0,0.0,development_exploratory_not_untouched_final
2022-02-27T12:00:00,od_17,motorbike,1.0,motorbike-1,7.441035707268513,8.441035707268513,2,False,motorbike-1,motorbike-1,False,7.441035707268513,7.441035707268513,101.97172530084767,121.1422122773096,121.1422122773096,101.97172530084767,83.52777664513086,83.52777664513086,0.0,0.0,0.0,0.0,0.0,development_exploratory_not_untouched_final
2022-02-27T12:00:00,od_17,motorbike,2.0,motorbike-1,7.441035707268513,9.441035707268513,4,False,motorbike-1,motorbike-1,False,7.441035707268513,7.441035707268513,101.97172530084767,121.1422122773096,121.1422122773096,101.97172530084767,83.52777664513086,83.52777664513086,0.0,0.0,0.0,0.0,0.0,development_exploratory_not_untouched_final
2022-02-27T12:00:00,od_17,motorbike,3.0,motorbike-1,7.441035707268513,10.441035707268513,5,False,motorbike-1,motorbike-1,False,7.441035707268513,7.441035707268513,101.97172530084767,121.1422122773096,121.1422122773096,101.97172530084767,83.52777664513086,83.52777664513086,0.0,0.0,0.0,0.0,0.0,development_exploratory_not_untouched_final
2022-02-27T12:00:00,od_17,motorbike,5.0,motorbike-1,7.441035707268513,12.441035707268513,8,False,motorbike-1,motorbike-1,False,7.441035707268513,7.441035707268513,101.97172530084767,121.1422122773096,121.1422122773096,101.97172530084767,83.52777664513086,83.52777664513086,0.0,0.0,0.0,0.0,0.0,development_exploratory_not_untouched_final
2022-02-27T12:00:00,od_17,motorbike,10.0,motorbike-1,7.441035707268513,17.44103570726851,8,False,motorbike-1,motorbike-1,False,7.441035707268513,7.441035707268513,101.97172530084767,121.1422122773096,121.1422122773096,101.97172530084767,83.52777664513086,83.52777664513086,0.0,0.0,0.0,0.0,0.0,development_exploratory_not_untouched_final
2022-02-27T12:00:00,od_17,walking,0.0,walking-1,34.43480932707909,34.43480932707909,1,True,walking-1,walking-1,False,34.43480932707909,34.43480932707909,472.80024558341955,561.6673226172945,561.6673226172945,472.80024558341955,386.77664545407066,386.77664545407066,0.0,0.0,0.0,0.0,0.0,development_exploratory_not_untouched_final
2022-02-27T12:00:00,od_17,walking,1.0,walking-1,34.43480932707909,35.43480932707909,1,True,walking-1,walking-1,False,34.43480932707909,34.43480932707909,472.80024558341955,561.6673226172945,561.6673226172945,472.80024558341955,386.77664545407066,386.77664545407066,0.0,0.0,0.0,0.0,0.0,development_exploratory_not_untouched_final
2022-02-27T12:00:00,od_17,walking,2.0,walking-1,34.43480932707909,36.43480932707909,1,True,walking-1,walking-1,False,34.43480932707909,34.43480932707909,472.80024558341955,561.6673226172945,561.6673226172945,472.80024558341955,386.77664545407066,386.77664545407066,0.0,0.0,0.0,0.0,0.0,development_exploratory_not_untouched_final
2022-02-27T12:00:00,od_17,walking,3.0,walking-1,34.43480932707909,37.43480932707909,2,False,walking-1,walking-1,False,34.43480932707909,34.43480932707909,472.80024558341955,561.6673226172945,561.6673226172945,472.80024558341955,386.77664545407066,386.77664545407066,0.0,0.0,0.0,0.0,0.0,development_exploratory_not_untouched_final
2022-02-27T12:00:00,od_17,walking,5.0,walking-1,34.43480932707909,39.43480932707909,2,False,walking-1,walking-1,False,34.43480932707909,34.43480932707909,472.80024558341955,561.6673226172945,561.6673226172945,472.80024558341955,386.77664545407066,386.77664545407066,0.0,0.0,0.0,0.0,0.0,development_exploratory_not_untouched_final
2022-02-27T12:00:00,od_17,walking,10.0,walking-1,34.43480932707909,44.43480932707909,5,False,walking-1,walking-1,False,34.43480932707909,34.43480932707909,472.80024558341955,561.6673226172945,561.6673226172945,472.80024558341955,386.77664545407066,386.77664545407066,0.0,0.0,0.0,0.0,0.0,development_exploratory_not_untouched_final
2022-02-27T12:00:00,od_18,motorbike,0.0,motorbike-1,12.726291990935445,12.726291990935445,1,True,motorbike-1,motorbike-1,False,12.726291990935445,12.726291990935445,177.96966025110743,208.7391844729607,208.7391844729607,177.96966025110743,146.15892459459187,146.15892459459187,0.0,0.0,0.0,0.0,0.0,development_exploratory_not_untouched_final
2022-02-27T12:00:00,od_18,motorbike,1.0,motorbike-1,12.726291990935445,13.726291990935445,2,False,motorbike-1,motorbike-1,False,12.726291990935445,12.726291990935445,177.96966025110743,208.7391844729607,208.7391844729607,177.96966025110743,146.15892459459187,146.15892459459187,0.0,0.0,0.0,0.0,0.0,development_exploratory_not_untouched_final
2022-02-27T12:00:00,od_18,motorbike,2.0,motorbike-1,12.726291990935445,14.726291990935445,3,False,motorbike-1,motorbike-1,False,12.726291990935445,12.726291990935445,177.96966025110743,208.7391844729607,208.7391844729607,177.96966025110743,146.15892459459187,146.15892459459187,0.0,0.0,0.0,0.0,0.0,development_exploratory_not_untouched_final
2022-02-27T12:00:00,od_18,motorbike,3.0,motorbike-1,12.726291990935445,15.726291990935445,3,False,motorbike-1,motorbike-1,False,12.726291990935445,12.726291990935445,177.96966025110743,208.7391844729607,208.7391844729607,177.96966025110743,146.15892459459187,146.15892459459187,0.0,0.0,0.0,0.0,0.0,development_exploratory_not_untouched_final
2022-02-27T12:00:00,od_18,motorbike,5.0,motorbike-1,12.726291990935445,17.726291990935444,6,False,motorbike-1,motorbike-1,False,12.726291990935445,12.726291990935445,177.96966025110743,208.7391844729607,208.7391844729607,177.96966025110743,146.15892459459187,146.15892459459187,0.0,0.0,0.0,0.0,0.0,development_exploratory_not_untouched_final
2022-02-27T12:00:00,od_18,motorbike,10.0,motorbike-1,12.726291990935445,22.726291990935444,8,False,motorbike-1,motorbike-1,False,12.726291990935445,12.726291990935445,177.96966025110743,208.7391844729607,208.7391844729607,177.96966025110743,146.15892459459187,146.15892459459187,0.0,0.0,0.0,0.0,0.0,development_exploratory_not_untouched_final
2022-02-27T12:00:00,od_18,walking,0.0,walking-1,63.63145995467723,63.63145995467723,1,True,walking-1,walking-1,False,63.63145995467723,63.63145995467723,889.8483012555378,1039.8498265950102,1039.8498265950102,889.8483012555378,730.3010539015753,730.3010539015753,0.0,0.0,0.0,0.0,0.0,development_exploratory_not_untouched_final
2022-02-27T12:00:00,od_18,walking,1.0,walking-1,63.63145995467723,64.63145995467724,5,False,walking-1,walking-1,False,63.63145995467723,63.63145995467723,889.8483012555378,1039.8498265950102,1039.8498265950102,889.8483012555378,730.3010539015753,730.3010539015753,0.0,0.0,0.0,0.0,0.0,development_exploratory_not_untouched_final
2022-02-27T12:00:00,od_18,walking,2.0,walking-1,63.63145995467723,65.63145995467724,6,False,walking-1,walking-1,False,63.63145995467723,63.63145995467723,889.8483012555378,1039.8498265950102,1039.8498265950102,889.8483012555378,730.3010539015753,730.3010539015753,0.0,0.0,0.0,0.0,0.0,development_exploratory_not_untouched_final
2022-02-27T12:00:00,od_18,walking,3.0,walking-1,63.63145995467723,66.63145995467724,6,False,walking-1,walking-1,False,63.63145995467723,63.63145995467723,889.8483012555378,1039.8498265950102,1039.8498265950102,889.8483012555378,730.3010539015753,730.3010539015753,0.0,0.0,0.0,0.0,0.0,development_exploratory_not_untouched_final
2022-02-27T12:00:00,od_18,walking,5.0,walking-1,63.63145995467723,68.63145995467724,6,False,walking-1,walking-1,False,63.63145995467723,63.63145995467723,889.8483012555378,1039.8498265950102,1039.8498265950102,889.8483012555378,730.3010539015753,730.3010539015753,0.0,0.0,0.0,0.0,0.0,development_exploratory_not_untouched_final
2022-02-27T12:00:00,od_18,walking,10.0,walking-1,63.63145995467723,73.63145995467724,8,False,walking-1,walking-1,False,63.63145995467723,63.63145995467723,889.8483012555378,1039.8498265950102,1039.8498265950102,889.8483012555378,730.3010539015753,730.3010539015753,0.0,0.0,0.0,0.0,0.0,development_exploratory_not_untouched_final
2022-02-27T12:00:00,od_19,motorbike,0.0,motorbike-1,10.685350920074288,10.685350920074288,1,True,motorbike-1,motorbike-1,False,10.685350920074288,10.685350920074288,147.00902912867835,169.6997025419948,169.6997025419948,147.00902912867835,122.6186242905984,122.6186242905984,0.0,0.0,0.0,0.0,0.0,development_exploratory_not_untouched_final
2022-02-27T12:00:00,od_19,motorbike,1.0,motorbike-1,10.685350920074288,11.685350920074288,2,False,motorbike-1,motorbike-1,False,10.685350920074288,10.685350920074288,147.00902912867835,169.6997025419948,169.6997025419948,147.00902912867835,122.6186242905984,122.6186242905984,0.0,0.0,0.0,0.0,0.0,development_exploratory_not_untouched_final
2022-02-27T12:00:00,od_19,motorbike,2.0,motorbike-1,10.685350920074288,12.685350920074288,4,False,motorbike-1,motorbike-1,False,10.685350920074288,10.685350920074288,147.00902912867835,169.6997025419948,169.6997025419948,147.00902912867835,122.6186242905984,122.6186242905984,0.0,0.0,0.0,0.0,0.0,development_exploratory_not_untouched_final
2022-02-27T12:00:00,od_19,motorbike,3.0,motorbike-1,10.685350920074288,13.685350920074288,4,False,motorbike-1,motorbike-1,False,10.685350920074288,10.685350920074288,147.00902912867835,169.6997025419948,169.6997025419948,147.00902912867835,122.6186242905984,122.6186242905984,0.0,0.0,0.0,0.0,0.0,development_exploratory_not_untouched_final
2022-02-27T12:00:00,od_19,motorbike,5.0,motorbike-1,10.685350920074288,15.685350920074288,6,False,motorbike-1,motorbike-1,False,10.685350920074288,10.685350920074288,147.00902912867835,169.6997025419948,169.6997025419948,147.00902912867835,122.6186242905984,122.6186242905984,0.0,0.0,0.0,0.0,0.0,development_exploratory_not_untouched_final
2022-02-27T12:00:00,od_19,motorbike,10.0,motorbike-1,10.685350920074288,20.68535092007429,8,False,motorbike-1,motorbike-1,False,10.685350920074288,10.685350920074288,147.00902912867835,169.6997025419948,169.6997025419948,147.00902912867835,122.6186242905984,122.6186242905984,0.0,0.0,0.0,0.0,0.0,development_exploratory_not_untouched_final
2022-02-27T12:00:00,od_19,walking,0.0,walking-1,53.016329309640604,53.016329309640604,1,True,walking-1,walking-1,False,53.016329309640604,53.016329309640604,729.4286499841613,842.0102758922018,842.0102758922018,729.4286499841613,608.3962670787568,608.3962670787568,0.0,0.0,0.0,0.0,0.0,development_exploratory_not_untouched_final
2022-02-27T12:00:00,od_19,walking,1.0,walking-1,53.016329309640604,54.016329309640604,4,False,walking-1,walking-1,False,53.016329309640604,53.016329309640604,729.4286499841613,842.0102758922018,842.0102758922018,729.4286499841613,608.3962670787568,608.3962670787568,0.0,0.0,0.0,0.0,0.0,development_exploratory_not_untouched_final
2022-02-27T12:00:00,od_19,walking,2.0,walking-1,53.016329309640604,55.016329309640604,4,False,walking-1,walking-1,False,53.016329309640604,53.016329309640604,729.4286499841613,842.0102758922018,842.0102758922018,729.4286499841613,608.3962670787568,608.3962670787568,0.0,0.0,0.0,0.0,0.0,development_exploratory_not_untouched_final
2022-02-27T12:00:00,od_19,walking,3.0,walking-1,53.016329309640604,56.016329309640604,4,False,walking-1,walking-1,False,53.016329309640604,53.016329309640604,729.4286499841613,842.0102758922018,842.0102758922018,729.4286499841613,608.3962670787568,608.3962670787568,0.0,0.0,0.0,0.0,0.0,development_exploratory_not_untouched_final
2022-02-27T12:00:00,od_19,walking,5.0,walking-1,53.016329309640604,58.016329309640604,6,False,walking-1,walking-1,False,53.016329309640604,53.016329309640604,729.4286499841613,842.0102758922018,842.0102758922018,729.4286499841613,608.3962670787568,608.3962670787568,0.0,0.0,0.0,0.0,0.0,development_exploratory_not_untouched_final
2022-02-27T12:00:00,od_19,walking,10.0,walking-1,53.016329309640604,63.016329309640604,7,False,walking-1,walking-1,False,53.016329309640604,53.016329309640604,729.4286499841613,842.0102758922018,842.0102758922018,729.4286499841613,608.3962670787568,608.3962670787568,0.0,0.0,0.0,0.0,0.0,development_exploratory_not_untouched_final
2022-02-27T12:00:00,od_20,motorbike,0.0,motorbike-1,8.770543469520456,8.770543469520456,1,True,motorbike-1,motorbike-1,False,8.770543469520456,8.770543469520456,107.05254284770936,129.47145094147635,129.47145094147635,107.05254284770936,93.72795428099037,93.72795428099037,0.0,0.0,0.0,0.0,0.0,development_exploratory_not_untouched_final
2022-02-27T12:00:00,od_20,motorbike,1.0,motorbike-1,8.770543469520456,9.770543469520456,2,False,motorbike-1,motorbike-1,False,8.770543469520456,8.770543469520456,107.05254284770936,129.47145094147635,129.47145094147635,107.05254284770936,93.72795428099037,93.72795428099037,0.0,0.0,0.0,0.0,0.0,development_exploratory_not_untouched_final
2022-02-27T12:00:00,od_20,motorbike,2.0,motorbike-1,8.770543469520456,10.770543469520456,3,False,motorbike-1,motorbike-1,False,8.770543469520456,8.770543469520456,107.05254284770936,129.47145094147635,129.47145094147635,107.05254284770936,93.72795428099037,93.72795428099037,0.0,0.0,0.0,0.0,0.0,development_exploratory_not_untouched_final
2022-02-27T12:00:00,od_20,motorbike,3.0,motorbike-1,8.770543469520456,11.770543469520456,3,False,motorbike-1,motorbike-1,False,8.770543469520456,8.770543469520456,107.05254284770936,129.47145094147635,129.47145094147635,107.05254284770936,93.72795428099037,93.72795428099037,0.0,0.0,0.0,0.0,0.0,development_exploratory_not_untouched_final
2022-02-27T12:00:00,od_20,motorbike,5.0,motorbike-1,8.770543469520456,13.770543469520456,5,False,motorbike-1,motorbike-1,False,8.770543469520456,8.770543469520456,107.05254284770936,129.47145094147635,129.47145094147635,107.05254284770936,93.72795428099037,93.72795428099037,0.0,0.0,0.0,0.0,0.0,development_exploratory_not_untouched_final
2022-02-27T12:00:00,od_20,motorbike,10.0,motorbike-1,8.770543469520456,18.770543469520454,7,False,motorbike-1,motorbike-1,False,8.770543469520456,8.770543469520456,107.05254284770936,129.47145094147635,129.47145094147635,107.05254284770936,93.72795428099037,93.72795428099037,0.0,0.0,0.0,0.0,0.0,development_exploratory_not_untouched_final
2022-02-27T12:00:00,od_20,walking,0.0,walking-1,46.44827166644704,46.44827166644704,1,True,walking-1,walking-1,False,46.44827166644704,46.44827166644704,567.13408636077,685.7167980834503,685.7167980834503,567.13408636077,496.5740241974228,496.5740241974228,0.0,0.0,0.0,0.0,0.0,development_exploratory_not_untouched_final
2022-02-27T12:00:00,od_20,walking,1.0,walking-1,46.44827166644704,47.44827166644704,5,False,walking-1,walking-1,False,46.44827166644704,46.44827166644704,567.13408636077,685.7167980834503,685.7167980834503,567.13408636077,496.5740241974228,496.5740241974228,0.0,0.0,0.0,0.0,0.0,development_exploratory_not_untouched_final
2022-02-27T12:00:00,od_20,walking,2.0,walking-1,46.44827166644704,48.44827166644704,5,False,walking-1,walking-1,False,46.44827166644704,46.44827166644704,567.13408636077,685.7167980834503,685.7167980834503,567.13408636077,496.5740241974228,496.5740241974228,0.0,0.0,0.0,0.0,0.0,development_exploratory_not_untouched_final
2022-02-27T12:00:00,od_20,walking,3.0,walking-1,46.44827166644704,49.44827166644704,5,False,walking-1,walking-1,False,46.44827166644704,46.44827166644704,567.13408636077,685.7167980834503,685.7167980834503,567.13408636077,496.5740241974228,496.5740241974228,0.0,0.0,0.0,0.0,0.0,development_exploratory_not_untouched_final
2022-02-27T12:00:00,od_20,walking,5.0,walking-1,46.44827166644704,51.44827166644704,5,False,walking-1,walking-1,False,46.44827166644704,46.44827166644704,567.13408636077,685.7167980834503,685.7167980834503,567.13408636077,496.5740241974228,496.5740241974228,0.0,0.0,0.0,0.0,0.0,development_exploratory_not_untouched_final
2022-02-27T12:00:00,od_20,walking,10.0,walking-1,46.44827166644704,56.44827166644704,6,False,walking-1,walking-1,False,46.44827166644704,46.44827166644704,567.13408636077,685.7167980834503,685.7167980834503,567.13408636077,496.5740241974228,496.5740241974228,0.0,0.0,0.0,0.0,0.0,development_exploratory_not_untouched_final
2022-02-27T12:00:00,od_21,motorbike,0.0,motorbike-1,9.04935995112664,9.04935995112664,1,True,motorbike-1,motorbike-1,False,9.04935995112664,9.04935995112664,122.62795359194757,144.98482350347024,144.98482350347024,122.62795359194757,101.90984195086577,101.90984195086577,0.0,0.0,0.0,0.0,0.0,development_exploratory_not_untouched_final
2022-02-27T12:00:00,od_21,motorbike,1.0,motorbike-1,9.04935995112664,10.04935995112664,3,False,motorbike-1,motorbike-1,False,9.04935995112664,9.04935995112664,122.62795359194757,144.98482350347024,144.98482350347024,122.62795359194757,101.90984195086577,101.90984195086577,0.0,0.0,0.0,0.0,0.0,development_exploratory_not_untouched_final
2022-02-27T12:00:00,od_21,motorbike,2.0,motorbike-1,9.04935995112664,11.04935995112664,4,False,motorbike-1,motorbike-1,False,9.04935995112664,9.04935995112664,122.62795359194757,144.98482350347024,144.98482350347024,122.62795359194757,101.90984195086577,101.90984195086577,0.0,0.0,0.0,0.0,0.0,development_exploratory_not_untouched_final
2022-02-27T12:00:00,od_21,motorbike,3.0,motorbike-1,9.04935995112664,12.04935995112664,5,False,motorbike-1,motorbike-1,False,9.04935995112664,9.04935995112664,122.62795359194757,144.98482350347024,144.98482350347024,122.62795359194757,101.90984195086577,101.90984195086577,0.0,0.0,0.0,0.0,0.0,development_exploratory_not_untouched_final
2022-02-27T12:00:00,od_21,motorbike,5.0,motorbike-1,9.04935995112664,14.04935995112664,6,False,motorbike-1,motorbike-1,False,9.04935995112664,9.04935995112664,122.62795359194757,144.98482350347024,144.98482350347024,122.62795359194757,101.90984195086577,101.90984195086577,0.0,0.0,0.0,0.0,0.0,development_exploratory_not_untouched_final
2022-02-27T12:00:00,od_21,motorbike,10.0,motorbike-1,9.04935995112664,19.04935995112664,8,False,motorbike-1,motorbike-1,False,9.04935995112664,9.04935995112664,122.62795359194757,144.98482350347024,144.98482350347024,122.62795359194757,101.90984195086577,101.90984195086577,0.0,0.0,0.0,0.0,0.0,development_exploratory_not_untouched_final
2022-02-27T12:00:00,od_21,walking,0.0,walking-1,43.87865051815163,43.87865051815163,1,True,walking-1,walking-1,False,43.87865051815163,43.87865051815163,587.3360983654916,695.9423935774906,695.9423935774906,587.3360983654916,491.52815956948956,491.52815956948956,0.0,0.0,0.0,0.0,0.0,development_exploratory_not_untouched_final
2022-02-27T12:00:00,od_21,walking,1.0,walking-1,43.87865051815163,44.87865051815163,2,False,walking-1,walking-1,False,43.87865051815163,43.87865051815163,587.3360983654916,695.9423935774906,695.9423935774906,587.3360983654916,491.52815956948956,491.52815956948956,0.0,0.0,0.0,0.0,0.0,development_exploratory_not_untouched_final
2022-02-27T12:00:00,od_21,walking,2.0,walking-1,43.87865051815163,45.87865051815163,3,False,walking-1,walking-1,False,43.87865051815163,43.87865051815163,587.3360983654916,695.9423935774906,695.9423935774906,587.3360983654916,491.52815956948956,491.52815956948956,0.0,0.0,0.0,0.0,0.0,development_exploratory_not_untouched_final
2022-02-27T12:00:00,od_21,walking,3.0,walking-1,43.87865051815163,46.87865051815163,3,False,walking-1,walking-1,False,43.87865051815163,43.87865051815163,587.3360983654916,695.9423935774906,695.9423935774906,587.3360983654916,491.52815956948956,491.52815956948956,0.0,0.0,0.0,0.0,0.0,development_exploratory_not_untouched_final
2022-02-27T12:00:00,od_21,walking,5.0,walking-1,43.87865051815163,48.87865051815163,3,False,walking-1,walking-1,False,43.87865051815163,43.87865051815163,587.3360983654916,695.9423935774906,695.9423935774906,587.3360983654916,491.52815956948956,491.52815956948956,0.0,0.0,0.0,0.0,0.0,development_exploratory_not_untouched_final
2022-02-27T12:00:00,od_21,walking,10.0,walking-1,43.87865051815163,53.87865051815163,5,False,walking-1,walking-1,False,43.87865051815163,43.87865051815163,587.3360983654916,695.9423935774906,695.9423935774906,587.3360983654916,491.52815956948956,491.52815956948956,0.0,0.0,0.0,0.0,0.0,development_exploratory_not_untouched_final
2022-02-27T12:00:00,od_22,motorbike,0.0,motorbike-1,7.015399211952966,7.015399211952966,1,True,motorbike-1,motorbike-1,False,7.015399211952966,7.015399211952966,95.6796795159246,109.40410016434778,109.40410016434778,95.6796795159246,80.3831374942228,80.3831374942228,0.0,0.0,0.0,0.0,0.0,development_exploratory_not_untouched_final
2022-02-27T12:00:00,od_22,motorbike,1.0,motorbike-1,7.015399211952966,8.015399211952966,3,False,motorbike-1,motorbike-1,False,7.015399211952966,7.015399211952966,95.6796795159246,109.40410016434778,109.40410016434778,95.6796795159246,80.3831374942228,80.3831374942228,0.0,0.0,0.0,0.0,0.0,development_exploratory_not_untouched_final
2022-02-27T12:00:00,od_22,motorbike,2.0,motorbike-1,7.015399211952966,9.015399211952966,4,False,motorbike-1,motorbike-1,False,7.015399211952966,7.015399211952966,95.6796795159246,109.40410016434778,109.40410016434778,95.6796795159246,80.3831374942228,80.3831374942228,0.0,0.0,0.0,0.0,0.0,development_exploratory_not_untouched_final
2022-02-27T12:00:00,od_22,motorbike,3.0,motorbike-1,7.015399211952966,10.015399211952966,5,False,motorbike-1,motorbike-1,False,7.015399211952966,7.015399211952966,95.6796795159246,109.40410016434778,109.40410016434778,95.6796795159246,80.3831374942228,80.3831374942228,0.0,0.0,0.0,0.0,0.0,development_exploratory_not_untouched_final
2022-02-27T12:00:00,od_22,motorbike,5.0,motorbike-1,7.015399211952966,12.015399211952966,6,False,motorbike-1,motorbike-1,False,7.015399211952966,7.015399211952966,95.6796795159246,109.40410016434778,109.40410016434778,95.6796795159246,80.3831374942228,80.3831374942228,0.0,0.0,0.0,0.0,0.0,development_exploratory_not_untouched_final
2022-02-27T12:00:00,od_22,motorbike,10.0,motorbike-1,7.015399211952966,17.015399211952968,7,False,motorbike-1,motorbike-1,False,7.015399211952966,7.015399211952966,95.6796795159246,109.40410016434778,109.40410016434778,95.6796795159246,80.3831374942228,80.3831374942228,0.0,0.0,0.0,0.0,0.0,development_exploratory_not_untouched_final
2022-02-27T12:00:00,od_22,walking,0.0,walking-1,35.07699605976483,35.07699605976483,1,True,walking-1,walking-1,False,35.07699605976483,35.07699605976483,478.39839757962335,547.020500821739,547.020500821739,478.39839757962335,401.91568747111404,401.91568747111404,0.0,0.0,0.0,0.0,0.0,development_exploratory_not_untouched_final
2022-02-27T12:00:00,od_22,walking,1.0,walking-1,35.07699605976483,36.07699605976483,1,True,walking-1,walking-1,False,35.07699605976483,35.07699605976483,478.39839757962335,547.020500821739,547.020500821739,478.39839757962335,401.91568747111404,401.91568747111404,0.0,0.0,0.0,0.0,0.0,development_exploratory_not_untouched_final
2022-02-27T12:00:00,od_22,walking,2.0,walking-1,35.07699605976483,37.07699605976483,1,True,walking-1,walking-1,False,35.07699605976483,35.07699605976483,478.39839757962335,547.020500821739,547.020500821739,478.39839757962335,401.91568747111404,401.91568747111404,0.0,0.0,0.0,0.0,0.0,development_exploratory_not_untouched_final
2022-02-27T12:00:00,od_22,walking,3.0,walking-1,35.07699605976483,38.07699605976483,2,False,walking-1,walking-1,False,35.07699605976483,35.07699605976483,478.39839757962335,547.020500821739,547.020500821739,478.39839757962335,401.91568747111404,401.91568747111404,0.0,0.0,0.0,0.0,0.0,development_exploratory_not_untouched_final
2022-02-27T12:00:00,od_22,walking,5.0,walking-1,35.07699605976483,40.07699605976483,3,False,walking-1,walking-1,False,35.07699605976483,35.07699605976483,478.39839757962335,547.020500821739,547.020500821739,478.39839757962335,401.91568747111404,401.91568747111404,0.0,0.0,0.0,0.0,0.0,development_exploratory_not_untouched_final
2022-02-27T12:00:00,od_22,walking,10.0,walking-1,35.07699605976483,45.07699605976483,4,False,walking-1,walking-1,False,35.07699605976483,35.07699605976483,478.39839757962335,547.020500821739,547.020500821739,478.39839757962335,401.91568747111404,401.91568747111404,0.0,0.0,0.0,0.0,0.0,development_exploratory_not_untouched_final
2022-02-27T12:00:00,od_23,motorbike,0.0,motorbike-1,10.555049856816883,10.555049856816883,1,True,motorbike-1,motorbike-1,False,10.555049856816883,10.555049856816883,148.45714149929796,173.95124017840595,173.95124017840595,148.45714149929796,121.78353726001032,121.78353726001032,0.0,0.0,0.0,0.0,0.0,development_exploratory_not_untouched_final
2022-02-27T12:00:00,od_23,motorbike,1.0,motorbike-1,10.555049856816883,11.555049856816883,2,False,motorbike-1,motorbike-1,False,10.555049856816883,10.555049856816883,148.45714149929796,173.95124017840595,173.95124017840595,148.45714149929796,121.78353726001032,121.78353726001032,0.0,0.0,0.0,0.0,0.0,development_exploratory_not_untouched_final
2022-02-27T12:00:00,od_23,motorbike,2.0,motorbike-1,10.555049856816883,12.555049856816883,3,False,motorbike-1,motorbike-1,False,10.555049856816883,10.555049856816883,148.45714149929796,173.95124017840595,173.95124017840595,148.45714149929796,121.78353726001032,121.78353726001032,0.0,0.0,0.0,0.0,0.0,development_exploratory_not_untouched_final
2022-02-27T12:00:00,od_23,motorbike,3.0,motorbike-1,10.555049856816883,13.555049856816883,4,False,motorbike-1,motorbike-1,False,10.555049856816883,10.555049856816883,148.45714149929796,173.95124017840595,173.95124017840595,148.45714149929796,121.78353726001032,121.78353726001032,0.0,0.0,0.0,0.0,0.0,development_exploratory_not_untouched_final
2022-02-27T12:00:00,od_23,motorbike,5.0,motorbike-1,10.555049856816883,15.555049856816883,4,False,motorbike-1,motorbike-1,False,10.555049856816883,10.555049856816883,148.45714149929796,173.95124017840595,173.95124017840595,148.45714149929796,121.78353726001032,121.78353726001032,0.0,0.0,0.0,0.0,0.0,development_exploratory_not_untouched_final
2022-02-27T12:00:00,od_23,motorbike,10.0,motorbike-1,10.555049856816883,20.555049856816883,7,False,motorbike-1,motorbike-1,False,10.555049856816883,10.555049856816883,148.45714149929796,173.95124017840595,173.95124017840595,148.45714149929796,121.78353726001032,121.78353726001032,0.0,0.0,0.0,0.0,0.0,development_exploratory_not_untouched_final
2022-02-27T12:00:00,od_23,walking,0.0,walking-1,50.65519895369051,50.65519895369051,1,True,walking-1,walking-1,False,50.65519895369051,50.65519895369051,712.5267952394837,834.8765526385389,834.8765526385389,712.5267952394837,584.4437062001953,584.4437062001953,0.0,0.0,0.0,0.0,0.0,development_exploratory_not_untouched_final
2022-02-27T12:00:00,od_23,walking,1.0,walking-1,50.65519895369051,51.65519895369051,5,False,walking-1,walking-1,False,50.65519895369051,50.65519895369051,712.5267952394837,834.8765526385389,834.8765526385389,712.5267952394837,584.4437062001953,584.4437062001953,0.0,0.0,0.0,0.0,0.0,development_exploratory_not_untouched_final
2022-02-27T12:00:00,od_23,walking,2.0,walking-1,50.65519895369051,52.65519895369051,5,False,walking-1,walking-1,False,50.65519895369051,50.65519895369051,712.5267952394837,834.8765526385389,834.8765526385389,712.5267952394837,584.4437062001953,584.4437062001953,0.0,0.0,0.0,0.0,0.0,development_exploratory_not_untouched_final
2022-02-27T12:00:00,od_23,walking,3.0,walking-1,50.65519895369051,53.65519895369051,5,False,walking-1,walking-1,False,50.65519895369051,50.65519895369051,712.5267952394837,834.8765526385389,834.8765526385389,712.5267952394837,584.4437062001953,584.4437062001953,0.0,0.0,0.0,0.0,0.0,development_exploratory_not_untouched_final
2022-02-27T12:00:00,od_23,walking,5.0,walking-1,50.65519895369051,55.65519895369051,5,False,walking-1,walking-1,False,50.65519895369051,50.65519895369051,712.5267952394837,834.8765526385389,834.8765526385389,712.5267952394837,584.4437062001953,584.4437062001953,0.0,0.0,0.0,0.0,0.0,development_exploratory_not_untouched_final
2022-02-27T12:00:00,od_23,walking,10.0,walking-1,50.65519895369051,60.65519895369051,6,False,walking-1,walking-1,False,50.65519895369051,50.65519895369051,712.5267952394837,834.8765526385389,834.8765526385389,712.5267952394837,584.4437062001953,584.4437062001953,0.0,0.0,0.0,0.0,0.0,development_exploratory_not_untouched_final
2022-02-27T12:00:00,od_24,motorbike,0.0,motorbike-1,8.480694922287851,8.480694922287851,1,True,motorbike-1,motorbike-1,False,8.480694922287851,8.480694922287851,115.75901451058208,136.99101169125052,136.99101169125052,115.75901451058208,95.37791941965652,95.37791941965652,0.0,0.0,0.0,0.0,0.0,development_exploratory_not_untouched_final
2022-02-27T12:00:00,od_24,motorbike,1.0,motorbike-1,8.480694922287851,9.480694922287851,2,False,motorbike-1,motorbike-1,False,8.480694922287851,8.480694922287851,115.75901451058208,136.99101169125052,136.99101169125052,115.75901451058208,95.37791941965652,95.37791941965652,0.0,0.0,0.0,0.0,0.0,development_exploratory_not_untouched_final
2022-02-27T12:00:00,od_24,motorbike,2.0,motorbike-1,8.480694922287851,10.480694922287851,3,False,motorbike-1,motorbike-1,False,8.480694922287851,8.480694922287851,115.75901451058208,136.99101169125052,136.99101169125052,115.75901451058208,95.37791941965652,95.37791941965652,0.0,0.0,0.0,0.0,0.0,development_exploratory_not_untouched_final
2022-02-27T12:00:00,od_24,motorbike,3.0,motorbike-1,8.480694922287851,11.480694922287851,5,False,motorbike-1,motorbike-1,False,8.480694922287851,8.480694922287851,115.75901451058208,136.99101169125052,136.99101169125052,115.75901451058208,95.37791941965652,95.37791941965652,0.0,0.0,0.0,0.0,0.0,development_exploratory_not_untouched_final
2022-02-27T12:00:00,od_24,motorbike,5.0,motorbike-1,8.480694922287851,13.480694922287851,7,False,motorbike-1,motorbike-1,False,8.480694922287851,8.480694922287851,115.75901451058208,136.99101169125052,136.99101169125052,115.75901451058208,95.37791941965652,95.37791941965652,0.0,0.0,0.0,0.0,0.0,development_exploratory_not_untouched_final
2022-02-27T12:00:00,od_24,motorbike,10.0,motorbike-1,8.480694922287851,18.480694922287853,8,False,motorbike-1,motorbike-1,False,8.480694922287851,8.480694922287851,115.75901451058208,136.99101169125052,136.99101169125052,115.75901451058208,95.37791941965652,95.37791941965652,0.0,0.0,0.0,0.0,0.0,development_exploratory_not_untouched_final
2022-02-27T12:00:00,od_24,walking,0.0,walking-1,38.60634262328327,38.60634262328327,1,True,walking-1,walking-1,False,38.60634262328327,38.60634262328327,526.915359547788,623.3873185228429,623.3873185228429,526.915359547788,434.31156426947234,434.31156426947234,0.0,0.0,0.0,0.0,0.0,development_exploratory_not_untouched_final
2022-02-27T12:00:00,od_24,walking,1.0,walking-1,38.60634262328327,39.60634262328327,1,True,walking-1,walking-1,False,38.60634262328327,38.60634262328327,526.915359547788,623.3873185228429,623.3873185228429,526.915359547788,434.31156426947234,434.31156426947234,0.0,0.0,0.0,0.0,0.0,development_exploratory_not_untouched_final
2022-02-27T12:00:00,od_24,walking,2.0,walking-1,38.60634262328327,40.60634262328327,2,False,walking-1,walking-1,False,38.60634262328327,38.60634262328327,526.915359547788,623.3873185228429,623.3873185228429,526.915359547788,434.31156426947234,434.31156426947234,0.0,0.0,0.0,0.0,0.0,development_exploratory_not_untouched_final
2022-02-27T12:00:00,od_24,walking,3.0,walking-1,38.60634262328327,41.60634262328327,3,False,walking-1,walking-1,False,38.60634262328327,38.60634262328327,526.915359547788,623.3873185228429,623.3873185228429,526.915359547788,434.31156426947234,434.31156426947234,0.0,0.0,0.0,0.0,0.0,development_exploratory_not_untouched_final
2022-02-27T12:00:00,od_24,walking,5.0,walking-1,38.60634262328327,43.60634262328327,3,False,walking-1,walking-1,False,38.60634262328327,38.60634262328327,526.915359547788,623.3873185228429,623.3873185228429,526.915359547788,434.31156426947234,434.31156426947234,0.0,0.0,0.0,0.0,0.0,development_exploratory_not_untouched_final
2022-02-27T12:00:00,od_24,walking,10.0,walking-1,38.60634262328327,48.60634262328327,4,False,walking-1,walking-1,False,38.60634262328327,38.60634262328327,526.915359547788,623.3873185228429,623.3873185228429,526.915359547788,434.31156426947234,434.31156426947234,0.0,0.0,0.0,0.0,0.0,development_exploratory_not_untouched_final
2022-02-27T12:00:00,od_25,motorbike,0.0,motorbike-1,12.177989808997324,12.177989808997324,1,True,motorbike-1,motorbike-1,False,12.177989808997324,12.177989808997324,170.7805650813946,199.69892937101181,199.69892937101181,170.7805650813946,139.90708549921754,139.90708549921754,0.0,0.0,0.0,0.0,0.0,development_exploratory_not_untouched_final
2022-02-27T12:00:00,od_25,motorbike,1.0,motorbike-1,12.177989808997324,13.177989808997324,2,False,motorbike-1,motorbike-1,False,12.177989808997324,12.177989808997324,170.7805650813946,199.69892937101181,199.69892937101181,170.7805650813946,139.90708549921754,139.90708549921754,0.0,0.0,0.0,0.0,0.0,development_exploratory_not_untouched_final
2022-02-27T12:00:00,od_25,motorbike,2.0,motorbike-1,12.177989808997324,14.177989808997324,4,False,motorbike-1,motorbike-1,False,12.177989808997324,12.177989808997324,170.7805650813946,199.69892937101181,199.69892937101181,170.7805650813946,139.90708549921754,139.90708549921754,0.0,0.0,0.0,0.0,0.0,development_exploratory_not_untouched_final
2022-02-27T12:00:00,od_25,motorbike,3.0,motorbike-1,12.177989808997324,15.177989808997324,4,False,motorbike-1,motorbike-1,False,12.177989808997324,12.177989808997324,170.7805650813946,199.69892937101181,199.69892937101181,170.7805650813946,139.90708549921754,139.90708549921754,0.0,0.0,0.0,0.0,0.0,development_exploratory_not_untouched_final
2022-02-27T12:00:00,od_25,motorbike,5.0,motorbike-1,12.177989808997324,17.177989808997324,4,False,motorbike-1,motorbike-1,False,12.177989808997324,12.177989808997324,170.7805650813946,199.69892937101181,199.69892937101181,170.7805650813946,139.90708549921754,139.90708549921754,0.0,0.0,0.0,0.0,0.0,development_exploratory_not_untouched_final
2022-02-27T12:00:00,od_25,motorbike,10.0,motorbike-1,12.177989808997324,22.177989808997324,8,False,motorbike-1,motorbike-1,False,12.177989808997324,12.177989808997324,170.7805650813946,199.69892937101181,199.69892937101181,170.7805650813946,139.90708549921754,139.90708549921754,0.0,0.0,0.0,0.0,0.0,development_exploratory_not_untouched_final
2022-02-27T12:00:00,od_25,walking,0.0,walking-1,53.64646218551867,53.64646218551867,1,True,walking-1,walking-1,False,53.64646218551867,53.64646218551867,752.4432485945943,879.3735191120946,879.3735191120946,752.4432485945943,616.6122247056593,616.6122247056593,0.0,0.0,0.0,0.0,0.0,development_exploratory_not_untouched_final
2022-02-27T12:00:00,od_25,walking,1.0,walking-1,53.64646218551867,54.64646218551867,1,True,walking-1,walking-1,False,53.64646218551867,53.64646218551867,752.4432485945943,879.3735191120946,879.3735191120946,752.4432485945943,616.6122247056593,616.6122247056593,0.0,0.0,0.0,0.0,0.0,development_exploratory_not_untouched_final
2022-02-27T12:00:00,od_25,walking,2.0,walking-1,53.64646218551867,55.64646218551867,2,False,walking-1,walking-1,False,53.64646218551867,53.64646218551867,752.4432485945943,879.3735191120946,879.3735191120946,752.4432485945943,616.6122247056593,616.6122247056593,0.0,0.0,0.0,0.0,0.0,development_exploratory_not_untouched_final
2022-02-27T12:00:00,od_25,walking,3.0,walking-1,53.64646218551867,56.64646218551867,2,False,walking-1,walking-1,False,53.64646218551867,53.64646218551867,752.4432485945943,879.3735191120946,879.3735191120946,752.4432485945943,616.6122247056593,616.6122247056593,0.0,0.0,0.0,0.0,0.0,development_exploratory_not_untouched_final
2022-02-27T12:00:00,od_25,walking,5.0,walking-1,53.64646218551867,58.64646218551867,3,False,walking-1,walking-1,False,53.64646218551867,53.64646218551867,752.4432485945943,879.3735191120946,879.3735191120946,752.4432485945943,616.6122247056593,616.6122247056593,0.0,0.0,0.0,0.0,0.0,development_exploratory_not_untouched_final
2022-02-27T12:00:00,od_25,walking,10.0,walking-1,53.64646218551867,63.64646218551867,5,False,walking-1,walking-1,False,53.64646218551867,53.64646218551867,752.4432485945943,879.3735191120946,879.3735191120946,752.4432485945943,616.6122247056593,616.6122247056593,0.0,0.0,0.0,0.0,0.0,development_exploratory_not_untouched_final
2022-02-27T12:00:00,od_26,motorbike,0.0,motorbike-1,7.0496129747457505,7.0496129747457505,1,True,motorbike-1,motorbike-1,False,7.0496129747457505,7.0496129747457505,95.8308259783547,108.82169255454004,108.82169255454004,95.8308259783547,80.85350247248003,80.85350247248003,0.0,0.0,0.0,0.0,0.0,development_exploratory_not_untouched_final
2022-02-27T12:00:00,od_26,motorbike,1.0,motorbike-1,7.0496129747457505,8.04961297474575,3,False,motorbike-1,motorbike-1,False,7.0496129747457505,7.0496129747457505,95.8308259783547,108.82169255454004,108.82169255454004,95.8308259783547,80.85350247248003,80.85350247248003,0.0,0.0,0.0,0.0,0.0,development_exploratory_not_untouched_final
2022-02-27T12:00:00,od_26,motorbike,2.0,motorbike-1,7.0496129747457505,9.04961297474575,4,False,motorbike-1,motorbike-1,False,7.0496129747457505,7.0496129747457505,95.8308259783547,108.82169255454004,108.82169255454004,95.8308259783547,80.85350247248003,80.85350247248003,0.0,0.0,0.0,0.0,0.0,development_exploratory_not_untouched_final
2022-02-27T12:00:00,od_26,motorbike,3.0,motorbike-1,7.0496129747457505,10.04961297474575,4,False,motorbike-1,motorbike-1,False,7.0496129747457505,7.0496129747457505,95.8308259783547,108.82169255454004,108.82169255454004,95.8308259783547,80.85350247248003,80.85350247248003,0.0,0.0,0.0,0.0,0.0,development_exploratory_not_untouched_final
2022-02-27T12:00:00,od_26,motorbike,5.0,motorbike-1,7.0496129747457505,12.04961297474575,6,False,motorbike-1,motorbike-1,False,7.0496129747457505,7.0496129747457505,95.8308259783547,108.82169255454004,108.82169255454004,95.8308259783547,80.85350247248003,80.85350247248003,0.0,0.0,0.0,0.0,0.0,development_exploratory_not_untouched_final
2022-02-27T12:00:00,od_26,motorbike,10.0,motorbike-1,7.0496129747457505,17.04961297474575,7,False,motorbike-1,motorbike-1,False,7.0496129747457505,7.0496129747457505,95.8308259783547,108.82169255454004,108.82169255454004,95.8308259783547,80.85350247248003,80.85350247248003,0.0,0.0,0.0,0.0,0.0,development_exploratory_not_untouched_final
2022-02-27T12:00:00,od_26,walking,0.0,walking-1,34.75588898945021,34.75588898945021,1,True,walking-1,walking-1,False,34.75588898945021,34.75588898945021,472.2509081630001,536.6639626579429,536.6639626579429,472.2509081630001,398.4168049018441,398.4168049018441,0.0,0.0,0.0,0.0,0.0,development_exploratory_not_untouched_final
2022-02-27T12:00:00,od_26,walking,1.0,walking-1,34.75588898945021,35.75588898945021,1,True,walking-1,walking-1,False,34.75588898945021,34.75588898945021,472.2509081630001,536.6639626579429,536.6639626579429,472.2509081630001,398.4168049018441,398.4168049018441,0.0,0.0,0.0,0.0,0.0,development_exploratory_not_untouched_final
2022-02-27T12:00:00,od_26,walking,2.0,walking-1,34.75588898945021,36.75588898945021,3,False,walking-1,walking-1,False,34.75588898945021,34.75588898945021,472.2509081630001,536.6639626579429,536.6639626579429,472.2509081630001,398.4168049018441,398.4168049018441,0.0,0.0,0.0,0.0,0.0,development_exploratory_not_untouched_final
2022-02-27T12:00:00,od_26,walking,3.0,walking-1,34.75588898945021,37.75588898945021,4,False,walking-1,walking-1,False,34.75588898945021,34.75588898945021,472.2509081630001,536.6639626579429,536.6639626579429,472.2509081630001,398.4168049018441,398.4168049018441,0.0,0.0,0.0,0.0,0.0,development_exploratory_not_untouched_final
2022-02-27T12:00:00,od_26,walking,5.0,walking-1,34.75588898945021,39.75588898945021,4,False,walking-1,walking-1,False,34.75588898945021,34.75588898945021,472.2509081630001,536.6639626579429,536.6639626579429,472.2509081630001,398.4168049018441,398.4168049018441,0.0,0.0,0.0,0.0,0.0,development_exploratory_not_untouched_final
2022-02-27T12:00:00,od_26,walking,10.0,walking-1,34.75588898945021,44.75588898945021,5,False,walking-1,walking-1,False,34.75588898945021,34.75588898945021,472.2509081630001,536.6639626579429,536.6639626579429,472.2509081630001,398.4168049018441,398.4168049018441,0.0,0.0,0.0,0.0,0.0,development_exploratory_not_untouched_final
2022-02-27T12:00:00,od_27,motorbike,0.0,motorbike-1,8.330234717082032,8.330234717082032,1,True,motorbike-1,motorbike-1,False,8.330234717082032,8.330234717082032,110.90590765326532,131.3483019398346,131.3483019398346,110.90590765326532,93.41564659398658,93.41564659398658,0.0,0.0,0.0,0.0,0.0,development_exploratory_not_untouched_final
2022-02-27T12:00:00,od_27,motorbike,1.0,motorbike-1,8.330234717082032,9.330234717082032,2,False,motorbike-1,motorbike-1,False,8.330234717082032,8.330234717082032,110.90590765326532,131.3483019398346,131.3483019398346,110.90590765326532,93.41564659398658,93.41564659398658,0.0,0.0,0.0,0.0,0.0,development_exploratory_not_untouched_final
2022-02-27T12:00:00,od_27,motorbike,2.0,motorbike-1,8.330234717082032,10.330234717082032,4,False,motorbike-1,motorbike-1,False,8.330234717082032,8.330234717082032,110.90590765326532,131.3483019398346,131.3483019398346,110.90590765326532,93.41564659398658,93.41564659398658,0.0,0.0,0.0,0.0,0.0,development_exploratory_not_untouched_final
2022-02-27T12:00:00,od_27,motorbike,3.0,motorbike-1,8.330234717082032,11.330234717082032,5,False,motorbike-1,motorbike-1,False,8.330234717082032,8.330234717082032,110.90590765326532,131.3483019398346,131.3483019398346,110.90590765326532,93.41564659398658,93.41564659398658,0.0,0.0,0.0,0.0,0.0,development_exploratory_not_untouched_final
2022-02-27T12:00:00,od_27,motorbike,5.0,motorbike-1,8.330234717082032,13.330234717082032,7,False,motorbike-1,motorbike-1,False,8.330234717082032,8.330234717082032,110.90590765326532,131.3483019398346,131.3483019398346,110.90590765326532,93.41564659398658,93.41564659398658,0.0,0.0,0.0,0.0,0.0,development_exploratory_not_untouched_final
2022-02-27T12:00:00,od_27,motorbike,10.0,motorbike-1,8.330234717082032,18.330234717082032,8,False,motorbike-1,motorbike-1,False,8.330234717082032,8.330234717082032,110.90590765326532,131.3483019398346,131.3483019398346,110.90590765326532,93.41564659398658,93.41564659398658,0.0,0.0,0.0,0.0,0.0,development_exploratory_not_untouched_final
2022-02-27T12:00:00,od_27,walking,0.0,walking-1,41.572207993675015,41.572207993675015,1,True,walking-1,walking-1,False,41.572207993675015,41.572207993675015,554.7000225906924,656.7076216708027,656.7076216708027,554.7000225906924,466.77521102034444,466.77521102034444,0.0,0.0,0.0,0.0,0.0,development_exploratory_not_untouched_final
2022-02-27T12:00:00,od_27,walking,1.0,walking-1,41.572207993675015,42.572207993675015,4,False,walking-2,walking-2,False,42.43011074832727,42.43011074832727,551.396521952007,656.2697967463525,656.2697967463525,551.396521952007,469.91229682273655,469.91229682273655,0.0,3.303500638685364,0.43782492445018306,-3.1370858023921073,-3.1370858023921073,development_exploratory_not_untouched_final
2022-02-27T12:00:00,od_27,walking,2.0,walking-1,41.572207993675015,43.572207993675015,4,False,walking-2,walking-2,False,42.43011074832727,42.43011074832727,551.396521952007,656.2697967463525,656.2697967463525,551.396521952007,469.91229682273655,469.91229682273655,0.0,3.303500638685364,0.43782492445018306,-3.1370858023921073,-3.1370858023921073,development_exploratory_not_untouched_final
2022-02-27T12:00:00,od_27,walking,3.0,walking-1,41.572207993675015,44.572207993675015,4,False,walking-2,walking-2,False,42.43011074832727,42.43011074832727,551.396521952007,656.2697967463525,656.2697967463525,551.396521952007,469.91229682273655,469.91229682273655,0.0,3.303500638685364,0.43782492445018306,-3.1370858023921073,-3.1370858023921073,development_exploratory_not_untouched_final
2022-02-27T12:00:00,od_27,walking,5.0,walking-1,41.572207993675015,46.572207993675015,6,False,walking-2,walking-2,False,42.43011074832727,42.43011074832727,551.396521952007,656.2697967463525,656.2697967463525,551.396521952007,469.91229682273655,469.91229682273655,0.0,3.303500638685364,0.43782492445018306,-3.1370858023921073,-3.1370858023921073,development_exploratory_not_untouched_final
2022-02-27T12:00:00,od_27,walking,10.0,walking-1,41.572207993675015,51.572207993675015,6,False,walking-2,walking-2,False,42.43011074832727,42.43011074832727,551.396521952007,656.2697967463525,656.2697967463525,551.396521952007,469.91229682273655,469.91229682273655,0.0,3.303500638685364,0.43782492445018306,-3.1370858023921073,-3.1370858023921073,development_exploratory_not_untouched_final
2022-02-27T12:00:00,od_28,motorbike,0.0,motorbike-1,8.135485464425692,8.135485464425692,1,True,motorbike-1,motorbike-1,False,8.135485464425692,8.135485464425692,112.00297441184614,131.80792268088553,131.80792268088553,112.00297441184614,92.49341768970575,92.49341768970575,0.0,0.0,0.0,0.0,0.0,development_exploratory_not_untouched_final
2022-02-27T12:00:00,od_28,motorbike,1.0,motorbike-1,8.135485464425692,9.135485464425692,2,False,motorbike-1,motorbike-1,False,8.135485464425692,8.135485464425692,112.00297441184614,131.80792268088553,131.80792268088553,112.00297441184614,92.49341768970575,92.49341768970575,0.0,0.0,0.0,0.0,0.0,development_exploratory_not_untouched_final
2022-02-27T12:00:00,od_28,motorbike,2.0,motorbike-1,8.135485464425692,10.135485464425692,3,False,motorbike-1,motorbike-1,False,8.135485464425692,8.135485464425692,112.00297441184614,131.80792268088553,131.80792268088553,112.00297441184614,92.49341768970575,92.49341768970575,0.0,0.0,0.0,0.0,0.0,development_exploratory_not_untouched_final
2022-02-27T12:00:00,od_28,motorbike,3.0,motorbike-1,8.135485464425692,11.135485464425692,4,False,motorbike-1,motorbike-1,False,8.135485464425692,8.135485464425692,112.00297441184614,131.80792268088553,131.80792268088553,112.00297441184614,92.49341768970575,92.49341768970575,0.0,0.0,0.0,0.0,0.0,development_exploratory_not_untouched_final
2022-02-27T12:00:00,od_28,motorbike,5.0,motorbike-1,8.135485464425692,13.135485464425692,6,False,motorbike-1,motorbike-1,False,8.135485464425692,8.135485464425692,112.00297441184614,131.80792268088553,131.80792268088553,112.00297441184614,92.49341768970575,92.49341768970575,0.0,0.0,0.0,0.0,0.0,development_exploratory_not_untouched_final
2022-02-27T12:00:00,od_28,motorbike,10.0,motorbike-1,8.135485464425692,18.13548546442569,7,False,motorbike-1,motorbike-1,False,8.135485464425692,8.135485464425692,112.00297441184614,131.80792268088553,131.80792268088553,112.00297441184614,92.49341768970575,92.49341768970575,0.0,0.0,0.0,0.0,0.0,development_exploratory_not_untouched_final
2022-02-27T12:00:00,od_28,walking,0.0,walking-1,40.0541484546324,40.0541484546324,1,True,walking-1,walking-1,False,40.0541484546324,40.0541484546324,551.3654692294983,648.8904684439228,648.8904684439228,551.3654692294983,455.33923598731036,455.33923598731036,0.0,0.0,0.0,0.0,0.0,development_exploratory_not_untouched_final
2022-02-27T12:00:00,od_28,walking,1.0,walking-1,40.0541484546324,41.0541484546324,2,False,walking-1,walking-1,False,40.0541484546324,40.0541484546324,551.3654692294983,648.8904684439228,648.8904684439228,551.3654692294983,455.33923598731036,455.33923598731036,0.0,0.0,0.0,0.0,0.0,development_exploratory_not_untouched_final
2022-02-27T12:00:00,od_28,walking,2.0,walking-1,40.0541484546324,42.0541484546324,3,False,walking-1,walking-1,False,40.0541484546324,40.0541484546324,551.3654692294983,648.8904684439228,648.8904684439228,551.3654692294983,455.33923598731036,455.33923598731036,0.0,0.0,0.0,0.0,0.0,development_exploratory_not_untouched_final
2022-02-27T12:00:00,od_28,walking,3.0,walking-1,40.0541484546324,43.0541484546324,3,False,walking-1,walking-1,False,40.0541484546324,40.0541484546324,551.3654692294983,648.8904684439228,648.8904684439228,551.3654692294983,455.33923598731036,455.33923598731036,0.0,0.0,0.0,0.0,0.0,development_exploratory_not_untouched_final
2022-02-27T12:00:00,od_28,walking,5.0,walking-1,40.0541484546324,45.0541484546324,3,False,walking-1,walking-1,False,40.0541484546324,40.0541484546324,551.3654692294983,648.8904684439228,648.8904684439228,551.3654692294983,455.33923598731036,455.33923598731036,0.0,0.0,0.0,0.0,0.0,development_exploratory_not_untouched_final
2022-02-27T12:00:00,od_28,walking,10.0,walking-1,40.0541484546324,50.0541484546324,7,False,walking-1,walking-1,False,40.0541484546324,40.0541484546324,551.3654692294983,648.8904684439228,648.8904684439228,551.3654692294983,455.33923598731036,455.33923598731036,0.0,0.0,0.0,0.0,0.0,development_exploratory_not_untouched_final
2022-02-27T12:00:00,od_29,motorbike,0.0,motorbike-1,12.12202676751413,12.12202676751413,1,True,motorbike-1,motorbike-1,False,12.12202676751413,12.12202676751413,163.67436354704262,193.60356431485738,193.60356431485738,163.67436354704262,136.17499741804454,136.17499741804454,0.0,0.0,0.0,0.0,0.0,development_exploratory_not_untouched_final
2022-02-27T12:00:00,od_29,motorbike,1.0,motorbike-1,12.12202676751413,13.12202676751413,2,False,motorbike-1,motorbike-1,False,12.12202676751413,12.12202676751413,163.67436354704262,193.60356431485738,193.60356431485738,163.67436354704262,136.17499741804454,136.17499741804454,0.0,0.0,0.0,0.0,0.0,development_exploratory_not_untouched_final
2022-02-27T12:00:00,od_29,motorbike,2.0,motorbike-1,12.12202676751413,14.12202676751413,3,False,motorbike-1,motorbike-1,False,12.12202676751413,12.12202676751413,163.67436354704262,193.60356431485738,193.60356431485738,163.67436354704262,136.17499741804454,136.17499741804454,0.0,0.0,0.0,0.0,0.0,development_exploratory_not_untouched_final
2022-02-27T12:00:00,od_29,motorbike,3.0,motorbike-1,12.12202676751413,15.12202676751413,4,False,motorbike-1,motorbike-1,False,12.12202676751413,12.12202676751413,163.67436354704262,193.60356431485738,193.60356431485738,163.67436354704262,136.17499741804454,136.17499741804454,0.0,0.0,0.0,0.0,0.0,development_exploratory_not_untouched_final
2022-02-27T12:00:00,od_29,motorbike,5.0,motorbike-1,12.12202676751413,17.12202676751413,5,False,motorbike-1,motorbike-1,False,12.12202676751413,12.12202676751413,163.67436354704262,193.60356431485738,193.60356431485738,163.67436354704262,136.17499741804454,136.17499741804454,0.0,0.0,0.0,0.0,0.0,development_exploratory_not_untouched_final
2022-02-27T12:00:00,od_29,motorbike,10.0,motorbike-1,12.12202676751413,22.12202676751413,7,False,motorbike-1,motorbike-1,False,12.12202676751413,12.12202676751413,163.67436354704262,193.60356431485738,193.60356431485738,163.67436354704262,136.17499741804454,136.17499741804454,0.0,0.0,0.0,0.0,0.0,development_exploratory_not_untouched_final
2022-02-27T12:00:00,od_29,walking,0.0,walking-1,60.949584464314654,60.949584464314654,1,True,walking-1,walking-1,False,60.949584464314654,60.949584464314654,820.1483692559627,969.6167733279023,969.6167733279023,820.1483692559627,683.4778714796879,683.4778714796879,0.0,0.0,0.0,0.0,0.0,development_exploratory_not_untouched_final
2022-02-27T12:00:00,od_29,walking,1.0,walking-1,60.949584464314654,61.949584464314654,5,False,walking-1,walking-1,False,60.949584464314654,60.949584464314654,820.1483692559627,969.6167733279023,969.6167733279023,820.1483692559627,683.4778714796879,683.4778714796879,0.0,0.0,0.0,0.0,0.0,development_exploratory_not_untouched_final
2022-02-27T12:00:00,od_29,walking,2.0,walking-1,60.949584464314654,62.949584464314654,5,False,walking-1,walking-1,False,60.949584464314654,60.949584464314654,820.1483692559627,969.6167733279023,969.6167733279023,820.1483692559627,683.4778714796879,683.4778714796879,0.0,0.0,0.0,0.0,0.0,development_exploratory_not_untouched_final
2022-02-27T12:00:00,od_29,walking,3.0,walking-1,60.949584464314654,63.949584464314654,5,False,walking-1,walking-1,False,60.949584464314654,60.949584464314654,820.1483692559627,969.6167733279023,969.6167733279023,820.1483692559627,683.4778714796879,683.4778714796879,0.0,0.0,0.0,0.0,0.0,development_exploratory_not_untouched_final
2022-02-27T12:00:00,od_29,walking,5.0,walking-1,60.949584464314654,65.94958446431465,6,False,walking-1,walking-1,False,60.949584464314654,60.949584464314654,820.1483692559627,969.6167733279023,969.6167733279023,820.1483692559627,683.4778714796879,683.4778714796879,0.0,0.0,0.0,0.0,0.0,development_exploratory_not_untouched_final
2022-02-27T12:00:00,od_29,walking,10.0,walking-1,60.949584464314654,70.94958446431465,7,False,walking-1,walking-1,False,60.949584464314654,60.949584464314654,820.1483692559627,969.6167733279023,969.6167733279023,820.1483692559627,683.4778714796879,683.4778714796879,0.0,0.0,0.0,0.0,0.0,development_exploratory_not_untouched_final
2022-02-27T12:00:00,od_30,motorbike,0.0,motorbike-1,11.612358092570656,11.612358092570656,1,True,motorbike-1,motorbike-1,False,11.612358092570656,11.612358092570656,161.39159613149846,188.56096702053142,188.56096702053142,161.39159613149846,133.13574691999656,133.13574691999656,0.0,0.0,0.0,0.0,0.0,development_exploratory_not_untouched_final
2022-02-27T12:00:00,od_30,motorbike,1.0,motorbike-1,11.612358092570656,12.612358092570656,2,False,motorbike-1,motorbike-1,False,11.612358092570656,11.612358092570656,161.39159613149846,188.56096702053142,188.56096702053142,161.39159613149846,133.13574691999656,133.13574691999656,0.0,0.0,0.0,0.0,0.0,development_exploratory_not_untouched_final
2022-02-27T12:00:00,od_30,motorbike,2.0,motorbike-1,11.612358092570656,13.612358092570656,3,False,motorbike-1,motorbike-1,False,11.612358092570656,11.612358092570656,161.39159613149846,188.56096702053142,188.56096702053142,161.39159613149846,133.13574691999656,133.13574691999656,0.0,0.0,0.0,0.0,0.0,development_exploratory_not_untouched_final
2022-02-27T12:00:00,od_30,motorbike,3.0,motorbike-1,11.612358092570656,14.612358092570656,5,False,motorbike-1,motorbike-1,False,11.612358092570656,11.612358092570656,161.39159613149846,188.56096702053142,188.56096702053142,161.39159613149846,133.13574691999656,133.13574691999656,0.0,0.0,0.0,0.0,0.0,development_exploratory_not_untouched_final
2022-02-27T12:00:00,od_30,motorbike,5.0,motorbike-1,11.612358092570656,16.612358092570656,6,False,motorbike-1,motorbike-1,False,11.612358092570656,11.612358092570656,161.39159613149846,188.56096702053142,188.56096702053142,161.39159613149846,133.13574691999656,133.13574691999656,0.0,0.0,0.0,0.0,0.0,development_exploratory_not_untouched_final
2022-02-27T12:00:00,od_30,motorbike,10.0,motorbike-1,11.612358092570656,21.612358092570656,8,False,motorbike-1,motorbike-1,False,11.612358092570656,11.612358092570656,161.39159613149846,188.56096702053142,188.56096702053142,161.39159613149846,133.13574691999656,133.13574691999656,0.0,0.0,0.0,0.0,0.0,development_exploratory_not_untouched_final
2022-02-27T12:00:00,od_30,walking,0.0,walking-1,55.12699503869423,55.12699503869423,1,True,walking-1,walking-1,False,55.12699503869423,55.12699503869423,766.1376194024655,894.8518069869538,894.8518069869538,766.1376194024655,631.920133918339,631.920133918339,0.0,0.0,0.0,0.0,0.0,development_exploratory_not_untouched_final
2022-02-27T12:00:00,od_30,walking,1.0,walking-1,55.12699503869423,56.12699503869423,4,False,walking-1,walking-1,False,55.12699503869423,55.12699503869423,766.1376194024655,894.8518069869538,894.8518069869538,766.1376194024655,631.920133918339,631.920133918339,0.0,0.0,0.0,0.0,0.0,development_exploratory_not_untouched_final
2022-02-27T12:00:00,od_30,walking,2.0,walking-1,55.12699503869423,57.12699503869423,5,False,walking-1,walking-1,False,55.12699503869423,55.12699503869423,766.1376194024655,894.8518069869538,894.8518069869538,766.1376194024655,631.920133918339,631.920133918339,0.0,0.0,0.0,0.0,0.0,development_exploratory_not_untouched_final
2022-02-27T12:00:00,od_30,walking,3.0,walking-1,55.12699503869423,58.12699503869423,5,False,walking-1,walking-1,False,55.12699503869423,55.12699503869423,766.1376194024655,894.8518069869538,894.8518069869538,766.1376194024655,631.920133918339,631.920133918339,0.0,0.0,0.0,0.0,0.0,development_exploratory_not_untouched_final
2022-02-27T12:00:00,od_30,walking,5.0,walking-1,55.12699503869423,60.12699503869423,5,False,walking-1,walking-1,False,55.12699503869423,55.12699503869423,766.1376194024655,894.8518069869538,894.8518069869538,766.1376194024655,631.920133918339,631.920133918339,0.0,0.0,0.0,0.0,0.0,development_exploratory_not_untouched_final
2022-02-27T12:00:00,od_30,walking,10.0,walking-1,55.12699503869423,65.12699503869423,6,False,walking-1,walking-1,False,55.12699503869423,55.12699503869423,766.1376194024655,894.8518069869538,894.8518069869538,766.1376194024655,631.920133918339,631.920133918339,0.0,0.0,0.0,0.0,0.0,development_exploratory_not_untouched_final
2022-02-27T17:00:00,od_01,motorbike,0.0,motorbike-1,8.230305959783891,8.230305959783891,1,True,motorbike-1,motorbike-1,False,8.230305959783891,8.230305959783891,115.41575464260981,118.76245847735348,118.76245847735348,115.41575464260981,129.53579460632008,129.53579460632008,0.0,0.0,0.0,0.0,0.0,development_exploratory_not_untouched_final
2022-02-27T17:00:00,od_01,motorbike,1.0,motorbike-1,8.230305959783891,9.230305959783891,2,False,motorbike-1,motorbike-1,False,8.230305959783891,8.230305959783891,115.41575464260981,118.76245847735348,118.76245847735348,115.41575464260981,129.53579460632008,129.53579460632008,0.0,0.0,0.0,0.0,0.0,development_exploratory_not_untouched_final
2022-02-27T17:00:00,od_01,motorbike,2.0,motorbike-1,8.230305959783891,10.230305959783891,2,False,motorbike-1,motorbike-1,False,8.230305959783891,8.230305959783891,115.41575464260981,118.76245847735348,118.76245847735348,115.41575464260981,129.53579460632008,129.53579460632008,0.0,0.0,0.0,0.0,0.0,development_exploratory_not_untouched_final
2022-02-27T17:00:00,od_01,motorbike,3.0,motorbike-1,8.230305959783891,11.230305959783891,3,False,motorbike-1,motorbike-1,False,8.230305959783891,8.230305959783891,115.41575464260981,118.76245847735348,118.76245847735348,115.41575464260981,129.53579460632008,129.53579460632008,0.0,0.0,0.0,0.0,0.0,development_exploratory_not_untouched_final
2022-02-27T17:00:00,od_01,motorbike,5.0,motorbike-1,8.230305959783891,13.230305959783891,6,False,motorbike-1,motorbike-1,False,8.230305959783891,8.230305959783891,115.41575464260981,118.76245847735348,118.76245847735348,115.41575464260981,129.53579460632008,129.53579460632008,0.0,0.0,0.0,0.0,0.0,development_exploratory_not_untouched_final
2022-02-27T17:00:00,od_01,motorbike,10.0,motorbike-1,8.230305959783891,18.23030595978389,7,False,motorbike-1,motorbike-1,False,8.230305959783891,8.230305959783891,115.41575464260981,118.76245847735348,118.76245847735348,115.41575464260981,129.53579460632008,129.53579460632008,0.0,0.0,0.0,0.0,0.0,development_exploratory_not_untouched_final
2022-02-27T17:00:00,od_01,walking,0.0,walking-1,40.00596776846269,40.00596776846269,1,True,walking-1,walking-1,False,40.00596776846269,40.00596776846269,560.8819311456671,577.3170047058271,577.3170047058271,560.8819311456671,629.7357015824016,629.7357015824016,0.0,0.0,0.0,0.0,0.0,development_exploratory_not_untouched_final
2022-02-27T17:00:00,od_01,walking,1.0,walking-1,40.00596776846269,41.00596776846269,3,False,walking-1,walking-1,False,40.00596776846269,40.00596776846269,560.8819311456671,577.3170047058271,577.3170047058271,560.8819311456671,629.7357015824016,629.7357015824016,0.0,0.0,0.0,0.0,0.0,development_exploratory_not_untouched_final
2022-02-27T17:00:00,od_01,walking,2.0,walking-1,40.00596776846269,42.00596776846269,4,False,walking-1,walking-1,False,40.00596776846269,40.00596776846269,560.8819311456671,577.3170047058271,577.3170047058271,560.8819311456671,629.7357015824016,629.7357015824016,0.0,0.0,0.0,0.0,0.0,development_exploratory_not_untouched_final
2022-02-27T17:00:00,od_01,walking,3.0,walking-1,40.00596776846269,43.00596776846269,4,False,walking-1,walking-1,False,40.00596776846269,40.00596776846269,560.8819311456671,577.3170047058271,577.3170047058271,560.8819311456671,629.7357015824016,629.7357015824016,0.0,0.0,0.0,0.0,0.0,development_exploratory_not_untouched_final
2022-02-27T17:00:00,od_01,walking,5.0,walking-1,40.00596776846269,45.00596776846269,4,False,walking-1,walking-1,False,40.00596776846269,40.00596776846269,560.8819311456671,577.3170047058271,577.3170047058271,560.8819311456671,629.7357015824016,629.7357015824016,0.0,0.0,0.0,0.0,0.0,development_exploratory_not_untouched_final
2022-02-27T17:00:00,od_01,walking,10.0,walking-1,40.00596776846269,50.00596776846269,6,False,walking-1,walking-1,False,40.00596776846269,40.00596776846269,560.8819311456671,577.3170047058271,577.3170047058271,560.8819311456671,629.7357015824016,629.7357015824016,0.0,0.0,0.0,0.0,0.0,development_exploratory_not_untouched_final
2022-02-27T17:00:00,od_02,motorbike,0.0,motorbike-1,9.67481945603514,9.67481945603514,1,True,motorbike-1,motorbike-1,False,9.67481945603514,9.67481945603514,135.63394073826183,147.41755954978487,147.41755954978487,135.63394073826183,168.6458999831728,168.6458999831728,0.0,0.0,0.0,0.0,0.0,development_exploratory_not_untouched_final
2022-02-27T17:00:00,od_02,motorbike,1.0,motorbike-1,9.67481945603514,10.67481945603514,3,False,motorbike-1,motorbike-1,False,9.67481945603514,9.67481945603514,135.63394073826183,147.41755954978487,147.41755954978487,135.63394073826183,168.6458999831728,168.6458999831728,0.0,0.0,0.0,0.0,0.0,development_exploratory_not_untouched_final
2022-02-27T17:00:00,od_02,motorbike,2.0,motorbike-1,9.67481945603514,11.67481945603514,5,False,motorbike-1,motorbike-1,False,9.67481945603514,9.67481945603514,135.63394073826183,147.41755954978487,147.41755954978487,135.63394073826183,168.6458999831728,168.6458999831728,0.0,0.0,0.0,0.0,0.0,development_exploratory_not_untouched_final
2022-02-27T17:00:00,od_02,motorbike,3.0,motorbike-1,9.67481945603514,12.67481945603514,6,False,motorbike-1,motorbike-1,False,9.67481945603514,9.67481945603514,135.63394073826183,147.41755954978487,147.41755954978487,135.63394073826183,168.6458999831728,168.6458999831728,0.0,0.0,0.0,0.0,0.0,development_exploratory_not_untouched_final
2022-02-27T17:00:00,od_02,motorbike,5.0,motorbike-1,9.67481945603514,14.67481945603514,7,False,motorbike-1,motorbike-1,False,9.67481945603514,9.67481945603514,135.63394073826183,147.41755954978487,147.41755954978487,135.63394073826183,168.6458999831728,168.6458999831728,0.0,0.0,0.0,0.0,0.0,development_exploratory_not_untouched_final
2022-02-27T17:00:00,od_02,motorbike,10.0,motorbike-1,9.67481945603514,19.674819456035138,8,False,motorbike-1,motorbike-1,False,9.67481945603514,9.67481945603514,135.63394073826183,147.41755954978487,147.41755954978487,135.63394073826183,168.6458999831728,168.6458999831728,0.0,0.0,0.0,0.0,0.0,development_exploratory_not_untouched_final
2022-02-27T17:00:00,od_02,walking,0.0,walking-1,48.3740972801757,48.3740972801757,1,True,walking-1,walking-1,False,48.3740972801757,48.3740972801757,678.1697036913092,737.0877977489245,737.0877977489245,678.1697036913092,843.2294999158645,843.2294999158645,0.0,0.0,0.0,0.0,0.0,development_exploratory_not_untouched_final
2022-02-27T17:00:00,od_02,walking,1.0,walking-1,48.3740972801757,49.3740972801757,2,False,walking-1,walking-1,False,48.3740972801757,48.3740972801757,678.1697036913092,737.0877977489245,737.0877977489245,678.1697036913092,843.2294999158645,843.2294999158645,0.0,0.0,0.0,0.0,0.0,development_exploratory_not_untouched_final
2022-02-27T17:00:00,od_02,walking,2.0,walking-1,48.3740972801757,50.3740972801757,3,False,walking-1,walking-1,False,48.3740972801757,48.3740972801757,678.1697036913092,737.0877977489245,737.0877977489245,678.1697036913092,843.2294999158645,843.2294999158645,0.0,0.0,0.0,0.0,0.0,development_exploratory_not_untouched_final
2022-02-27T17:00:00,od_02,walking,3.0,walking-1,48.3740972801757,51.3740972801757,4,False,walking-1,walking-1,False,48.3740972801757,48.3740972801757,678.1697036913092,737.0877977489245,737.0877977489245,678.1697036913092,843.2294999158645,843.2294999158645,0.0,0.0,0.0,0.0,0.0,development_exploratory_not_untouched_final
2022-02-27T17:00:00,od_02,walking,5.0,walking-1,48.3740972801757,53.3740972801757,4,False,walking-1,walking-1,False,48.3740972801757,48.3740972801757,678.1697036913092,737.0877977489245,737.0877977489245,678.1697036913092,843.2294999158645,843.2294999158645,0.0,0.0,0.0,0.0,0.0,development_exploratory_not_untouched_final
2022-02-27T17:00:00,od_02,walking,10.0,walking-1,48.3740972801757,58.3740972801757,6,False,walking-1,walking-1,False,48.3740972801757,48.3740972801757,678.1697036913092,737.0877977489245,737.0877977489245,678.1697036913092,843.2294999158645,843.2294999158645,0.0,0.0,0.0,0.0,0.0,development_exploratory_not_untouched_final
2022-02-27T17:00:00,od_03,motorbike,0.0,motorbike-1,6.910009956562447,6.910009956562447,1,True,motorbike-1,motorbike-1,False,6.910009956562447,6.910009956562447,98.25511471253185,102.97059718384067,102.97059718384067,98.25511471253185,111.8348142463525,111.8348142463525,0.0,0.0,0.0,0.0,0.0,development_exploratory_not_untouched_final
2022-02-27T17:00:00,od_03,motorbike,1.0,motorbike-1,6.910009956562447,7.910009956562447,3,False,motorbike-1,motorbike-1,False,6.910009956562447,6.910009956562447,98.25511471253185,102.97059718384067,102.97059718384067,98.25511471253185,111.8348142463525,111.8348142463525,0.0,0.0,0.0,0.0,0.0,development_exploratory_not_untouched_final
2022-02-27T17:00:00,od_03,motorbike,2.0,motorbike-1,6.910009956562447,8.910009956562448,3,False,motorbike-1,motorbike-1,False,6.910009956562447,6.910009956562447,98.25511471253185,102.97059718384067,102.97059718384067,98.25511471253185,111.8348142463525,111.8348142463525,0.0,0.0,0.0,0.0,0.0,development_exploratory_not_untouched_final
2022-02-27T17:00:00,od_03,motorbike,3.0,motorbike-1,6.910009956562447,9.910009956562448,5,False,motorbike-1,motorbike-1,False,6.910009956562447,6.910009956562447,98.25511471253185,102.97059718384067,102.97059718384067,98.25511471253185,111.8348142463525,111.8348142463525,0.0,0.0,0.0,0.0,0.0,development_exploratory_not_untouched_final
2022-02-27T17:00:00,od_03,motorbike,5.0,motorbike-1,6.910009956562447,11.910009956562448,7,False,motorbike-1,motorbike-1,False,6.910009956562447,6.910009956562447,98.25511471253185,102.97059718384067,102.97059718384067,98.25511471253185,111.8348142463525,111.8348142463525,0.0,0.0,0.0,0.0,0.0,development_exploratory_not_untouched_final
2022-02-27T17:00:00,od_03,motorbike,10.0,motorbike-1,6.910009956562447,16.910009956562448,8,False,motorbike-1,motorbike-1,False,6.910009956562447,6.910009956562447,98.25511471253185,102.97059718384067,102.97059718384067,98.25511471253185,111.8348142463525,111.8348142463525,0.0,0.0,0.0,0.0,0.0,development_exploratory_not_untouched_final
2022-02-27T17:00:00,od_03,walking,0.0,walking-1,34.422845694421525,34.422845694421525,1,True,walking-1,walking-1,False,34.422845694421525,34.422845694421525,489.47472973199183,512.9768357232489,512.9768357232489,489.47472973199183,557.1646074865674,557.1646074865674,0.0,0.0,0.0,0.0,0.0,development_exploratory_not_untouched_final
2022-02-27T17:00:00,od_03,walking,1.0,walking-1,34.422845694421525,35.422845694421525,2,False,walking-1,walking-1,False,34.422845694421525,34.422845694421525,489.47472973199183,512.9768357232489,512.9768357232489,489.47472973199183,557.1646074865674,557.1646074865674,0.0,0.0,0.0,0.0,0.0,development_exploratory_not_untouched_final
2022-02-27T17:00:00,od_03,walking,2.0,walking-1,34.422845694421525,36.422845694421525,3,False,walking-1,walking-1,False,34.422845694421525,34.422845694421525,489.47472973199183,512.9768357232489,512.9768357232489,489.47472973199183,557.1646074865674,557.1646074865674,0.0,0.0,0.0,0.0,0.0,development_exploratory_not_untouched_final
2022-02-27T17:00:00,od_03,walking,3.0,walking-1,34.422845694421525,37.422845694421525,3,False,walking-1,walking-1,False,34.422845694421525,34.422845694421525,489.47472973199183,512.9768357232489,512.9768357232489,489.47472973199183,557.1646074865674,557.1646074865674,0.0,0.0,0.0,0.0,0.0,development_exploratory_not_untouched_final
2022-02-27T17:00:00,od_03,walking,5.0,walking-1,34.422845694421525,39.422845694421525,3,False,walking-1,walking-1,False,34.422845694421525,34.422845694421525,489.47472973199183,512.9768357232489,512.9768357232489,489.47472973199183,557.1646074865674,557.1646074865674,0.0,0.0,0.0,0.0,0.0,development_exploratory_not_untouched_final
2022-02-27T17:00:00,od_03,walking,10.0,walking-1,34.422845694421525,44.422845694421525,6,False,walking-1,walking-1,False,34.422845694421525,34.422845694421525,489.47472973199183,512.9768357232489,512.9768357232489,489.47472973199183,557.1646074865674,557.1646074865674,0.0,0.0,0.0,0.0,0.0,development_exploratory_not_untouched_final
2022-02-27T17:00:00,od_04,motorbike,0.0,motorbike-1,13.275882583129041,13.275882583129041,1,True,motorbike-1,motorbike-1,False,13.275882583129041,13.275882583129041,189.4371009673855,200.5471385797826,200.5471385797826,189.4371009673855,221.8721123231711,221.8721123231711,0.0,0.0,0.0,0.0,0.0,development_exploratory_not_untouched_final
2022-02-27T17:00:00,od_04,motorbike,1.0,motorbike-1,13.275882583129041,14.275882583129041,3,False,motorbike-1,motorbike-1,False,13.275882583129041,13.275882583129041,189.4371009673855,200.5471385797826,200.5471385797826,189.4371009673855,221.8721123231711,221.8721123231711,0.0,0.0,0.0,0.0,0.0,development_exploratory_not_untouched_final
2022-02-27T17:00:00,od_04,motorbike,2.0,motorbike-1,13.275882583129041,15.275882583129041,3,False,motorbike-1,motorbike-1,False,13.275882583129041,13.275882583129041,189.4371009673855,200.5471385797826,200.5471385797826,189.4371009673855,221.8721123231711,221.8721123231711,0.0,0.0,0.0,0.0,0.0,development_exploratory_not_untouched_final
2022-02-27T17:00:00,od_04,motorbike,3.0,motorbike-1,13.275882583129041,16.27588258312904,4,False,motorbike-1,motorbike-1,False,13.275882583129041,13.275882583129041,189.4371009673855,200.5471385797826,200.5471385797826,189.4371009673855,221.8721123231711,221.8721123231711,0.0,0.0,0.0,0.0,0.0,development_exploratory_not_untouched_final
2022-02-27T17:00:00,od_04,motorbike,5.0,motorbike-1,13.275882583129041,18.27588258312904,5,False,motorbike-1,motorbike-1,False,13.275882583129041,13.275882583129041,189.4371009673855,200.5471385797826,200.5471385797826,189.4371009673855,221.8721123231711,221.8721123231711,0.0,0.0,0.0,0.0,0.0,development_exploratory_not_untouched_final
2022-02-27T17:00:00,od_04,motorbike,10.0,motorbike-1,13.275882583129041,23.27588258312904,7,False,motorbike-1,motorbike-1,False,13.275882583129041,13.275882583129041,189.4371009673855,200.5471385797826,200.5471385797826,189.4371009673855,221.8721123231711,221.8721123231711,0.0,0.0,0.0,0.0,0.0,development_exploratory_not_untouched_final
2022-02-27T17:00:00,od_04,walking,0.0,walking-1,66.24586047456621,66.24586047456621,1,True,walking-1,walking-1,False,66.24586047456621,66.24586047456621,945.8000586533362,999.2214429124336,999.2214429124336,945.8000586533362,1097.479617186637,1097.479617186637,0.0,0.0,0.0,0.0,0.0,development_exploratory_not_untouched_final
2022-02-27T17:00:00,od_04,walking,1.0,walking-1,66.24586047456621,67.24586047456621,4,False,walking-1,walking-1,False,66.24586047456621,66.24586047456621,945.8000586533362,999.2214429124336,999.2214429124336,945.8000586533362,1097.479617186637,1097.479617186637,0.0,0.0,0.0,0.0,0.0,development_exploratory_not_untouched_final
2022-02-27T17:00:00,od_04,walking,2.0,walking-1,66.24586047456621,68.24586047456621,5,False,walking-1,walking-1,False,66.24586047456621,66.24586047456621,945.8000586533362,999.2214429124336,999.2214429124336,945.8000586533362,1097.479617186637,1097.479617186637,0.0,0.0,0.0,0.0,0.0,development_exploratory_not_untouched_final
2022-02-27T17:00:00,od_04,walking,3.0,walking-1,66.24586047456621,69.24586047456621,5,False,walking-1,walking-1,False,66.24586047456621,66.24586047456621,945.8000586533362,999.2214429124336,999.2214429124336,945.8000586533362,1097.479617186637,1097.479617186637,0.0,0.0,0.0,0.0,0.0,development_exploratory_not_untouched_final
2022-02-27T17:00:00,od_04,walking,5.0,walking-1,66.24586047456621,71.24586047456621,5,False,walking-1,walking-1,False,66.24586047456621,66.24586047456621,945.8000586533362,999.2214429124336,999.2214429124336,945.8000586533362,1097.479617186637,1097.479617186637,0.0,0.0,0.0,0.0,0.0,development_exploratory_not_untouched_final
2022-02-27T17:00:00,od_04,walking,10.0,walking-1,66.24586047456621,76.24586047456621,6,False,walking-1,walking-1,False,66.24586047456621,66.24586047456621,945.8000586533362,999.2214429124336,999.2214429124336,945.8000586533362,1097.479617186637,1097.479617186637,0.0,0.0,0.0,0.0,0.0,development_exploratory_not_untouched_final
2022-02-27T17:00:00,od_05,motorbike,0.0,motorbike-1,15.468886749491073,15.468886749491073,1,True,motorbike-1,motorbike-1,False,15.468886749491073,15.468886749491073,216.90131716113845,224.90748951356994,224.90748951356994,216.90131716113845,241.92546182295936,241.92546182295936,0.0,0.0,0.0,0.0,0.0,development_exploratory_not_untouched_final
2022-02-27T17:00:00,od_05,motorbike,1.0,motorbike-1,15.468886749491073,16.468886749491073,2,False,motorbike-1,motorbike-1,False,15.468886749491073,15.468886749491073,216.90131716113845,224.90748951356994,224.90748951356994,216.90131716113845,241.92546182295936,241.92546182295936,0.0,0.0,0.0,0.0,0.0,development_exploratory_not_untouched_final
2022-02-27T17:00:00,od_05,motorbike,2.0,motorbike-1,15.468886749491073,17.468886749491073,2,False,motorbike-1,motorbike-1,False,15.468886749491073,15.468886749491073,216.90131716113845,224.90748951356994,224.90748951356994,216.90131716113845,241.92546182295936,241.92546182295936,0.0,0.0,0.0,0.0,0.0,development_exploratory_not_untouched_final
2022-02-27T17:00:00,od_05,motorbike,3.0,motorbike-1,15.468886749491073,18.468886749491073,3,False,motorbike-1,motorbike-1,False,15.468886749491073,15.468886749491073,216.90131716113845,224.90748951356994,224.90748951356994,216.90131716113845,241.92546182295936,241.92546182295936,0.0,0.0,0.0,0.0,0.0,development_exploratory_not_untouched_final
2022-02-27T17:00:00,od_05,motorbike,5.0,motorbike-1,15.468886749491073,20.468886749491073,4,False,motorbike-1,motorbike-1,False,15.468886749491073,15.468886749491073,216.90131716113845,224.90748951356994,224.90748951356994,216.90131716113845,241.92546182295936,241.92546182295936,0.0,0.0,0.0,0.0,0.0,development_exploratory_not_untouched_final
2022-02-27T17:00:00,od_05,motorbike,10.0,motorbike-1,15.468886749491073,25.468886749491073,6,False,motorbike-1,motorbike-1,False,15.468886749491073,15.468886749491073,216.90131716113845,224.90748951356994,224.90748951356994,216.90131716113845,241.92546182295936,241.92546182295936,0.0,0.0,0.0,0.0,0.0,development_exploratory_not_untouched_final
2022-02-27T17:00:00,od_05,walking,0.0,walking-1,79.18940872206731,79.18940872206731,1,True,walking-1,walking-1,False,79.18940872206731,79.18940872206731,1109.7495505064533,1148.6825205955618,1148.6825205955618,1109.7495505064533,1219.2925402498684,1219.2925402498684,0.0,0.0,0.0,0.0,0.0,development_exploratory_not_untouched_final
2022-02-27T17:00:00,od_05,walking,1.0,walking-1,79.18940872206731,80.18940872206731,5,False,walking-1,walking-1,False,79.18940872206731,79.18940872206731,1109.7495505064533,1148.6825205955618,1148.6825205955618,1109.7495505064533,1219.2925402498684,1219.2925402498684,0.0,0.0,0.0,0.0,0.0,development_exploratory_not_untouched_final
2022-02-27T17:00:00,od_05,walking,2.0,walking-1,79.18940872206731,81.18940872206731,5,False,walking-1,walking-1,False,79.18940872206731,79.18940872206731,1109.7495505064533,1148.6825205955618,1148.6825205955618,1109.7495505064533,1219.2925402498684,1219.2925402498684,0.0,0.0,0.0,0.0,0.0,development_exploratory_not_untouched_final
2022-02-27T17:00:00,od_05,walking,3.0,walking-1,79.18940872206731,82.18940872206731,6,False,walking-1,walking-1,False,79.18940872206731,79.18940872206731,1109.7495505064533,1148.6825205955618,1148.6825205955618,1109.7495505064533,1219.2925402498684,1219.2925402498684,0.0,0.0,0.0,0.0,0.0,development_exploratory_not_untouched_final
2022-02-27T17:00:00,od_05,walking,5.0,walking-1,79.18940872206731,84.18940872206731,6,False,walking-1,walking-1,False,79.18940872206731,79.18940872206731,1109.7495505064533,1148.6825205955618,1148.6825205955618,1109.7495505064533,1219.2925402498684,1219.2925402498684,0.0,0.0,0.0,0.0,0.0,development_exploratory_not_untouched_final
2022-02-27T17:00:00,od_05,walking,10.0,walking-1,79.18940872206731,89.18940872206731,7,False,walking-1,walking-1,False,79.18940872206731,79.18940872206731,1109.7495505064533,1148.6825205955618,1148.6825205955618,1109.7495505064533,1219.2925402498684,1219.2925402498684,0.0,0.0,0.0,0.0,0.0,development_exploratory_not_untouched_final
2022-02-27T17:00:00,od_06,motorbike,0.0,motorbike-1,8.795778104253094,8.795778104253094,1,True,motorbike-1,motorbike-1,False,8.795778104253094,8.795778104253094,124.7966757209891,130.36616670819362,130.36616670819362,124.7966757209891,140.36778317145777,140.36778317145777,0.0,0.0,0.0,0.0,0.0,development_exploratory_not_untouched_final
2022-02-27T17:00:00,od_06,motorbike,1.0,motorbike-1,8.795778104253094,9.795778104253094,3,False,motorbike-1,motorbike-1,False,8.795778104253094,8.795778104253094,124.7966757209891,130.36616670819362,130.36616670819362,124.7966757209891,140.36778317145777,140.36778317145777,0.0,0.0,0.0,0.0,0.0,development_exploratory_not_untouched_final
2022-02-27T17:00:00,od_06,motorbike,2.0,motorbike-1,8.795778104253094,10.795778104253094,3,False,motorbike-1,motorbike-1,False,8.795778104253094,8.795778104253094,124.7966757209891,130.36616670819362,130.36616670819362,124.7966757209891,140.36778317145777,140.36778317145777,0.0,0.0,0.0,0.0,0.0,development_exploratory_not_untouched_final
2022-02-27T17:00:00,od_06,motorbike,3.0,motorbike-1,8.795778104253094,11.795778104253094,5,False,motorbike-1,motorbike-1,False,8.795778104253094,8.795778104253094,124.7966757209891,130.36616670819362,130.36616670819362,124.7966757209891,140.36778317145777,140.36778317145777,0.0,0.0,0.0,0.0,0.0,development_exploratory_not_untouched_final
2022-02-27T17:00:00,od_06,motorbike,5.0,motorbike-1,8.795778104253094,13.795778104253094,6,False,motorbike-1,motorbike-1,False,8.795778104253094,8.795778104253094,124.7966757209891,130.36616670819362,130.36616670819362,124.7966757209891,140.36778317145777,140.36778317145777,0.0,0.0,0.0,0.0,0.0,development_exploratory_not_untouched_final
2022-02-27T17:00:00,od_06,motorbike,10.0,motorbike-1,8.795778104253094,18.795778104253095,8,False,motorbike-1,motorbike-1,False,8.795778104253094,8.795778104253094,124.7966757209891,130.36616670819362,130.36616670819362,124.7966757209891,140.36778317145777,140.36778317145777,0.0,0.0,0.0,0.0,0.0,development_exploratory_not_untouched_final
2022-02-27T17:00:00,od_06,walking,0.0,walking-1,42.44838227513487,42.44838227513487,1,True,walking-1,walking-1,False,42.44838227513487,42.44838227513487,602.4925973731009,629.4567091084326,629.4567091084326,602.4925973731009,677.5754029553675,677.5754029553675,0.0,0.0,0.0,0.0,0.0,development_exploratory_not_untouched_final
2022-02-27T17:00:00,od_06,walking,1.0,walking-1,42.44838227513487,43.44838227513487,4,False,walking-1,walking-1,False,42.44838227513487,42.44838227513487,602.4925973731009,629.4567091084326,629.4567091084326,602.4925973731009,677.5754029553675,677.5754029553675,0.0,0.0,0.0,0.0,0.0,development_exploratory_not_untouched_final
2022-02-27T17:00:00,od_06,walking,2.0,walking-1,42.44838227513487,44.44838227513487,5,False,walking-1,walking-1,False,42.44838227513487,42.44838227513487,602.4925973731009,629.4567091084326,629.4567091084326,602.4925973731009,677.5754029553675,677.5754029553675,0.0,0.0,0.0,0.0,0.0,development_exploratory_not_untouched_final
2022-02-27T17:00:00,od_06,walking,3.0,walking-1,42.44838227513487,45.44838227513487,5,False,walking-1,walking-1,False,42.44838227513487,42.44838227513487,602.4925973731009,629.4567091084326,629.4567091084326,602.4925973731009,677.5754029553675,677.5754029553675,0.0,0.0,0.0,0.0,0.0,development_exploratory_not_untouched_final
2022-02-27T17:00:00,od_06,walking,5.0,walking-1,42.44838227513487,47.44838227513487,6,False,walking-1,walking-1,False,42.44838227513487,42.44838227513487,602.4925973731009,629.4567091084326,629.4567091084326,602.4925973731009,677.5754029553675,677.5754029553675,0.0,0.0,0.0,0.0,0.0,development_exploratory_not_untouched_final
2022-02-27T17:00:00,od_06,walking,10.0,walking-1,42.44838227513487,52.44838227513487,7,False,walking-1,walking-1,False,42.44838227513487,42.44838227513487,602.4925973731009,629.4567091084326,629.4567091084326,602.4925973731009,677.5754029553675,677.5754029553675,0.0,0.0,0.0,0.0,0.0,development_exploratory_not_untouched_final
2022-02-27T17:00:00,od_07,motorbike,0.0,motorbike-1,8.70687690002884,8.70687690002884,1,True,motorbike-1,motorbike-1,False,8.70687690002884,8.70687690002884,122.700810750339,131.29425345933043,131.29425345933043,122.700810750339,147.14072853417963,147.14072853417963,0.0,0.0,0.0,0.0,0.0,development_exploratory_not_untouched_final
2022-02-27T17:00:00,od_07,motorbike,1.0,motorbike-1,8.70687690002884,9.70687690002884,3,False,motorbike-1,motorbike-1,False,8.70687690002884,8.70687690002884,122.700810750339,131.29425345933043,131.29425345933043,122.700810750339,147.14072853417963,147.14072853417963,0.0,0.0,0.0,0.0,0.0,development_exploratory_not_untouched_final
2022-02-27T17:00:00,od_07,motorbike,2.0,motorbike-1,8.70687690002884,10.70687690002884,4,False,motorbike-1,motorbike-1,False,8.70687690002884,8.70687690002884,122.700810750339,131.29425345933043,131.29425345933043,122.700810750339,147.14072853417963,147.14072853417963,0.0,0.0,0.0,0.0,0.0,development_exploratory_not_untouched_final
2022-02-27T17:00:00,od_07,motorbike,3.0,motorbike-1,8.70687690002884,11.70687690002884,4,False,motorbike-1,motorbike-1,False,8.70687690002884,8.70687690002884,122.700810750339,131.29425345933043,131.29425345933043,122.700810750339,147.14072853417963,147.14072853417963,0.0,0.0,0.0,0.0,0.0,development_exploratory_not_untouched_final
2022-02-27T17:00:00,od_07,motorbike,5.0,motorbike-1,8.70687690002884,13.70687690002884,6,False,motorbike-1,motorbike-1,False,8.70687690002884,8.70687690002884,122.700810750339,131.29425345933043,131.29425345933043,122.700810750339,147.14072853417963,147.14072853417963,0.0,0.0,0.0,0.0,0.0,development_exploratory_not_untouched_final
2022-02-27T17:00:00,od_07,motorbike,10.0,motorbike-1,8.70687690002884,18.70687690002884,8,False,motorbike-1,motorbike-1,False,8.70687690002884,8.70687690002884,122.700810750339,131.29425345933043,131.29425345933043,122.700810750339,147.14072853417963,147.14072853417963,0.0,0.0,0.0,0.0,0.0,development_exploratory_not_untouched_final
2022-02-27T17:00:00,od_07,walking,0.0,walking-1,36.12094162904502,36.12094162904502,1,True,walking-1,walking-1,False,36.12094162904502,36.12094162904502,508.43387111869265,545.2845467797233,545.2845467797233,508.43387111869265,613.0526074842414,613.0526074842414,0.0,0.0,0.0,0.0,0.0,development_exploratory_not_untouched_final
2022-02-27T17:00:00,od_07,walking,1.0,walking-1,36.12094162904502,37.12094162904502,4,False,walking-1,walking-1,False,36.12094162904502,36.12094162904502,508.43387111869265,545.2845467797233,545.2845467797233,508.43387111869265,613.0526074842414,613.0526074842414,0.0,0.0,0.0,0.0,0.0,development_exploratory_not_untouched_final
2022-02-27T17:00:00,od_07,walking,2.0,walking-1,36.12094162904502,38.12094162904502,4,False,walking-1,walking-1,False,36.12094162904502,36.12094162904502,508.43387111869265,545.2845467797233,545.2845467797233,508.43387111869265,613.0526074842414,613.0526074842414,0.0,0.0,0.0,0.0,0.0,development_exploratory_not_untouched_final
2022-02-27T17:00:00,od_07,walking,3.0,walking-1,36.12094162904502,39.12094162904502,4,False,walking-1,walking-1,False,36.12094162904502,36.12094162904502,508.43387111869265,545.2845467797233,545.2845467797233,508.43387111869265,613.0526074842414,613.0526074842414,0.0,0.0,0.0,0.0,0.0,development_exploratory_not_untouched_final
2022-02-27T17:00:00,od_07,walking,5.0,walking-1,36.12094162904502,41.12094162904502,4,False,walking-1,walking-1,False,36.12094162904502,36.12094162904502,508.43387111869265,545.2845467797233,545.2845467797233,508.43387111869265,613.0526074842414,613.0526074842414,0.0,0.0,0.0,0.0,0.0,development_exploratory_not_untouched_final
2022-02-27T17:00:00,od_07,walking,10.0,walking-1,36.12094162904502,46.12094162904502,4,False,walking-1,walking-1,False,36.12094162904502,36.12094162904502,508.43387111869265,545.2845467797233,545.2845467797233,508.43387111869265,613.0526074842414,613.0526074842414,0.0,0.0,0.0,0.0,0.0,development_exploratory_not_untouched_final
2022-02-27T17:00:00,od_08,motorbike,0.0,motorbike-1,16.700945583245588,16.700945583245588,1,True,motorbike-1,motorbike-1,False,16.700945583245588,16.700945583245588,234.6880139700748,243.57659496932342,243.57659496932342,234.6880139700748,263.0576205551531,263.0576205551531,0.0,0.0,0.0,0.0,0.0,development_exploratory_not_untouched_final
2022-02-27T17:00:00,od_08,motorbike,1.0,motorbike-1,16.700945583245588,17.700945583245588,2,False,motorbike-1,motorbike-1,False,16.700945583245588,16.700945583245588,234.6880139700748,243.57659496932342,243.57659496932342,234.6880139700748,263.0576205551531,263.0576205551531,0.0,0.0,0.0,0.0,0.0,development_exploratory_not_untouched_final
2022-02-27T17:00:00,od_08,motorbike,2.0,motorbike-1,16.700945583245588,18.700945583245588,4,False,motorbike-1,motorbike-1,False,16.700945583245588,16.700945583245588,234.6880139700748,243.57659496932342,243.57659496932342,234.6880139700748,263.0576205551531,263.0576205551531,0.0,0.0,0.0,0.0,0.0,development_exploratory_not_untouched_final
2022-02-27T17:00:00,od_08,motorbike,3.0,motorbike-1,16.700945583245588,19.700945583245588,4,False,motorbike-1,motorbike-1,False,16.700945583245588,16.700945583245588,234.6880139700748,243.57659496932342,243.57659496932342,234.6880139700748,263.0576205551531,263.0576205551531,0.0,0.0,0.0,0.0,0.0,development_exploratory_not_untouched_final
2022-02-27T17:00:00,od_08,motorbike,5.0,motorbike-1,16.700945583245588,21.700945583245588,6,False,motorbike-1,motorbike-1,False,16.700945583245588,16.700945583245588,234.6880139700748,243.57659496932342,243.57659496932342,234.6880139700748,263.0576205551531,263.0576205551531,0.0,0.0,0.0,0.0,0.0,development_exploratory_not_untouched_final
2022-02-27T17:00:00,od_08,motorbike,10.0,motorbike-1,16.700945583245588,26.700945583245588,8,False,motorbike-1,motorbike-1,False,16.700945583245588,16.700945583245588,234.6880139700748,243.57659496932342,243.57659496932342,234.6880139700748,263.0576205551531,263.0576205551531,0.0,0.0,0.0,0.0,0.0,development_exploratory_not_untouched_final
2022-02-27T17:00:00,od_08,walking,0.0,walking-1,82.44427460179587,82.44427460179587,1,True,walking-1,walking-1,False,82.44427460179587,82.44427460179587,1158.5098305481292,1199.075083103445,1199.075083103445,1158.5098305481292,1287.219670174369,1287.219670174369,0.0,0.0,0.0,0.0,0.0,development_exploratory_not_untouched_final
2022-02-27T17:00:00,od_08,walking,1.0,walking-1,82.44427460179587,83.44427460179587,3,False,walking-1,walking-1,False,82.44427460179587,82.44427460179587,1158.5098305481292,1199.075083103445,1199.075083103445,1158.5098305481292,1287.219670174369,1287.219670174369,0.0,0.0,0.0,0.0,0.0,development_exploratory_not_untouched_final
2022-02-27T17:00:00,od_08,walking,2.0,walking-1,82.44427460179587,84.44427460179587,3,False,walking-1,walking-1,False,82.44427460179587,82.44427460179587,1158.5098305481292,1199.075083103445,1199.075083103445,1158.5098305481292,1287.219670174369,1287.219670174369,0.0,0.0,0.0,0.0,0.0,development_exploratory_not_untouched_final
2022-02-27T17:00:00,od_08,walking,3.0,walking-1,82.44427460179587,85.44427460179587,4,False,walking-1,walking-1,False,82.44427460179587,82.44427460179587,1158.5098305481292,1199.075083103445,1199.075083103445,1158.5098305481292,1287.219670174369,1287.219670174369,0.0,0.0,0.0,0.0,0.0,development_exploratory_not_untouched_final
2022-02-27T17:00:00,od_08,walking,5.0,walking-1,82.44427460179587,87.44427460179587,5,False,walking-1,walking-1,False,82.44427460179587,82.44427460179587,1158.5098305481292,1199.075083103445,1199.075083103445,1158.5098305481292,1287.219670174369,1287.219670174369,0.0,0.0,0.0,0.0,0.0,development_exploratory_not_untouched_final
2022-02-27T17:00:00,od_08,walking,10.0,walking-1,82.44427460179587,92.44427460179587,6,False,walking-1,walking-1,False,82.44427460179587,82.44427460179587,1158.5098305481292,1199.075083103445,1199.075083103445,1158.5098305481292,1287.219670174369,1287.219670174369,0.0,0.0,0.0,0.0,0.0,development_exploratory_not_untouched_final
2022-02-27T17:00:00,od_09,motorbike,0.0,motorbike-1,9.921896735442521,9.921896735442521,1,True,motorbike-1,motorbike-1,False,9.921896735442521,9.921896735442521,124.38143393308768,127.43073374771909,127.43073374771909,124.38143393308768,137.61793763317104,137.61793763317104,0.0,0.0,0.0,0.0,0.0,development_exploratory_not_untouched_final
2022-02-27T17:00:00,od_09,motorbike,1.0,motorbike-1,9.921896735442521,10.921896735442521,2,False,motorbike-1,motorbike-1,False,9.921896735442521,9.921896735442521,124.38143393308768,127.43073374771909,127.43073374771909,124.38143393308768,137.61793763317104,137.61793763317104,0.0,0.0,0.0,0.0,0.0,development_exploratory_not_untouched_final
2022-02-27T17:00:00,od_09,motorbike,2.0,motorbike-1,9.921896735442521,11.921896735442521,3,False,motorbike-1,motorbike-1,False,9.921896735442521,9.921896735442521,124.38143393308768,127.43073374771909,127.43073374771909,124.38143393308768,137.61793763317104,137.61793763317104,0.0,0.0,0.0,0.0,0.0,development_exploratory_not_untouched_final
2022-02-27T17:00:00,od_09,motorbike,3.0,motorbike-1,9.921896735442521,12.921896735442521,4,False,motorbike-1,motorbike-1,False,9.921896735442521,9.921896735442521,124.38143393308768,127.43073374771909,127.43073374771909,124.38143393308768,137.61793763317104,137.61793763317104,0.0,0.0,0.0,0.0,0.0,development_exploratory_not_untouched_final
2022-02-27T17:00:00,od_09,motorbike,5.0,motorbike-1,9.921896735442521,14.921896735442521,5,False,motorbike-1,motorbike-1,False,9.921896735442521,9.921896735442521,124.38143393308768,127.43073374771909,127.43073374771909,124.38143393308768,137.61793763317104,137.61793763317104,0.0,0.0,0.0,0.0,0.0,development_exploratory_not_untouched_final
2022-02-27T17:00:00,od_09,motorbike,10.0,motorbike-1,9.921896735442521,19.921896735442523,7,False,motorbike-1,motorbike-1,False,9.921896735442521,9.921896735442521,124.38143393308768,127.43073374771909,127.43073374771909,124.38143393308768,137.61793763317104,137.61793763317104,0.0,0.0,0.0,0.0,0.0,development_exploratory_not_untouched_final
2022-02-27T17:00:00,od_09,walking,0.0,walking-1,44.57985461725738,44.57985461725738,1,True,walking-1,walking-1,False,44.57985461725738,44.57985461725738,548.7949145498916,562.0109934452091,562.0109934452091,548.7949145498916,606.8794318498014,606.8794318498014,0.0,0.0,0.0,0.0,0.0,development_exploratory_not_untouched_final
2022-02-27T17:00:00,od_09,walking,1.0,walking-1,44.57985461725738,45.57985461725738,3,False,walking-1,walking-1,False,44.57985461725738,44.57985461725738,548.7949145498916,562.0109934452091,562.0109934452091,548.7949145498916,606.8794318498014,606.8794318498014,0.0,0.0,0.0,0.0,0.0,development_exploratory_not_untouched_final
2022-02-27T17:00:00,od_09,walking,2.0,walking-1,44.57985461725738,46.57985461725738,3,False,walking-1,walking-1,False,44.57985461725738,44.57985461725738,548.7949145498916,562.0109934452091,562.0109934452091,548.7949145498916,606.8794318498014,606.8794318498014,0.0,0.0,0.0,0.0,0.0,development_exploratory_not_untouched_final
2022-02-27T17:00:00,od_09,walking,3.0,walking-1,44.57985461725738,47.57985461725738,3,False,walking-1,walking-1,False,44.57985461725738,44.57985461725738,548.7949145498916,562.0109934452091,562.0109934452091,548.7949145498916,606.8794318498014,606.8794318498014,0.0,0.0,0.0,0.0,0.0,development_exploratory_not_untouched_final
2022-02-27T17:00:00,od_09,walking,5.0,walking-1,44.57985461725738,49.57985461725738,4,False,walking-1,walking-1,False,44.57985461725738,44.57985461725738,548.7949145498916,562.0109934452091,562.0109934452091,548.7949145498916,606.8794318498014,606.8794318498014,0.0,0.0,0.0,0.0,0.0,development_exploratory_not_untouched_final
2022-02-27T17:00:00,od_09,walking,10.0,walking-1,44.57985461725738,54.57985461725738,6,False,walking-1,walking-1,False,44.57985461725738,44.57985461725738,548.7949145498916,562.0109934452091,562.0109934452091,548.7949145498916,606.8794318498014,606.8794318498014,0.0,0.0,0.0,0.0,0.0,development_exploratory_not_untouched_final
2022-02-27T17:00:00,od_10,motorbike,0.0,motorbike-1,10.045650330099813,10.045650330099813,1,True,motorbike-1,motorbike-1,False,10.045650330099813,10.045650330099813,142.4052943743464,151.44809454404773,151.44809454404773,142.4052943743464,168.1352793051398,168.1352793051398,0.0,0.0,0.0,0.0,0.0,development_exploratory_not_untouched_final
2022-02-27T17:00:00,od_10,motorbike,1.0,motorbike-1,10.045650330099813,11.045650330099813,2,False,motorbike-1,motorbike-1,False,10.045650330099813,10.045650330099813,142.4052943743464,151.44809454404773,151.44809454404773,142.4052943743464,168.1352793051398,168.1352793051398,0.0,0.0,0.0,0.0,0.0,development_exploratory_not_untouched_final
2022-02-27T17:00:00,od_10,motorbike,2.0,motorbike-1,10.045650330099813,12.045650330099813,3,False,motorbike-1,motorbike-1,False,10.045650330099813,10.045650330099813,142.4052943743464,151.44809454404773,151.44809454404773,142.4052943743464,168.1352793051398,168.1352793051398,0.0,0.0,0.0,0.0,0.0,development_exploratory_not_untouched_final
2022-02-27T17:00:00,od_10,motorbike,3.0,motorbike-1,10.045650330099813,13.045650330099813,4,False,motorbike-1,motorbike-1,False,10.045650330099813,10.045650330099813,142.4052943743464,151.44809454404773,151.44809454404773,142.4052943743464,168.1352793051398,168.1352793051398,0.0,0.0,0.0,0.0,0.0,development_exploratory_not_untouched_final
2022-02-27T17:00:00,od_10,motorbike,5.0,motorbike-1,10.045650330099813,15.045650330099813,8,False,motorbike-1,motorbike-1,False,10.045650330099813,10.045650330099813,142.4052943743464,151.44809454404773,151.44809454404773,142.4052943743464,168.1352793051398,168.1352793051398,0.0,0.0,0.0,0.0,0.0,development_exploratory_not_untouched_final
2022-02-27T17:00:00,od_10,motorbike,10.0,motorbike-1,10.045650330099813,20.04565033009981,8,False,motorbike-1,motorbike-1,False,10.045650330099813,10.045650330099813,142.4052943743464,151.44809454404773,151.44809454404773,142.4052943743464,168.1352793051398,168.1352793051398,0.0,0.0,0.0,0.0,0.0,development_exploratory_not_untouched_final
2022-02-27T17:00:00,od_10,walking,0.0,walking-1,50.22825165049906,50.22825165049906,1,True,walking-1,walking-1,False,50.22825165049906,50.22825165049906,712.0264718717324,757.2404727202389,757.2404727202389,712.0264718717324,840.6763965256991,840.6763965256991,0.0,0.0,0.0,0.0,0.0,development_exploratory_not_untouched_final
2022-02-27T17:00:00,od_10,walking,1.0,walking-1,50.22825165049906,51.22825165049906,4,False,walking-1,walking-1,False,50.22825165049906,50.22825165049906,712.0264718717324,757.2404727202389,757.2404727202389,712.0264718717324,840.6763965256991,840.6763965256991,0.0,0.0,0.0,0.0,0.0,development_exploratory_not_untouched_final
2022-02-27T17:00:00,od_10,walking,2.0,walking-1,50.22825165049906,52.22825165049906,4,False,walking-1,walking-1,False,50.22825165049906,50.22825165049906,712.0264718717324,757.2404727202389,757.2404727202389,712.0264718717324,840.6763965256991,840.6763965256991,0.0,0.0,0.0,0.0,0.0,development_exploratory_not_untouched_final
2022-02-27T17:00:00,od_10,walking,3.0,walking-1,50.22825165049906,53.22825165049906,6,False,walking-1,walking-1,False,50.22825165049906,50.22825165049906,712.0264718717324,757.2404727202389,757.2404727202389,712.0264718717324,840.6763965256991,840.6763965256991,0.0,0.0,0.0,0.0,0.0,development_exploratory_not_untouched_final
2022-02-27T17:00:00,od_10,walking,5.0,walking-1,50.22825165049906,55.22825165049906,6,False,walking-1,walking-1,False,50.22825165049906,50.22825165049906,712.0264718717324,757.2404727202389,757.2404727202389,712.0264718717324,840.6763965256991,840.6763965256991,0.0,0.0,0.0,0.0,0.0,development_exploratory_not_untouched_final
2022-02-27T17:00:00,od_10,walking,10.0,walking-1,50.22825165049906,60.22825165049906,7,False,walking-1,walking-1,False,50.22825165049906,50.22825165049906,712.0264718717324,757.2404727202389,757.2404727202389,712.0264718717324,840.6763965256991,840.6763965256991,0.0,0.0,0.0,0.0,0.0,development_exploratory_not_untouched_final
2022-02-27T17:00:00,od_11,motorbike,0.0,motorbike-1,17.571099260409287,17.571099260409287,1,True,motorbike-1,motorbike-1,False,17.571099260409287,17.571099260409287,246.79847551772139,264.6041463097149,264.6041463097149,246.79847551772139,299.9626320109246,299.9626320109246,0.0,0.0,0.0,0.0,0.0,development_exploratory_not_untouched_final
2022-02-27T17:00:00,od_11,motorbike,1.0,motorbike-1,17.571099260409287,18.571099260409287,2,False,motorbike-1,motorbike-1,False,17.571099260409287,17.571099260409287,246.79847551772139,264.6041463097149,264.6041463097149,246.79847551772139,299.9626320109246,299.9626320109246,0.0,0.0,0.0,0.0,0.0,development_exploratory_not_untouched_final
2022-02-27T17:00:00,od_11,motorbike,2.0,motorbike-1,17.571099260409287,19.571099260409287,3,False,motorbike-1,motorbike-1,False,17.571099260409287,17.571099260409287,246.79847551772139,264.6041463097149,264.6041463097149,246.79847551772139,299.9626320109246,299.9626320109246,0.0,0.0,0.0,0.0,0.0,development_exploratory_not_untouched_final
2022-02-27T17:00:00,od_11,motorbike,3.0,motorbike-1,17.571099260409287,20.571099260409287,3,False,motorbike-1,motorbike-1,False,17.571099260409287,17.571099260409287,246.79847551772139,264.6041463097149,264.6041463097149,246.79847551772139,299.9626320109246,299.9626320109246,0.0,0.0,0.0,0.0,0.0,development_exploratory_not_untouched_final
2022-02-27T17:00:00,od_11,motorbike,5.0,motorbike-1,17.571099260409287,22.571099260409287,3,False,motorbike-1,motorbike-1,False,17.571099260409287,17.571099260409287,246.79847551772139,264.6041463097149,264.6041463097149,246.79847551772139,299.9626320109246,299.9626320109246,0.0,0.0,0.0,0.0,0.0,development_exploratory_not_untouched_final
2022-02-27T17:00:00,od_11,motorbike,10.0,motorbike-1,17.571099260409287,27.571099260409287,6,False,motorbike-1,motorbike-1,False,17.571099260409287,17.571099260409287,246.79847551772139,264.6041463097149,264.6041463097149,246.79847551772139,299.9626320109246,299.9626320109246,0.0,0.0,0.0,0.0,0.0,development_exploratory_not_untouched_final
2022-02-27T17:00:00,od_11,walking,0.0,walking-1,69.59747859124312,69.59747859124312,1,True,walking-1,walking-1,False,69.59747859124312,69.59747859124312,974.6111251853685,1050.2385443610942,1050.2385443610942,974.6111251853685,1170.670590534842,1170.670590534842,0.0,0.0,0.0,0.0,0.0,development_exploratory_not_untouched_final
2022-02-27T17:00:00,od_11,walking,1.0,walking-1,69.59747859124312,70.59747859124312,6,False,walking-1,walking-1,False,69.59747859124312,69.59747859124312,974.6111251853685,1050.2385443610942,1050.2385443610942,974.6111251853685,1170.670590534842,1170.670590534842,0.0,0.0,0.0,0.0,0.0,development_exploratory_not_untouched_final
2022-02-27T17:00:00,od_11,walking,2.0,walking-1,69.59747859124312,71.59747859124312,7,False,walking-1,walking-1,False,69.59747859124312,69.59747859124312,974.6111251853685,1050.2385443610942,1050.2385443610942,974.6111251853685,1170.670590534842,1170.670590534842,0.0,0.0,0.0,0.0,0.0,development_exploratory_not_untouched_final
2022-02-27T17:00:00,od_11,walking,3.0,walking-1,69.59747859124312,72.59747859124312,7,False,walking-1,walking-1,False,69.59747859124312,69.59747859124312,974.6111251853685,1050.2385443610942,1050.2385443610942,974.6111251853685,1170.670590534842,1170.670590534842,0.0,0.0,0.0,0.0,0.0,development_exploratory_not_untouched_final
2022-02-27T17:00:00,od_11,walking,5.0,walking-1,69.59747859124312,74.59747859124312,8,False,walking-1,walking-1,False,69.59747859124312,69.59747859124312,974.6111251853685,1050.2385443610942,1050.2385443610942,974.6111251853685,1170.670590534842,1170.670590534842,0.0,0.0,0.0,0.0,0.0,development_exploratory_not_untouched_final
2022-02-27T17:00:00,od_11,walking,10.0,walking-1,69.59747859124312,79.59747859124312,8,False,walking-1,walking-1,False,69.59747859124312,69.59747859124312,974.6111251853685,1050.2385443610942,1050.2385443610942,974.6111251853685,1170.670590534842,1170.670590534842,0.0,0.0,0.0,0.0,0.0,development_exploratory_not_untouched_final
2022-02-27T17:00:00,od_12,motorbike,0.0,motorbike-1,11.041975489410948,11.041975489410948,1,True,motorbike-1,motorbike-1,False,11.041975489410948,11.041975489410948,153.5842090690453,158.58970720460027,158.58970720460027,153.5842090690453,171.94561638365968,171.94561638365968,0.0,0.0,0.0,0.0,0.0,development_exploratory_not_untouched_final
2022-02-27T17:00:00,od_12,motorbike,1.0,motorbike-1,11.041975489410948,12.041975489410948,2,False,motorbike-1,motorbike-1,False,11.041975489410948,11.041975489410948,153.5842090690453,158.58970720460027,158.58970720460027,153.5842090690453,171.94561638365968,171.94561638365968,0.0,0.0,0.0,0.0,0.0,development_exploratory_not_untouched_final
2022-02-27T17:00:00,od_12,motorbike,2.0,motorbike-1,11.041975489410948,13.041975489410948,2,False,motorbike-1,motorbike-1,False,11.041975489410948,11.041975489410948,153.5842090690453,158.58970720460027,158.58970720460027,153.5842090690453,171.94561638365968,171.94561638365968,0.0,0.0,0.0,0.0,0.0,development_exploratory_not_untouched_final
2022-02-27T17:00:00,od_12,motorbike,3.0,motorbike-1,11.041975489410948,14.041975489410948,3,False,motorbike-1,motorbike-1,False,11.041975489410948,11.041975489410948,153.5842090690453,158.58970720460027,158.58970720460027,153.5842090690453,171.94561638365968,171.94561638365968,0.0,0.0,0.0,0.0,0.0,development_exploratory_not_untouched_final
2022-02-27T17:00:00,od_12,motorbike,5.0,motorbike-1,11.041975489410948,16.041975489410948,4,False,motorbike-1,motorbike-1,False,11.041975489410948,11.041975489410948,153.5842090690453,158.58970720460027,158.58970720460027,153.5842090690453,171.94561638365968,171.94561638365968,0.0,0.0,0.0,0.0,0.0,development_exploratory_not_untouched_final
2022-02-27T17:00:00,od_12,motorbike,10.0,motorbike-1,11.041975489410948,21.041975489410948,7,False,motorbike-1,motorbike-1,False,11.041975489410948,11.041975489410948,153.5842090690453,158.58970720460027,158.58970720460027,153.5842090690453,171.94561638365968,171.94561638365968,0.0,0.0,0.0,0.0,0.0,development_exploratory_not_untouched_final
2022-02-27T17:00:00,od_12,walking,0.0,walking-1,56.64962007563846,56.64962007563846,1,True,walking-1,walking-1,False,56.64962007563846,56.64962007563846,788.9130190900681,814.4184934463574,814.4184934463574,788.9130190900681,883.5194200339408,883.5194200339408,0.0,0.0,0.0,0.0,0.0,development_exploratory_not_untouched_final
2022-02-27T17:00:00,od_12,walking,1.0,walking-1,56.64962007563846,57.64962007563846,5,False,walking-1,walking-1,False,56.64962007563846,56.64962007563846,788.9130190900681,814.4184934463574,814.4184934463574,788.9130190900681,883.5194200339408,883.5194200339408,0.0,0.0,0.0,0.0,0.0,development_exploratory_not_untouched_final
2022-02-27T17:00:00,od_12,walking,2.0,walking-1,56.64962007563846,58.64962007563846,6,False,walking-1,walking-1,False,56.64962007563846,56.64962007563846,788.9130190900681,814.4184934463574,814.4184934463574,788.9130190900681,883.5194200339408,883.5194200339408,0.0,0.0,0.0,0.0,0.0,development_exploratory_not_untouched_final
2022-02-27T17:00:00,od_12,walking,3.0,walking-1,56.64962007563846,59.64962007563846,6,False,walking-1,walking-1,False,56.64962007563846,56.64962007563846,788.9130190900681,814.4184934463574,814.4184934463574,788.9130190900681,883.5194200339408,883.5194200339408,0.0,0.0,0.0,0.0,0.0,development_exploratory_not_untouched_final
2022-02-27T17:00:00,od_12,walking,5.0,walking-1,56.64962007563846,61.64962007563846,6,False,walking-1,walking-1,False,56.64962007563846,56.64962007563846,788.9130190900681,814.4184934463574,814.4184934463574,788.9130190900681,883.5194200339408,883.5194200339408,0.0,0.0,0.0,0.0,0.0,development_exploratory_not_untouched_final
2022-02-27T17:00:00,od_12,walking,10.0,walking-1,56.64962007563846,66.64962007563847,7,False,walking-1,walking-1,False,56.64962007563846,56.64962007563846,788.9130190900681,814.4184934463574,814.4184934463574,788.9130190900681,883.5194200339408,883.5194200339408,0.0,0.0,0.0,0.0,0.0,development_exploratory_not_untouched_final
2022-02-27T17:00:00,od_13,motorbike,0.0,motorbike-1,15.733865367527278,15.733865367527278,1,True,motorbike-1,motorbike-1,False,15.733865367527278,15.733865367527278,223.55598796888683,229.90329622379042,229.90329622379042,223.55598796888683,249.21984817337645,249.21984817337645,0.0,0.0,0.0,0.0,0.0,development_exploratory_not_untouched_final
2022-02-27T17:00:00,od_13,motorbike,1.0,motorbike-1,15.733865367527278,16.73386536752728,2,False,motorbike-1,motorbike-1,False,15.733865367527278,15.733865367527278,223.55598796888683,229.90329622379042,229.90329622379042,223.55598796888683,249.21984817337645,249.21984817337645,0.0,0.0,0.0,0.0,0.0,development_exploratory_not_untouched_final
2022-02-27T17:00:00,od_13,motorbike,2.0,motorbike-1,15.733865367527278,17.73386536752728,2,False,motorbike-1,motorbike-1,False,15.733865367527278,15.733865367527278,223.55598796888683,229.90329622379042,229.90329622379042,223.55598796888683,249.21984817337645,249.21984817337645,0.0,0.0,0.0,0.0,0.0,development_exploratory_not_untouched_final
2022-02-27T17:00:00,od_13,motorbike,3.0,motorbike-1,15.733865367527278,18.73386536752728,5,False,motorbike-1,motorbike-1,False,15.733865367527278,15.733865367527278,223.55598796888683,229.90329622379042,229.90329622379042,223.55598796888683,249.21984817337645,249.21984817337645,0.0,0.0,0.0,0.0,0.0,development_exploratory_not_untouched_final
2022-02-27T17:00:00,od_13,motorbike,5.0,motorbike-1,15.733865367527278,20.73386536752728,5,False,motorbike-1,motorbike-1,False,15.733865367527278,15.733865367527278,223.55598796888683,229.90329622379042,229.90329622379042,223.55598796888683,249.21984817337645,249.21984817337645,0.0,0.0,0.0,0.0,0.0,development_exploratory_not_untouched_final
2022-02-27T17:00:00,od_13,motorbike,10.0,motorbike-1,15.733865367527278,25.73386536752728,8,False,motorbike-1,motorbike-1,False,15.733865367527278,15.733865367527278,223.55598796888683,229.90329622379042,229.90329622379042,223.55598796888683,249.21984817337645,249.21984817337645,0.0,0.0,0.0,0.0,0.0,development_exploratory_not_untouched_final
2022-02-27T17:00:00,od_13,walking,0.0,walking-1,76.21028331703089,76.21028331703089,1,True,walking-1,walking-1,False,76.21028331703089,76.21028331703089,1081.1016801611293,1110.430998676271,1110.430998676271,1081.1016801611293,1191.2558807980993,1191.2558807980993,0.0,0.0,0.0,0.0,0.0,development_exploratory_not_untouched_final
2022-02-27T17:00:00,od_13,walking,1.0,walking-1,76.21028331703089,77.21028331703089,5,False,walking-1,walking-1,False,76.21028331703089,76.21028331703089,1081.1016801611293,1110.430998676271,1110.430998676271,1081.1016801611293,1191.2558807980993,1191.2558807980993,0.0,0.0,0.0,0.0,0.0,development_exploratory_not_untouched_final
2022-02-27T17:00:00,od_13,walking,2.0,walking-1,76.21028331703089,78.21028331703089,6,False,walking-1,walking-1,False,76.21028331703089,76.21028331703089,1081.1016801611293,1110.430998676271,1110.430998676271,1081.1016801611293,1191.2558807980993,1191.2558807980993,0.0,0.0,0.0,0.0,0.0,development_exploratory_not_untouched_final
2022-02-27T17:00:00,od_13,walking,3.0,walking-1,76.21028331703089,79.21028331703089,6,False,walking-1,walking-1,False,76.21028331703089,76.21028331703089,1081.1016801611293,1110.430998676271,1110.430998676271,1081.1016801611293,1191.2558807980993,1191.2558807980993,0.0,0.0,0.0,0.0,0.0,development_exploratory_not_untouched_final
2022-02-27T17:00:00,od_13,walking,5.0,walking-1,76.21028331703089,81.21028331703089,6,False,walking-1,walking-1,False,76.21028331703089,76.21028331703089,1081.1016801611293,1110.430998676271,1110.430998676271,1081.1016801611293,1191.2558807980993,1191.2558807980993,0.0,0.0,0.0,0.0,0.0,development_exploratory_not_untouched_final
2022-02-27T17:00:00,od_13,walking,10.0,walking-1,76.21028331703089,86.21028331703089,7,False,walking-1,walking-1,False,76.21028331703089,76.21028331703089,1081.1016801611293,1110.430998676271,1110.430998676271,1081.1016801611293,1191.2558807980993,1191.2558807980993,0.0,0.0,0.0,0.0,0.0,development_exploratory_not_untouched_final
2022-02-27T17:00:00,od_14,motorbike,0.0,motorbike-1,7.225306020952647,7.225306020952647,1,True,motorbike-1,motorbike-1,False,7.225306020952647,7.225306020952647,106.59334527434254,107.20997616102731,107.20997616102731,106.59334527434254,116.824760342941,116.824760342941,0.0,0.0,0.0,0.0,0.0,development_exploratory_not_untouched_final
2022-02-27T17:00:00,od_14,motorbike,1.0,motorbike-1,7.225306020952647,8.225306020952647,3,False,motorbike-1,motorbike-1,False,7.225306020952647,7.225306020952647,106.59334527434254,107.20997616102731,107.20997616102731,106.59334527434254,116.824760342941,116.824760342941,0.0,0.0,0.0,0.0,0.0,development_exploratory_not_untouched_final
2022-02-27T17:00:00,od_14,motorbike,2.0,motorbike-1,7.225306020952647,9.225306020952647,3,False,motorbike-1,motorbike-1,False,7.225306020952647,7.225306020952647,106.59334527434254,107.20997616102731,107.20997616102731,106.59334527434254,116.824760342941,116.824760342941,0.0,0.0,0.0,0.0,0.0,development_exploratory_not_untouched_final
2022-02-27T17:00:00,od_14,motorbike,3.0,motorbike-1,7.225306020952647,10.225306020952647,4,False,motorbike-1,motorbike-1,False,7.225306020952647,7.225306020952647,106.59334527434254,107.20997616102731,107.20997616102731,106.59334527434254,116.824760342941,116.824760342941,0.0,0.0,0.0,0.0,0.0,development_exploratory_not_untouched_final
2022-02-27T17:00:00,od_14,motorbike,5.0,motorbike-1,7.225306020952647,12.225306020952647,6,False,motorbike-1,motorbike-1,False,7.225306020952647,7.225306020952647,106.59334527434254,107.20997616102731,107.20997616102731,106.59334527434254,116.824760342941,116.824760342941,0.0,0.0,0.0,0.0,0.0,development_exploratory_not_untouched_final
2022-02-27T17:00:00,od_14,motorbike,10.0,motorbike-1,7.225306020952647,17.225306020952647,7,False,motorbike-1,motorbike-1,False,7.225306020952647,7.225306020952647,106.59334527434254,107.20997616102731,107.20997616102731,106.59334527434254,116.824760342941,116.824760342941,0.0,0.0,0.0,0.0,0.0,development_exploratory_not_untouched_final
2022-02-27T17:00:00,od_14,walking,0.0,walking-1,41.39215771665848,41.39215771665848,1,True,walking-1,walking-1,False,41.39215771665848,41.39215771665848,605.1765598677753,610.9026919747081,610.9026919747081,605.1765598677753,666.059470525519,666.059470525519,0.0,0.0,0.0,0.0,0.0,development_exploratory_not_untouched_final
2022-02-27T17:00:00,od_14,walking,1.0,walking-1,41.39215771665848,42.39215771665848,2,False,walking-1,walking-1,False,41.39215771665848,41.39215771665848,605.1765598677753,610.9026919747081,610.9026919747081,605.1765598677753,666.059470525519,666.059470525519,0.0,0.0,0.0,0.0,0.0,development_exploratory_not_untouched_final
2022-02-27T17:00:00,od_14,walking,2.0,walking-1,41.39215771665848,43.39215771665848,3,False,walking-1,walking-1,False,41.39215771665848,41.39215771665848,605.1765598677753,610.9026919747081,610.9026919747081,605.1765598677753,666.059470525519,666.059470525519,0.0,0.0,0.0,0.0,0.0,development_exploratory_not_untouched_final
2022-02-27T17:00:00,od_14,walking,3.0,walking-1,41.39215771665848,44.39215771665848,3,False,walking-1,walking-1,False,41.39215771665848,41.39215771665848,605.1765598677753,610.9026919747081,610.9026919747081,605.1765598677753,666.059470525519,666.059470525519,0.0,0.0,0.0,0.0,0.0,development_exploratory_not_untouched_final
2022-02-27T17:00:00,od_14,walking,5.0,walking-1,41.39215771665848,46.39215771665848,3,False,walking-1,walking-1,False,41.39215771665848,41.39215771665848,605.1765598677753,610.9026919747081,610.9026919747081,605.1765598677753,666.059470525519,666.059470525519,0.0,0.0,0.0,0.0,0.0,development_exploratory_not_untouched_final
2022-02-27T17:00:00,od_14,walking,10.0,walking-1,41.39215771665848,51.39215771665848,6,False,walking-1,walking-1,False,41.39215771665848,41.39215771665848,605.1765598677753,610.9026919747081,610.9026919747081,605.1765598677753,666.059470525519,666.059470525519,0.0,0.0,0.0,0.0,0.0,development_exploratory_not_untouched_final
2022-02-27T17:00:00,od_15,motorbike,0.0,motorbike-1,15.834878913287358,15.834878913287358,1,True,motorbike-1,motorbike-1,False,15.834878913287358,15.834878913287358,222.3356718421006,240.5686531823645,240.5686531823645,222.3356718421006,273.3795869564629,273.3795869564629,0.0,0.0,0.0,0.0,0.0,development_exploratory_not_untouched_final
2022-02-27T17:00:00,od_15,motorbike,1.0,motorbike-1,15.834878913287358,16.83487891328736,1,True,motorbike-1,motorbike-1,False,15.834878913287358,15.834878913287358,222.3356718421006,240.5686531823645,240.5686531823645,222.3356718421006,273.3795869564629,273.3795869564629,0.0,0.0,0.0,0.0,0.0,development_exploratory_not_untouched_final
2022-02-27T17:00:00,od_15,motorbike,2.0,motorbike-1,15.834878913287358,17.83487891328736,2,False,motorbike-1,motorbike-1,False,15.834878913287358,15.834878913287358,222.3356718421006,240.5686531823645,240.5686531823645,222.3356718421006,273.3795869564629,273.3795869564629,0.0,0.0,0.0,0.0,0.0,development_exploratory_not_untouched_final
2022-02-27T17:00:00,od_15,motorbike,3.0,motorbike-1,15.834878913287358,18.83487891328736,2,False,motorbike-1,motorbike-1,False,15.834878913287358,15.834878913287358,222.3356718421006,240.5686531823645,240.5686531823645,222.3356718421006,273.3795869564629,273.3795869564629,0.0,0.0,0.0,0.0,0.0,development_exploratory_not_untouched_final
2022-02-27T17:00:00,od_15,motorbike,5.0,motorbike-1,15.834878913287358,20.83487891328736,5,False,motorbike-1,motorbike-1,False,15.834878913287358,15.834878913287358,222.3356718421006,240.5686531823645,240.5686531823645,222.3356718421006,273.3795869564629,273.3795869564629,0.0,0.0,0.0,0.0,0.0,development_exploratory_not_untouched_final
2022-02-27T17:00:00,od_15,motorbike,10.0,motorbike-1,15.834878913287358,25.83487891328736,7,False,motorbike-1,motorbike-1,False,15.834878913287358,15.834878913287358,222.3356718421006,240.5686531823645,240.5686531823645,222.3356718421006,273.3795869564629,273.3795869564629,0.0,0.0,0.0,0.0,0.0,development_exploratory_not_untouched_final
2022-02-27T17:00:00,od_15,walking,0.0,walking-1,66.44032632866953,66.44032632866953,1,True,walking-1,walking-1,False,66.44032632866953,66.44032632866953,935.9547666264235,1005.0127357614161,1005.0127357614161,935.9547666264235,1126.5164697828502,1126.5164697828502,0.0,0.0,0.0,0.0,0.0,development_exploratory_not_untouched_final
2022-02-27T17:00:00,od_15,walking,1.0,walking-1,66.44032632866953,67.44032632866953,7,False,walking-1,walking-1,False,66.44032632866953,66.44032632866953,935.9547666264235,1005.0127357614161,1005.0127357614161,935.9547666264235,1126.5164697828502,1126.5164697828502,0.0,0.0,0.0,0.0,0.0,development_exploratory_not_untouched_final
2022-02-27T17:00:00,od_15,walking,2.0,walking-1,66.44032632866953,68.44032632866953,7,False,walking-1,walking-1,False,66.44032632866953,66.44032632866953,935.9547666264235,1005.0127357614161,1005.0127357614161,935.9547666264235,1126.5164697828502,1126.5164697828502,0.0,0.0,0.0,0.0,0.0,development_exploratory_not_untouched_final
2022-02-27T17:00:00,od_15,walking,3.0,walking-1,66.44032632866953,69.44032632866953,7,False,walking-1,walking-1,False,66.44032632866953,66.44032632866953,935.9547666264235,1005.0127357614161,1005.0127357614161,935.9547666264235,1126.5164697828502,1126.5164697828502,0.0,0.0,0.0,0.0,0.0,development_exploratory_not_untouched_final
2022-02-27T17:00:00,od_15,walking,5.0,walking-1,66.44032632866953,71.44032632866953,7,False,walking-1,walking-1,False,66.44032632866953,66.44032632866953,935.9547666264235,1005.0127357614161,1005.0127357614161,935.9547666264235,1126.5164697828502,1126.5164697828502,0.0,0.0,0.0,0.0,0.0,development_exploratory_not_untouched_final
2022-02-27T17:00:00,od_15,walking,10.0,walking-1,66.44032632866953,76.44032632866953,7,False,walking-1,walking-1,False,66.44032632866953,66.44032632866953,935.9547666264235,1005.0127357614161,1005.0127357614161,935.9547666264235,1126.5164697828502,1126.5164697828502,0.0,0.0,0.0,0.0,0.0,development_exploratory_not_untouched_final
2022-02-27T17:00:00,od_16,motorbike,0.0,motorbike-1,8.443854355792814,8.443854355792814,1,True,motorbike-1,motorbike-1,False,8.443854355792814,8.443854355792814,117.63529005311833,129.5414518342053,129.5414518342053,117.63529005311833,150.3088373672907,150.3088373672907,0.0,0.0,0.0,0.0,0.0,development_exploratory_not_untouched_final
2022-02-27T17:00:00,od_16,motorbike,1.0,motorbike-1,8.443854355792814,9.443854355792814,3,False,motorbike-1,motorbike-1,False,8.443854355792814,8.443854355792814,117.63529005311833,129.5414518342053,129.5414518342053,117.63529005311833,150.3088373672907,150.3088373672907,0.0,0.0,0.0,0.0,0.0,development_exploratory_not_untouched_final
2022-02-27T17:00:00,od_16,motorbike,2.0,motorbike-1,8.443854355792814,10.443854355792814,5,False,motorbike-1,motorbike-1,False,8.443854355792814,8.443854355792814,117.63529005311833,129.5414518342053,129.5414518342053,117.63529005311833,150.3088373672907,150.3088373672907,0.0,0.0,0.0,0.0,0.0,development_exploratory_not_untouched_final
2022-02-27T17:00:00,od_16,motorbike,3.0,motorbike-1,8.443854355792814,11.443854355792814,6,False,motorbike-1,motorbike-1,False,8.443854355792814,8.443854355792814,117.63529005311833,129.5414518342053,129.5414518342053,117.63529005311833,150.3088373672907,150.3088373672907,0.0,0.0,0.0,0.0,0.0,development_exploratory_not_untouched_final
2022-02-27T17:00:00,od_16,motorbike,5.0,motorbike-1,8.443854355792814,13.443854355792814,7,False,motorbike-1,motorbike-1,False,8.443854355792814,8.443854355792814,117.63529005311833,129.5414518342053,129.5414518342053,117.63529005311833,150.3088373672907,150.3088373672907,0.0,0.0,0.0,0.0,0.0,development_exploratory_not_untouched_final
2022-02-27T17:00:00,od_16,motorbike,10.0,motorbike-1,8.443854355792814,18.443854355792816,8,False,motorbike-1,motorbike-1,False,8.443854355792814,8.443854355792814,117.63529005311833,129.5414518342053,129.5414518342053,117.63529005311833,150.3088373672907,150.3088373672907,0.0,0.0,0.0,0.0,0.0,development_exploratory_not_untouched_final
2022-02-27T17:00:00,od_16,walking,0.0,walking-1,42.321031780608884,42.321031780608884,1,True,walking-1,walking-1,False,42.321031780608884,42.321031780608884,589.5588760709219,649.3054056698055,649.3054056698055,589.5588760709219,753.4916959147704,753.4916959147704,0.0,0.0,0.0,0.0,0.0,development_exploratory_not_untouched_final
2022-02-27T17:00:00,od_16,walking,1.0,walking-1,42.321031780608884,43.321031780608884,2,False,walking-1,walking-1,False,42.321031780608884,42.321031780608884,589.5588760709219,649.3054056698055,649.3054056698055,589.5588760709219,753.4916959147704,753.4916959147704,0.0,0.0,0.0,0.0,0.0,development_exploratory_not_untouched_final
2022-02-27T17:00:00,od_16,walking,2.0,walking-1,42.321031780608884,44.321031780608884,2,False,walking-1,walking-1,False,42.321031780608884,42.321031780608884,589.5588760709219,649.3054056698055,649.3054056698055,589.5588760709219,753.4916959147704,753.4916959147704,0.0,0.0,0.0,0.0,0.0,development_exploratory_not_untouched_final
2022-02-27T17:00:00,od_16,walking,3.0,walking-1,42.321031780608884,45.321031780608884,3,False,walking-1,walking-1,False,42.321031780608884,42.321031780608884,589.5588760709219,649.3054056698055,649.3054056698055,589.5588760709219,753.4916959147704,753.4916959147704,0.0,0.0,0.0,0.0,0.0,development_exploratory_not_untouched_final
2022-02-27T17:00:00,od_16,walking,5.0,walking-1,42.321031780608884,47.321031780608884,3,False,walking-1,walking-1,False,42.321031780608884,42.321031780608884,589.5588760709219,649.3054056698055,649.3054056698055,589.5588760709219,753.4916959147704,753.4916959147704,0.0,0.0,0.0,0.0,0.0,development_exploratory_not_untouched_final
2022-02-27T17:00:00,od_16,walking,10.0,walking-1,42.321031780608884,52.321031780608884,4,False,walking-1,walking-1,False,42.321031780608884,42.321031780608884,589.5588760709219,649.3054056698055,649.3054056698055,589.5588760709219,753.4916959147704,753.4916959147704,0.0,0.0,0.0,0.0,0.0,development_exploratory_not_untouched_final
2022-02-27T17:00:00,od_17,motorbike,0.0,motorbike-1,7.441035707268513,7.441035707268513,1,True,motorbike-1,motorbike-1,False,7.441035707268513,7.441035707268513,108.55741587346908,109.13586386033529,109.13586386033529,108.55741587346908,118.56285310234449,118.56285310234449,0.0,0.0,0.0,0.0,0.0,development_exploratory_not_untouched_final
2022-02-27T17:00:00,od_17,motorbike,1.0,motorbike-1,7.441035707268513,8.441035707268513,2,False,motorbike-1,motorbike-1,False,7.441035707268513,7.441035707268513,108.55741587346908,109.13586386033529,109.13586386033529,108.55741587346908,118.56285310234449,118.56285310234449,0.0,0.0,0.0,0.0,0.0,development_exploratory_not_untouched_final
2022-02-27T17:00:00,od_17,motorbike,2.0,motorbike-1,7.441035707268513,9.441035707268513,4,False,motorbike-1,motorbike-1,False,7.441035707268513,7.441035707268513,108.55741587346908,109.13586386033529,109.13586386033529,108.55741587346908,118.56285310234449,118.56285310234449,0.0,0.0,0.0,0.0,0.0,development_exploratory_not_untouched_final
2022-02-27T17:00:00,od_17,motorbike,3.0,motorbike-1,7.441035707268513,10.441035707268513,5,False,motorbike-1,motorbike-1,False,7.441035707268513,7.441035707268513,108.55741587346908,109.13586386033529,109.13586386033529,108.55741587346908,118.56285310234449,118.56285310234449,0.0,0.0,0.0,0.0,0.0,development_exploratory_not_untouched_final
2022-02-27T17:00:00,od_17,motorbike,5.0,motorbike-1,7.441035707268513,12.441035707268513,8,False,motorbike-1,motorbike-1,False,7.441035707268513,7.441035707268513,108.55741587346908,109.13586386033529,109.13586386033529,108.55741587346908,118.56285310234449,118.56285310234449,0.0,0.0,0.0,0.0,0.0,development_exploratory_not_untouched_final
2022-02-27T17:00:00,od_17,motorbike,10.0,motorbike-1,7.441035707268513,17.44103570726851,8,False,motorbike-1,motorbike-1,False,7.441035707268513,7.441035707268513,108.55741587346908,109.13586386033529,109.13586386033529,108.55741587346908,118.56285310234449,118.56285310234449,0.0,0.0,0.0,0.0,0.0,development_exploratory_not_untouched_final
2022-02-27T17:00:00,od_17,walking,0.0,walking-1,34.43480932707909,34.43480932707909,1,True,walking-1,walking-1,False,34.43480932707909,34.43480932707909,503.95215085497944,506.0564906162113,506.0564906162113,503.95215085497944,549.6949395101594,549.6949395101594,0.0,0.0,0.0,0.0,0.0,development_exploratory_not_untouched_final
2022-02-27T17:00:00,od_17,walking,1.0,walking-1,34.43480932707909,35.43480932707909,1,True,walking-1,walking-1,False,34.43480932707909,34.43480932707909,503.95215085497944,506.0564906162113,506.0564906162113,503.95215085497944,549.6949395101594,549.6949395101594,0.0,0.0,0.0,0.0,0.0,development_exploratory_not_untouched_final
2022-02-27T17:00:00,od_17,walking,2.0,walking-1,34.43480932707909,36.43480932707909,1,True,walking-1,walking-1,False,34.43480932707909,34.43480932707909,503.95215085497944,506.0564906162113,506.0564906162113,503.95215085497944,549.6949395101594,549.6949395101594,0.0,0.0,0.0,0.0,0.0,development_exploratory_not_untouched_final
2022-02-27T17:00:00,od_17,walking,3.0,walking-1,34.43480932707909,37.43480932707909,2,False,walking-1,walking-1,False,34.43480932707909,34.43480932707909,503.95215085497944,506.0564906162113,506.0564906162113,503.95215085497944,549.6949395101594,549.6949395101594,0.0,0.0,0.0,0.0,0.0,development_exploratory_not_untouched_final
2022-02-27T17:00:00,od_17,walking,5.0,walking-1,34.43480932707909,39.43480932707909,2,False,walking-1,walking-1,False,34.43480932707909,34.43480932707909,503.95215085497944,506.0564906162113,506.0564906162113,503.95215085497944,549.6949395101594,549.6949395101594,0.0,0.0,0.0,0.0,0.0,development_exploratory_not_untouched_final
2022-02-27T17:00:00,od_17,walking,10.0,walking-1,34.43480932707909,44.43480932707909,5,False,walking-1,walking-1,False,34.43480932707909,34.43480932707909,503.95215085497944,506.0564906162113,506.0564906162113,503.95215085497944,549.6949395101594,549.6949395101594,0.0,0.0,0.0,0.0,0.0,development_exploratory_not_untouched_final
2022-02-27T17:00:00,od_18,motorbike,0.0,motorbike-1,12.726291990935445,12.726291990935445,1,True,motorbike-1,motorbike-1,False,12.726291990935445,12.726291990935445,179.16559612525646,191.13373842194753,191.13373842194753,179.16559612525646,212.7339708811595,212.7339708811595,0.0,0.0,0.0,0.0,0.0,development_exploratory_not_untouched_final
2022-02-27T17:00:00,od_18,motorbike,1.0,motorbike-1,12.726291990935445,13.726291990935445,2,False,motorbike-1,motorbike-1,False,12.726291990935445,12.726291990935445,179.16559612525646,191.13373842194753,191.13373842194753,179.16559612525646,212.7339708811595,212.7339708811595,0.0,0.0,0.0,0.0,0.0,development_exploratory_not_untouched_final
2022-02-27T17:00:00,od_18,motorbike,2.0,motorbike-1,12.726291990935445,14.726291990935445,3,False,motorbike-1,motorbike-1,False,12.726291990935445,12.726291990935445,179.16559612525646,191.13373842194753,191.13373842194753,179.16559612525646,212.7339708811595,212.7339708811595,0.0,0.0,0.0,0.0,0.0,development_exploratory_not_untouched_final
2022-02-27T17:00:00,od_18,motorbike,3.0,motorbike-1,12.726291990935445,15.726291990935445,3,False,motorbike-1,motorbike-1,False,12.726291990935445,12.726291990935445,179.16559612525646,191.13373842194753,191.13373842194753,179.16559612525646,212.7339708811595,212.7339708811595,0.0,0.0,0.0,0.0,0.0,development_exploratory_not_untouched_final
2022-02-27T17:00:00,od_18,motorbike,5.0,motorbike-1,12.726291990935445,17.726291990935444,6,False,motorbike-1,motorbike-1,False,12.726291990935445,12.726291990935445,179.16559612525646,191.13373842194753,191.13373842194753,179.16559612525646,212.7339708811595,212.7339708811595,0.0,0.0,0.0,0.0,0.0,development_exploratory_not_untouched_final
2022-02-27T17:00:00,od_18,motorbike,10.0,motorbike-1,12.726291990935445,22.726291990935444,8,False,motorbike-1,motorbike-1,False,12.726291990935445,12.726291990935445,179.16559612525646,191.13373842194753,191.13373842194753,179.16559612525646,212.7339708811595,212.7339708811595,0.0,0.0,0.0,0.0,0.0,development_exploratory_not_untouched_final
2022-02-27T17:00:00,od_18,walking,0.0,walking-1,63.63145995467723,63.63145995467723,1,True,walking-1,walking-1,False,63.63145995467723,63.63145995467723,895.827980626282,955.308999182046,955.308999182046,895.827980626282,1062.8260238930557,1062.8260238930557,0.0,0.0,0.0,0.0,0.0,development_exploratory_not_untouched_final
2022-02-27T17:00:00,od_18,walking,1.0,walking-1,63.63145995467723,64.63145995467724,5,False,walking-1,walking-1,False,63.63145995467723,63.63145995467723,895.827980626282,955.308999182046,955.308999182046,895.827980626282,1062.8260238930557,1062.8260238930557,0.0,0.0,0.0,0.0,0.0,development_exploratory_not_untouched_final
2022-02-27T17:00:00,od_18,walking,2.0,walking-1,63.63145995467723,65.63145995467724,6,False,walking-1,walking-1,False,63.63145995467723,63.63145995467723,895.827980626282,955.308999182046,955.308999182046,895.827980626282,1062.8260238930557,1062.8260238930557,0.0,0.0,0.0,0.0,0.0,development_exploratory_not_untouched_final
2022-02-27T17:00:00,od_18,walking,3.0,walking-1,63.63145995467723,66.63145995467724,6,False,walking-1,walking-1,False,63.63145995467723,63.63145995467723,895.827980626282,955.308999182046,955.308999182046,895.827980626282,1062.8260238930557,1062.8260238930557,0.0,0.0,0.0,0.0,0.0,development_exploratory_not_untouched_final
2022-02-27T17:00:00,od_18,walking,5.0,walking-1,63.63145995467723,68.63145995467724,6,False,walking-1,walking-1,False,63.63145995467723,63.63145995467723,895.827980626282,955.308999182046,955.308999182046,895.827980626282,1062.8260238930557,1062.8260238930557,0.0,0.0,0.0,0.0,0.0,development_exploratory_not_untouched_final
2022-02-27T17:00:00,od_18,walking,10.0,walking-1,63.63145995467723,73.63145995467724,8,False,walking-1,walking-1,False,63.63145995467723,63.63145995467723,895.827980626282,955.308999182046,955.308999182046,895.827980626282,1062.8260238930557,1062.8260238930557,0.0,0.0,0.0,0.0,0.0,development_exploratory_not_untouched_final
2022-02-27T17:00:00,od_19,motorbike,0.0,motorbike-1,10.685350920074288,10.685350920074288,1,True,motorbike-1,motorbike-1,False,10.685350920074288,10.685350920074288,152.73343058802305,159.19724580973937,159.19724580973937,152.73343058802305,171.56012798059828,171.56012798059828,0.0,0.0,0.0,0.0,0.0,development_exploratory_not_untouched_final
2022-02-27T17:00:00,od_19,motorbike,1.0,motorbike-1,10.685350920074288,11.685350920074288,2,False,motorbike-1,motorbike-1,False,10.685350920074288,10.685350920074288,152.73343058802305,159.19724580973937,159.19724580973937,152.73343058802305,171.56012798059828,171.56012798059828,0.0,0.0,0.0,0.0,0.0,development_exploratory_not_untouched_final
2022-02-27T17:00:00,od_19,motorbike,2.0,motorbike-1,10.685350920074288,12.685350920074288,4,False,motorbike-1,motorbike-1,False,10.685350920074288,10.685350920074288,152.73343058802305,159.19724580973937,159.19724580973937,152.73343058802305,171.56012798059828,171.56012798059828,0.0,0.0,0.0,0.0,0.0,development_exploratory_not_untouched_final
2022-02-27T17:00:00,od_19,motorbike,3.0,motorbike-1,10.685350920074288,13.685350920074288,4,False,motorbike-1,motorbike-1,False,10.685350920074288,10.685350920074288,152.73343058802305,159.19724580973937,159.19724580973937,152.73343058802305,171.56012798059828,171.56012798059828,0.0,0.0,0.0,0.0,0.0,development_exploratory_not_untouched_final
2022-02-27T17:00:00,od_19,motorbike,5.0,motorbike-1,10.685350920074288,15.685350920074288,6,False,motorbike-1,motorbike-1,False,10.685350920074288,10.685350920074288,152.73343058802305,159.19724580973937,159.19724580973937,152.73343058802305,171.56012798059828,171.56012798059828,0.0,0.0,0.0,0.0,0.0,development_exploratory_not_untouched_final
2022-02-27T17:00:00,od_19,motorbike,10.0,motorbike-1,10.685350920074288,20.68535092007429,8,False,motorbike-1,motorbike-1,False,10.685350920074288,10.685350920074288,152.73343058802305,159.19724580973937,159.19724580973937,152.73343058802305,171.56012798059828,171.56012798059828,0.0,0.0,0.0,0.0,0.0,development_exploratory_not_untouched_final
2022-02-27T17:00:00,od_19,walking,0.0,walking-1,53.016329309640604,53.016329309640604,1,True,walking-1,walking-1,False,53.016329309640604,53.016329309640604,757.8226322529783,789.9061342146607,789.9061342146607,757.8226322529783,851.2597177738227,851.2597177738227,0.0,0.0,0.0,0.0,0.0,development_exploratory_not_untouched_final
2022-02-27T17:00:00,od_19,walking,1.0,walking-1,53.016329309640604,54.016329309640604,4,False,walking-1,walking-1,False,53.016329309640604,53.016329309640604,757.8226322529783,789.9061342146607,789.9061342146607,757.8226322529783,851.2597177738227,851.2597177738227,0.0,0.0,0.0,0.0,0.0,development_exploratory_not_untouched_final
2022-02-27T17:00:00,od_19,walking,2.0,walking-1,53.016329309640604,55.016329309640604,4,False,walking-1,walking-1,False,53.016329309640604,53.016329309640604,757.8226322529783,789.9061342146607,789.9061342146607,757.8226322529783,851.2597177738227,851.2597177738227,0.0,0.0,0.0,0.0,0.0,development_exploratory_not_untouched_final
2022-02-27T17:00:00,od_19,walking,3.0,walking-1,53.016329309640604,56.016329309640604,4,False,walking-1,walking-1,False,53.016329309640604,53.016329309640604,757.8226322529783,789.9061342146607,789.9061342146607,757.8226322529783,851.2597177738227,851.2597177738227,0.0,0.0,0.0,0.0,0.0,development_exploratory_not_untouched_final
2022-02-27T17:00:00,od_19,walking,5.0,walking-1,53.016329309640604,58.016329309640604,6,False,walking-1,walking-1,False,53.016329309640604,53.016329309640604,757.8226322529783,789.9061342146607,789.9061342146607,757.8226322529783,851.2597177738227,851.2597177738227,0.0,0.0,0.0,0.0,0.0,development_exploratory_not_untouched_final
2022-02-27T17:00:00,od_19,walking,10.0,walking-1,53.016329309640604,63.016329309640604,7,False,walking-1,walking-1,False,53.016329309640604,53.016329309640604,757.8226322529783,789.9061342146607,789.9061342146607,757.8226322529783,851.2597177738227,851.2597177738227,0.0,0.0,0.0,0.0,0.0,development_exploratory_not_untouched_final
2022-02-27T17:00:00,od_20,motorbike,0.0,motorbike-1,8.770543469520456,8.770543469520456,1,True,motorbike-1,motorbike-1,False,8.770543469520456,8.770543469520456,110.96586527677478,113.14755831335299,113.14755831335299,110.96586527677478,122.13210187046664,122.13210187046664,0.0,0.0,0.0,0.0,0.0,development_exploratory_not_untouched_final
2022-02-27T17:00:00,od_20,motorbike,1.0,motorbike-1,8.770543469520456,9.770543469520456,2,False,motorbike-1,motorbike-1,False,8.770543469520456,8.770543469520456,110.96586527677478,113.14755831335299,113.14755831335299,110.96586527677478,122.13210187046664,122.13210187046664,0.0,0.0,0.0,0.0,0.0,development_exploratory_not_untouched_final
2022-02-27T17:00:00,od_20,motorbike,2.0,motorbike-1,8.770543469520456,10.770543469520456,3,False,motorbike-1,motorbike-1,False,8.770543469520456,8.770543469520456,110.96586527677478,113.14755831335299,113.14755831335299,110.96586527677478,122.13210187046664,122.13210187046664,0.0,0.0,0.0,0.0,0.0,development_exploratory_not_untouched_final
2022-02-27T17:00:00,od_20,motorbike,3.0,motorbike-1,8.770543469520456,11.770543469520456,3,False,motorbike-1,motorbike-1,False,8.770543469520456,8.770543469520456,110.96586527677478,113.14755831335299,113.14755831335299,110.96586527677478,122.13210187046664,122.13210187046664,0.0,0.0,0.0,0.0,0.0,development_exploratory_not_untouched_final
2022-02-27T17:00:00,od_20,motorbike,5.0,motorbike-1,8.770543469520456,13.770543469520456,5,False,motorbike-1,motorbike-1,False,8.770543469520456,8.770543469520456,110.96586527677478,113.14755831335299,113.14755831335299,110.96586527677478,122.13210187046664,122.13210187046664,0.0,0.0,0.0,0.0,0.0,development_exploratory_not_untouched_final
2022-02-27T17:00:00,od_20,motorbike,10.0,motorbike-1,8.770543469520456,18.770543469520454,7,False,motorbike-1,motorbike-1,False,8.770543469520456,8.770543469520456,110.96586527677478,113.14755831335299,113.14755831335299,110.96586527677478,122.13210187046664,122.13210187046664,0.0,0.0,0.0,0.0,0.0,development_exploratory_not_untouched_final
2022-02-27T17:00:00,od_20,walking,0.0,walking-1,46.44827166644704,46.44827166644704,1,True,walking-1,walking-1,False,46.44827166644704,46.44827166644704,587.4613743259154,599.4680452116719,599.4680452116719,587.4613743259154,647.0379552000046,647.0379552000046,0.0,0.0,0.0,0.0,0.0,development_exploratory_not_untouched_final
2022-02-27T17:00:00,od_20,walking,1.0,walking-1,46.44827166644704,47.44827166644704,5,False,walking-1,walking-1,False,46.44827166644704,46.44827166644704,587.4613743259154,599.4680452116719,599.4680452116719,587.4613743259154,647.0379552000046,647.0379552000046,0.0,0.0,0.0,0.0,0.0,development_exploratory_not_untouched_final
2022-02-27T17:00:00,od_20,walking,2.0,walking-1,46.44827166644704,48.44827166644704,5,False,walking-1,walking-1,False,46.44827166644704,46.44827166644704,587.4613743259154,599.4680452116719,599.4680452116719,587.4613743259154,647.0379552000046,647.0379552000046,0.0,0.0,0.0,0.0,0.0,development_exploratory_not_untouched_final
2022-02-27T17:00:00,od_20,walking,3.0,walking-1,46.44827166644704,49.44827166644704,5,False,walking-1,walking-1,False,46.44827166644704,46.44827166644704,587.4613743259154,599.4680452116719,599.4680452116719,587.4613743259154,647.0379552000046,647.0379552000046,0.0,0.0,0.0,0.0,0.0,development_exploratory_not_untouched_final
2022-02-27T17:00:00,od_20,walking,5.0,walking-1,46.44827166644704,51.44827166644704,5,False,walking-1,walking-1,False,46.44827166644704,46.44827166644704,587.4613743259154,599.4680452116719,599.4680452116719,587.4613743259154,647.0379552000046,647.0379552000046,0.0,0.0,0.0,0.0,0.0,development_exploratory_not_untouched_final
2022-02-27T17:00:00,od_20,walking,10.0,walking-1,46.44827166644704,56.44827166644704,6,False,walking-1,walking-1,False,46.44827166644704,46.44827166644704,587.4613743259154,599.4680452116719,599.4680452116719,587.4613743259154,647.0379552000046,647.0379552000046,0.0,0.0,0.0,0.0,0.0,development_exploratory_not_untouched_final
2022-02-27T17:00:00,od_21,motorbike,0.0,motorbike-1,9.04935995112664,9.04935995112664,1,True,motorbike-1,motorbike-1,False,9.04935995112664,9.04935995112664,126.74624917759567,131.252041657585,131.252041657585,126.74624917759567,142.89881051343866,142.89881051343866,0.0,0.0,0.0,0.0,0.0,development_exploratory_not_untouched_final
2022-02-27T17:00:00,od_21,motorbike,1.0,motorbike-1,9.04935995112664,10.04935995112664,3,False,motorbike-1,motorbike-1,False,9.04935995112664,9.04935995112664,126.74624917759567,131.252041657585,131.252041657585,126.74624917759567,142.89881051343866,142.89881051343866,0.0,0.0,0.0,0.0,0.0,development_exploratory_not_untouched_final
2022-02-27T17:00:00,od_21,motorbike,2.0,motorbike-1,9.04935995112664,11.04935995112664,4,False,motorbike-1,motorbike-1,False,9.04935995112664,9.04935995112664,126.74624917759567,131.252041657585,131.252041657585,126.74624917759567,142.89881051343866,142.89881051343866,0.0,0.0,0.0,0.0,0.0,development_exploratory_not_untouched_final
2022-02-27T17:00:00,od_21,motorbike,3.0,motorbike-1,9.04935995112664,12.04935995112664,5,False,motorbike-1,motorbike-1,False,9.04935995112664,9.04935995112664,126.74624917759567,131.252041657585,131.252041657585,126.74624917759567,142.89881051343866,142.89881051343866,0.0,0.0,0.0,0.0,0.0,development_exploratory_not_untouched_final
2022-02-27T17:00:00,od_21,motorbike,5.0,motorbike-1,9.04935995112664,14.04935995112664,6,False,motorbike-1,motorbike-1,False,9.04935995112664,9.04935995112664,126.74624917759567,131.252041657585,131.252041657585,126.74624917759567,142.89881051343866,142.89881051343866,0.0,0.0,0.0,0.0,0.0,development_exploratory_not_untouched_final
2022-02-27T17:00:00,od_21,motorbike,10.0,motorbike-1,9.04935995112664,19.04935995112664,8,False,motorbike-1,motorbike-1,False,9.04935995112664,9.04935995112664,126.74624917759567,131.252041657585,131.252041657585,126.74624917759567,142.89881051343866,142.89881051343866,0.0,0.0,0.0,0.0,0.0,development_exploratory_not_untouched_final
2022-02-27T17:00:00,od_21,walking,0.0,walking-1,43.87865051815163,43.87865051815163,1,True,walking-1,walking-1,False,43.87865051815163,43.87865051815163,606.612453968263,627.4575784154995,627.4575784154995,606.612453968263,680.1548043885808,680.1548043885808,0.0,0.0,0.0,0.0,0.0,development_exploratory_not_untouched_final
2022-02-27T17:00:00,od_21,walking,1.0,walking-1,43.87865051815163,44.87865051815163,2,False,walking-1,walking-1,False,43.87865051815163,43.87865051815163,606.612453968263,627.4575784154995,627.4575784154995,606.612453968263,680.1548043885808,680.1548043885808,0.0,0.0,0.0,0.0,0.0,development_exploratory_not_untouched_final
2022-02-27T17:00:00,od_21,walking,2.0,walking-1,43.87865051815163,45.87865051815163,3,False,walking-1,walking-1,False,43.87865051815163,43.87865051815163,606.612453968263,627.4575784154995,627.4575784154995,606.612453968263,680.1548043885808,680.1548043885808,0.0,0.0,0.0,0.0,0.0,development_exploratory_not_untouched_final
2022-02-27T17:00:00,od_21,walking,3.0,walking-1,43.87865051815163,46.87865051815163,3,False,walking-1,walking-1,False,43.87865051815163,43.87865051815163,606.612453968263,627.4575784154995,627.4575784154995,606.612453968263,680.1548043885808,680.1548043885808,0.0,0.0,0.0,0.0,0.0,development_exploratory_not_untouched_final
2022-02-27T17:00:00,od_21,walking,5.0,walking-1,43.87865051815163,48.87865051815163,3,False,walking-1,walking-1,False,43.87865051815163,43.87865051815163,606.612453968263,627.4575784154995,627.4575784154995,606.612453968263,680.1548043885808,680.1548043885808,0.0,0.0,0.0,0.0,0.0,development_exploratory_not_untouched_final
2022-02-27T17:00:00,od_21,walking,10.0,walking-1,43.87865051815163,53.87865051815163,5,False,walking-1,walking-1,False,43.87865051815163,43.87865051815163,606.612453968263,627.4575784154995,627.4575784154995,606.612453968263,680.1548043885808,680.1548043885808,0.0,0.0,0.0,0.0,0.0,development_exploratory_not_untouched_final
2022-02-27T17:00:00,od_22,motorbike,0.0,motorbike-1,7.015399211952966,7.015399211952966,1,True,motorbike-1,motorbike-1,False,7.015399211952966,7.015399211952966,100.2745474403681,104.29709178844969,104.29709178844969,100.2745474403681,112.61740166952235,112.61740166952235,0.0,0.0,0.0,0.0,0.0,development_exploratory_not_untouched_final
2022-02-27T17:00:00,od_22,motorbike,1.0,motorbike-1,7.015399211952966,8.015399211952966,3,False,motorbike-1,motorbike-1,False,7.015399211952966,7.015399211952966,100.2745474403681,104.29709178844969,104.29709178844969,100.2745474403681,112.61740166952235,112.61740166952235,0.0,0.0,0.0,0.0,0.0,development_exploratory_not_untouched_final
2022-02-27T17:00:00,od_22,motorbike,2.0,motorbike-1,7.015399211952966,9.015399211952966,4,False,motorbike-1,motorbike-1,False,7.015399211952966,7.015399211952966,100.2745474403681,104.29709178844969,104.29709178844969,100.2745474403681,112.61740166952235,112.61740166952235,0.0,0.0,0.0,0.0,0.0,development_exploratory_not_untouched_final
2022-02-27T17:00:00,od_22,motorbike,3.0,motorbike-1,7.015399211952966,10.015399211952966,5,False,motorbike-1,motorbike-1,False,7.015399211952966,7.015399211952966,100.2745474403681,104.29709178844969,104.29709178844969,100.2745474403681,112.61740166952235,112.61740166952235,0.0,0.0,0.0,0.0,0.0,development_exploratory_not_untouched_final
2022-02-27T17:00:00,od_22,motorbike,5.0,motorbike-1,7.015399211952966,12.015399211952966,6,False,motorbike-1,motorbike-1,False,7.015399211952966,7.015399211952966,100.2745474403681,104.29709178844969,104.29709178844969,100.2745474403681,112.61740166952235,112.61740166952235,0.0,0.0,0.0,0.0,0.0,development_exploratory_not_untouched_final
2022-02-27T17:00:00,od_22,motorbike,10.0,motorbike-1,7.015399211952966,17.015399211952968,7,False,motorbike-1,motorbike-1,False,7.015399211952966,7.015399211952966,100.2745474403681,104.29709178844969,104.29709178844969,100.2745474403681,112.61740166952235,112.61740166952235,0.0,0.0,0.0,0.0,0.0,development_exploratory_not_untouched_final
2022-02-27T17:00:00,od_22,walking,0.0,walking-1,35.07699605976483,35.07699605976483,1,True,walking-1,walking-1,False,35.07699605976483,35.07699605976483,501.3727372018402,521.4854589422483,521.4854589422483,501.3727372018402,563.0870083476119,563.0870083476119,0.0,0.0,0.0,0.0,0.0,development_exploratory_not_untouched_final
2022-02-27T17:00:00,od_22,walking,1.0,walking-1,35.07699605976483,36.07699605976483,1,True,walking-1,walking-1,False,35.07699605976483,35.07699605976483,501.3727372018402,521.4854589422483,521.4854589422483,501.3727372018402,563.0870083476119,563.0870083476119,0.0,0.0,0.0,0.0,0.0,development_exploratory_not_untouched_final
2022-02-27T17:00:00,od_22,walking,2.0,walking-1,35.07699605976483,37.07699605976483,1,True,walking-1,walking-1,False,35.07699605976483,35.07699605976483,501.3727372018402,521.4854589422483,521.4854589422483,501.3727372018402,563.0870083476119,563.0870083476119,0.0,0.0,0.0,0.0,0.0,development_exploratory_not_untouched_final
2022-02-27T17:00:00,od_22,walking,3.0,walking-1,35.07699605976483,38.07699605976483,2,False,walking-1,walking-1,False,35.07699605976483,35.07699605976483,501.3727372018402,521.4854589422483,521.4854589422483,501.3727372018402,563.0870083476119,563.0870083476119,0.0,0.0,0.0,0.0,0.0,development_exploratory_not_untouched_final
2022-02-27T17:00:00,od_22,walking,5.0,walking-1,35.07699605976483,40.07699605976483,3,False,walking-1,walking-1,False,35.07699605976483,35.07699605976483,501.3727372018402,521.4854589422483,521.4854589422483,501.3727372018402,563.0870083476119,563.0870083476119,0.0,0.0,0.0,0.0,0.0,development_exploratory_not_untouched_final
2022-02-27T17:00:00,od_22,walking,10.0,walking-1,35.07699605976483,45.07699605976483,4,False,walking-1,walking-1,False,35.07699605976483,35.07699605976483,501.3727372018402,521.4854589422483,521.4854589422483,501.3727372018402,563.0870083476119,563.0870083476119,0.0,0.0,0.0,0.0,0.0,development_exploratory_not_untouched_final
2022-02-27T17:00:00,od_23,motorbike,0.0,motorbike-1,10.555049856816883,10.555049856816883,1,True,motorbike-1,motorbike-1,False,10.555049856816883,10.555049856816883,151.05353177445093,159.18363853940934,159.18363853940934,151.05353177445093,173.14361417729938,173.14361417729938,0.0,0.0,0.0,0.0,0.0,development_exploratory_not_untouched_final
2022-02-27T17:00:00,od_23,motorbike,1.0,motorbike-1,10.555049856816883,11.555049856816883,2,False,motorbike-1,motorbike-1,False,10.555049856816883,10.555049856816883,151.05353177445093,159.18363853940934,159.18363853940934,151.05353177445093,173.14361417729938,173.14361417729938,0.0,0.0,0.0,0.0,0.0,development_exploratory_not_untouched_final
2022-02-27T17:00:00,od_23,motorbike,2.0,motorbike-1,10.555049856816883,12.555049856816883,3,False,motorbike-1,motorbike-1,False,10.555049856816883,10.555049856816883,151.05353177445093,159.18363853940934,159.18363853940934,151.05353177445093,173.14361417729938,173.14361417729938,0.0,0.0,0.0,0.0,0.0,development_exploratory_not_untouched_final
2022-02-27T17:00:00,od_23,motorbike,3.0,motorbike-1,10.555049856816883,13.555049856816883,4,False,motorbike-1,motorbike-1,False,10.555049856816883,10.555049856816883,151.05353177445093,159.18363853940934,159.18363853940934,151.05353177445093,173.14361417729938,173.14361417729938,0.0,0.0,0.0,0.0,0.0,development_exploratory_not_untouched_final
2022-02-27T17:00:00,od_23,motorbike,5.0,motorbike-1,10.555049856816883,15.555049856816883,4,False,motorbike-1,motorbike-1,False,10.555049856816883,10.555049856816883,151.05353177445093,159.18363853940934,159.18363853940934,151.05353177445093,173.14361417729938,173.14361417729938,0.0,0.0,0.0,0.0,0.0,development_exploratory_not_untouched_final
2022-02-27T17:00:00,od_23,motorbike,10.0,motorbike-1,10.555049856816883,20.555049856816883,7,False,motorbike-1,motorbike-1,False,10.555049856816883,10.555049856816883,151.05353177445093,159.18363853940934,159.18363853940934,151.05353177445093,173.14361417729938,173.14361417729938,0.0,0.0,0.0,0.0,0.0,development_exploratory_not_untouched_final
2022-02-27T17:00:00,od_23,walking,0.0,walking-1,50.65519895369051,50.65519895369051,1,True,walking-1,walking-1,False,50.65519895369051,50.65519895369051,724.8458150441545,764.0675851130758,764.0675851130758,724.8458150441545,831.5879881131634,831.5879881131634,0.0,0.0,0.0,0.0,0.0,development_exploratory_not_untouched_final
2022-02-27T17:00:00,od_23,walking,1.0,walking-1,50.65519895369051,51.65519895369051,5,False,walking-1,walking-1,False,50.65519895369051,50.65519895369051,724.8458150441545,764.0675851130758,764.0675851130758,724.8458150441545,831.5879881131634,831.5879881131634,0.0,0.0,0.0,0.0,0.0,development_exploratory_not_untouched_final
2022-02-27T17:00:00,od_23,walking,2.0,walking-1,50.65519895369051,52.65519895369051,5,False,walking-1,walking-1,False,50.65519895369051,50.65519895369051,724.8458150441545,764.0675851130758,764.0675851130758,724.8458150441545,831.5879881131634,831.5879881131634,0.0,0.0,0.0,0.0,0.0,development_exploratory_not_untouched_final
2022-02-27T17:00:00,od_23,walking,3.0,walking-1,50.65519895369051,53.65519895369051,5,False,walking-1,walking-1,False,50.65519895369051,50.65519895369051,724.8458150441545,764.0675851130758,764.0675851130758,724.8458150441545,831.5879881131634,831.5879881131634,0.0,0.0,0.0,0.0,0.0,development_exploratory_not_untouched_final
2022-02-27T17:00:00,od_23,walking,5.0,walking-1,50.65519895369051,55.65519895369051,5,False,walking-1,walking-1,False,50.65519895369051,50.65519895369051,724.8458150441545,764.0675851130758,764.0675851130758,724.8458150441545,831.5879881131634,831.5879881131634,0.0,0.0,0.0,0.0,0.0,development_exploratory_not_untouched_final
2022-02-27T17:00:00,od_23,walking,10.0,walking-1,50.65519895369051,60.65519895369051,6,False,walking-1,walking-1,False,50.65519895369051,50.65519895369051,724.8458150441545,764.0675851130758,764.0675851130758,724.8458150441545,831.5879881131634,831.5879881131634,0.0,0.0,0.0,0.0,0.0,development_exploratory_not_untouched_final
2022-02-27T17:00:00,od_24,motorbike,0.0,motorbike-1,8.480694922287851,8.480694922287851,1,True,motorbike-1,motorbike-1,False,8.480694922287851,8.480694922287851,120.79636939559374,124.20473331169944,124.20473331169944,120.79636939559374,136.52923777810452,136.52923777810452,0.0,0.0,0.0,0.0,0.0,development_exploratory_not_untouched_final
2022-02-27T17:00:00,od_24,motorbike,1.0,motorbike-1,8.480694922287851,9.480694922287851,2,False,motorbike-1,motorbike-1,False,8.480694922287851,8.480694922287851,120.79636939559374,124.20473331169944,124.20473331169944,120.79636939559374,136.52923777810452,136.52923777810452,0.0,0.0,0.0,0.0,0.0,development_exploratory_not_untouched_final
2022-02-27T17:00:00,od_24,motorbike,2.0,motorbike-1,8.480694922287851,10.480694922287851,3,False,motorbike-1,motorbike-1,False,8.480694922287851,8.480694922287851,120.79636939559374,124.20473331169944,124.20473331169944,120.79636939559374,136.52923777810452,136.52923777810452,0.0,0.0,0.0,0.0,0.0,development_exploratory_not_untouched_final
2022-02-27T17:00:00,od_24,motorbike,3.0,motorbike-1,8.480694922287851,11.480694922287851,5,False,motorbike-1,motorbike-1,False,8.480694922287851,8.480694922287851,120.79636939559374,124.20473331169944,124.20473331169944,120.79636939559374,136.52923777810452,136.52923777810452,0.0,0.0,0.0,0.0,0.0,development_exploratory_not_untouched_final
2022-02-27T17:00:00,od_24,motorbike,5.0,motorbike-1,8.480694922287851,13.480694922287851,7,False,motorbike-1,motorbike-1,False,8.480694922287851,8.480694922287851,120.79636939559374,124.20473331169944,124.20473331169944,120.79636939559374,136.52923777810452,136.52923777810452,0.0,0.0,0.0,0.0,0.0,development_exploratory_not_untouched_final
2022-02-27T17:00:00,od_24,motorbike,10.0,motorbike-1,8.480694922287851,18.480694922287853,8,False,motorbike-1,motorbike-1,False,8.480694922287851,8.480694922287851,120.79636939559374,124.20473331169944,124.20473331169944,120.79636939559374,136.52923777810452,136.52923777810452,0.0,0.0,0.0,0.0,0.0,development_exploratory_not_untouched_final
2022-02-27T17:00:00,od_24,walking,0.0,walking-1,38.60634262328327,38.60634262328327,1,True,walking-1,walking-1,False,38.60634262328327,38.60634262328327,548.9264969229865,565.4166884297515,565.4166884297515,548.9264969229865,622.0595391626912,622.0595391626912,0.0,0.0,0.0,0.0,0.0,development_exploratory_not_untouched_final
2022-02-27T17:00:00,od_24,walking,1.0,walking-1,38.60634262328327,39.60634262328327,1,True,walking-1,walking-1,False,38.60634262328327,38.60634262328327,548.9264969229865,565.4166884297515,565.4166884297515,548.9264969229865,622.0595391626912,622.0595391626912,0.0,0.0,0.0,0.0,0.0,development_exploratory_not_untouched_final
2022-02-27T17:00:00,od_24,walking,2.0,walking-1,38.60634262328327,40.60634262328327,2,False,walking-1,walking-1,False,38.60634262328327,38.60634262328327,548.9264969229865,565.4166884297515,565.4166884297515,548.9264969229865,622.0595391626912,622.0595391626912,0.0,0.0,0.0,0.0,0.0,development_exploratory_not_untouched_final
2022-02-27T17:00:00,od_24,walking,3.0,walking-1,38.60634262328327,41.60634262328327,3,False,walking-1,walking-1,False,38.60634262328327,38.60634262328327,548.9264969229865,565.4166884297515,565.4166884297515,548.9264969229865,622.0595391626912,622.0595391626912,0.0,0.0,0.0,0.0,0.0,development_exploratory_not_untouched_final
2022-02-27T17:00:00,od_24,walking,5.0,walking-1,38.60634262328327,43.60634262328327,3,False,walking-1,walking-1,False,38.60634262328327,38.60634262328327,548.9264969229865,565.4166884297515,565.4166884297515,548.9264969229865,622.0595391626912,622.0595391626912,0.0,0.0,0.0,0.0,0.0,development_exploratory_not_untouched_final
2022-02-27T17:00:00,od_24,walking,10.0,walking-1,38.60634262328327,48.60634262328327,4,False,walking-1,walking-1,False,38.60634262328327,38.60634262328327,548.9264969229865,565.4166884297515,565.4166884297515,548.9264969229865,622.0595391626912,622.0595391626912,0.0,0.0,0.0,0.0,0.0,development_exploratory_not_untouched_final
2022-02-27T17:00:00,od_25,motorbike,0.0,motorbike-1,12.177989808997324,12.177989808997324,1,True,motorbike-1,motorbike-1,False,12.177989808997324,12.177989808997324,171.17811119094756,184.1604888697954,184.1604888697954,171.17811119094756,208.70169806889498,208.70169806889498,0.0,0.0,0.0,0.0,0.0,development_exploratory_not_untouched_final
2022-02-27T17:00:00,od_25,motorbike,1.0,motorbike-1,12.177989808997324,13.177989808997324,2,False,motorbike-1,motorbike-1,False,12.177989808997324,12.177989808997324,171.17811119094756,184.1604888697954,184.1604888697954,171.17811119094756,208.70169806889498,208.70169806889498,0.0,0.0,0.0,0.0,0.0,development_exploratory_not_untouched_final
2022-02-27T17:00:00,od_25,motorbike,2.0,motorbike-1,12.177989808997324,14.177989808997324,4,False,motorbike-1,motorbike-1,False,12.177989808997324,12.177989808997324,171.17811119094756,184.1604888697954,184.1604888697954,171.17811119094756,208.70169806889498,208.70169806889498,0.0,0.0,0.0,0.0,0.0,development_exploratory_not_untouched_final
2022-02-27T17:00:00,od_25,motorbike,3.0,motorbike-1,12.177989808997324,15.177989808997324,4,False,motorbike-1,motorbike-1,False,12.177989808997324,12.177989808997324,171.17811119094756,184.1604888697954,184.1604888697954,171.17811119094756,208.70169806889498,208.70169806889498,0.0,0.0,0.0,0.0,0.0,development_exploratory_not_untouched_final
2022-02-27T17:00:00,od_25,motorbike,5.0,motorbike-1,12.177989808997324,17.177989808997324,4,False,motorbike-1,motorbike-1,False,12.177989808997324,12.177989808997324,171.17811119094756,184.1604888697954,184.1604888697954,171.17811119094756,208.70169806889498,208.70169806889498,0.0,0.0,0.0,0.0,0.0,development_exploratory_not_untouched_final
2022-02-27T17:00:00,od_25,motorbike,10.0,motorbike-1,12.177989808997324,22.177989808997324,8,False,motorbike-1,motorbike-1,False,12.177989808997324,12.177989808997324,171.17811119094756,184.1604888697954,184.1604888697954,171.17811119094756,208.70169806889498,208.70169806889498,0.0,0.0,0.0,0.0,0.0,development_exploratory_not_untouched_final
2022-02-27T17:00:00,od_25,walking,0.0,walking-1,53.64646218551867,53.64646218551867,1,True,walking-1,walking-1,False,53.64646218551867,53.64646218551867,754.0100660744703,811.5331536836076,811.5331536836076,754.0100660744703,919.3683217266149,919.3683217266149,0.0,0.0,0.0,0.0,0.0,development_exploratory_not_untouched_final
2022-02-27T17:00:00,od_25,walking,1.0,walking-1,53.64646218551867,54.64646218551867,1,True,walking-1,walking-1,False,53.64646218551867,53.64646218551867,754.0100660744703,811.5331536836076,811.5331536836076,754.0100660744703,919.3683217266149,919.3683217266149,0.0,0.0,0.0,0.0,0.0,development_exploratory_not_untouched_final
2022-02-27T17:00:00,od_25,walking,2.0,walking-1,53.64646218551867,55.64646218551867,2,False,walking-1,walking-1,False,53.64646218551867,53.64646218551867,754.0100660744703,811.5331536836076,811.5331536836076,754.0100660744703,919.3683217266149,919.3683217266149,0.0,0.0,0.0,0.0,0.0,development_exploratory_not_untouched_final
2022-02-27T17:00:00,od_25,walking,3.0,walking-1,53.64646218551867,56.64646218551867,2,False,walking-1,walking-1,False,53.64646218551867,53.64646218551867,754.0100660744703,811.5331536836076,811.5331536836076,754.0100660744703,919.3683217266149,919.3683217266149,0.0,0.0,0.0,0.0,0.0,development_exploratory_not_untouched_final
2022-02-27T17:00:00,od_25,walking,5.0,walking-1,53.64646218551867,58.64646218551867,3,False,walking-1,walking-1,False,53.64646218551867,53.64646218551867,754.0100660744703,811.5331536836076,811.5331536836076,754.0100660744703,919.3683217266149,919.3683217266149,0.0,0.0,0.0,0.0,0.0,development_exploratory_not_untouched_final
2022-02-27T17:00:00,od_25,walking,10.0,walking-1,53.64646218551867,63.64646218551867,5,False,walking-1,walking-1,False,53.64646218551867,53.64646218551867,754.0100660744703,811.5331536836076,811.5331536836076,754.0100660744703,919.3683217266149,919.3683217266149,0.0,0.0,0.0,0.0,0.0,development_exploratory_not_untouched_final
2022-02-27T17:00:00,od_26,motorbike,0.0,motorbike-1,7.0496129747457505,7.0496129747457505,1,True,motorbike-1,motorbike-1,False,7.0496129747457505,7.0496129747457505,101.08280377835422,104.87496210655502,104.87496210655502,101.08280377835422,112.91151573957086,112.91151573957086,0.0,0.0,0.0,0.0,0.0,development_exploratory_not_untouched_final
2022-02-27T17:00:00,od_26,motorbike,1.0,motorbike-1,7.0496129747457505,8.04961297474575,3,False,motorbike-1,motorbike-1,False,7.0496129747457505,7.0496129747457505,101.08280377835422,104.87496210655502,104.87496210655502,101.08280377835422,112.91151573957086,112.91151573957086,0.0,0.0,0.0,0.0,0.0,development_exploratory_not_untouched_final
2022-02-27T17:00:00,od_26,motorbike,2.0,motorbike-1,7.0496129747457505,9.04961297474575,4,False,motorbike-1,motorbike-1,False,7.0496129747457505,7.0496129747457505,101.08280377835422,104.87496210655502,104.87496210655502,101.08280377835422,112.91151573957086,112.91151573957086,0.0,0.0,0.0,0.0,0.0,development_exploratory_not_untouched_final
2022-02-27T17:00:00,od_26,motorbike,3.0,motorbike-1,7.0496129747457505,10.04961297474575,4,False,motorbike-1,motorbike-1,False,7.0496129747457505,7.0496129747457505,101.08280377835422,104.87496210655502,104.87496210655502,101.08280377835422,112.91151573957086,112.91151573957086,0.0,0.0,0.0,0.0,0.0,development_exploratory_not_untouched_final
2022-02-27T17:00:00,od_26,motorbike,5.0,motorbike-1,7.0496129747457505,12.04961297474575,6,False,motorbike-1,motorbike-1,False,7.0496129747457505,7.0496129747457505,101.08280377835422,104.87496210655502,104.87496210655502,101.08280377835422,112.91151573957086,112.91151573957086,0.0,0.0,0.0,0.0,0.0,development_exploratory_not_untouched_final
2022-02-27T17:00:00,od_26,motorbike,10.0,motorbike-1,7.0496129747457505,17.04961297474575,7,False,motorbike-1,motorbike-1,False,7.0496129747457505,7.0496129747457505,101.08280377835422,104.87496210655502,104.87496210655502,101.08280377835422,112.91151573957086,112.91151573957086,0.0,0.0,0.0,0.0,0.0,development_exploratory_not_untouched_final
2022-02-27T17:00:00,od_26,walking,0.0,walking-1,34.75588898945021,34.75588898945021,1,True,walking-1,walking-1,False,34.75588898945021,34.75588898945021,498.07548623425276,516.6290721965825,516.6290721965825,498.07548623425276,556.1470435406503,556.1470435406503,0.0,0.0,0.0,0.0,0.0,development_exploratory_not_untouched_final
2022-02-27T17:00:00,od_26,walking,1.0,walking-1,34.75588898945021,35.75588898945021,1,True,walking-1,walking-1,False,34.75588898945021,34.75588898945021,498.07548623425276,516.6290721965825,516.6290721965825,498.07548623425276,556.1470435406503,556.1470435406503,0.0,0.0,0.0,0.0,0.0,development_exploratory_not_untouched_final
2022-02-27T17:00:00,od_26,walking,2.0,walking-1,34.75588898945021,36.75588898945021,3,False,walking-1,walking-1,False,34.75588898945021,34.75588898945021,498.07548623425276,516.6290721965825,516.6290721965825,498.07548623425276,556.1470435406503,556.1470435406503,0.0,0.0,0.0,0.0,0.0,development_exploratory_not_untouched_final
2022-02-27T17:00:00,od_26,walking,3.0,walking-1,34.75588898945021,37.75588898945021,4,False,walking-1,walking-1,False,34.75588898945021,34.75588898945021,498.07548623425276,516.6290721965825,516.6290721965825,498.07548623425276,556.1470435406503,556.1470435406503,0.0,0.0,0.0,0.0,0.0,development_exploratory_not_untouched_final
2022-02-27T17:00:00,od_26,walking,5.0,walking-1,34.75588898945021,39.75588898945021,4,False,walking-1,walking-1,False,34.75588898945021,34.75588898945021,498.07548623425276,516.6290721965825,516.6290721965825,498.07548623425276,556.1470435406503,556.1470435406503,0.0,0.0,0.0,0.0,0.0,development_exploratory_not_untouched_final
2022-02-27T17:00:00,od_26,walking,10.0,walking-1,34.75588898945021,44.75588898945021,5,False,walking-1,walking-1,False,34.75588898945021,34.75588898945021,498.07548623425276,516.6290721965825,516.6290721965825,498.07548623425276,556.1470435406503,556.1470435406503,0.0,0.0,0.0,0.0,0.0,development_exploratory_not_untouched_final
2022-02-27T17:00:00,od_27,motorbike,0.0,motorbike-1,8.330234717082032,8.330234717082032,1,True,motorbike-1,motorbike-1,False,8.330234717082032,8.330234717082032,113.7146972712587,118.23701651966957,118.23701651966957,113.7146972712587,127.04384650259223,127.04384650259223,0.0,0.0,0.0,0.0,0.0,development_exploratory_not_untouched_final
2022-02-27T17:00:00,od_27,motorbike,1.0,motorbike-1,8.330234717082032,9.330234717082032,2,False,motorbike-1,motorbike-1,False,8.330234717082032,8.330234717082032,113.7146972712587,118.23701651966957,118.23701651966957,113.7146972712587,127.04384650259223,127.04384650259223,0.0,0.0,0.0,0.0,0.0,development_exploratory_not_untouched_final
2022-02-27T17:00:00,od_27,motorbike,2.0,motorbike-1,8.330234717082032,10.330234717082032,4,False,motorbike-1,motorbike-1,False,8.330234717082032,8.330234717082032,113.7146972712587,118.23701651966957,118.23701651966957,113.7146972712587,127.04384650259223,127.04384650259223,0.0,0.0,0.0,0.0,0.0,development_exploratory_not_untouched_final
2022-02-27T17:00:00,od_27,motorbike,3.0,motorbike-1,8.330234717082032,11.330234717082032,5,False,motorbike-1,motorbike-1,False,8.330234717082032,8.330234717082032,113.7146972712587,118.23701651966957,118.23701651966957,113.7146972712587,127.04384650259223,127.04384650259223,0.0,0.0,0.0,0.0,0.0,development_exploratory_not_untouched_final
2022-02-27T17:00:00,od_27,motorbike,5.0,motorbike-1,8.330234717082032,13.330234717082032,7,False,motorbike-1,motorbike-1,False,8.330234717082032,8.330234717082032,113.7146972712587,118.23701651966957,118.23701651966957,113.7146972712587,127.04384650259223,127.04384650259223,0.0,0.0,0.0,0.0,0.0,development_exploratory_not_untouched_final
2022-02-27T17:00:00,od_27,motorbike,10.0,motorbike-1,8.330234717082032,18.330234717082032,8,False,motorbike-1,motorbike-1,False,8.330234717082032,8.330234717082032,113.7146972712587,118.23701651966957,118.23701651966957,113.7146972712587,127.04384650259223,127.04384650259223,0.0,0.0,0.0,0.0,0.0,development_exploratory_not_untouched_final
2022-02-27T17:00:00,od_27,walking,0.0,walking-1,41.572207993675015,41.572207993675015,1,True,walking-1,walking-1,False,41.572207993675015,41.572207993675015,568.6286760811021,591.3889800994901,591.3889800994901,568.6286760811021,635.0873125063016,635.0873125063016,0.0,0.0,0.0,0.0,0.0,development_exploratory_not_untouched_final
2022-02-27T17:00:00,od_27,walking,1.0,walking-1,41.572207993675015,42.572207993675015,4,False,walking-2,walking-2,False,42.43011074832727,42.43011074832727,564.8007029741663,586.4765886201598,586.4765886201598,564.8007029741663,631.0199398425569,631.0199398425569,0.0,3.827973106935815,4.912391479330381,4.067372663744663,4.067372663744663,development_exploratory_not_untouched_final
2022-02-27T17:00:00,od_27,walking,2.0,walking-1,41.572207993675015,43.572207993675015,4,False,walking-2,walking-2,False,42.43011074832727,42.43011074832727,564.8007029741663,586.4765886201598,586.4765886201598,564.8007029741663,631.0199398425569,631.0199398425569,0.0,3.827973106935815,4.912391479330381,4.067372663744663,4.067372663744663,development_exploratory_not_untouched_final
2022-02-27T17:00:00,od_27,walking,3.0,walking-1,41.572207993675015,44.572207993675015,4,False,walking-2,walking-2,False,42.43011074832727,42.43011074832727,564.8007029741663,586.4765886201598,586.4765886201598,564.8007029741663,631.0199398425569,631.0199398425569,0.0,3.827973106935815,4.912391479330381,4.067372663744663,4.067372663744663,development_exploratory_not_untouched_final
2022-02-27T17:00:00,od_27,walking,5.0,walking-1,41.572207993675015,46.572207993675015,6,False,walking-2,walking-2,False,42.43011074832727,42.43011074832727,564.8007029741663,586.4765886201598,586.4765886201598,564.8007029741663,631.0199398425569,631.0199398425569,0.0,3.827973106935815,4.912391479330381,4.067372663744663,4.067372663744663,development_exploratory_not_untouched_final
2022-02-27T17:00:00,od_27,walking,10.0,walking-1,41.572207993675015,51.572207993675015,6,False,walking-2,walking-2,False,42.43011074832727,42.43011074832727,564.8007029741663,586.4765886201598,586.4765886201598,564.8007029741663,631.0199398425569,631.0199398425569,0.0,3.827973106935815,4.912391479330381,4.067372663744663,4.067372663744663,development_exploratory_not_untouched_final
2022-02-27T17:00:00,od_28,motorbike,0.0,motorbike-1,8.135485464425692,8.135485464425692,1,True,motorbike-1,motorbike-1,False,8.135485464425692,8.135485464425692,114.80420044549575,120.17072092563367,120.17072092563367,114.80420044549575,131.84286750281285,131.84286750281285,0.0,0.0,0.0,0.0,0.0,development_exploratory_not_untouched_final
2022-02-27T17:00:00,od_28,motorbike,1.0,motorbike-1,8.135485464425692,9.135485464425692,2,False,motorbike-1,motorbike-1,False,8.135485464425692,8.135485464425692,114.80420044549575,120.17072092563367,120.17072092563367,114.80420044549575,131.84286750281285,131.84286750281285,0.0,0.0,0.0,0.0,0.0,development_exploratory_not_untouched_final
2022-02-27T17:00:00,od_28,motorbike,2.0,motorbike-1,8.135485464425692,10.135485464425692,3,False,motorbike-1,motorbike-1,False,8.135485464425692,8.135485464425692,114.80420044549575,120.17072092563367,120.17072092563367,114.80420044549575,131.84286750281285,131.84286750281285,0.0,0.0,0.0,0.0,0.0,development_exploratory_not_untouched_final
2022-02-27T17:00:00,od_28,motorbike,3.0,motorbike-1,8.135485464425692,11.135485464425692,4,False,motorbike-1,motorbike-1,False,8.135485464425692,8.135485464425692,114.80420044549575,120.17072092563367,120.17072092563367,114.80420044549575,131.84286750281285,131.84286750281285,0.0,0.0,0.0,0.0,0.0,development_exploratory_not_untouched_final
2022-02-27T17:00:00,od_28,motorbike,5.0,motorbike-1,8.135485464425692,13.135485464425692,6,False,motorbike-1,motorbike-1,False,8.135485464425692,8.135485464425692,114.80420044549575,120.17072092563367,120.17072092563367,114.80420044549575,131.84286750281285,131.84286750281285,0.0,0.0,0.0,0.0,0.0,development_exploratory_not_untouched_final
2022-02-27T17:00:00,od_28,motorbike,10.0,motorbike-1,8.135485464425692,18.13548546442569,7,False,motorbike-1,motorbike-1,False,8.135485464425692,8.135485464425692,114.80420044549575,120.17072092563367,120.17072092563367,114.80420044549575,131.84286750281285,131.84286750281285,0.0,0.0,0.0,0.0,0.0,development_exploratory_not_untouched_final
2022-02-27T17:00:00,od_28,walking,0.0,walking-1,40.0541484546324,40.0541484546324,1,True,walking-1,walking-1,False,40.0541484546324,40.0541484546324,565.2121389796866,591.5650095699789,591.5650095699789,565.2121389796866,648.9942179771731,648.9942179771731,0.0,0.0,0.0,0.0,0.0,development_exploratory_not_untouched_final
2022-02-27T17:00:00,od_28,walking,1.0,walking-1,40.0541484546324,41.0541484546324,2,False,walking-1,walking-1,False,40.0541484546324,40.0541484546324,565.2121389796866,591.5650095699789,591.5650095699789,565.2121389796866,648.9942179771731,648.9942179771731,0.0,0.0,0.0,0.0,0.0,development_exploratory_not_untouched_final
2022-02-27T17:00:00,od_28,walking,2.0,walking-1,40.0541484546324,42.0541484546324,3,False,walking-1,walking-1,False,40.0541484546324,40.0541484546324,565.2121389796866,591.5650095699789,591.5650095699789,565.2121389796866,648.9942179771731,648.9942179771731,0.0,0.0,0.0,0.0,0.0,development_exploratory_not_untouched_final
2022-02-27T17:00:00,od_28,walking,3.0,walking-1,40.0541484546324,43.0541484546324,3,False,walking-1,walking-1,False,40.0541484546324,40.0541484546324,565.2121389796866,591.5650095699789,591.5650095699789,565.2121389796866,648.9942179771731,648.9942179771731,0.0,0.0,0.0,0.0,0.0,development_exploratory_not_untouched_final
2022-02-27T17:00:00,od_28,walking,5.0,walking-1,40.0541484546324,45.0541484546324,3,False,walking-1,walking-1,False,40.0541484546324,40.0541484546324,565.2121389796866,591.5650095699789,591.5650095699789,565.2121389796866,648.9942179771731,648.9942179771731,0.0,0.0,0.0,0.0,0.0,development_exploratory_not_untouched_final
2022-02-27T17:00:00,od_28,walking,10.0,walking-1,40.0541484546324,50.0541484546324,7,False,walking-1,walking-1,False,40.0541484546324,40.0541484546324,565.2121389796866,591.5650095699789,591.5650095699789,565.2121389796866,648.9942179771731,648.9942179771731,0.0,0.0,0.0,0.0,0.0,development_exploratory_not_untouched_final
2022-02-27T17:00:00,od_29,motorbike,0.0,motorbike-1,12.12202676751413,12.12202676751413,1,True,motorbike-1,motorbike-1,False,12.12202676751413,12.12202676751413,168.60692881731086,175.3041129050415,175.3041129050415,168.60692881731086,192.48746627025486,192.48746627025486,0.0,0.0,0.0,0.0,0.0,development_exploratory_not_untouched_final
2022-02-27T17:00:00,od_29,motorbike,1.0,motorbike-1,12.12202676751413,13.12202676751413,2,False,motorbike-1,motorbike-1,False,12.12202676751413,12.12202676751413,168.60692881731086,175.3041129050415,175.3041129050415,168.60692881731086,192.48746627025486,192.48746627025486,0.0,0.0,0.0,0.0,0.0,development_exploratory_not_untouched_final
2022-02-27T17:00:00,od_29,motorbike,2.0,motorbike-1,12.12202676751413,14.12202676751413,3,False,motorbike-1,motorbike-1,False,12.12202676751413,12.12202676751413,168.60692881731086,175.3041129050415,175.3041129050415,168.60692881731086,192.48746627025486,192.48746627025486,0.0,0.0,0.0,0.0,0.0,development_exploratory_not_untouched_final
2022-02-27T17:00:00,od_29,motorbike,3.0,motorbike-1,12.12202676751413,15.12202676751413,4,False,motorbike-1,motorbike-1,False,12.12202676751413,12.12202676751413,168.60692881731086,175.3041129050415,175.3041129050415,168.60692881731086,192.48746627025486,192.48746627025486,0.0,0.0,0.0,0.0,0.0,development_exploratory_not_untouched_final
2022-02-27T17:00:00,od_29,motorbike,5.0,motorbike-1,12.12202676751413,17.12202676751413,5,False,motorbike-1,motorbike-1,False,12.12202676751413,12.12202676751413,168.60692881731086,175.3041129050415,175.3041129050415,168.60692881731086,192.48746627025486,192.48746627025486,0.0,0.0,0.0,0.0,0.0,development_exploratory_not_untouched_final
2022-02-27T17:00:00,od_29,motorbike,10.0,motorbike-1,12.12202676751413,22.12202676751413,7,False,motorbike-1,motorbike-1,False,12.12202676751413,12.12202676751413,168.60692881731086,175.3041129050415,175.3041129050415,168.60692881731086,192.48746627025486,192.48746627025486,0.0,0.0,0.0,0.0,0.0,development_exploratory_not_untouched_final
2022-02-27T17:00:00,od_29,walking,0.0,walking-1,60.949584464314654,60.949584464314654,1,True,walking-1,walking-1,False,60.949584464314654,60.949584464314654,843.5285074911313,878.0450560122486,878.0450560122486,843.5285074911313,963.0488640187875,963.0488640187875,0.0,0.0,0.0,0.0,0.0,development_exploratory_not_untouched_final
2022-02-27T17:00:00,od_29,walking,1.0,walking-1,60.949584464314654,61.949584464314654,5,False,walking-1,walking-1,False,60.949584464314654,60.949584464314654,843.5285074911313,878.0450560122486,878.0450560122486,843.5285074911313,963.0488640187875,963.0488640187875,0.0,0.0,0.0,0.0,0.0,development_exploratory_not_untouched_final
2022-02-27T17:00:00,od_29,walking,2.0,walking-1,60.949584464314654,62.949584464314654,5,False,walking-1,walking-1,False,60.949584464314654,60.949584464314654,843.5285074911313,878.0450560122486,878.0450560122486,843.5285074911313,963.0488640187875,963.0488640187875,0.0,0.0,0.0,0.0,0.0,development_exploratory_not_untouched_final
2022-02-27T17:00:00,od_29,walking,3.0,walking-1,60.949584464314654,63.949584464314654,5,False,walking-1,walking-1,False,60.949584464314654,60.949584464314654,843.5285074911313,878.0450560122486,878.0450560122486,843.5285074911313,963.0488640187875,963.0488640187875,0.0,0.0,0.0,0.0,0.0,development_exploratory_not_untouched_final
2022-02-27T17:00:00,od_29,walking,5.0,walking-1,60.949584464314654,65.94958446431465,6,False,walking-1,walking-1,False,60.949584464314654,60.949584464314654,843.5285074911313,878.0450560122486,878.0450560122486,843.5285074911313,963.0488640187875,963.0488640187875,0.0,0.0,0.0,0.0,0.0,development_exploratory_not_untouched_final
2022-02-27T17:00:00,od_29,walking,10.0,walking-1,60.949584464314654,70.94958446431465,7,False,walking-1,walking-1,False,60.949584464314654,60.949584464314654,843.5285074911313,878.0450560122486,878.0450560122486,843.5285074911313,963.0488640187875,963.0488640187875,0.0,0.0,0.0,0.0,0.0,development_exploratory_not_untouched_final
2022-02-27T17:00:00,od_30,motorbike,0.0,motorbike-1,11.612358092570656,11.612358092570656,1,True,motorbike-1,motorbike-1,False,11.612358092570656,11.612358092570656,164.65998455986033,173.73715531765953,173.73715531765953,164.65998455986033,191.01258642651152,191.01258642651152,0.0,0.0,0.0,0.0,0.0,development_exploratory_not_untouched_final
2022-02-27T17:00:00,od_30,motorbike,1.0,motorbike-1,11.612358092570656,12.612358092570656,2,False,motorbike-1,motorbike-1,False,11.612358092570656,11.612358092570656,164.65998455986033,173.73715531765953,173.73715531765953,164.65998455986033,191.01258642651152,191.01258642651152,0.0,0.0,0.0,0.0,0.0,development_exploratory_not_untouched_final
2022-02-27T17:00:00,od_30,motorbike,2.0,motorbike-1,11.612358092570656,13.612358092570656,3,False,motorbike-1,motorbike-1,False,11.612358092570656,11.612358092570656,164.65998455986033,173.73715531765953,173.73715531765953,164.65998455986033,191.01258642651152,191.01258642651152,0.0,0.0,0.0,0.0,0.0,development_exploratory_not_untouched_final
2022-02-27T17:00:00,od_30,motorbike,3.0,motorbike-1,11.612358092570656,14.612358092570656,5,False,motorbike-1,motorbike-1,False,11.612358092570656,11.612358092570656,164.65998455986033,173.73715531765953,173.73715531765953,164.65998455986033,191.01258642651152,191.01258642651152,0.0,0.0,0.0,0.0,0.0,development_exploratory_not_untouched_final
2022-02-27T17:00:00,od_30,motorbike,5.0,motorbike-1,11.612358092570656,16.612358092570656,6,False,motorbike-1,motorbike-1,False,11.612358092570656,11.612358092570656,164.65998455986033,173.73715531765953,173.73715531765953,164.65998455986033,191.01258642651152,191.01258642651152,0.0,0.0,0.0,0.0,0.0,development_exploratory_not_untouched_final
2022-02-27T17:00:00,od_30,motorbike,10.0,motorbike-1,11.612358092570656,21.612358092570656,8,False,motorbike-1,motorbike-1,False,11.612358092570656,11.612358092570656,164.65998455986033,173.73715531765953,173.73715531765953,164.65998455986033,191.01258642651152,191.01258642651152,0.0,0.0,0.0,0.0,0.0,development_exploratory_not_untouched_final
2022-02-27T17:00:00,od_30,walking,0.0,walking-1,55.12699503869423,55.12699503869423,1,True,walking-1,walking-1,False,55.12699503869423,55.12699503869423,781.3458425115597,825.1208011019373,825.1208011019373,781.3458425115597,909.1187907536317,909.1187907536317,0.0,0.0,0.0,0.0,0.0,development_exploratory_not_untouched_final
2022-02-27T17:00:00,od_30,walking,1.0,walking-1,55.12699503869423,56.12699503869423,4,False,walking-1,walking-1,False,55.12699503869423,55.12699503869423,781.3458425115597,825.1208011019373,825.1208011019373,781.3458425115597,909.1187907536317,909.1187907536317,0.0,0.0,0.0,0.0,0.0,development_exploratory_not_untouched_final
2022-02-27T17:00:00,od_30,walking,2.0,walking-1,55.12699503869423,57.12699503869423,5,False,walking-1,walking-1,False,55.12699503869423,55.12699503869423,781.3458425115597,825.1208011019373,825.1208011019373,781.3458425115597,909.1187907536317,909.1187907536317,0.0,0.0,0.0,0.0,0.0,development_exploratory_not_untouched_final
2022-02-27T17:00:00,od_30,walking,3.0,walking-1,55.12699503869423,58.12699503869423,5,False,walking-1,walking-1,False,55.12699503869423,55.12699503869423,781.3458425115597,825.1208011019373,825.1208011019373,781.3458425115597,909.1187907536317,909.1187907536317,0.0,0.0,0.0,0.0,0.0,development_exploratory_not_untouched_final
2022-02-27T17:00:00,od_30,walking,5.0,walking-1,55.12699503869423,60.12699503869423,5,False,walking-1,walking-1,False,55.12699503869423,55.12699503869423,781.3458425115597,825.1208011019373,825.1208011019373,781.3458425115597,909.1187907536317,909.1187907536317,0.0,0.0,0.0,0.0,0.0,development_exploratory_not_untouched_final
2022-02-27T17:00:00,od_30,walking,10.0,walking-1,55.12699503869423,65.12699503869423,6,False,walking-1,walking-1,False,55.12699503869423,55.12699503869423,781.3458425115597,825.1208011019373,825.1208011019373,781.3458425115597,909.1187907536317,909.1187907536317,0.0,0.0,0.0,0.0,0.0,development_exploratory_not_untouched_final
2022-02-27T20:00:00,od_01,motorbike,0.0,motorbike-1,8.230305959783891,8.230305959783891,1,True,motorbike-1,motorbike-1,False,8.230305959783891,8.230305959783891,120.84873273894222,120.99562443364256,120.99562443364256,120.84873273894222,122.37304933176401,122.37304933176401,0.0,0.0,0.0,0.0,0.0,development_exploratory_not_untouched_final
2022-02-27T20:00:00,od_01,motorbike,1.0,motorbike-1,8.230305959783891,9.230305959783891,2,False,motorbike-1,motorbike-1,False,8.230305959783891,8.230305959783891,120.84873273894222,120.99562443364256,120.99562443364256,120.84873273894222,122.37304933176401,122.37304933176401,0.0,0.0,0.0,0.0,0.0,development_exploratory_not_untouched_final
2022-02-27T20:00:00,od_01,motorbike,2.0,motorbike-1,8.230305959783891,10.230305959783891,2,False,motorbike-1,motorbike-1,False,8.230305959783891,8.230305959783891,120.84873273894222,120.99562443364256,120.99562443364256,120.84873273894222,122.37304933176401,122.37304933176401,0.0,0.0,0.0,0.0,0.0,development_exploratory_not_untouched_final
2022-02-27T20:00:00,od_01,motorbike,3.0,motorbike-1,8.230305959783891,11.230305959783891,3,False,motorbike-1,motorbike-1,False,8.230305959783891,8.230305959783891,120.84873273894222,120.99562443364256,120.99562443364256,120.84873273894222,122.37304933176401,122.37304933176401,0.0,0.0,0.0,0.0,0.0,development_exploratory_not_untouched_final
2022-02-27T20:00:00,od_01,motorbike,5.0,motorbike-1,8.230305959783891,13.230305959783891,6,False,motorbike-1,motorbike-1,False,8.230305959783891,8.230305959783891,120.84873273894222,120.99562443364256,120.99562443364256,120.84873273894222,122.37304933176401,122.37304933176401,0.0,0.0,0.0,0.0,0.0,development_exploratory_not_untouched_final
2022-02-27T20:00:00,od_01,motorbike,10.0,motorbike-1,8.230305959783891,18.23030595978389,7,False,motorbike-1,motorbike-1,False,8.230305959783891,8.230305959783891,120.84873273894222,120.99562443364256,120.99562443364256,120.84873273894222,122.37304933176401,122.37304933176401,0.0,0.0,0.0,0.0,0.0,development_exploratory_not_untouched_final
2022-02-27T20:00:00,od_01,walking,0.0,walking-1,40.00596776846269,40.00596776846269,1,True,walking-1,walking-1,False,40.00596776846269,40.00596776846269,587.5063473207779,588.1229419318113,588.1229419318113,587.5063473207779,594.9416196423732,594.9416196423732,0.0,0.0,0.0,0.0,0.0,development_exploratory_not_untouched_final
2022-02-27T20:00:00,od_01,walking,1.0,walking-1,40.00596776846269,41.00596776846269,3,False,walking-1,walking-1,False,40.00596776846269,40.00596776846269,587.5063473207779,588.1229419318113,588.1229419318113,587.5063473207779,594.9416196423732,594.9416196423732,0.0,0.0,0.0,0.0,0.0,development_exploratory_not_untouched_final
2022-02-27T20:00:00,od_01,walking,2.0,walking-1,40.00596776846269,42.00596776846269,4,False,walking-1,walking-1,False,40.00596776846269,40.00596776846269,587.5063473207779,588.1229419318113,588.1229419318113,587.5063473207779,594.9416196423732,594.9416196423732,0.0,0.0,0.0,0.0,0.0,development_exploratory_not_untouched_final
2022-02-27T20:00:00,od_01,walking,3.0,walking-1,40.00596776846269,43.00596776846269,4,False,walking-1,walking-1,False,40.00596776846269,40.00596776846269,587.5063473207779,588.1229419318113,588.1229419318113,587.5063473207779,594.9416196423732,594.9416196423732,0.0,0.0,0.0,0.0,0.0,development_exploratory_not_untouched_final
2022-02-27T20:00:00,od_01,walking,5.0,walking-1,40.00596776846269,45.00596776846269,4,False,walking-1,walking-1,False,40.00596776846269,40.00596776846269,587.5063473207779,588.1229419318113,588.1229419318113,587.5063473207779,594.9416196423732,594.9416196423732,0.0,0.0,0.0,0.0,0.0,development_exploratory_not_untouched_final
2022-02-27T20:00:00,od_01,walking,10.0,walking-1,40.00596776846269,50.00596776846269,6,False,walking-1,walking-1,False,40.00596776846269,40.00596776846269,587.5063473207779,588.1229419318113,588.1229419318113,587.5063473207779,594.9416196423732,594.9416196423732,0.0,0.0,0.0,0.0,0.0,development_exploratory_not_untouched_final
2022-02-27T20:00:00,od_02,motorbike,0.0,motorbike-1,9.67481945603514,9.67481945603514,1,True,motorbike-1,motorbike-1,False,9.67481945603514,9.67481945603514,149.53977026838004,148.16684723193197,148.16684723193197,149.53977026838004,148.2258306476431,148.2258306476431,0.0,0.0,0.0,0.0,0.0,development_exploratory_not_untouched_final
2022-02-27T20:00:00,od_02,motorbike,1.0,motorbike-1,9.67481945603514,10.67481945603514,3,False,motorbike-1,motorbike-1,False,9.67481945603514,9.67481945603514,149.53977026838004,148.16684723193197,148.16684723193197,149.53977026838004,148.2258306476431,148.2258306476431,0.0,0.0,0.0,0.0,0.0,development_exploratory_not_untouched_final
2022-02-27T20:00:00,od_02,motorbike,2.0,motorbike-1,9.67481945603514,11.67481945603514,5,False,motorbike-1,motorbike-1,False,9.67481945603514,9.67481945603514,149.53977026838004,148.16684723193197,148.16684723193197,149.53977026838004,148.2258306476431,148.2258306476431,0.0,0.0,0.0,0.0,0.0,development_exploratory_not_untouched_final
2022-02-27T20:00:00,od_02,motorbike,3.0,motorbike-1,9.67481945603514,12.67481945603514,6,False,motorbike-1,motorbike-1,False,9.67481945603514,9.67481945603514,149.53977026838004,148.16684723193197,148.16684723193197,149.53977026838004,148.2258306476431,148.2258306476431,0.0,0.0,0.0,0.0,0.0,development_exploratory_not_untouched_final
2022-02-27T20:00:00,od_02,motorbike,5.0,motorbike-1,9.67481945603514,14.67481945603514,7,False,motorbike-1,motorbike-1,False,9.67481945603514,9.67481945603514,149.53977026838004,148.16684723193197,148.16684723193197,149.53977026838004,148.2258306476431,148.2258306476431,0.0,0.0,0.0,0.0,0.0,development_exploratory_not_untouched_final
2022-02-27T20:00:00,od_02,motorbike,10.0,motorbike-1,9.67481945603514,19.674819456035138,8,False,motorbike-1,motorbike-1,False,9.67481945603514,9.67481945603514,149.53977026838004,148.16684723193197,148.16684723193197,149.53977026838004,148.2258306476431,148.2258306476431,0.0,0.0,0.0,0.0,0.0,development_exploratory_not_untouched_final
2022-02-27T20:00:00,od_02,walking,0.0,walking-1,48.3740972801757,48.3740972801757,1,True,walking-1,walking-1,False,48.3740972801757,48.3740972801757,747.6988513418997,740.8342361596596,740.8342361596596,747.6988513418997,741.1291532382155,741.1291532382155,0.0,0.0,0.0,0.0,0.0,development_exploratory_not_untouched_final
2022-02-27T20:00:00,od_02,walking,1.0,walking-1,48.3740972801757,49.3740972801757,2,False,walking-1,walking-1,False,48.3740972801757,48.3740972801757,747.6988513418997,740.8342361596596,740.8342361596596,747.6988513418997,741.1291532382155,741.1291532382155,0.0,0.0,0.0,0.0,0.0,development_exploratory_not_untouched_final
2022-02-27T20:00:00,od_02,walking,2.0,walking-1,48.3740972801757,50.3740972801757,3,False,walking-1,walking-1,False,48.3740972801757,48.3740972801757,747.6988513418997,740.8342361596596,740.8342361596596,747.6988513418997,741.1291532382155,741.1291532382155,0.0,0.0,0.0,0.0,0.0,development_exploratory_not_untouched_final
2022-02-27T20:00:00,od_02,walking,3.0,walking-1,48.3740972801757,51.3740972801757,4,False,walking-1,walking-1,False,48.3740972801757,48.3740972801757,747.6988513418997,740.8342361596596,740.8342361596596,747.6988513418997,741.1291532382155,741.1291532382155,0.0,0.0,0.0,0.0,0.0,development_exploratory_not_untouched_final
2022-02-27T20:00:00,od_02,walking,5.0,walking-1,48.3740972801757,53.3740972801757,4,False,walking-1,walking-1,False,48.3740972801757,48.3740972801757,747.6988513418997,740.8342361596596,740.8342361596596,747.6988513418997,741.1291532382155,741.1291532382155,0.0,0.0,0.0,0.0,0.0,development_exploratory_not_untouched_final
2022-02-27T20:00:00,od_02,walking,10.0,walking-1,48.3740972801757,58.3740972801757,6,False,walking-1,walking-1,False,48.3740972801757,48.3740972801757,747.6988513418997,740.8342361596596,740.8342361596596,747.6988513418997,741.1291532382155,741.1291532382155,0.0,0.0,0.0,0.0,0.0,development_exploratory_not_untouched_final
2022-02-27T20:00:00,od_03,motorbike,0.0,motorbike-1,6.910009956562447,6.910009956562447,1,True,motorbike-1,motorbike-1,False,6.910009956562447,6.910009956562447,104.81935043415227,103.71784109392934,103.71784109392934,104.81935043415227,107.0643316829606,107.0643316829606,0.0,0.0,0.0,0.0,0.0,development_exploratory_not_untouched_final
2022-02-27T20:00:00,od_03,motorbike,1.0,motorbike-1,6.910009956562447,7.910009956562447,3,False,motorbike-1,motorbike-1,False,6.910009956562447,6.910009956562447,104.81935043415227,103.71784109392934,103.71784109392934,104.81935043415227,107.0643316829606,107.0643316829606,0.0,0.0,0.0,0.0,0.0,development_exploratory_not_untouched_final
2022-02-27T20:00:00,od_03,motorbike,2.0,motorbike-1,6.910009956562447,8.910009956562448,3,False,motorbike-1,motorbike-1,False,6.910009956562447,6.910009956562447,104.81935043415227,103.71784109392934,103.71784109392934,104.81935043415227,107.0643316829606,107.0643316829606,0.0,0.0,0.0,0.0,0.0,development_exploratory_not_untouched_final
2022-02-27T20:00:00,od_03,motorbike,3.0,motorbike-1,6.910009956562447,9.910009956562448,5,False,motorbike-1,motorbike-1,False,6.910009956562447,6.910009956562447,104.81935043415227,103.71784109392934,103.71784109392934,104.81935043415227,107.0643316829606,107.0643316829606,0.0,0.0,0.0,0.0,0.0,development_exploratory_not_untouched_final
2022-02-27T20:00:00,od_03,motorbike,5.0,motorbike-1,6.910009956562447,11.910009956562448,7,False,motorbike-1,motorbike-1,False,6.910009956562447,6.910009956562447,104.81935043415227,103.71784109392934,103.71784109392934,104.81935043415227,107.0643316829606,107.0643316829606,0.0,0.0,0.0,0.0,0.0,development_exploratory_not_untouched_final
2022-02-27T20:00:00,od_03,motorbike,10.0,motorbike-1,6.910009956562447,16.910009956562448,8,False,motorbike-1,motorbike-1,False,6.910009956562447,6.910009956562447,104.81935043415227,103.71784109392934,103.71784109392934,104.81935043415227,107.0643316829606,107.0643316829606,0.0,0.0,0.0,0.0,0.0,development_exploratory_not_untouched_final
2022-02-27T20:00:00,od_03,walking,0.0,walking-1,34.422845694421525,34.422845694421525,1,True,walking-1,walking-1,False,34.422845694421525,34.422845694421525,522.1734336129844,516.6937312712943,516.6937312712943,522.1734336129844,533.3306245017958,533.3306245017958,0.0,0.0,0.0,0.0,0.0,development_exploratory_not_untouched_final
2022-02-27T20:00:00,od_03,walking,1.0,walking-1,34.422845694421525,35.422845694421525,2,False,walking-1,walking-1,False,34.422845694421525,34.422845694421525,522.1734336129844,516.6937312712943,516.6937312712943,522.1734336129844,533.3306245017958,533.3306245017958,0.0,0.0,0.0,0.0,0.0,development_exploratory_not_untouched_final
2022-02-27T20:00:00,od_03,walking,2.0,walking-1,34.422845694421525,36.422845694421525,3,False,walking-1,walking-1,False,34.422845694421525,34.422845694421525,522.1734336129844,516.6937312712943,516.6937312712943,522.1734336129844,533.3306245017958,533.3306245017958,0.0,0.0,0.0,0.0,0.0,development_exploratory_not_untouched_final
2022-02-27T20:00:00,od_03,walking,3.0,walking-1,34.422845694421525,37.422845694421525,3,False,walking-1,walking-1,False,34.422845694421525,34.422845694421525,522.1734336129844,516.6937312712943,516.6937312712943,522.1734336129844,533.3306245017958,533.3306245017958,0.0,0.0,0.0,0.0,0.0,development_exploratory_not_untouched_final
2022-02-27T20:00:00,od_03,walking,5.0,walking-1,34.422845694421525,39.422845694421525,3,False,walking-1,walking-1,False,34.422845694421525,34.422845694421525,522.1734336129844,516.6937312712943,516.6937312712943,522.1734336129844,533.3306245017958,533.3306245017958,0.0,0.0,0.0,0.0,0.0,development_exploratory_not_untouched_final
2022-02-27T20:00:00,od_03,walking,10.0,walking-1,34.422845694421525,44.422845694421525,6,False,walking-1,walking-1,False,34.422845694421525,34.422845694421525,522.1734336129844,516.6937312712943,516.6937312712943,522.1734336129844,533.3306245017958,533.3306245017958,0.0,0.0,0.0,0.0,0.0,development_exploratory_not_untouched_final
2022-02-27T20:00:00,od_04,motorbike,0.0,motorbike-1,13.275882583129041,13.275882583129041,1,True,motorbike-1,motorbike-1,False,13.275882583129041,13.275882583129041,201.74611682656675,200.6608793469668,200.6608793469668,201.74611682656675,201.343773788493,201.343773788493,0.0,0.0,0.0,0.0,0.0,development_exploratory_not_untouched_final
2022-02-27T20:00:00,od_04,motorbike,1.0,motorbike-1,13.275882583129041,14.275882583129041,3,False,motorbike-1,motorbike-1,False,13.275882583129041,13.275882583129041,201.74611682656675,200.6608793469668,200.6608793469668,201.74611682656675,201.343773788493,201.343773788493,0.0,0.0,0.0,0.0,0.0,development_exploratory_not_untouched_final
2022-02-27T20:00:00,od_04,motorbike,2.0,motorbike-1,13.275882583129041,15.275882583129041,3,False,motorbike-1,motorbike-1,False,13.275882583129041,13.275882583129041,201.74611682656675,200.6608793469668,200.6608793469668,201.74611682656675,201.343773788493,201.343773788493,0.0,0.0,0.0,0.0,0.0,development_exploratory_not_untouched_final
2022-02-27T20:00:00,od_04,motorbike,3.0,motorbike-1,13.275882583129041,16.27588258312904,4,False,motorbike-1,motorbike-1,False,13.275882583129041,13.275882583129041,201.74611682656675,200.6608793469668,200.6608793469668,201.74611682656675,201.343773788493,201.343773788493,0.0,0.0,0.0,0.0,0.0,development_exploratory_not_untouched_final
2022-02-27T20:00:00,od_04,motorbike,5.0,motorbike-1,13.275882583129041,18.27588258312904,5,False,motorbike-1,motorbike-1,False,13.275882583129041,13.275882583129041,201.74611682656675,200.6608793469668,200.6608793469668,201.74611682656675,201.343773788493,201.343773788493,0.0,0.0,0.0,0.0,0.0,development_exploratory_not_untouched_final
2022-02-27T20:00:00,od_04,motorbike,10.0,motorbike-1,13.275882583129041,23.27588258312904,7,False,motorbike-1,motorbike-1,False,13.275882583129041,13.275882583129041,201.74611682656675,200.6608793469668,200.6608793469668,201.74611682656675,201.343773788493,201.343773788493,0.0,0.0,0.0,0.0,0.0,development_exploratory_not_untouched_final
2022-02-27T20:00:00,od_04,walking,0.0,walking-1,66.24586047456621,66.24586047456621,1,True,walking-1,walking-1,False,66.24586047456621,66.24586047456621,1005.9186177406477,995.844372985921,995.844372985921,1005.9186177406477,1004.9481714344284,1004.9481714344284,0.0,0.0,0.0,0.0,0.0,development_exploratory_not_untouched_final
2022-02-27T20:00:00,od_04,walking,1.0,walking-1,66.24586047456621,67.24586047456621,4,False,walking-1,walking-1,False,66.24586047456621,66.24586047456621,1005.9186177406477,995.844372985921,995.844372985921,1005.9186177406477,1004.9481714344284,1004.9481714344284,0.0,0.0,0.0,0.0,0.0,development_exploratory_not_untouched_final
2022-02-27T20:00:00,od_04,walking,2.0,walking-1,66.24586047456621,68.24586047456621,5,False,walking-1,walking-1,False,66.24586047456621,66.24586047456621,1005.9186177406477,995.844372985921,995.844372985921,1005.9186177406477,1004.9481714344284,1004.9481714344284,0.0,0.0,0.0,0.0,0.0,development_exploratory_not_untouched_final
2022-02-27T20:00:00,od_04,walking,3.0,walking-1,66.24586047456621,69.24586047456621,5,False,walking-1,walking-1,False,66.24586047456621,66.24586047456621,1005.9186177406477,995.844372985921,995.844372985921,1005.9186177406477,1004.9481714344284,1004.9481714344284,0.0,0.0,0.0,0.0,0.0,development_exploratory_not_untouched_final
2022-02-27T20:00:00,od_04,walking,5.0,walking-1,66.24586047456621,71.24586047456621,5,False,walking-1,walking-1,False,66.24586047456621,66.24586047456621,1005.9186177406477,995.844372985921,995.844372985921,1005.9186177406477,1004.9481714344284,1004.9481714344284,0.0,0.0,0.0,0.0,0.0,development_exploratory_not_untouched_final
2022-02-27T20:00:00,od_04,walking,10.0,walking-1,66.24586047456621,76.24586047456621,6,False,walking-1,walking-1,False,66.24586047456621,66.24586047456621,1005.9186177406477,995.844372985921,995.844372985921,1005.9186177406477,1004.9481714344284,1004.9481714344284,0.0,0.0,0.0,0.0,0.0,development_exploratory_not_untouched_final
2022-02-27T20:00:00,od_05,motorbike,0.0,motorbike-1,15.468886749491073,15.468886749491073,1,True,motorbike-1,motorbike-1,False,15.468886749491073,15.468886749491073,228.08418246293277,226.46953935046645,226.46953935046645,228.08418246293277,231.36001090350118,231.36001090350118,0.0,0.0,0.0,0.0,0.0,development_exploratory_not_untouched_final
2022-02-27T20:00:00,od_05,motorbike,1.0,motorbike-1,15.468886749491073,16.468886749491073,2,False,motorbike-1,motorbike-1,False,15.468886749491073,15.468886749491073,228.08418246293277,226.46953935046645,226.46953935046645,228.08418246293277,231.36001090350118,231.36001090350118,0.0,0.0,0.0,0.0,0.0,development_exploratory_not_untouched_final
2022-02-27T20:00:00,od_05,motorbike,2.0,motorbike-1,15.468886749491073,17.468886749491073,2,False,motorbike-1,motorbike-1,False,15.468886749491073,15.468886749491073,228.08418246293277,226.46953935046645,226.46953935046645,228.08418246293277,231.36001090350118,231.36001090350118,0.0,0.0,0.0,0.0,0.0,development_exploratory_not_untouched_final
2022-02-27T20:00:00,od_05,motorbike,3.0,motorbike-1,15.468886749491073,18.468886749491073,3,False,motorbike-1,motorbike-1,False,15.468886749491073,15.468886749491073,228.08418246293277,226.46953935046645,226.46953935046645,228.08418246293277,231.36001090350118,231.36001090350118,0.0,0.0,0.0,0.0,0.0,development_exploratory_not_untouched_final
2022-02-27T20:00:00,od_05,motorbike,5.0,motorbike-1,15.468886749491073,20.468886749491073,4,False,motorbike-1,motorbike-1,False,15.468886749491073,15.468886749491073,228.08418246293277,226.46953935046645,226.46953935046645,228.08418246293277,231.36001090350118,231.36001090350118,0.0,0.0,0.0,0.0,0.0,development_exploratory_not_untouched_final
2022-02-27T20:00:00,od_05,motorbike,10.0,motorbike-1,15.468886749491073,25.468886749491073,6,False,motorbike-1,motorbike-1,False,15.468886749491073,15.468886749491073,228.08418246293277,226.46953935046645,226.46953935046645,228.08418246293277,231.36001090350118,231.36001090350118,0.0,0.0,0.0,0.0,0.0,development_exploratory_not_untouched_final
2022-02-27T20:00:00,od_05,walking,0.0,walking-1,79.18940872206731,79.18940872206731,1,True,walking-1,walking-1,False,79.18940872206731,79.18940872206731,1167.1915190559107,1144.4578825186095,1144.4578825186095,1167.1915190559107,1184.0443489887882,1184.0443489887882,0.0,0.0,0.0,0.0,0.0,development_exploratory_not_untouched_final
2022-02-27T20:00:00,od_05,walking,1.0,walking-1,79.18940872206731,80.18940872206731,5,False,walking-1,walking-1,False,79.18940872206731,79.18940872206731,1167.1915190559107,1144.4578825186095,1144.4578825186095,1167.1915190559107,1184.0443489887882,1184.0443489887882,0.0,0.0,0.0,0.0,0.0,development_exploratory_not_untouched_final
2022-02-27T20:00:00,od_05,walking,2.0,walking-1,79.18940872206731,81.18940872206731,5,False,walking-1,walking-1,False,79.18940872206731,79.18940872206731,1167.1915190559107,1144.4578825186095,1144.4578825186095,1167.1915190559107,1184.0443489887882,1184.0443489887882,0.0,0.0,0.0,0.0,0.0,development_exploratory_not_untouched_final
2022-02-27T20:00:00,od_05,walking,3.0,walking-1,79.18940872206731,82.18940872206731,6,False,walking-1,walking-1,False,79.18940872206731,79.18940872206731,1167.1915190559107,1144.4578825186095,1144.4578825186095,1167.1915190559107,1184.0443489887882,1184.0443489887882,0.0,0.0,0.0,0.0,0.0,development_exploratory_not_untouched_final
2022-02-27T20:00:00,od_05,walking,5.0,walking-1,79.18940872206731,84.18940872206731,6,False,walking-1,walking-1,False,79.18940872206731,79.18940872206731,1167.1915190559107,1144.4578825186095,1144.4578825186095,1167.1915190559107,1184.0443489887882,1184.0443489887882,0.0,0.0,0.0,0.0,0.0,development_exploratory_not_untouched_final
2022-02-27T20:00:00,od_05,walking,10.0,walking-1,79.18940872206731,89.18940872206731,7,False,walking-1,walking-1,False,79.18940872206731,79.18940872206731,1167.1915190559107,1144.4578825186095,1144.4578825186095,1167.1915190559107,1184.0443489887882,1184.0443489887882,0.0,0.0,0.0,0.0,0.0,development_exploratory_not_untouched_final
2022-02-27T20:00:00,od_06,motorbike,0.0,motorbike-1,8.795778104253094,8.795778104253094,1,True,motorbike-1,motorbike-1,False,8.795778104253094,8.795778104253094,133.65950483715125,131.78604367356883,131.78604367356883,133.65950483715125,138.1943122229618,138.1943122229618,0.0,0.0,0.0,0.0,0.0,development_exploratory_not_untouched_final
2022-02-27T20:00:00,od_06,motorbike,1.0,motorbike-1,8.795778104253094,9.795778104253094,3,False,motorbike-1,motorbike-1,False,8.795778104253094,8.795778104253094,133.65950483715125,131.78604367356883,131.78604367356883,133.65950483715125,138.1943122229618,138.1943122229618,0.0,0.0,0.0,0.0,0.0,development_exploratory_not_untouched_final
2022-02-27T20:00:00,od_06,motorbike,2.0,motorbike-1,8.795778104253094,10.795778104253094,3,False,motorbike-1,motorbike-1,False,8.795778104253094,8.795778104253094,133.65950483715125,131.78604367356883,131.78604367356883,133.65950483715125,138.1943122229618,138.1943122229618,0.0,0.0,0.0,0.0,0.0,development_exploratory_not_untouched_final
2022-02-27T20:00:00,od_06,motorbike,3.0,motorbike-1,8.795778104253094,11.795778104253094,5,False,motorbike-1,motorbike-1,False,8.795778104253094,8.795778104253094,133.65950483715125,131.78604367356883,131.78604367356883,133.65950483715125,138.1943122229618,138.1943122229618,0.0,0.0,0.0,0.0,0.0,development_exploratory_not_untouched_final
2022-02-27T20:00:00,od_06,motorbike,5.0,motorbike-1,8.795778104253094,13.795778104253094,6,False,motorbike-1,motorbike-1,False,8.795778104253094,8.795778104253094,133.65950483715125,131.78604367356883,131.78604367356883,133.65950483715125,138.1943122229618,138.1943122229618,0.0,0.0,0.0,0.0,0.0,development_exploratory_not_untouched_final
2022-02-27T20:00:00,od_06,motorbike,10.0,motorbike-1,8.795778104253094,18.795778104253095,8,False,motorbike-1,motorbike-1,False,8.795778104253094,8.795778104253094,133.65950483715125,131.78604367356883,131.78604367356883,133.65950483715125,138.1943122229618,138.1943122229618,0.0,0.0,0.0,0.0,0.0,development_exploratory_not_untouched_final
2022-02-27T20:00:00,od_06,walking,0.0,walking-1,42.44838227513487,42.44838227513487,1,True,walking-1,walking-1,False,42.44838227513487,42.44838227513487,645.4113242979328,636.2490086011959,636.2490086011959,645.4113242979328,667.5355727171332,667.5355727171332,0.0,0.0,0.0,0.0,0.0,development_exploratory_not_untouched_final
2022-02-27T20:00:00,od_06,walking,1.0,walking-1,42.44838227513487,43.44838227513487,4,False,walking-1,walking-1,False,42.44838227513487,42.44838227513487,645.4113242979328,636.2490086011959,636.2490086011959,645.4113242979328,667.5355727171332,667.5355727171332,0.0,0.0,0.0,0.0,0.0,development_exploratory_not_untouched_final
2022-02-27T20:00:00,od_06,walking,2.0,walking-1,42.44838227513487,44.44838227513487,5,False,walking-1,walking-1,False,42.44838227513487,42.44838227513487,645.4113242979328,636.2490086011959,636.2490086011959,645.4113242979328,667.5355727171332,667.5355727171332,0.0,0.0,0.0,0.0,0.0,development_exploratory_not_untouched_final
2022-02-27T20:00:00,od_06,walking,3.0,walking-1,42.44838227513487,45.44838227513487,5,False,walking-1,walking-1,False,42.44838227513487,42.44838227513487,645.4113242979328,636.2490086011959,636.2490086011959,645.4113242979328,667.5355727171332,667.5355727171332,0.0,0.0,0.0,0.0,0.0,development_exploratory_not_untouched_final
2022-02-27T20:00:00,od_06,walking,5.0,walking-1,42.44838227513487,47.44838227513487,6,False,walking-1,walking-1,False,42.44838227513487,42.44838227513487,645.4113242979328,636.2490086011959,636.2490086011959,645.4113242979328,667.5355727171332,667.5355727171332,0.0,0.0,0.0,0.0,0.0,development_exploratory_not_untouched_final
2022-02-27T20:00:00,od_06,walking,10.0,walking-1,42.44838227513487,52.44838227513487,7,False,walking-1,walking-1,False,42.44838227513487,42.44838227513487,645.4113242979328,636.2490086011959,636.2490086011959,645.4113242979328,667.5355727171332,667.5355727171332,0.0,0.0,0.0,0.0,0.0,development_exploratory_not_untouched_final
2022-02-27T20:00:00,od_07,motorbike,0.0,motorbike-1,8.70687690002884,8.70687690002884,1,True,motorbike-1,motorbike-1,False,8.70687690002884,8.70687690002884,133.86407753448665,132.46862512701406,132.46862512701406,133.86407753448665,134.99709166431168,134.99709166431168,0.0,0.0,0.0,0.0,0.0,development_exploratory_not_untouched_final
2022-02-27T20:00:00,od_07,motorbike,1.0,motorbike-1,8.70687690002884,9.70687690002884,3,False,motorbike-1,motorbike-1,False,8.70687690002884,8.70687690002884,133.86407753448665,132.46862512701406,132.46862512701406,133.86407753448665,134.99709166431168,134.99709166431168,0.0,0.0,0.0,0.0,0.0,development_exploratory_not_untouched_final
2022-02-27T20:00:00,od_07,motorbike,2.0,motorbike-1,8.70687690002884,10.70687690002884,4,False,motorbike-1,motorbike-1,False,8.70687690002884,8.70687690002884,133.86407753448665,132.46862512701406,132.46862512701406,133.86407753448665,134.99709166431168,134.99709166431168,0.0,0.0,0.0,0.0,0.0,development_exploratory_not_untouched_final
2022-02-27T20:00:00,od_07,motorbike,3.0,motorbike-1,8.70687690002884,11.70687690002884,4,False,motorbike-1,motorbike-1,False,8.70687690002884,8.70687690002884,133.86407753448665,132.46862512701406,132.46862512701406,133.86407753448665,134.99709166431168,134.99709166431168,0.0,0.0,0.0,0.0,0.0,development_exploratory_not_untouched_final
2022-02-27T20:00:00,od_07,motorbike,5.0,motorbike-1,8.70687690002884,13.70687690002884,6,False,motorbike-1,motorbike-1,False,8.70687690002884,8.70687690002884,133.86407753448665,132.46862512701406,132.46862512701406,133.86407753448665,134.99709166431168,134.99709166431168,0.0,0.0,0.0,0.0,0.0,development_exploratory_not_untouched_final
2022-02-27T20:00:00,od_07,motorbike,10.0,motorbike-1,8.70687690002884,18.70687690002884,8,False,motorbike-1,motorbike-1,False,8.70687690002884,8.70687690002884,133.86407753448665,132.46862512701406,132.46862512701406,133.86407753448665,134.99709166431168,134.99709166431168,0.0,0.0,0.0,0.0,0.0,development_exploratory_not_untouched_final
2022-02-27T20:00:00,od_07,walking,0.0,walking-1,36.12094162904502,36.12094162904502,1,True,walking-1,walking-1,False,36.12094162904502,36.12094162904502,555.8593735265733,550.0990406334373,550.0990406334373,555.8593735265733,559.5045059363787,559.5045059363787,0.0,0.0,0.0,0.0,0.0,development_exploratory_not_untouched_final
2022-02-27T20:00:00,od_07,walking,1.0,walking-1,36.12094162904502,37.12094162904502,4,False,walking-1,walking-1,False,36.12094162904502,36.12094162904502,555.8593735265733,550.0990406334373,550.0990406334373,555.8593735265733,559.5045059363787,559.5045059363787,0.0,0.0,0.0,0.0,0.0,development_exploratory_not_untouched_final
2022-02-27T20:00:00,od_07,walking,2.0,walking-1,36.12094162904502,38.12094162904502,4,False,walking-1,walking-1,False,36.12094162904502,36.12094162904502,555.8593735265733,550.0990406334373,550.0990406334373,555.8593735265733,559.5045059363787,559.5045059363787,0.0,0.0,0.0,0.0,0.0,development_exploratory_not_untouched_final
2022-02-27T20:00:00,od_07,walking,3.0,walking-1,36.12094162904502,39.12094162904502,4,False,walking-1,walking-1,False,36.12094162904502,36.12094162904502,555.8593735265733,550.0990406334373,550.0990406334373,555.8593735265733,559.5045059363787,559.5045059363787,0.0,0.0,0.0,0.0,0.0,development_exploratory_not_untouched_final
2022-02-27T20:00:00,od_07,walking,5.0,walking-1,36.12094162904502,41.12094162904502,4,False,walking-1,walking-1,False,36.12094162904502,36.12094162904502,555.8593735265733,550.0990406334373,550.0990406334373,555.8593735265733,559.5045059363787,559.5045059363787,0.0,0.0,0.0,0.0,0.0,development_exploratory_not_untouched_final
2022-02-27T20:00:00,od_07,walking,10.0,walking-1,36.12094162904502,46.12094162904502,4,False,walking-1,walking-1,False,36.12094162904502,36.12094162904502,555.8593735265733,550.0990406334373,550.0990406334373,555.8593735265733,559.5045059363787,559.5045059363787,0.0,0.0,0.0,0.0,0.0,development_exploratory_not_untouched_final
2022-02-27T20:00:00,od_08,motorbike,0.0,motorbike-1,16.700945583245588,16.700945583245588,1,True,motorbike-1,motorbike-1,False,16.700945583245588,16.700945583245588,249.18418226378094,247.00534533795863,247.00534533795863,249.18418226378094,255.5906322610023,255.5906322610023,0.0,0.0,0.0,0.0,0.0,development_exploratory_not_untouched_final
2022-02-27T20:00:00,od_08,motorbike,1.0,motorbike-1,16.700945583245588,17.700945583245588,2,False,motorbike-1,motorbike-1,False,16.700945583245588,16.700945583245588,249.18418226378094,247.00534533795863,247.00534533795863,249.18418226378094,255.5906322610023,255.5906322610023,0.0,0.0,0.0,0.0,0.0,development_exploratory_not_untouched_final
2022-02-27T20:00:00,od_08,motorbike,2.0,motorbike-1,16.700945583245588,18.700945583245588,4,False,motorbike-1,motorbike-1,False,16.700945583245588,16.700945583245588,249.18418226378094,247.00534533795863,247.00534533795863,249.18418226378094,255.5906322610023,255.5906322610023,0.0,0.0,0.0,0.0,0.0,development_exploratory_not_untouched_final
2022-02-27T20:00:00,od_08,motorbike,3.0,motorbike-1,16.700945583245588,19.700945583245588,4,False,motorbike-1,motorbike-1,False,16.700945583245588,16.700945583245588,249.18418226378094,247.00534533795863,247.00534533795863,249.18418226378094,255.5906322610023,255.5906322610023,0.0,0.0,0.0,0.0,0.0,development_exploratory_not_untouched_final
2022-02-27T20:00:00,od_08,motorbike,5.0,motorbike-1,16.700945583245588,21.700945583245588,6,False,motorbike-1,motorbike-1,False,16.700945583245588,16.700945583245588,249.18418226378094,247.00534533795863,247.00534533795863,249.18418226378094,255.5906322610023,255.5906322610023,0.0,0.0,0.0,0.0,0.0,development_exploratory_not_untouched_final
2022-02-27T20:00:00,od_08,motorbike,10.0,motorbike-1,16.700945583245588,26.700945583245588,8,False,motorbike-1,motorbike-1,False,16.700945583245588,16.700945583245588,249.18418226378094,247.00534533795863,247.00534533795863,249.18418226378094,255.5906322610023,255.5906322610023,0.0,0.0,0.0,0.0,0.0,development_exploratory_not_untouched_final
2022-02-27T20:00:00,od_08,walking,0.0,walking-1,82.44427460179587,82.44427460179587,1,True,walking-1,walking-1,False,82.44427460179587,82.44427460179587,1230.0198255025614,1200.821194422674,1200.821194422674,1230.0198255025614,1257.3651566670865,1257.3651566670865,0.0,0.0,0.0,0.0,0.0,development_exploratory_not_untouched_final
2022-02-27T20:00:00,od_08,walking,1.0,walking-1,82.44427460179587,83.44427460179587,3,False,walking-1,walking-1,False,82.44427460179587,82.44427460179587,1230.0198255025614,1200.821194422674,1200.821194422674,1230.0198255025614,1257.3651566670865,1257.3651566670865,0.0,0.0,0.0,0.0,0.0,development_exploratory_not_untouched_final
2022-02-27T20:00:00,od_08,walking,2.0,walking-1,82.44427460179587,84.44427460179587,3,False,walking-1,walking-1,False,82.44427460179587,82.44427460179587,1230.0198255025614,1200.821194422674,1200.821194422674,1230.0198255025614,1257.3651566670865,1257.3651566670865,0.0,0.0,0.0,0.0,0.0,development_exploratory_not_untouched_final
2022-02-27T20:00:00,od_08,walking,3.0,walking-1,82.44427460179587,85.44427460179587,4,False,walking-1,walking-1,False,82.44427460179587,82.44427460179587,1230.0198255025614,1200.821194422674,1200.821194422674,1230.0198255025614,1257.3651566670865,1257.3651566670865,0.0,0.0,0.0,0.0,0.0,development_exploratory_not_untouched_final
2022-02-27T20:00:00,od_08,walking,5.0,walking-1,82.44427460179587,87.44427460179587,5,False,walking-1,walking-1,False,82.44427460179587,82.44427460179587,1230.0198255025614,1200.821194422674,1200.821194422674,1230.0198255025614,1257.3651566670865,1257.3651566670865,0.0,0.0,0.0,0.0,0.0,development_exploratory_not_untouched_final
2022-02-27T20:00:00,od_08,walking,10.0,walking-1,82.44427460179587,92.44427460179587,6,False,walking-1,walking-1,False,82.44427460179587,82.44427460179587,1230.0198255025614,1200.821194422674,1200.821194422674,1230.0198255025614,1257.3651566670865,1257.3651566670865,0.0,0.0,0.0,0.0,0.0,development_exploratory_not_untouched_final
2022-02-27T20:00:00,od_09,motorbike,0.0,motorbike-1,9.921896735442521,9.921896735442521,1,True,motorbike-1,motorbike-1,False,9.921896735442521,9.921896735442521,131.9085015894693,131.20747626064434,131.20747626064434,131.9085015894693,131.70422794099773,131.70422794099773,0.0,0.0,0.0,0.0,0.0,development_exploratory_not_untouched_final
2022-02-27T20:00:00,od_09,motorbike,1.0,motorbike-1,9.921896735442521,10.921896735442521,2,False,motorbike-1,motorbike-1,False,9.921896735442521,9.921896735442521,131.9085015894693,131.20747626064434,131.20747626064434,131.9085015894693,131.70422794099773,131.70422794099773,0.0,0.0,0.0,0.0,0.0,development_exploratory_not_untouched_final
2022-02-27T20:00:00,od_09,motorbike,2.0,motorbike-1,9.921896735442521,11.921896735442521,3,False,motorbike-1,motorbike-1,False,9.921896735442521,9.921896735442521,131.9085015894693,131.20747626064434,131.20747626064434,131.9085015894693,131.70422794099773,131.70422794099773,0.0,0.0,0.0,0.0,0.0,development_exploratory_not_untouched_final
2022-02-27T20:00:00,od_09,motorbike,3.0,motorbike-1,9.921896735442521,12.921896735442521,4,False,motorbike-1,motorbike-1,False,9.921896735442521,9.921896735442521,131.9085015894693,131.20747626064434,131.20747626064434,131.9085015894693,131.70422794099773,131.70422794099773,0.0,0.0,0.0,0.0,0.0,development_exploratory_not_untouched_final
2022-02-27T20:00:00,od_09,motorbike,5.0,motorbike-1,9.921896735442521,14.921896735442521,5,False,motorbike-1,motorbike-1,False,9.921896735442521,9.921896735442521,131.9085015894693,131.20747626064434,131.20747626064434,131.9085015894693,131.70422794099773,131.70422794099773,0.0,0.0,0.0,0.0,0.0,development_exploratory_not_untouched_final
2022-02-27T20:00:00,od_09,motorbike,10.0,motorbike-1,9.921896735442521,19.921896735442523,7,False,motorbike-1,motorbike-1,False,9.921896735442521,9.921896735442521,131.9085015894693,131.20747626064434,131.20747626064434,131.9085015894693,131.70422794099773,131.70422794099773,0.0,0.0,0.0,0.0,0.0,development_exploratory_not_untouched_final
2022-02-27T20:00:00,od_09,walking,0.0,walking-1,44.57985461725738,44.57985461725738,1,True,walking-1,walking-1,False,44.57985461725738,44.57985461725738,583.3627071594807,579.8932783535037,579.8932783535037,583.3627071594807,580.4811779393467,580.4811779393467,0.0,0.0,0.0,0.0,0.0,development_exploratory_not_untouched_final
2022-02-27T20:00:00,od_09,walking,1.0,walking-1,44.57985461725738,45.57985461725738,3,False,walking-1,walking-1,False,44.57985461725738,44.57985461725738,583.3627071594807,579.8932783535037,579.8932783535037,583.3627071594807,580.4811779393467,580.4811779393467,0.0,0.0,0.0,0.0,0.0,development_exploratory_not_untouched_final
2022-02-27T20:00:00,od_09,walking,2.0,walking-1,44.57985461725738,46.57985461725738,3,False,walking-1,walking-1,False,44.57985461725738,44.57985461725738,583.3627071594807,579.8932783535037,579.8932783535037,583.3627071594807,580.4811779393467,580.4811779393467,0.0,0.0,0.0,0.0,0.0,development_exploratory_not_untouched_final
2022-02-27T20:00:00,od_09,walking,3.0,walking-1,44.57985461725738,47.57985461725738,3,False,walking-1,walking-1,False,44.57985461725738,44.57985461725738,583.3627071594807,579.8932783535037,579.8932783535037,583.3627071594807,580.4811779393467,580.4811779393467,0.0,0.0,0.0,0.0,0.0,development_exploratory_not_untouched_final
2022-02-27T20:00:00,od_09,walking,5.0,walking-1,44.57985461725738,49.57985461725738,4,False,walking-1,walking-1,False,44.57985461725738,44.57985461725738,583.3627071594807,579.8932783535037,579.8932783535037,583.3627071594807,580.4811779393467,580.4811779393467,0.0,0.0,0.0,0.0,0.0,development_exploratory_not_untouched_final
2022-02-27T20:00:00,od_09,walking,10.0,walking-1,44.57985461725738,54.57985461725738,6,False,walking-1,walking-1,False,44.57985461725738,44.57985461725738,583.3627071594807,579.8932783535037,579.8932783535037,583.3627071594807,580.4811779393467,580.4811779393467,0.0,0.0,0.0,0.0,0.0,development_exploratory_not_untouched_final
2022-02-27T20:00:00,od_10,motorbike,0.0,motorbike-1,10.045650330099813,10.045650330099813,1,True,motorbike-1,motorbike-1,False,10.045650330099813,10.045650330099813,153.9031601837611,152.4065534394281,152.4065534394281,153.9031601837611,155.36067928653765,155.36067928653765,0.0,0.0,0.0,0.0,0.0,development_exploratory_not_untouched_final
2022-02-27T20:00:00,od_10,motorbike,1.0,motorbike-1,10.045650330099813,11.045650330099813,2,False,motorbike-1,motorbike-1,False,10.045650330099813,10.045650330099813,153.9031601837611,152.4065534394281,152.4065534394281,153.9031601837611,155.36067928653765,155.36067928653765,0.0,0.0,0.0,0.0,0.0,development_exploratory_not_untouched_final
2022-02-27T20:00:00,od_10,motorbike,2.0,motorbike-1,10.045650330099813,12.045650330099813,3,False,motorbike-1,motorbike-1,False,10.045650330099813,10.045650330099813,153.9031601837611,152.4065534394281,152.4065534394281,153.9031601837611,155.36067928653765,155.36067928653765,0.0,0.0,0.0,0.0,0.0,development_exploratory_not_untouched_final
2022-02-27T20:00:00,od_10,motorbike,3.0,motorbike-1,10.045650330099813,13.045650330099813,4,False,motorbike-1,motorbike-1,False,10.045650330099813,10.045650330099813,153.9031601837611,152.4065534394281,152.4065534394281,153.9031601837611,155.36067928653765,155.36067928653765,0.0,0.0,0.0,0.0,0.0,development_exploratory_not_untouched_final
2022-02-27T20:00:00,od_10,motorbike,5.0,motorbike-1,10.045650330099813,15.045650330099813,8,False,motorbike-1,motorbike-1,False,10.045650330099813,10.045650330099813,153.9031601837611,152.4065534394281,152.4065534394281,153.9031601837611,155.36067928653765,155.36067928653765,0.0,0.0,0.0,0.0,0.0,development_exploratory_not_untouched_final
2022-02-27T20:00:00,od_10,motorbike,10.0,motorbike-1,10.045650330099813,20.04565033009981,8,False,motorbike-1,motorbike-1,False,10.045650330099813,10.045650330099813,153.9031601837611,152.4065534394281,152.4065534394281,153.9031601837611,155.36067928653765,155.36067928653765,0.0,0.0,0.0,0.0,0.0,development_exploratory_not_untouched_final
2022-02-27T20:00:00,od_10,walking,0.0,walking-1,50.22825165049906,50.22825165049906,1,True,walking-1,walking-1,False,50.22825165049906,50.22825165049906,769.5158009188054,762.0327671971406,762.0327671971406,769.5158009188054,776.8033964326879,776.8033964326879,0.0,0.0,0.0,0.0,0.0,development_exploratory_not_untouched_final
2022-02-27T20:00:00,od_10,walking,1.0,walking-1,50.22825165049906,51.22825165049906,4,False,walking-1,walking-1,False,50.22825165049906,50.22825165049906,769.5158009188054,762.0327671971406,762.0327671971406,769.5158009188054,776.8033964326879,776.8033964326879,0.0,0.0,0.0,0.0,0.0,development_exploratory_not_untouched_final
2022-02-27T20:00:00,od_10,walking,2.0,walking-1,50.22825165049906,52.22825165049906,4,False,walking-1,walking-1,False,50.22825165049906,50.22825165049906,769.5158009188054,762.0327671971406,762.0327671971406,769.5158009188054,776.8033964326879,776.8033964326879,0.0,0.0,0.0,0.0,0.0,development_exploratory_not_untouched_final
2022-02-27T20:00:00,od_10,walking,3.0,walking-1,50.22825165049906,53.22825165049906,6,False,walking-1,walking-1,False,50.22825165049906,50.22825165049906,769.5158009188054,762.0327671971406,762.0327671971406,769.5158009188054,776.8033964326879,776.8033964326879,0.0,0.0,0.0,0.0,0.0,development_exploratory_not_untouched_final
2022-02-27T20:00:00,od_10,walking,5.0,walking-1,50.22825165049906,55.22825165049906,6,False,walking-1,walking-1,False,50.22825165049906,50.22825165049906,769.5158009188054,762.0327671971406,762.0327671971406,769.5158009188054,776.8033964326879,776.8033964326879,0.0,0.0,0.0,0.0,0.0,development_exploratory_not_untouched_final
2022-02-27T20:00:00,od_10,walking,10.0,walking-1,50.22825165049906,60.22825165049906,7,False,walking-1,walking-1,False,50.22825165049906,50.22825165049906,769.5158009188054,762.0327671971406,762.0327671971406,769.5158009188054,776.8033964326879,776.8033964326879,0.0,0.0,0.0,0.0,0.0,development_exploratory_not_untouched_final
2022-02-27T20:00:00,od_11,motorbike,0.0,motorbike-1,17.571099260409287,17.571099260409287,1,True,motorbike-1,motorbike-1,False,17.571099260409287,17.571099260409287,269.16095797789785,267.4325448294525,267.4325448294525,269.16095797789785,268.946494640229,268.946494640229,0.0,0.0,0.0,0.0,0.0,development_exploratory_not_untouched_final
2022-02-27T20:00:00,od_11,motorbike,1.0,motorbike-1,17.571099260409287,18.571099260409287,2,False,motorbike-1,motorbike-1,False,17.571099260409287,17.571099260409287,269.16095797789785,267.4325448294525,267.4325448294525,269.16095797789785,268.946494640229,268.946494640229,0.0,0.0,0.0,0.0,0.0,development_exploratory_not_untouched_final
2022-02-27T20:00:00,od_11,motorbike,2.0,motorbike-1,17.571099260409287,19.571099260409287,3,False,motorbike-1,motorbike-1,False,17.571099260409287,17.571099260409287,269.16095797789785,267.4325448294525,267.4325448294525,269.16095797789785,268.946494640229,268.946494640229,0.0,0.0,0.0,0.0,0.0,development_exploratory_not_untouched_final
2022-02-27T20:00:00,od_11,motorbike,3.0,motorbike-1,17.571099260409287,20.571099260409287,3,False,motorbike-1,motorbike-1,False,17.571099260409287,17.571099260409287,269.16095797789785,267.4325448294525,267.4325448294525,269.16095797789785,268.946494640229,268.946494640229,0.0,0.0,0.0,0.0,0.0,development_exploratory_not_untouched_final
2022-02-27T20:00:00,od_11,motorbike,5.0,motorbike-1,17.571099260409287,22.571099260409287,3,False,motorbike-1,motorbike-1,False,17.571099260409287,17.571099260409287,269.16095797789785,267.4325448294525,267.4325448294525,269.16095797789785,268.946494640229,268.946494640229,0.0,0.0,0.0,0.0,0.0,development_exploratory_not_untouched_final
2022-02-27T20:00:00,od_11,motorbike,10.0,motorbike-1,17.571099260409287,27.571099260409287,6,False,motorbike-1,motorbike-1,False,17.571099260409287,17.571099260409287,269.16095797789785,267.4325448294525,267.4325448294525,269.16095797789785,268.946494640229,268.946494640229,0.0,0.0,0.0,0.0,0.0,development_exploratory_not_untouched_final
2022-02-27T20:00:00,od_11,walking,0.0,walking-1,69.59747859124312,69.59747859124312,1,True,walking-1,walking-1,False,69.59747859124312,69.59747859124312,1069.2406945766254,1053.5123372614783,1053.5123372614783,1069.2406945766254,1068.3667316308574,1068.3667316308574,0.0,0.0,0.0,0.0,0.0,development_exploratory_not_untouched_final
2022-02-27T20:00:00,od_11,walking,1.0,walking-1,69.59747859124312,70.59747859124312,6,False,walking-1,walking-1,False,69.59747859124312,69.59747859124312,1069.2406945766254,1053.5123372614783,1053.5123372614783,1069.2406945766254,1068.3667316308574,1068.3667316308574,0.0,0.0,0.0,0.0,0.0,development_exploratory_not_untouched_final
2022-02-27T20:00:00,od_11,walking,2.0,walking-1,69.59747859124312,71.59747859124312,7,False,walking-1,walking-1,False,69.59747859124312,69.59747859124312,1069.2406945766254,1053.5123372614783,1053.5123372614783,1069.2406945766254,1068.3667316308574,1068.3667316308574,0.0,0.0,0.0,0.0,0.0,development_exploratory_not_untouched_final
2022-02-27T20:00:00,od_11,walking,3.0,walking-1,69.59747859124312,72.59747859124312,7,False,walking-1,walking-1,False,69.59747859124312,69.59747859124312,1069.2406945766254,1053.5123372614783,1053.5123372614783,1069.2406945766254,1068.3667316308574,1068.3667316308574,0.0,0.0,0.0,0.0,0.0,development_exploratory_not_untouched_final
2022-02-27T20:00:00,od_11,walking,5.0,walking-1,69.59747859124312,74.59747859124312,8,False,walking-1,walking-1,False,69.59747859124312,69.59747859124312,1069.2406945766254,1053.5123372614783,1053.5123372614783,1069.2406945766254,1068.3667316308574,1068.3667316308574,0.0,0.0,0.0,0.0,0.0,development_exploratory_not_untouched_final
2022-02-27T20:00:00,od_11,walking,10.0,walking-1,69.59747859124312,79.59747859124312,8,False,walking-1,walking-1,False,69.59747859124312,69.59747859124312,1069.2406945766254,1053.5123372614783,1053.5123372614783,1069.2406945766254,1068.3667316308574,1068.3667316308574,0.0,0.0,0.0,0.0,0.0,development_exploratory_not_untouched_final
2022-02-27T20:00:00,od_12,motorbike,0.0,motorbike-1,11.041975489410948,11.041975489410948,1,True,motorbike-1,motorbike-1,False,11.041975489410948,11.041975489410948,162.03014021417022,161.35179712422666,161.35179712422666,162.03014021417022,165.00756505466268,165.00756505466268,0.0,0.0,0.0,0.0,0.0,development_exploratory_not_untouched_final
2022-02-27T20:00:00,od_12,motorbike,1.0,motorbike-1,11.041975489410948,12.041975489410948,2,False,motorbike-1,motorbike-1,False,11.041975489410948,11.041975489410948,162.03014021417022,161.35179712422666,161.35179712422666,162.03014021417022,165.00756505466268,165.00756505466268,0.0,0.0,0.0,0.0,0.0,development_exploratory_not_untouched_final
2022-02-27T20:00:00,od_12,motorbike,2.0,motorbike-1,11.041975489410948,13.041975489410948,2,False,motorbike-1,motorbike-1,False,11.041975489410948,11.041975489410948,162.03014021417022,161.35179712422666,161.35179712422666,162.03014021417022,165.00756505466268,165.00756505466268,0.0,0.0,0.0,0.0,0.0,development_exploratory_not_untouched_final
2022-02-27T20:00:00,od_12,motorbike,3.0,motorbike-1,11.041975489410948,14.041975489410948,3,False,motorbike-1,motorbike-1,False,11.041975489410948,11.041975489410948,162.03014021417022,161.35179712422666,161.35179712422666,162.03014021417022,165.00756505466268,165.00756505466268,0.0,0.0,0.0,0.0,0.0,development_exploratory_not_untouched_final
2022-02-27T20:00:00,od_12,motorbike,5.0,motorbike-1,11.041975489410948,16.041975489410948,4,False,motorbike-1,motorbike-1,False,11.041975489410948,11.041975489410948,162.03014021417022,161.35179712422666,161.35179712422666,162.03014021417022,165.00756505466268,165.00756505466268,0.0,0.0,0.0,0.0,0.0,development_exploratory_not_untouched_final
2022-02-27T20:00:00,od_12,motorbike,10.0,motorbike-1,11.041975489410948,21.041975489410948,7,False,motorbike-1,motorbike-1,False,11.041975489410948,11.041975489410948,162.03014021417022,161.35179712422666,161.35179712422666,162.03014021417022,165.00756505466268,165.00756505466268,0.0,0.0,0.0,0.0,0.0,development_exploratory_not_untouched_final
2022-02-27T20:00:00,od_12,walking,0.0,walking-1,56.64962007563846,56.64962007563846,1,True,walking-1,walking-1,False,56.64962007563846,56.64962007563846,831.7374399272691,828.6531824731966,828.6531824731966,831.7374399272691,846.6789287813205,846.6789287813205,0.0,0.0,0.0,0.0,0.0,development_exploratory_not_untouched_final
2022-02-27T20:00:00,od_12,walking,1.0,walking-1,56.64962007563846,57.64962007563846,5,False,walking-1,walking-1,False,56.64962007563846,56.64962007563846,831.7374399272691,828.6531824731966,828.6531824731966,831.7374399272691,846.6789287813205,846.6789287813205,0.0,0.0,0.0,0.0,0.0,development_exploratory_not_untouched_final
2022-02-27T20:00:00,od_12,walking,2.0,walking-1,56.64962007563846,58.64962007563846,6,False,walking-1,walking-1,False,56.64962007563846,56.64962007563846,831.7374399272691,828.6531824731966,828.6531824731966,831.7374399272691,846.6789287813205,846.6789287813205,0.0,0.0,0.0,0.0,0.0,development_exploratory_not_untouched_final
2022-02-27T20:00:00,od_12,walking,3.0,walking-1,56.64962007563846,59.64962007563846,6,False,walking-1,walking-1,False,56.64962007563846,56.64962007563846,831.7374399272691,828.6531824731966,828.6531824731966,831.7374399272691,846.6789287813205,846.6789287813205,0.0,0.0,0.0,0.0,0.0,development_exploratory_not_untouched_final
2022-02-27T20:00:00,od_12,walking,5.0,walking-1,56.64962007563846,61.64962007563846,6,False,walking-1,walking-1,False,56.64962007563846,56.64962007563846,831.7374399272691,828.6531824731966,828.6531824731966,831.7374399272691,846.6789287813205,846.6789287813205,0.0,0.0,0.0,0.0,0.0,development_exploratory_not_untouched_final
2022-02-27T20:00:00,od_12,walking,10.0,walking-1,56.64962007563846,66.64962007563847,7,False,walking-1,walking-1,False,56.64962007563846,56.64962007563846,831.7374399272691,828.6531824731966,828.6531824731966,831.7374399272691,846.6789287813205,846.6789287813205,0.0,0.0,0.0,0.0,0.0,development_exploratory_not_untouched_final
2022-02-27T20:00:00,od_13,motorbike,0.0,motorbike-1,15.733865367527278,15.733865367527278,1,True,motorbike-1,motorbike-1,False,15.733865367527278,15.733865367527278,234.1028749246723,233.9117135255916,233.9117135255916,234.1028749246723,238.87039952595833,238.87039952595833,0.0,0.0,0.0,0.0,0.0,development_exploratory_not_untouched_final
2022-02-27T20:00:00,od_13,motorbike,1.0,motorbike-1,15.733865367527278,16.73386536752728,2,False,motorbike-1,motorbike-1,False,15.733865367527278,15.733865367527278,234.1028749246723,233.9117135255916,233.9117135255916,234.1028749246723,238.87039952595833,238.87039952595833,0.0,0.0,0.0,0.0,0.0,development_exploratory_not_untouched_final
2022-02-27T20:00:00,od_13,motorbike,2.0,motorbike-1,15.733865367527278,17.73386536752728,2,False,motorbike-1,motorbike-1,False,15.733865367527278,15.733865367527278,234.1028749246723,233.9117135255916,233.9117135255916,234.1028749246723,238.87039952595833,238.87039952595833,0.0,0.0,0.0,0.0,0.0,development_exploratory_not_untouched_final
2022-02-27T20:00:00,od_13,motorbike,3.0,motorbike-1,15.733865367527278,18.73386536752728,5,False,motorbike-1,motorbike-1,False,15.733865367527278,15.733865367527278,234.1028749246723,233.9117135255916,233.9117135255916,234.1028749246723,238.87039952595833,238.87039952595833,0.0,0.0,0.0,0.0,0.0,development_exploratory_not_untouched_final
2022-02-27T20:00:00,od_13,motorbike,5.0,motorbike-1,15.733865367527278,20.73386536752728,5,False,motorbike-1,motorbike-1,False,15.733865367527278,15.733865367527278,234.1028749246723,233.9117135255916,233.9117135255916,234.1028749246723,238.87039952595833,238.87039952595833,0.0,0.0,0.0,0.0,0.0,development_exploratory_not_untouched_final
2022-02-27T20:00:00,od_13,motorbike,10.0,motorbike-1,15.733865367527278,25.73386536752728,8,False,motorbike-1,motorbike-1,False,15.733865367527278,15.733865367527278,234.1028749246723,233.9117135255916,233.9117135255916,234.1028749246723,238.87039952595833,238.87039952595833,0.0,0.0,0.0,0.0,0.0,development_exploratory_not_untouched_final
2022-02-27T20:00:00,od_13,walking,0.0,walking-1,76.21028331703089,76.21028331703089,1,True,walking-1,walking-1,False,76.21028331703089,76.21028331703089,1131.7150819352037,1119.7732257649714,1119.7732257649714,1131.7150819352037,1154.28202332221,1154.28202332221,0.0,0.0,0.0,0.0,0.0,development_exploratory_not_untouched_final
2022-02-27T20:00:00,od_13,walking,1.0,walking-1,76.21028331703089,77.21028331703089,5,False,walking-1,walking-1,False,76.21028331703089,76.21028331703089,1131.7150819352037,1119.7732257649714,1119.7732257649714,1131.7150819352037,1154.28202332221,1154.28202332221,0.0,0.0,0.0,0.0,0.0,development_exploratory_not_untouched_final
2022-02-27T20:00:00,od_13,walking,2.0,walking-1,76.21028331703089,78.21028331703089,6,False,walking-1,walking-1,False,76.21028331703089,76.21028331703089,1131.7150819352037,1119.7732257649714,1119.7732257649714,1131.7150819352037,1154.28202332221,1154.28202332221,0.0,0.0,0.0,0.0,0.0,development_exploratory_not_untouched_final
2022-02-27T20:00:00,od_13,walking,3.0,walking-1,76.21028331703089,79.21028331703089,6,False,walking-1,walking-1,False,76.21028331703089,76.21028331703089,1131.7150819352037,1119.7732257649714,1119.7732257649714,1131.7150819352037,1154.28202332221,1154.28202332221,0.0,0.0,0.0,0.0,0.0,development_exploratory_not_untouched_final
2022-02-27T20:00:00,od_13,walking,5.0,walking-1,76.21028331703089,81.21028331703089,6,False,walking-1,walking-1,False,76.21028331703089,76.21028331703089,1131.7150819352037,1119.7732257649714,1119.7732257649714,1131.7150819352037,1154.28202332221,1154.28202332221,0.0,0.0,0.0,0.0,0.0,development_exploratory_not_untouched_final
2022-02-27T20:00:00,od_13,walking,10.0,walking-1,76.21028331703089,86.21028331703089,7,False,walking-1,walking-1,False,76.21028331703089,76.21028331703089,1131.7150819352037,1119.7732257649714,1119.7732257649714,1131.7150819352037,1154.28202332221,1154.28202332221,0.0,0.0,0.0,0.0,0.0,development_exploratory_not_untouched_final
2022-02-27T20:00:00,od_14,motorbike,0.0,motorbike-1,7.225306020952647,7.225306020952647,1,True,motorbike-1,motorbike-1,False,7.225306020952647,7.225306020952647,107.79125301927544,109.7233368219971,109.7233368219971,107.79125301927544,108.96223476720458,108.96223476720458,0.0,0.0,0.0,0.0,0.0,development_exploratory_not_untouched_final
2022-02-27T20:00:00,od_14,motorbike,1.0,motorbike-1,7.225306020952647,8.225306020952647,3,False,motorbike-1,motorbike-1,False,7.225306020952647,7.225306020952647,107.79125301927544,109.7233368219971,109.7233368219971,107.79125301927544,108.96223476720458,108.96223476720458,0.0,0.0,0.0,0.0,0.0,development_exploratory_not_untouched_final
2022-02-27T20:00:00,od_14,motorbike,2.0,motorbike-1,7.225306020952647,9.225306020952647,3,False,motorbike-1,motorbike-1,False,7.225306020952647,7.225306020952647,107.79125301927544,109.7233368219971,109.7233368219971,107.79125301927544,108.96223476720458,108.96223476720458,0.0,0.0,0.0,0.0,0.0,development_exploratory_not_untouched_final
2022-02-27T20:00:00,od_14,motorbike,3.0,motorbike-1,7.225306020952647,10.225306020952647,4,False,motorbike-1,motorbike-1,False,7.225306020952647,7.225306020952647,107.79125301927544,109.7233368219971,109.7233368219971,107.79125301927544,108.96223476720458,108.96223476720458,0.0,0.0,0.0,0.0,0.0,development_exploratory_not_untouched_final
2022-02-27T20:00:00,od_14,motorbike,5.0,motorbike-1,7.225306020952647,12.225306020952647,6,False,motorbike-1,motorbike-1,False,7.225306020952647,7.225306020952647,107.79125301927544,109.7233368219971,109.7233368219971,107.79125301927544,108.96223476720458,108.96223476720458,0.0,0.0,0.0,0.0,0.0,development_exploratory_not_untouched_final
2022-02-27T20:00:00,od_14,motorbike,10.0,motorbike-1,7.225306020952647,17.225306020952647,7,False,motorbike-1,motorbike-1,False,7.225306020952647,7.225306020952647,107.79125301927544,109.7233368219971,109.7233368219971,107.79125301927544,108.96223476720458,108.96223476720458,0.0,0.0,0.0,0.0,0.0,development_exploratory_not_untouched_final
2022-02-27T20:00:00,od_14,walking,0.0,walking-1,41.39215771665848,41.39215771665848,1,True,walking-1,walking-1,False,41.39215771665848,41.39215771665848,615.381289022511,624.8351813625152,624.8351813625152,615.381289022511,621.92403879869,621.92403879869,0.0,0.0,0.0,0.0,0.0,development_exploratory_not_untouched_final
2022-02-27T20:00:00,od_14,walking,1.0,walking-1,41.39215771665848,42.39215771665848,2,False,walking-1,walking-1,False,41.39215771665848,41.39215771665848,615.381289022511,624.8351813625152,624.8351813625152,615.381289022511,621.92403879869,621.92403879869,0.0,0.0,0.0,0.0,0.0,development_exploratory_not_untouched_final
2022-02-27T20:00:00,od_14,walking,2.0,walking-1,41.39215771665848,43.39215771665848,3,False,walking-1,walking-1,False,41.39215771665848,41.39215771665848,615.381289022511,624.8351813625152,624.8351813625152,615.381289022511,621.92403879869,621.92403879869,0.0,0.0,0.0,0.0,0.0,development_exploratory_not_untouched_final
2022-02-27T20:00:00,od_14,walking,3.0,walking-1,41.39215771665848,44.39215771665848,3,False,walking-1,walking-1,False,41.39215771665848,41.39215771665848,615.381289022511,624.8351813625152,624.8351813625152,615.381289022511,621.92403879869,621.92403879869,0.0,0.0,0.0,0.0,0.0,development_exploratory_not_untouched_final
2022-02-27T20:00:00,od_14,walking,5.0,walking-1,41.39215771665848,46.39215771665848,3,False,walking-1,walking-1,False,41.39215771665848,41.39215771665848,615.381289022511,624.8351813625152,624.8351813625152,615.381289022511,621.92403879869,621.92403879869,0.0,0.0,0.0,0.0,0.0,development_exploratory_not_untouched_final
2022-02-27T20:00:00,od_14,walking,10.0,walking-1,41.39215771665848,51.39215771665848,6,False,walking-1,walking-1,False,41.39215771665848,41.39215771665848,615.381289022511,624.8351813625152,624.8351813625152,615.381289022511,621.92403879869,621.92403879869,0.0,0.0,0.0,0.0,0.0,development_exploratory_not_untouched_final
2022-02-27T20:00:00,od_15,motorbike,0.0,motorbike-1,15.834878913287358,15.834878913287358,1,True,motorbike-1,motorbike-1,False,15.834878913287358,15.834878913287358,244.1801103278537,241.84710994739882,241.84710994739882,244.1801103278537,242.9926472493725,242.9926472493725,0.0,0.0,0.0,0.0,0.0,development_exploratory_not_untouched_final
2022-02-27T20:00:00,od_15,motorbike,1.0,motorbike-1,15.834878913287358,16.83487891328736,1,True,motorbike-1,motorbike-1,False,15.834878913287358,15.834878913287358,244.1801103278537,241.84710994739882,241.84710994739882,244.1801103278537,242.9926472493725,242.9926472493725,0.0,0.0,0.0,0.0,0.0,development_exploratory_not_untouched_final
2022-02-27T20:00:00,od_15,motorbike,2.0,motorbike-1,15.834878913287358,17.83487891328736,2,False,motorbike-1,motorbike-1,False,15.834878913287358,15.834878913287358,244.1801103278537,241.84710994739882,241.84710994739882,244.1801103278537,242.9926472493725,242.9926472493725,0.0,0.0,0.0,0.0,0.0,development_exploratory_not_untouched_final
2022-02-27T20:00:00,od_15,motorbike,3.0,motorbike-1,15.834878913287358,18.83487891328736,2,False,motorbike-1,motorbike-1,False,15.834878913287358,15.834878913287358,244.1801103278537,241.84710994739882,241.84710994739882,244.1801103278537,242.9926472493725,242.9926472493725,0.0,0.0,0.0,0.0,0.0,development_exploratory_not_untouched_final
2022-02-27T20:00:00,od_15,motorbike,5.0,motorbike-1,15.834878913287358,20.83487891328736,5,False,motorbike-1,motorbike-1,False,15.834878913287358,15.834878913287358,244.1801103278537,241.84710994739882,241.84710994739882,244.1801103278537,242.9926472493725,242.9926472493725,0.0,0.0,0.0,0.0,0.0,development_exploratory_not_untouched_final
2022-02-27T20:00:00,od_15,motorbike,10.0,motorbike-1,15.834878913287358,25.83487891328736,7,False,motorbike-1,motorbike-1,False,15.834878913287358,15.834878913287358,244.1801103278537,241.84710994739882,241.84710994739882,244.1801103278537,242.9926472493725,242.9926472493725,0.0,0.0,0.0,0.0,0.0,development_exploratory_not_untouched_final
2022-02-27T20:00:00,od_15,walking,0.0,walking-1,66.44032632866953,66.44032632866953,1,True,walking-1,walking-1,False,66.44032632866953,66.44032632866953,1020.3237362257537,1006.2210668585045,1006.2210668585045,1020.3237362257537,1019.2309767799958,1019.2309767799958,0.0,0.0,0.0,0.0,0.0,development_exploratory_not_untouched_final
2022-02-27T20:00:00,od_15,walking,1.0,walking-1,66.44032632866953,67.44032632866953,7,False,walking-1,walking-1,False,66.44032632866953,66.44032632866953,1020.3237362257537,1006.2210668585045,1006.2210668585045,1020.3237362257537,1019.2309767799958,1019.2309767799958,0.0,0.0,0.0,0.0,0.0,development_exploratory_not_untouched_final
2022-02-27T20:00:00,od_15,walking,2.0,walking-1,66.44032632866953,68.44032632866953,7,False,walking-1,walking-1,False,66.44032632866953,66.44032632866953,1020.3237362257537,1006.2210668585045,1006.2210668585045,1020.3237362257537,1019.2309767799958,1019.2309767799958,0.0,0.0,0.0,0.0,0.0,development_exploratory_not_untouched_final
2022-02-27T20:00:00,od_15,walking,3.0,walking-1,66.44032632866953,69.44032632866953,7,False,walking-1,walking-1,False,66.44032632866953,66.44032632866953,1020.3237362257537,1006.2210668585045,1006.2210668585045,1020.3237362257537,1019.2309767799958,1019.2309767799958,0.0,0.0,0.0,0.0,0.0,development_exploratory_not_untouched_final
2022-02-27T20:00:00,od_15,walking,5.0,walking-1,66.44032632866953,71.44032632866953,7,False,walking-1,walking-1,False,66.44032632866953,66.44032632866953,1020.3237362257537,1006.2210668585045,1006.2210668585045,1020.3237362257537,1019.2309767799958,1019.2309767799958,0.0,0.0,0.0,0.0,0.0,development_exploratory_not_untouched_final
2022-02-27T20:00:00,od_15,walking,10.0,walking-1,66.44032632866953,76.44032632866953,7,False,walking-1,walking-1,False,66.44032632866953,66.44032632866953,1020.3237362257537,1006.2210668585045,1006.2210668585045,1020.3237362257537,1019.2309767799958,1019.2309767799958,0.0,0.0,0.0,0.0,0.0,development_exploratory_not_untouched_final
2022-02-27T20:00:00,od_16,motorbike,0.0,motorbike-1,8.443854355792814,8.443854355792814,1,True,motorbike-1,motorbike-1,False,8.443854355792814,8.443854355792814,131.53086386037205,130.1250939240032,130.1250939240032,131.53086386037205,129.52550782294978,129.52550782294978,0.0,0.0,0.0,0.0,0.0,development_exploratory_not_untouched_final
2022-02-27T20:00:00,od_16,motorbike,1.0,motorbike-1,8.443854355792814,9.443854355792814,3,False,motorbike-1,motorbike-1,False,8.443854355792814,8.443854355792814,131.53086386037205,130.1250939240032,130.1250939240032,131.53086386037205,129.52550782294978,129.52550782294978,0.0,0.0,0.0,0.0,0.0,development_exploratory_not_untouched_final
2022-02-27T20:00:00,od_16,motorbike,2.0,motorbike-1,8.443854355792814,10.443854355792814,5,False,motorbike-1,motorbike-1,False,8.443854355792814,8.443854355792814,131.53086386037205,130.1250939240032,130.1250939240032,131.53086386037205,129.52550782294978,129.52550782294978,0.0,0.0,0.0,0.0,0.0,development_exploratory_not_untouched_final
2022-02-27T20:00:00,od_16,motorbike,3.0,motorbike-1,8.443854355792814,11.443854355792814,6,False,motorbike-1,motorbike-1,False,8.443854355792814,8.443854355792814,131.53086386037205,130.1250939240032,130.1250939240032,131.53086386037205,129.52550782294978,129.52550782294978,0.0,0.0,0.0,0.0,0.0,development_exploratory_not_untouched_final
2022-02-27T20:00:00,od_16,motorbike,5.0,motorbike-1,8.443854355792814,13.443854355792814,7,False,motorbike-1,motorbike-1,False,8.443854355792814,8.443854355792814,131.53086386037205,130.1250939240032,130.1250939240032,131.53086386037205,129.52550782294978,129.52550782294978,0.0,0.0,0.0,0.0,0.0,development_exploratory_not_untouched_final
2022-02-27T20:00:00,od_16,motorbike,10.0,motorbike-1,8.443854355792814,18.443854355792816,8,False,motorbike-1,motorbike-1,False,8.443854355792814,8.443854355792814,131.53086386037205,130.1250939240032,130.1250939240032,131.53086386037205,129.52550782294978,129.52550782294978,0.0,0.0,0.0,0.0,0.0,development_exploratory_not_untouched_final
2022-02-27T20:00:00,od_16,walking,0.0,walking-1,42.321031780608884,42.321031780608884,1,True,walking-1,walking-1,False,42.321031780608884,42.321031780608884,659.2864334686307,652.2300412524895,652.2300412524895,659.2864334686307,649.2019195036354,649.2019195036354,0.0,0.0,0.0,0.0,0.0,development_exploratory_not_untouched_final
2022-02-27T20:00:00,od_16,walking,1.0,walking-1,42.321031780608884,43.321031780608884,2,False,walking-1,walking-1,False,42.321031780608884,42.321031780608884,659.2864334686307,652.2300412524895,652.2300412524895,659.2864334686307,649.2019195036354,649.2019195036354,0.0,0.0,0.0,0.0,0.0,development_exploratory_not_untouched_final
2022-02-27T20:00:00,od_16,walking,2.0,walking-1,42.321031780608884,44.321031780608884,2,False,walking-1,walking-1,False,42.321031780608884,42.321031780608884,659.2864334686307,652.2300412524895,652.2300412524895,659.2864334686307,649.2019195036354,649.2019195036354,0.0,0.0,0.0,0.0,0.0,development_exploratory_not_untouched_final
2022-02-27T20:00:00,od_16,walking,3.0,walking-1,42.321031780608884,45.321031780608884,3,False,walking-1,walking-1,False,42.321031780608884,42.321031780608884,659.2864334686307,652.2300412524895,652.2300412524895,659.2864334686307,649.2019195036354,649.2019195036354,0.0,0.0,0.0,0.0,0.0,development_exploratory_not_untouched_final
2022-02-27T20:00:00,od_16,walking,5.0,walking-1,42.321031780608884,47.321031780608884,3,False,walking-1,walking-1,False,42.321031780608884,42.321031780608884,659.2864334686307,652.2300412524895,652.2300412524895,659.2864334686307,649.2019195036354,649.2019195036354,0.0,0.0,0.0,0.0,0.0,development_exploratory_not_untouched_final
2022-02-27T20:00:00,od_16,walking,10.0,walking-1,42.321031780608884,52.321031780608884,4,False,walking-1,walking-1,False,42.321031780608884,42.321031780608884,659.2864334686307,652.2300412524895,652.2300412524895,659.2864334686307,649.2019195036354,649.2019195036354,0.0,0.0,0.0,0.0,0.0,development_exploratory_not_untouched_final
2022-02-27T20:00:00,od_17,motorbike,0.0,motorbike-1,7.441035707268513,7.441035707268513,1,True,motorbike-1,motorbike-1,False,7.441035707268513,7.441035707268513,109.98014008477065,111.77904607568726,111.77904607568726,109.98014008477065,111.21241477366868,111.21241477366868,0.0,0.0,0.0,0.0,0.0,development_exploratory_not_untouched_final
2022-02-27T20:00:00,od_17,motorbike,1.0,motorbike-1,7.441035707268513,8.441035707268513,2,False,motorbike-1,motorbike-1,False,7.441035707268513,7.441035707268513,109.98014008477065,111.77904607568726,111.77904607568726,109.98014008477065,111.21241477366868,111.21241477366868,0.0,0.0,0.0,0.0,0.0,development_exploratory_not_untouched_final
2022-02-27T20:00:00,od_17,motorbike,2.0,motorbike-1,7.441035707268513,9.441035707268513,4,False,motorbike-1,motorbike-1,False,7.441035707268513,7.441035707268513,109.98014008477065,111.77904607568726,111.77904607568726,109.98014008477065,111.21241477366868,111.21241477366868,0.0,0.0,0.0,0.0,0.0,development_exploratory_not_untouched_final
2022-02-27T20:00:00,od_17,motorbike,3.0,motorbike-1,7.441035707268513,10.441035707268513,5,False,motorbike-1,motorbike-1,False,7.441035707268513,7.441035707268513,109.98014008477065,111.77904607568726,111.77904607568726,109.98014008477065,111.21241477366868,111.21241477366868,0.0,0.0,0.0,0.0,0.0,development_exploratory_not_untouched_final
2022-02-27T20:00:00,od_17,motorbike,5.0,motorbike-1,7.441035707268513,12.441035707268513,8,False,motorbike-1,motorbike-1,False,7.441035707268513,7.441035707268513,109.98014008477065,111.77904607568726,111.77904607568726,109.98014008477065,111.21241477366868,111.21241477366868,0.0,0.0,0.0,0.0,0.0,development_exploratory_not_untouched_final
2022-02-27T20:00:00,od_17,motorbike,10.0,motorbike-1,7.441035707268513,17.44103570726851,8,False,motorbike-1,motorbike-1,False,7.441035707268513,7.441035707268513,109.98014008477065,111.77904607568726,111.77904607568726,109.98014008477065,111.21241477366868,111.21241477366868,0.0,0.0,0.0,0.0,0.0,development_exploratory_not_untouched_final
2022-02-27T20:00:00,od_17,walking,0.0,walking-1,34.43480932707909,34.43480932707909,1,True,walking-1,walking-1,False,34.43480932707909,34.43480932707909,509.6456201692088,518.411765804504,518.411765804504,509.6456201692088,515.396477140315,515.396477140315,0.0,0.0,0.0,0.0,0.0,development_exploratory_not_untouched_final
2022-02-27T20:00:00,od_17,walking,1.0,walking-1,34.43480932707909,35.43480932707909,1,True,walking-1,walking-1,False,34.43480932707909,34.43480932707909,509.6456201692088,518.411765804504,518.411765804504,509.6456201692088,515.396477140315,515.396477140315,0.0,0.0,0.0,0.0,0.0,development_exploratory_not_untouched_final
2022-02-27T20:00:00,od_17,walking,2.0,walking-1,34.43480932707909,36.43480932707909,1,True,walking-1,walking-1,False,34.43480932707909,34.43480932707909,509.6456201692088,518.411765804504,518.411765804504,509.6456201692088,515.396477140315,515.396477140315,0.0,0.0,0.0,0.0,0.0,development_exploratory_not_untouched_final
2022-02-27T20:00:00,od_17,walking,3.0,walking-1,34.43480932707909,37.43480932707909,2,False,walking-1,walking-1,False,34.43480932707909,34.43480932707909,509.6456201692088,518.411765804504,518.411765804504,509.6456201692088,515.396477140315,515.396477140315,0.0,0.0,0.0,0.0,0.0,development_exploratory_not_untouched_final
2022-02-27T20:00:00,od_17,walking,5.0,walking-1,34.43480932707909,39.43480932707909,2,False,walking-1,walking-1,False,34.43480932707909,34.43480932707909,509.6456201692088,518.411765804504,518.411765804504,509.6456201692088,515.396477140315,515.396477140315,0.0,0.0,0.0,0.0,0.0,development_exploratory_not_untouched_final
2022-02-27T20:00:00,od_17,walking,10.0,walking-1,34.43480932707909,44.43480932707909,5,False,walking-1,walking-1,False,34.43480932707909,34.43480932707909,509.6456201692088,518.411765804504,518.411765804504,509.6456201692088,515.396477140315,515.396477140315,0.0,0.0,0.0,0.0,0.0,development_exploratory_not_untouched_final
2022-02-27T20:00:00,od_18,motorbike,0.0,motorbike-1,12.726291990935445,12.726291990935445,1,True,motorbike-1,motorbike-1,False,12.726291990935445,12.726291990935445,195.26303259564344,192.92383965772615,192.92383965772615,195.26303259564344,197.92141429044767,197.92141429044767,0.0,0.0,0.0,0.0,0.0,development_exploratory_not_untouched_final
2022-02-27T20:00:00,od_18,motorbike,1.0,motorbike-1,12.726291990935445,13.726291990935445,2,False,motorbike-1,motorbike-1,False,12.726291990935445,12.726291990935445,195.26303259564344,192.92383965772615,192.92383965772615,195.26303259564344,197.92141429044767,197.92141429044767,0.0,0.0,0.0,0.0,0.0,development_exploratory_not_untouched_final
2022-02-27T20:00:00,od_18,motorbike,2.0,motorbike-1,12.726291990935445,14.726291990935445,3,False,motorbike-1,motorbike-1,False,12.726291990935445,12.726291990935445,195.26303259564344,192.92383965772615,192.92383965772615,195.26303259564344,197.92141429044767,197.92141429044767,0.0,0.0,0.0,0.0,0.0,development_exploratory_not_untouched_final
2022-02-27T20:00:00,od_18,motorbike,3.0,motorbike-1,12.726291990935445,15.726291990935445,3,False,motorbike-1,motorbike-1,False,12.726291990935445,12.726291990935445,195.26303259564344,192.92383965772615,192.92383965772615,195.26303259564344,197.92141429044767,197.92141429044767,0.0,0.0,0.0,0.0,0.0,development_exploratory_not_untouched_final
2022-02-27T20:00:00,od_18,motorbike,5.0,motorbike-1,12.726291990935445,17.726291990935444,6,False,motorbike-1,motorbike-1,False,12.726291990935445,12.726291990935445,195.26303259564344,192.92383965772615,192.92383965772615,195.26303259564344,197.92141429044767,197.92141429044767,0.0,0.0,0.0,0.0,0.0,development_exploratory_not_untouched_final
2022-02-27T20:00:00,od_18,motorbike,10.0,motorbike-1,12.726291990935445,22.726291990935444,8,False,motorbike-1,motorbike-1,False,12.726291990935445,12.726291990935445,195.26303259564344,192.92383965772615,192.92383965772615,195.26303259564344,197.92141429044767,197.92141429044767,0.0,0.0,0.0,0.0,0.0,development_exploratory_not_untouched_final
2022-02-27T20:00:00,od_18,walking,0.0,walking-1,63.63145995467723,63.63145995467723,1,True,walking-1,walking-1,False,63.63145995467723,63.63145995467723,976.3151629782175,961.9976953527816,961.9976953527816,976.3151629782175,988.9796582708852,988.9796582708852,0.0,0.0,0.0,0.0,0.0,development_exploratory_not_untouched_final
2022-02-27T20:00:00,od_18,walking,1.0,walking-1,63.63145995467723,64.63145995467724,5,False,walking-1,walking-1,False,63.63145995467723,63.63145995467723,976.3151629782175,961.9976953527816,961.9976953527816,976.3151629782175,988.9796582708852,988.9796582708852,0.0,0.0,0.0,0.0,0.0,development_exploratory_not_untouched_final
2022-02-27T20:00:00,od_18,walking,2.0,walking-1,63.63145995467723,65.63145995467724,6,False,walking-1,walking-1,False,63.63145995467723,63.63145995467723,976.3151629782175,961.9976953527816,961.9976953527816,976.3151629782175,988.9796582708852,988.9796582708852,0.0,0.0,0.0,0.0,0.0,development_exploratory_not_untouched_final
2022-02-27T20:00:00,od_18,walking,3.0,walking-1,63.63145995467723,66.63145995467724,6,False,walking-1,walking-1,False,63.63145995467723,63.63145995467723,976.3151629782175,961.9976953527816,961.9976953527816,976.3151629782175,988.9796582708852,988.9796582708852,0.0,0.0,0.0,0.0,0.0,development_exploratory_not_untouched_final
2022-02-27T20:00:00,od_18,walking,5.0,walking-1,63.63145995467723,68.63145995467724,6,False,walking-1,walking-1,False,63.63145995467723,63.63145995467723,976.3151629782175,961.9976953527816,961.9976953527816,976.3151629782175,988.9796582708852,988.9796582708852,0.0,0.0,0.0,0.0,0.0,development_exploratory_not_untouched_final
2022-02-27T20:00:00,od_18,walking,10.0,walking-1,63.63145995467723,73.63145995467724,8,False,walking-1,walking-1,False,63.63145995467723,63.63145995467723,976.3151629782175,961.9976953527816,961.9976953527816,976.3151629782175,988.9796582708852,988.9796582708852,0.0,0.0,0.0,0.0,0.0,development_exploratory_not_untouched_final
2022-02-27T20:00:00,od_19,motorbike,0.0,motorbike-1,10.685350920074288,10.685350920074288,1,True,motorbike-1,motorbike-1,False,10.685350920074288,10.685350920074288,161.47905666588215,159.9803532073592,159.9803532073592,161.47905666588215,164.8551998477215,164.8551998477215,0.0,0.0,0.0,0.0,0.0,development_exploratory_not_untouched_final
2022-02-27T20:00:00,od_19,motorbike,1.0,motorbike-1,10.685350920074288,11.685350920074288,2,False,motorbike-1,motorbike-1,False,10.685350920074288,10.685350920074288,161.47905666588215,159.9803532073592,159.9803532073592,161.47905666588215,164.8551998477215,164.8551998477215,0.0,0.0,0.0,0.0,0.0,development_exploratory_not_untouched_final
2022-02-27T20:00:00,od_19,motorbike,2.0,motorbike-1,10.685350920074288,12.685350920074288,4,False,motorbike-1,motorbike-1,False,10.685350920074288,10.685350920074288,161.47905666588215,159.9803532073592,159.9803532073592,161.47905666588215,164.8551998477215,164.8551998477215,0.0,0.0,0.0,0.0,0.0,development_exploratory_not_untouched_final
2022-02-27T20:00:00,od_19,motorbike,3.0,motorbike-1,10.685350920074288,13.685350920074288,4,False,motorbike-1,motorbike-1,False,10.685350920074288,10.685350920074288,161.47905666588215,159.9803532073592,159.9803532073592,161.47905666588215,164.8551998477215,164.8551998477215,0.0,0.0,0.0,0.0,0.0,development_exploratory_not_untouched_final
2022-02-27T20:00:00,od_19,motorbike,5.0,motorbike-1,10.685350920074288,15.685350920074288,6,False,motorbike-1,motorbike-1,False,10.685350920074288,10.685350920074288,161.47905666588215,159.9803532073592,159.9803532073592,161.47905666588215,164.8551998477215,164.8551998477215,0.0,0.0,0.0,0.0,0.0,development_exploratory_not_untouched_final
2022-02-27T20:00:00,od_19,motorbike,10.0,motorbike-1,10.685350920074288,20.68535092007429,8,False,motorbike-1,motorbike-1,False,10.685350920074288,10.685350920074288,161.47905666588215,159.9803532073592,159.9803532073592,161.47905666588215,164.8551998477215,164.8551998477215,0.0,0.0,0.0,0.0,0.0,development_exploratory_not_untouched_final
2022-02-27T20:00:00,od_19,walking,0.0,walking-1,53.016329309640604,53.016329309640604,1,True,walking-1,walking-1,False,53.016329309640604,53.016329309640604,801.2265628663936,793.7881663360339,793.7881663360339,801.2265628663936,817.980486695653,817.980486695653,0.0,0.0,0.0,0.0,0.0,development_exploratory_not_untouched_final
2022-02-27T20:00:00,od_19,walking,1.0,walking-1,53.016329309640604,54.016329309640604,4,False,walking-1,walking-1,False,53.016329309640604,53.016329309640604,801.2265628663936,793.7881663360339,793.7881663360339,801.2265628663936,817.980486695653,817.980486695653,0.0,0.0,0.0,0.0,0.0,development_exploratory_not_untouched_final
2022-02-27T20:00:00,od_19,walking,2.0,walking-1,53.016329309640604,55.016329309640604,4,False,walking-1,walking-1,False,53.016329309640604,53.016329309640604,801.2265628663936,793.7881663360339,793.7881663360339,801.2265628663936,817.980486695653,817.980486695653,0.0,0.0,0.0,0.0,0.0,development_exploratory_not_untouched_final
2022-02-27T20:00:00,od_19,walking,3.0,walking-1,53.016329309640604,56.016329309640604,4,False,walking-1,walking-1,False,53.016329309640604,53.016329309640604,801.2265628663936,793.7881663360339,793.7881663360339,801.2265628663936,817.980486695653,817.980486695653,0.0,0.0,0.0,0.0,0.0,development_exploratory_not_untouched_final
2022-02-27T20:00:00,od_19,walking,5.0,walking-1,53.016329309640604,58.016329309640604,6,False,walking-1,walking-1,False,53.016329309640604,53.016329309640604,801.2265628663936,793.7881663360339,793.7881663360339,801.2265628663936,817.980486695653,817.980486695653,0.0,0.0,0.0,0.0,0.0,development_exploratory_not_untouched_final
2022-02-27T20:00:00,od_19,walking,10.0,walking-1,53.016329309640604,63.016329309640604,7,False,walking-1,walking-1,False,53.016329309640604,53.016329309640604,801.2265628663936,793.7881663360339,793.7881663360339,801.2265628663936,817.980486695653,817.980486695653,0.0,0.0,0.0,0.0,0.0,development_exploratory_not_untouched_final
2022-02-27T20:00:00,od_20,motorbike,0.0,motorbike-1,8.770543469520456,8.770543469520456,1,True,motorbike-1,motorbike-1,False,8.770543469520456,8.770543469520456,116.86696812263261,116.61783199030641,116.61783199030641,116.86696812263261,116.6621403703266,116.6621403703266,0.0,0.0,0.0,0.0,0.0,development_exploratory_not_untouched_final
2022-02-27T20:00:00,od_20,motorbike,1.0,motorbike-1,8.770543469520456,9.770543469520456,2,False,motorbike-1,motorbike-1,False,8.770543469520456,8.770543469520456,116.86696812263261,116.61783199030641,116.61783199030641,116.86696812263261,116.6621403703266,116.6621403703266,0.0,0.0,0.0,0.0,0.0,development_exploratory_not_untouched_final
2022-02-27T20:00:00,od_20,motorbike,2.0,motorbike-1,8.770543469520456,10.770543469520456,3,False,motorbike-1,motorbike-1,False,8.770543469520456,8.770543469520456,116.86696812263261,116.61783199030641,116.61783199030641,116.86696812263261,116.6621403703266,116.6621403703266,0.0,0.0,0.0,0.0,0.0,development_exploratory_not_untouched_final
2022-02-27T20:00:00,od_20,motorbike,3.0,motorbike-1,8.770543469520456,11.770543469520456,3,False,motorbike-1,motorbike-1,False,8.770543469520456,8.770543469520456,116.86696812263261,116.61783199030641,116.61783199030641,116.86696812263261,116.6621403703266,116.6621403703266,0.0,0.0,0.0,0.0,0.0,development_exploratory_not_untouched_final
2022-02-27T20:00:00,od_20,motorbike,5.0,motorbike-1,8.770543469520456,13.770543469520456,5,False,motorbike-1,motorbike-1,False,8.770543469520456,8.770543469520456,116.86696812263261,116.61783199030641,116.61783199030641,116.86696812263261,116.6621403703266,116.6621403703266,0.0,0.0,0.0,0.0,0.0,development_exploratory_not_untouched_final
2022-02-27T20:00:00,od_20,motorbike,10.0,motorbike-1,8.770543469520456,18.770543469520454,7,False,motorbike-1,motorbike-1,False,8.770543469520456,8.770543469520456,116.86696812263261,116.61783199030641,116.61783199030641,116.86696812263261,116.6621403703266,116.6621403703266,0.0,0.0,0.0,0.0,0.0,development_exploratory_not_untouched_final
2022-02-27T20:00:00,od_20,walking,0.0,walking-1,46.44827166644704,46.44827166644704,1,True,walking-1,walking-1,False,46.44827166644704,46.44827166644704,619.3215735691973,617.6786985405346,617.6786985405346,619.3215735691973,618.4588677064626,618.4588677064626,0.0,0.0,0.0,0.0,0.0,development_exploratory_not_untouched_final
2022-02-27T20:00:00,od_20,walking,1.0,walking-1,46.44827166644704,47.44827166644704,5,False,walking-1,walking-1,False,46.44827166644704,46.44827166644704,619.3215735691973,617.6786985405346,617.6786985405346,619.3215735691973,618.4588677064626,618.4588677064626,0.0,0.0,0.0,0.0,0.0,development_exploratory_not_untouched_final
2022-02-27T20:00:00,od_20,walking,2.0,walking-1,46.44827166644704,48.44827166644704,5,False,walking-1,walking-1,False,46.44827166644704,46.44827166644704,619.3215735691973,617.6786985405346,617.6786985405346,619.3215735691973,618.4588677064626,618.4588677064626,0.0,0.0,0.0,0.0,0.0,development_exploratory_not_untouched_final
2022-02-27T20:00:00,od_20,walking,3.0,walking-1,46.44827166644704,49.44827166644704,5,False,walking-1,walking-1,False,46.44827166644704,46.44827166644704,619.3215735691973,617.6786985405346,617.6786985405346,619.3215735691973,618.4588677064626,618.4588677064626,0.0,0.0,0.0,0.0,0.0,development_exploratory_not_untouched_final
2022-02-27T20:00:00,od_20,walking,5.0,walking-1,46.44827166644704,51.44827166644704,5,False,walking-1,walking-1,False,46.44827166644704,46.44827166644704,619.3215735691973,617.6786985405346,617.6786985405346,619.3215735691973,618.4588677064626,618.4588677064626,0.0,0.0,0.0,0.0,0.0,development_exploratory_not_untouched_final
2022-02-27T20:00:00,od_20,walking,10.0,walking-1,46.44827166644704,56.44827166644704,6,False,walking-1,walking-1,False,46.44827166644704,46.44827166644704,619.3215735691973,617.6786985405346,617.6786985405346,619.3215735691973,618.4588677064626,618.4588677064626,0.0,0.0,0.0,0.0,0.0,development_exploratory_not_untouched_final
2022-02-27T20:00:00,od_21,motorbike,0.0,motorbike-1,9.04935995112664,9.04935995112664,1,True,motorbike-1,motorbike-1,False,9.04935995112664,9.04935995112664,133.90657133391588,133.39909311660105,133.39909311660105,133.90657133391588,136.22400154994324,136.22400154994324,0.0,0.0,0.0,0.0,0.0,development_exploratory_not_untouched_final
2022-02-27T20:00:00,od_21,motorbike,1.0,motorbike-1,9.04935995112664,10.04935995112664,3,False,motorbike-1,motorbike-1,False,9.04935995112664,9.04935995112664,133.90657133391588,133.39909311660105,133.39909311660105,133.90657133391588,136.22400154994324,136.22400154994324,0.0,0.0,0.0,0.0,0.0,development_exploratory_not_untouched_final
2022-02-27T20:00:00,od_21,motorbike,2.0,motorbike-1,9.04935995112664,11.04935995112664,4,False,motorbike-1,motorbike-1,False,9.04935995112664,9.04935995112664,133.90657133391588,133.39909311660105,133.39909311660105,133.90657133391588,136.22400154994324,136.22400154994324,0.0,0.0,0.0,0.0,0.0,development_exploratory_not_untouched_final
2022-02-27T20:00:00,od_21,motorbike,3.0,motorbike-1,9.04935995112664,12.04935995112664,5,False,motorbike-1,motorbike-1,False,9.04935995112664,9.04935995112664,133.90657133391588,133.39909311660105,133.39909311660105,133.90657133391588,136.22400154994324,136.22400154994324,0.0,0.0,0.0,0.0,0.0,development_exploratory_not_untouched_final
2022-02-27T20:00:00,od_21,motorbike,5.0,motorbike-1,9.04935995112664,14.04935995112664,6,False,motorbike-1,motorbike-1,False,9.04935995112664,9.04935995112664,133.90657133391588,133.39909311660105,133.39909311660105,133.90657133391588,136.22400154994324,136.22400154994324,0.0,0.0,0.0,0.0,0.0,development_exploratory_not_untouched_final
2022-02-27T20:00:00,od_21,motorbike,10.0,motorbike-1,9.04935995112664,19.04935995112664,8,False,motorbike-1,motorbike-1,False,9.04935995112664,9.04935995112664,133.90657133391588,133.39909311660105,133.39909311660105,133.90657133391588,136.22400154994324,136.22400154994324,0.0,0.0,0.0,0.0,0.0,development_exploratory_not_untouched_final
2022-02-27T20:00:00,od_21,walking,0.0,walking-1,43.87865051815163,43.87865051815163,1,True,walking-1,walking-1,False,43.87865051815163,43.87865051815163,641.9337871775222,638.3342886760706,638.3342886760706,641.9337871775222,653.672631011484,653.672631011484,0.0,0.0,0.0,0.0,0.0,development_exploratory_not_untouched_final
2022-02-27T20:00:00,od_21,walking,1.0,walking-1,43.87865051815163,44.87865051815163,2,False,walking-1,walking-1,False,43.87865051815163,43.87865051815163,641.9337871775222,638.3342886760706,638.3342886760706,641.9337871775222,653.672631011484,653.672631011484,0.0,0.0,0.0,0.0,0.0,development_exploratory_not_untouched_final
2022-02-27T20:00:00,od_21,walking,2.0,walking-1,43.87865051815163,45.87865051815163,3,False,walking-1,walking-1,False,43.87865051815163,43.87865051815163,641.9337871775222,638.3342886760706,638.3342886760706,641.9337871775222,653.672631011484,653.672631011484,0.0,0.0,0.0,0.0,0.0,development_exploratory_not_untouched_final
2022-02-27T20:00:00,od_21,walking,3.0,walking-1,43.87865051815163,46.87865051815163,3,False,walking-1,walking-1,False,43.87865051815163,43.87865051815163,641.9337871775222,638.3342886760706,638.3342886760706,641.9337871775222,653.672631011484,653.672631011484,0.0,0.0,0.0,0.0,0.0,development_exploratory_not_untouched_final
2022-02-27T20:00:00,od_21,walking,5.0,walking-1,43.87865051815163,48.87865051815163,3,False,walking-1,walking-1,False,43.87865051815163,43.87865051815163,641.9337871775222,638.3342886760706,638.3342886760706,641.9337871775222,653.672631011484,653.672631011484,0.0,0.0,0.0,0.0,0.0,development_exploratory_not_untouched_final
2022-02-27T20:00:00,od_21,walking,10.0,walking-1,43.87865051815163,53.87865051815163,5,False,walking-1,walking-1,False,43.87865051815163,43.87865051815163,641.9337871775222,638.3342886760706,638.3342886760706,641.9337871775222,653.672631011484,653.672631011484,0.0,0.0,0.0,0.0,0.0,development_exploratory_not_untouched_final
2022-02-27T20:00:00,od_22,motorbike,0.0,motorbike-1,7.015399211952966,7.015399211952966,1,True,motorbike-1,motorbike-1,False,7.015399211952966,7.015399211952966,105.12734768322154,104.55354744315486,104.55354744315486,105.12734768322154,106.27285155212472,106.27285155212472,0.0,0.0,0.0,0.0,0.0,development_exploratory_not_untouched_final
2022-02-27T20:00:00,od_22,motorbike,1.0,motorbike-1,7.015399211952966,8.015399211952966,3,False,motorbike-1,motorbike-1,False,7.015399211952966,7.015399211952966,105.12734768322154,104.55354744315486,104.55354744315486,105.12734768322154,106.27285155212472,106.27285155212472,0.0,0.0,0.0,0.0,0.0,development_exploratory_not_untouched_final
2022-02-27T20:00:00,od_22,motorbike,2.0,motorbike-1,7.015399211952966,9.015399211952966,4,False,motorbike-1,motorbike-1,False,7.015399211952966,7.015399211952966,105.12734768322154,104.55354744315486,104.55354744315486,105.12734768322154,106.27285155212472,106.27285155212472,0.0,0.0,0.0,0.0,0.0,development_exploratory_not_untouched_final
2022-02-27T20:00:00,od_22,motorbike,3.0,motorbike-1,7.015399211952966,10.015399211952966,5,False,motorbike-1,motorbike-1,False,7.015399211952966,7.015399211952966,105.12734768322154,104.55354744315486,104.55354744315486,105.12734768322154,106.27285155212472,106.27285155212472,0.0,0.0,0.0,0.0,0.0,development_exploratory_not_untouched_final
2022-02-27T20:00:00,od_22,motorbike,5.0,motorbike-1,7.015399211952966,12.015399211952966,6,False,motorbike-1,motorbike-1,False,7.015399211952966,7.015399211952966,105.12734768322154,104.55354744315486,104.55354744315486,105.12734768322154,106.27285155212472,106.27285155212472,0.0,0.0,0.0,0.0,0.0,development_exploratory_not_untouched_final
2022-02-27T20:00:00,od_22,motorbike,10.0,motorbike-1,7.015399211952966,17.015399211952968,7,False,motorbike-1,motorbike-1,False,7.015399211952966,7.015399211952966,105.12734768322154,104.55354744315486,104.55354744315486,105.12734768322154,106.27285155212472,106.27285155212472,0.0,0.0,0.0,0.0,0.0,development_exploratory_not_untouched_final
2022-02-27T20:00:00,od_22,walking,0.0,walking-1,35.07699605976483,35.07699605976483,1,True,walking-1,walking-1,False,35.07699605976483,35.07699605976483,525.6367384161077,522.7677372157744,522.7677372157744,525.6367384161077,531.3642577606237,531.3642577606237,0.0,0.0,0.0,0.0,0.0,development_exploratory_not_untouched_final
2022-02-27T20:00:00,od_22,walking,1.0,walking-1,35.07699605976483,36.07699605976483,1,True,walking-1,walking-1,False,35.07699605976483,35.07699605976483,525.6367384161077,522.7677372157744,522.7677372157744,525.6367384161077,531.3642577606237,531.3642577606237,0.0,0.0,0.0,0.0,0.0,development_exploratory_not_untouched_final
2022-02-27T20:00:00,od_22,walking,2.0,walking-1,35.07699605976483,37.07699605976483,1,True,walking-1,walking-1,False,35.07699605976483,35.07699605976483,525.6367384161077,522.7677372157744,522.7677372157744,525.6367384161077,531.3642577606237,531.3642577606237,0.0,0.0,0.0,0.0,0.0,development_exploratory_not_untouched_final
2022-02-27T20:00:00,od_22,walking,3.0,walking-1,35.07699605976483,38.07699605976483,2,False,walking-1,walking-1,False,35.07699605976483,35.07699605976483,525.6367384161077,522.7677372157744,522.7677372157744,525.6367384161077,531.3642577606237,531.3642577606237,0.0,0.0,0.0,0.0,0.0,development_exploratory_not_untouched_final
2022-02-27T20:00:00,od_22,walking,5.0,walking-1,35.07699605976483,40.07699605976483,3,False,walking-1,walking-1,False,35.07699605976483,35.07699605976483,525.6367384161077,522.7677372157744,522.7677372157744,525.6367384161077,531.3642577606237,531.3642577606237,0.0,0.0,0.0,0.0,0.0,development_exploratory_not_untouched_final
2022-02-27T20:00:00,od_22,walking,10.0,walking-1,35.07699605976483,45.07699605976483,4,False,walking-1,walking-1,False,35.07699605976483,35.07699605976483,525.6367384161077,522.7677372157744,522.7677372157744,525.6367384161077,531.3642577606237,531.3642577606237,0.0,0.0,0.0,0.0,0.0,development_exploratory_not_untouched_final
2022-02-27T20:00:00,od_23,motorbike,0.0,motorbike-1,10.555049856816883,10.555049856816883,1,True,motorbike-1,motorbike-1,False,10.555049856816883,10.555049856816883,162.92837825392328,160.56115088730508,160.56115088730508,162.92837825392328,167.95441324326734,167.95441324326734,0.0,0.0,0.0,0.0,0.0,development_exploratory_not_untouched_final
2022-02-27T20:00:00,od_23,motorbike,1.0,motorbike-1,10.555049856816883,11.555049856816883,2,False,motorbike-1,motorbike-1,False,10.555049856816883,10.555049856816883,162.92837825392328,160.56115088730508,160.56115088730508,162.92837825392328,167.95441324326734,167.95441324326734,0.0,0.0,0.0,0.0,0.0,development_exploratory_not_untouched_final
2022-02-27T20:00:00,od_23,motorbike,2.0,motorbike-1,10.555049856816883,12.555049856816883,3,False,motorbike-1,motorbike-1,False,10.555049856816883,10.555049856816883,162.92837825392328,160.56115088730508,160.56115088730508,162.92837825392328,167.95441324326734,167.95441324326734,0.0,0.0,0.0,0.0,0.0,development_exploratory_not_untouched_final
2022-02-27T20:00:00,od_23,motorbike,3.0,motorbike-1,10.555049856816883,13.555049856816883,4,False,motorbike-1,motorbike-1,False,10.555049856816883,10.555049856816883,162.92837825392328,160.56115088730508,160.56115088730508,162.92837825392328,167.95441324326734,167.95441324326734,0.0,0.0,0.0,0.0,0.0,development_exploratory_not_untouched_final
2022-02-27T20:00:00,od_23,motorbike,5.0,motorbike-1,10.555049856816883,15.555049856816883,4,False,motorbike-1,motorbike-1,False,10.555049856816883,10.555049856816883,162.92837825392328,160.56115088730508,160.56115088730508,162.92837825392328,167.95441324326734,167.95441324326734,0.0,0.0,0.0,0.0,0.0,development_exploratory_not_untouched_final
2022-02-27T20:00:00,od_23,motorbike,10.0,motorbike-1,10.555049856816883,20.555049856816883,7,False,motorbike-1,motorbike-1,False,10.555049856816883,10.555049856816883,162.92837825392328,160.56115088730508,160.56115088730508,162.92837825392328,167.95441324326734,167.95441324326734,0.0,0.0,0.0,0.0,0.0,development_exploratory_not_untouched_final
2022-02-27T20:00:00,od_23,walking,0.0,walking-1,50.65519895369051,50.65519895369051,1,True,walking-1,walking-1,False,50.65519895369051,50.65519895369051,781.958455352569,770.6834322935429,770.6834322935429,781.958455352569,805.7470751369553,805.7470751369553,0.0,0.0,0.0,0.0,0.0,development_exploratory_not_untouched_final
2022-02-27T20:00:00,od_23,walking,1.0,walking-1,50.65519895369051,51.65519895369051,5,False,walking-1,walking-1,False,50.65519895369051,50.65519895369051,781.958455352569,770.6834322935429,770.6834322935429,781.958455352569,805.7470751369553,805.7470751369553,0.0,0.0,0.0,0.0,0.0,development_exploratory_not_untouched_final
2022-02-27T20:00:00,od_23,walking,2.0,walking-1,50.65519895369051,52.65519895369051,5,False,walking-1,walking-1,False,50.65519895369051,50.65519895369051,781.958455352569,770.6834322935429,770.6834322935429,781.958455352569,805.7470751369553,805.7470751369553,0.0,0.0,0.0,0.0,0.0,development_exploratory_not_untouched_final
2022-02-27T20:00:00,od_23,walking,3.0,walking-1,50.65519895369051,53.65519895369051,5,False,walking-1,walking-1,False,50.65519895369051,50.65519895369051,781.958455352569,770.6834322935429,770.6834322935429,781.958455352569,805.7470751369553,805.7470751369553,0.0,0.0,0.0,0.0,0.0,development_exploratory_not_untouched_final
2022-02-27T20:00:00,od_23,walking,5.0,walking-1,50.65519895369051,55.65519895369051,5,False,walking-1,walking-1,False,50.65519895369051,50.65519895369051,781.958455352569,770.6834322935429,770.6834322935429,781.958455352569,805.7470751369553,805.7470751369553,0.0,0.0,0.0,0.0,0.0,development_exploratory_not_untouched_final
2022-02-27T20:00:00,od_23,walking,10.0,walking-1,50.65519895369051,60.65519895369051,6,False,walking-1,walking-1,False,50.65519895369051,50.65519895369051,781.958455352569,770.6834322935429,770.6834322935429,781.958455352569,805.7470751369553,805.7470751369553,0.0,0.0,0.0,0.0,0.0,development_exploratory_not_untouched_final
2022-02-27T20:00:00,od_24,motorbike,0.0,motorbike-1,8.480694922287851,8.480694922287851,1,True,motorbike-1,motorbike-1,False,8.480694922287851,8.480694922287851,125.791620930445,126.53858269376087,126.53858269376087,125.791620930445,126.84464365315067,126.84464365315067,0.0,0.0,0.0,0.0,0.0,development_exploratory_not_untouched_final
2022-02-27T20:00:00,od_24,motorbike,1.0,motorbike-1,8.480694922287851,9.480694922287851,2,False,motorbike-1,motorbike-1,False,8.480694922287851,8.480694922287851,125.791620930445,126.53858269376087,126.53858269376087,125.791620930445,126.84464365315067,126.84464365315067,0.0,0.0,0.0,0.0,0.0,development_exploratory_not_untouched_final
2022-02-27T20:00:00,od_24,motorbike,2.0,motorbike-1,8.480694922287851,10.480694922287851,3,False,motorbike-1,motorbike-1,False,8.480694922287851,8.480694922287851,125.791620930445,126.53858269376087,126.53858269376087,125.791620930445,126.84464365315067,126.84464365315067,0.0,0.0,0.0,0.0,0.0,development_exploratory_not_untouched_final
2022-02-27T20:00:00,od_24,motorbike,3.0,motorbike-1,8.480694922287851,11.480694922287851,5,False,motorbike-1,motorbike-1,False,8.480694922287851,8.480694922287851,125.791620930445,126.53858269376087,126.53858269376087,125.791620930445,126.84464365315067,126.84464365315067,0.0,0.0,0.0,0.0,0.0,development_exploratory_not_untouched_final
2022-02-27T20:00:00,od_24,motorbike,5.0,motorbike-1,8.480694922287851,13.480694922287851,7,False,motorbike-1,motorbike-1,False,8.480694922287851,8.480694922287851,125.791620930445,126.53858269376087,126.53858269376087,125.791620930445,126.84464365315067,126.84464365315067,0.0,0.0,0.0,0.0,0.0,development_exploratory_not_untouched_final
2022-02-27T20:00:00,od_24,motorbike,10.0,motorbike-1,8.480694922287851,18.480694922287853,8,False,motorbike-1,motorbike-1,False,8.480694922287851,8.480694922287851,125.791620930445,126.53858269376087,126.53858269376087,125.791620930445,126.84464365315067,126.84464365315067,0.0,0.0,0.0,0.0,0.0,development_exploratory_not_untouched_final
2022-02-27T20:00:00,od_24,walking,0.0,walking-1,38.60634262328327,38.60634262328327,1,True,walking-1,walking-1,False,38.60634262328327,38.60634262328327,572.8888178431913,575.8213765274181,575.8213765274181,572.8888178431913,577.5894165502436,577.5894165502436,0.0,0.0,0.0,0.0,0.0,development_exploratory_not_untouched_final
2022-02-27T20:00:00,od_24,walking,1.0,walking-1,38.60634262328327,39.60634262328327,1,True,walking-1,walking-1,False,38.60634262328327,38.60634262328327,572.8888178431913,575.8213765274181,575.8213765274181,572.8888178431913,577.5894165502436,577.5894165502436,0.0,0.0,0.0,0.0,0.0,development_exploratory_not_untouched_final
2022-02-27T20:00:00,od_24,walking,2.0,walking-1,38.60634262328327,40.60634262328327,2,False,walking-1,walking-1,False,38.60634262328327,38.60634262328327,572.8888178431913,575.8213765274181,575.8213765274181,572.8888178431913,577.5894165502436,577.5894165502436,0.0,0.0,0.0,0.0,0.0,development_exploratory_not_untouched_final
2022-02-27T20:00:00,od_24,walking,3.0,walking-1,38.60634262328327,41.60634262328327,3,False,walking-1,walking-1,False,38.60634262328327,38.60634262328327,572.8888178431913,575.8213765274181,575.8213765274181,572.8888178431913,577.5894165502436,577.5894165502436,0.0,0.0,0.0,0.0,0.0,development_exploratory_not_untouched_final
2022-02-27T20:00:00,od_24,walking,5.0,walking-1,38.60634262328327,43.60634262328327,3,False,walking-1,walking-1,False,38.60634262328327,38.60634262328327,572.8888178431913,575.8213765274181,575.8213765274181,572.8888178431913,577.5894165502436,577.5894165502436,0.0,0.0,0.0,0.0,0.0,development_exploratory_not_untouched_final
2022-02-27T20:00:00,od_24,walking,10.0,walking-1,38.60634262328327,48.60634262328327,4,False,walking-1,walking-1,False,38.60634262328327,38.60634262328327,572.8888178431913,575.8213765274181,575.8213765274181,572.8888178431913,577.5894165502436,577.5894165502436,0.0,0.0,0.0,0.0,0.0,development_exploratory_not_untouched_final
2022-02-27T20:00:00,od_25,motorbike,0.0,motorbike-1,12.177989808997324,12.177989808997324,1,True,motorbike-1,motorbike-1,False,12.177989808997324,12.177989808997324,187.26975732465073,185.7203262697571,185.7203262697571,187.26975732465073,187.16190707102754,187.16190707102754,0.0,0.0,0.0,0.0,0.0,development_exploratory_not_untouched_final
2022-02-27T20:00:00,od_25,motorbike,1.0,motorbike-1,12.177989808997324,13.177989808997324,2,False,motorbike-1,motorbike-1,False,12.177989808997324,12.177989808997324,187.26975732465073,185.7203262697571,185.7203262697571,187.26975732465073,187.16190707102754,187.16190707102754,0.0,0.0,0.0,0.0,0.0,development_exploratory_not_untouched_final
2022-02-27T20:00:00,od_25,motorbike,2.0,motorbike-1,12.177989808997324,14.177989808997324,4,False,motorbike-1,motorbike-1,False,12.177989808997324,12.177989808997324,187.26975732465073,185.7203262697571,185.7203262697571,187.26975732465073,187.16190707102754,187.16190707102754,0.0,0.0,0.0,0.0,0.0,development_exploratory_not_untouched_final
2022-02-27T20:00:00,od_25,motorbike,3.0,motorbike-1,12.177989808997324,15.177989808997324,4,False,motorbike-1,motorbike-1,False,12.177989808997324,12.177989808997324,187.26975732465073,185.7203262697571,185.7203262697571,187.26975732465073,187.16190707102754,187.16190707102754,0.0,0.0,0.0,0.0,0.0,development_exploratory_not_untouched_final
2022-02-27T20:00:00,od_25,motorbike,5.0,motorbike-1,12.177989808997324,17.177989808997324,4,False,motorbike-1,motorbike-1,False,12.177989808997324,12.177989808997324,187.26975732465073,185.7203262697571,185.7203262697571,187.26975732465073,187.16190707102754,187.16190707102754,0.0,0.0,0.0,0.0,0.0,development_exploratory_not_untouched_final
2022-02-27T20:00:00,od_25,motorbike,10.0,motorbike-1,12.177989808997324,22.177989808997324,8,False,motorbike-1,motorbike-1,False,12.177989808997324,12.177989808997324,187.26975732465073,185.7203262697571,185.7203262697571,187.26975732465073,187.16190707102754,187.16190707102754,0.0,0.0,0.0,0.0,0.0,development_exploratory_not_untouched_final
2022-02-27T20:00:00,od_25,walking,0.0,walking-1,53.64646218551867,53.64646218551867,1,True,walking-1,walking-1,False,53.64646218551867,53.64646218551867,825.2885823793995,818.1640527723312,818.1640527723312,825.2885823793995,824.982541968069,824.982541968069,0.0,0.0,0.0,0.0,0.0,development_exploratory_not_untouched_final
2022-02-27T20:00:00,od_25,walking,1.0,walking-1,53.64646218551867,54.64646218551867,1,True,walking-1,walking-1,False,53.64646218551867,53.64646218551867,825.2885823793995,818.1640527723312,818.1640527723312,825.2885823793995,824.982541968069,824.982541968069,0.0,0.0,0.0,0.0,0.0,development_exploratory_not_untouched_final
2022-02-27T20:00:00,od_25,walking,2.0,walking-1,53.64646218551867,55.64646218551867,2,False,walking-1,walking-1,False,53.64646218551867,53.64646218551867,825.2885823793995,818.1640527723312,818.1640527723312,825.2885823793995,824.982541968069,824.982541968069,0.0,0.0,0.0,0.0,0.0,development_exploratory_not_untouched_final
2022-02-27T20:00:00,od_25,walking,3.0,walking-1,53.64646218551867,56.64646218551867,2,False,walking-1,walking-1,False,53.64646218551867,53.64646218551867,825.2885823793995,818.1640527723312,818.1640527723312,825.2885823793995,824.982541968069,824.982541968069,0.0,0.0,0.0,0.0,0.0,development_exploratory_not_untouched_final
2022-02-27T20:00:00,od_25,walking,5.0,walking-1,53.64646218551867,58.64646218551867,3,False,walking-1,walking-1,False,53.64646218551867,53.64646218551867,825.2885823793995,818.1640527723312,818.1640527723312,825.2885823793995,824.982541968069,824.982541968069,0.0,0.0,0.0,0.0,0.0,development_exploratory_not_untouched_final
2022-02-27T20:00:00,od_25,walking,10.0,walking-1,53.64646218551867,63.64646218551867,5,False,walking-1,walking-1,False,53.64646218551867,53.64646218551867,825.2885823793995,818.1640527723312,818.1640527723312,825.2885823793995,824.982541968069,824.982541968069,0.0,0.0,0.0,0.0,0.0,development_exploratory_not_untouched_final
2022-02-27T20:00:00,od_26,motorbike,0.0,motorbike-1,7.0496129747457505,7.0496129747457505,1,True,motorbike-1,motorbike-1,False,7.0496129747457505,7.0496129747457505,105.34313885955933,104.91872224814261,104.91872224814261,105.34313885955933,106.17652252325513,106.17652252325513,0.0,0.0,0.0,0.0,0.0,development_exploratory_not_untouched_final
2022-02-27T20:00:00,od_26,motorbike,1.0,motorbike-1,7.0496129747457505,8.04961297474575,3,False,motorbike-1,motorbike-1,False,7.0496129747457505,7.0496129747457505,105.34313885955933,104.91872224814261,104.91872224814261,105.34313885955933,106.17652252325513,106.17652252325513,0.0,0.0,0.0,0.0,0.0,development_exploratory_not_untouched_final
2022-02-27T20:00:00,od_26,motorbike,2.0,motorbike-1,7.0496129747457505,9.04961297474575,4,False,motorbike-1,motorbike-1,False,7.0496129747457505,7.0496129747457505,105.34313885955933,104.91872224814261,104.91872224814261,105.34313885955933,106.17652252325513,106.17652252325513,0.0,0.0,0.0,0.0,0.0,development_exploratory_not_untouched_final
2022-02-27T20:00:00,od_26,motorbike,3.0,motorbike-1,7.0496129747457505,10.04961297474575,4,False,motorbike-1,motorbike-1,False,7.0496129747457505,7.0496129747457505,105.34313885955933,104.91872224814261,104.91872224814261,105.34313885955933,106.17652252325513,106.17652252325513,0.0,0.0,0.0,0.0,0.0,development_exploratory_not_untouched_final
2022-02-27T20:00:00,od_26,motorbike,5.0,motorbike-1,7.0496129747457505,12.04961297474575,6,False,motorbike-1,motorbike-1,False,7.0496129747457505,7.0496129747457505,105.34313885955933,104.91872224814261,104.91872224814261,105.34313885955933,106.17652252325513,106.17652252325513,0.0,0.0,0.0,0.0,0.0,development_exploratory_not_untouched_final
2022-02-27T20:00:00,od_26,motorbike,10.0,motorbike-1,7.0496129747457505,17.04961297474575,7,False,motorbike-1,motorbike-1,False,7.0496129747457505,7.0496129747457505,105.34313885955933,104.91872224814261,104.91872224814261,105.34313885955933,106.17652252325513,106.17652252325513,0.0,0.0,0.0,0.0,0.0,development_exploratory_not_untouched_final
2022-02-27T20:00:00,od_26,walking,0.0,walking-1,34.75588898945021,34.75588898945021,1,True,walking-1,walking-1,False,34.75588898945021,34.75588898945021,519.0829621143636,516.9886158061208,516.9886158061208,519.0829621143636,523.341738625699,523.341738625699,0.0,0.0,0.0,0.0,0.0,development_exploratory_not_untouched_final
2022-02-27T20:00:00,od_26,walking,1.0,walking-1,34.75588898945021,35.75588898945021,1,True,walking-1,walking-1,False,34.75588898945021,34.75588898945021,519.0829621143636,516.9886158061208,516.9886158061208,519.0829621143636,523.341738625699,523.341738625699,0.0,0.0,0.0,0.0,0.0,development_exploratory_not_untouched_final
2022-02-27T20:00:00,od_26,walking,2.0,walking-1,34.75588898945021,36.75588898945021,3,False,walking-1,walking-1,False,34.75588898945021,34.75588898945021,519.0829621143636,516.9886158061208,516.9886158061208,519.0829621143636,523.341738625699,523.341738625699,0.0,0.0,0.0,0.0,0.0,development_exploratory_not_untouched_final
2022-02-27T20:00:00,od_26,walking,3.0,walking-1,34.75588898945021,37.75588898945021,4,False,walking-1,walking-1,False,34.75588898945021,34.75588898945021,519.0829621143636,516.9886158061208,516.9886158061208,519.0829621143636,523.341738625699,523.341738625699,0.0,0.0,0.0,0.0,0.0,development_exploratory_not_untouched_final
2022-02-27T20:00:00,od_26,walking,5.0,walking-1,34.75588898945021,39.75588898945021,4,False,walking-1,walking-1,False,34.75588898945021,34.75588898945021,519.0829621143636,516.9886158061208,516.9886158061208,519.0829621143636,523.341738625699,523.341738625699,0.0,0.0,0.0,0.0,0.0,development_exploratory_not_untouched_final
2022-02-27T20:00:00,od_26,walking,10.0,walking-1,34.75588898945021,44.75588898945021,5,False,walking-1,walking-1,False,34.75588898945021,34.75588898945021,519.0829621143636,516.9886158061208,516.9886158061208,519.0829621143636,523.341738625699,523.341738625699,0.0,0.0,0.0,0.0,0.0,development_exploratory_not_untouched_final
2022-02-27T20:00:00,od_27,motorbike,0.0,motorbike-1,8.330234717082032,8.330234717082032,1,True,motorbike-1,motorbike-1,False,8.330234717082032,8.330234717082032,121.69304799310156,120.05602964521883,120.05602964521883,121.69304799310156,124.90194502940973,124.90194502940973,0.0,0.0,0.0,0.0,0.0,development_exploratory_not_untouched_final
2022-02-27T20:00:00,od_27,motorbike,1.0,motorbike-1,8.330234717082032,9.330234717082032,2,False,motorbike-1,motorbike-1,False,8.330234717082032,8.330234717082032,121.69304799310156,120.05602964521883,120.05602964521883,121.69304799310156,124.90194502940973,124.90194502940973,0.0,0.0,0.0,0.0,0.0,development_exploratory_not_untouched_final
2022-02-27T20:00:00,od_27,motorbike,2.0,motorbike-1,8.330234717082032,10.330234717082032,4,False,motorbike-1,motorbike-1,False,8.330234717082032,8.330234717082032,121.69304799310156,120.05602964521883,120.05602964521883,121.69304799310156,124.90194502940973,124.90194502940973,0.0,0.0,0.0,0.0,0.0,development_exploratory_not_untouched_final
2022-02-27T20:00:00,od_27,motorbike,3.0,motorbike-1,8.330234717082032,11.330234717082032,5,False,motorbike-1,motorbike-1,False,8.330234717082032,8.330234717082032,121.69304799310156,120.05602964521883,120.05602964521883,121.69304799310156,124.90194502940973,124.90194502940973,0.0,0.0,0.0,0.0,0.0,development_exploratory_not_untouched_final
2022-02-27T20:00:00,od_27,motorbike,5.0,motorbike-1,8.330234717082032,13.330234717082032,7,False,motorbike-1,motorbike-1,False,8.330234717082032,8.330234717082032,121.69304799310156,120.05602964521883,120.05602964521883,121.69304799310156,124.90194502940973,124.90194502940973,0.0,0.0,0.0,0.0,0.0,development_exploratory_not_untouched_final
2022-02-27T20:00:00,od_27,motorbike,10.0,motorbike-1,8.330234717082032,18.330234717082032,8,False,motorbike-1,motorbike-1,False,8.330234717082032,8.330234717082032,121.69304799310156,120.05602964521883,120.05602964521883,121.69304799310156,124.90194502940973,124.90194502940973,0.0,0.0,0.0,0.0,0.0,development_exploratory_not_untouched_final
2022-02-27T20:00:00,od_27,walking,0.0,walking-1,41.572207993675015,41.572207993675015,1,True,walking-1,walking-1,False,41.572207993675015,41.572207993675015,608.7103049725125,600.3126061447167,600.3126061447167,608.7103049725125,625.3882618242518,625.3882618242518,0.0,0.0,0.0,0.0,0.0,development_exploratory_not_untouched_final
2022-02-27T20:00:00,od_27,walking,1.0,walking-1,41.572207993675015,42.572207993675015,4,False,walking-2,walking-2,False,42.43011074832727,42.43011074832727,605.1159886671694,597.2532533874696,597.2532533874696,605.1159886671694,617.2280003402552,617.2280003402552,0.0,3.5943163053431135,3.0593527572470975,8.160261483996578,8.160261483996578,development_exploratory_not_untouched_final
2022-02-27T20:00:00,od_27,walking,2.0,walking-1,41.572207993675015,43.572207993675015,4,False,walking-2,walking-2,False,42.43011074832727,42.43011074832727,605.1159886671694,597.2532533874696,597.2532533874696,605.1159886671694,617.2280003402552,617.2280003402552,0.0,3.5943163053431135,3.0593527572470975,8.160261483996578,8.160261483996578,development_exploratory_not_untouched_final
2022-02-27T20:00:00,od_27,walking,3.0,walking-1,41.572207993675015,44.572207993675015,4,False,walking-2,walking-2,False,42.43011074832727,42.43011074832727,605.1159886671694,597.2532533874696,597.2532533874696,605.1159886671694,617.2280003402552,617.2280003402552,0.0,3.5943163053431135,3.0593527572470975,8.160261483996578,8.160261483996578,development_exploratory_not_untouched_final
2022-02-27T20:00:00,od_27,walking,5.0,walking-1,41.572207993675015,46.572207993675015,6,False,walking-2,walking-2,False,42.43011074832727,42.43011074832727,605.1159886671694,597.2532533874696,597.2532533874696,605.1159886671694,617.2280003402552,617.2280003402552,0.0,3.5943163053431135,3.0593527572470975,8.160261483996578,8.160261483996578,development_exploratory_not_untouched_final
2022-02-27T20:00:00,od_27,walking,10.0,walking-1,41.572207993675015,51.572207993675015,6,False,walking-2,walking-2,False,42.43011074832727,42.43011074832727,605.1159886671694,597.2532533874696,597.2532533874696,605.1159886671694,617.2280003402552,617.2280003402552,0.0,3.5943163053431135,3.0593527572470975,8.160261483996578,8.160261483996578,development_exploratory_not_untouched_final
2022-02-27T20:00:00,od_28,motorbike,0.0,motorbike-1,8.135485464425692,8.135485464425692,1,True,motorbike-1,motorbike-1,False,8.135485464425692,8.135485464425692,122.53634400154634,121.71708510015758,121.71708510015758,122.53634400154634,124.60839926531986,124.60839926531986,0.0,0.0,0.0,0.0,0.0,development_exploratory_not_untouched_final
2022-02-27T20:00:00,od_28,motorbike,1.0,motorbike-1,8.135485464425692,9.135485464425692,2,False,motorbike-1,motorbike-1,False,8.135485464425692,8.135485464425692,122.53634400154634,121.71708510015758,121.71708510015758,122.53634400154634,124.60839926531986,124.60839926531986,0.0,0.0,0.0,0.0,0.0,development_exploratory_not_untouched_final
2022-02-27T20:00:00,od_28,motorbike,2.0,motorbike-1,8.135485464425692,10.135485464425692,3,False,motorbike-1,motorbike-1,False,8.135485464425692,8.135485464425692,122.53634400154634,121.71708510015758,121.71708510015758,122.53634400154634,124.60839926531986,124.60839926531986,0.0,0.0,0.0,0.0,0.0,development_exploratory_not_untouched_final
2022-02-27T20:00:00,od_28,motorbike,3.0,motorbike-1,8.135485464425692,11.135485464425692,4,False,motorbike-1,motorbike-1,False,8.135485464425692,8.135485464425692,122.53634400154634,121.71708510015758,121.71708510015758,122.53634400154634,124.60839926531986,124.60839926531986,0.0,0.0,0.0,0.0,0.0,development_exploratory_not_untouched_final
2022-02-27T20:00:00,od_28,motorbike,5.0,motorbike-1,8.135485464425692,13.135485464425692,6,False,motorbike-1,motorbike-1,False,8.135485464425692,8.135485464425692,122.53634400154634,121.71708510015758,121.71708510015758,122.53634400154634,124.60839926531986,124.60839926531986,0.0,0.0,0.0,0.0,0.0,development_exploratory_not_untouched_final
2022-02-27T20:00:00,od_28,motorbike,10.0,motorbike-1,8.135485464425692,18.13548546442569,7,False,motorbike-1,motorbike-1,False,8.135485464425692,8.135485464425692,122.53634400154634,121.71708510015758,121.71708510015758,122.53634400154634,124.60839926531986,124.60839926531986,0.0,0.0,0.0,0.0,0.0,development_exploratory_not_untouched_final
2022-02-27T20:00:00,od_28,walking,0.0,walking-1,40.0541484546324,40.0541484546324,1,True,walking-1,walking-1,False,40.0541484546324,40.0541484546324,603.2022126007907,599.1989447524837,599.1989447524837,603.2022126007907,613.3932122218503,613.3932122218503,0.0,0.0,0.0,0.0,0.0,development_exploratory_not_untouched_final
2022-02-27T20:00:00,od_28,walking,1.0,walking-1,40.0541484546324,41.0541484546324,2,False,walking-1,walking-1,False,40.0541484546324,40.0541484546324,603.2022126007907,599.1989447524837,599.1989447524837,603.2022126007907,613.3932122218503,613.3932122218503,0.0,0.0,0.0,0.0,0.0,development_exploratory_not_untouched_final
2022-02-27T20:00:00,od_28,walking,2.0,walking-1,40.0541484546324,42.0541484546324,3,False,walking-1,walking-1,False,40.0541484546324,40.0541484546324,603.2022126007907,599.1989447524837,599.1989447524837,603.2022126007907,613.3932122218503,613.3932122218503,0.0,0.0,0.0,0.0,0.0,development_exploratory_not_untouched_final
2022-02-27T20:00:00,od_28,walking,3.0,walking-1,40.0541484546324,43.0541484546324,3,False,walking-1,walking-1,False,40.0541484546324,40.0541484546324,603.2022126007907,599.1989447524837,599.1989447524837,603.2022126007907,613.3932122218503,613.3932122218503,0.0,0.0,0.0,0.0,0.0,development_exploratory_not_untouched_final
2022-02-27T20:00:00,od_28,walking,5.0,walking-1,40.0541484546324,45.0541484546324,3,False,walking-1,walking-1,False,40.0541484546324,40.0541484546324,603.2022126007907,599.1989447524837,599.1989447524837,603.2022126007907,613.3932122218503,613.3932122218503,0.0,0.0,0.0,0.0,0.0,development_exploratory_not_untouched_final
2022-02-27T20:00:00,od_28,walking,10.0,walking-1,40.0541484546324,50.0541484546324,7,False,walking-1,walking-1,False,40.0541484546324,40.0541484546324,603.2022126007907,599.1989447524837,599.1989447524837,603.2022126007907,613.3932122218503,613.3932122218503,0.0,0.0,0.0,0.0,0.0,development_exploratory_not_untouched_final
2022-02-27T20:00:00,od_29,motorbike,0.0,motorbike-1,12.12202676751413,12.12202676751413,1,True,motorbike-1,motorbike-1,False,12.12202676751413,12.12202676751413,178.70747308049465,178.23787660924413,178.23787660924413,178.70747308049465,180.57859337067922,180.57859337067922,0.0,0.0,0.0,0.0,0.0,development_exploratory_not_untouched_final
2022-02-27T20:00:00,od_29,motorbike,1.0,motorbike-1,12.12202676751413,13.12202676751413,2,False,motorbike-1,motorbike-1,False,12.12202676751413,12.12202676751413,178.70747308049465,178.23787660924413,178.23787660924413,178.70747308049465,180.57859337067922,180.57859337067922,0.0,0.0,0.0,0.0,0.0,development_exploratory_not_untouched_final
2022-02-27T20:00:00,od_29,motorbike,2.0,motorbike-1,12.12202676751413,14.12202676751413,3,False,motorbike-1,motorbike-1,False,12.12202676751413,12.12202676751413,178.70747308049465,178.23787660924413,178.23787660924413,178.70747308049465,180.57859337067922,180.57859337067922,0.0,0.0,0.0,0.0,0.0,development_exploratory_not_untouched_final
2022-02-27T20:00:00,od_29,motorbike,3.0,motorbike-1,12.12202676751413,15.12202676751413,4,False,motorbike-1,motorbike-1,False,12.12202676751413,12.12202676751413,178.70747308049465,178.23787660924413,178.23787660924413,178.70747308049465,180.57859337067922,180.57859337067922,0.0,0.0,0.0,0.0,0.0,development_exploratory_not_untouched_final
2022-02-27T20:00:00,od_29,motorbike,5.0,motorbike-1,12.12202676751413,17.12202676751413,5,False,motorbike-1,motorbike-1,False,12.12202676751413,12.12202676751413,178.70747308049465,178.23787660924413,178.23787660924413,178.70747308049465,180.57859337067922,180.57859337067922,0.0,0.0,0.0,0.0,0.0,development_exploratory_not_untouched_final
2022-02-27T20:00:00,od_29,motorbike,10.0,motorbike-1,12.12202676751413,22.12202676751413,7,False,motorbike-1,motorbike-1,False,12.12202676751413,12.12202676751413,178.70747308049465,178.23787660924413,178.23787660924413,178.70747308049465,180.57859337067922,180.57859337067922,0.0,0.0,0.0,0.0,0.0,development_exploratory_not_untouched_final
2022-02-27T20:00:00,od_29,walking,0.0,walking-1,60.949584464314654,60.949584464314654,1,True,walking-1,walking-1,False,60.949584464314654,60.949584464314654,896.0991595859025,892.0421600102584,892.0421600102584,896.0991595859025,905.7151299802543,905.7151299802543,0.0,0.0,0.0,0.0,0.0,development_exploratory_not_untouched_final
2022-02-27T20:00:00,od_29,walking,1.0,walking-1,60.949584464314654,61.949584464314654,5,False,walking-1,walking-1,False,60.949584464314654,60.949584464314654,896.0991595859025,892.0421600102584,892.0421600102584,896.0991595859025,905.7151299802543,905.7151299802543,0.0,0.0,0.0,0.0,0.0,development_exploratory_not_untouched_final
2022-02-27T20:00:00,od_29,walking,2.0,walking-1,60.949584464314654,62.949584464314654,5,False,walking-1,walking-1,False,60.949584464314654,60.949584464314654,896.0991595859025,892.0421600102584,892.0421600102584,896.0991595859025,905.7151299802543,905.7151299802543,0.0,0.0,0.0,0.0,0.0,development_exploratory_not_untouched_final
2022-02-27T20:00:00,od_29,walking,3.0,walking-1,60.949584464314654,63.949584464314654,5,False,walking-1,walking-1,False,60.949584464314654,60.949584464314654,896.0991595859025,892.0421600102584,892.0421600102584,896.0991595859025,905.7151299802543,905.7151299802543,0.0,0.0,0.0,0.0,0.0,development_exploratory_not_untouched_final
2022-02-27T20:00:00,od_29,walking,5.0,walking-1,60.949584464314654,65.94958446431465,6,False,walking-1,walking-1,False,60.949584464314654,60.949584464314654,896.0991595859025,892.0421600102584,892.0421600102584,896.0991595859025,905.7151299802543,905.7151299802543,0.0,0.0,0.0,0.0,0.0,development_exploratory_not_untouched_final
2022-02-27T20:00:00,od_29,walking,10.0,walking-1,60.949584464314654,70.94958446431465,7,False,walking-1,walking-1,False,60.949584464314654,60.949584464314654,896.0991595859025,892.0421600102584,892.0421600102584,896.0991595859025,905.7151299802543,905.7151299802543,0.0,0.0,0.0,0.0,0.0,development_exploratory_not_untouched_final
2022-02-27T20:00:00,od_30,motorbike,0.0,motorbike-1,11.612358092570656,11.612358092570656,1,True,motorbike-1,motorbike-1,False,11.612358092570656,11.612358092570656,177.00933992238376,175.25336272821457,175.25336272821457,177.00933992238376,180.0086804766027,180.0086804766027,0.0,0.0,0.0,0.0,0.0,development_exploratory_not_untouched_final
2022-02-27T20:00:00,od_30,motorbike,1.0,motorbike-1,11.612358092570656,12.612358092570656,2,False,motorbike-1,motorbike-1,False,11.612358092570656,11.612358092570656,177.00933992238376,175.25336272821457,175.25336272821457,177.00933992238376,180.0086804766027,180.0086804766027,0.0,0.0,0.0,0.0,0.0,development_exploratory_not_untouched_final
2022-02-27T20:00:00,od_30,motorbike,2.0,motorbike-1,11.612358092570656,13.612358092570656,3,False,motorbike-1,motorbike-1,False,11.612358092570656,11.612358092570656,177.00933992238376,175.25336272821457,175.25336272821457,177.00933992238376,180.0086804766027,180.0086804766027,0.0,0.0,0.0,0.0,0.0,development_exploratory_not_untouched_final
2022-02-27T20:00:00,od_30,motorbike,3.0,motorbike-1,11.612358092570656,14.612358092570656,5,False,motorbike-1,motorbike-1,False,11.612358092570656,11.612358092570656,177.00933992238376,175.25336272821457,175.25336272821457,177.00933992238376,180.0086804766027,180.0086804766027,0.0,0.0,0.0,0.0,0.0,development_exploratory_not_untouched_final
2022-02-27T20:00:00,od_30,motorbike,5.0,motorbike-1,11.612358092570656,16.612358092570656,6,False,motorbike-1,motorbike-1,False,11.612358092570656,11.612358092570656,177.00933992238376,175.25336272821457,175.25336272821457,177.00933992238376,180.0086804766027,180.0086804766027,0.0,0.0,0.0,0.0,0.0,development_exploratory_not_untouched_final
2022-02-27T20:00:00,od_30,motorbike,10.0,motorbike-1,11.612358092570656,21.612358092570656,8,False,motorbike-1,motorbike-1,False,11.612358092570656,11.612358092570656,177.00933992238376,175.25336272821457,175.25336272821457,177.00933992238376,180.0086804766027,180.0086804766027,0.0,0.0,0.0,0.0,0.0,development_exploratory_not_untouched_final
2022-02-27T20:00:00,od_30,walking,0.0,walking-1,55.12699503869423,55.12699503869423,1,True,walking-1,walking-1,False,55.12699503869423,55.12699503869423,840.195658886724,832.2831328444796,832.2831328444796,840.195658886724,852.943201087915,852.943201087915,0.0,0.0,0.0,0.0,0.0,development_exploratory_not_untouched_final
2022-02-27T20:00:00,od_30,walking,1.0,walking-1,55.12699503869423,56.12699503869423,4,False,walking-1,walking-1,False,55.12699503869423,55.12699503869423,840.195658886724,832.2831328444796,832.2831328444796,840.195658886724,852.943201087915,852.943201087915,0.0,0.0,0.0,0.0,0.0,development_exploratory_not_untouched_final
2022-02-27T20:00:00,od_30,walking,2.0,walking-1,55.12699503869423,57.12699503869423,5,False,walking-1,walking-1,False,55.12699503869423,55.12699503869423,840.195658886724,832.2831328444796,832.2831328444796,840.195658886724,852.943201087915,852.943201087915,0.0,0.0,0.0,0.0,0.0,development_exploratory_not_untouched_final
2022-02-27T20:00:00,od_30,walking,3.0,walking-1,55.12699503869423,58.12699503869423,5,False,walking-1,walking-1,False,55.12699503869423,55.12699503869423,840.195658886724,832.2831328444796,832.2831328444796,840.195658886724,852.943201087915,852.943201087915,0.0,0.0,0.0,0.0,0.0,development_exploratory_not_untouched_final
2022-02-27T20:00:00,od_30,walking,5.0,walking-1,55.12699503869423,60.12699503869423,5,False,walking-1,walking-1,False,55.12699503869423,55.12699503869423,840.195658886724,832.2831328444796,832.2831328444796,840.195658886724,852.943201087915,852.943201087915,0.0,0.0,0.0,0.0,0.0,development_exploratory_not_untouched_final
2022-02-27T20:00:00,od_30,walking,10.0,walking-1,55.12699503869423,65.12699503869423,6,False,walking-1,walking-1,False,55.12699503869423,55.12699503869423,840.195658886724,832.2831328444796,832.2831328444796,840.195658886724,852.943201087915,852.943201087915,0.0,0.0,0.0,0.0,0.0,development_exploratory_not_untouched_final
