scenario_id,mode,delta_time_allowed_minutes,epsilon_internal,fastest_time_minutes,maximum_feasible_time_minutes,route_id,travel_time_minutes,is_feasible
od_01,motorbike,0.0,0.0,8.230305959783891,8.230305959783891,motorbike-1,8.230305959783891,True
od_01,motorbike,0.0,0.0,8.230305959783891,8.230305959783891,motorbike-2,8.92930841311684,False
od_01,motorbike,0.0,0.0,8.230305959783891,8.230305959783891,motorbike-3,10.483228146866388,False
od_01,motorbike,0.0,0.0,8.230305959783891,8.230305959783891,motorbike-4,11.898209519056042,False
od_01,motorbike,0.0,0.0,8.230305959783891,8.230305959783891,motorbike-5,11.71986992059877,False
od_01,motorbike,0.0,0.0,8.230305959783891,8.230305959783891,motorbike-6,14.376298081885093,False
od_01,motorbike,0.0,0.0,8.230305959783891,8.230305959783891,motorbike-7,12.841022413268671,False
od_01,motorbike,0.0,0.0,8.230305959783891,8.230305959783891,motorbike-8,18.979745074331063,False
od_01,motorbike,1.0,0.12150216588378905,8.230305959783891,9.230305959783891,motorbike-1,8.230305959783891,True
od_01,motorbike,1.0,0.12150216588378905,8.230305959783891,9.230305959783891,motorbike-2,8.92930841311684,True
od_01,motorbike,1.0,0.12150216588378905,8.230305959783891,9.230305959783891,motorbike-3,10.483228146866388,False
od_01,motorbike,1.0,0.12150216588378905,8.230305959783891,9.230305959783891,motorbike-4,11.898209519056042,False
od_01,motorbike,1.0,0.12150216588378905,8.230305959783891,9.230305959783891,motorbike-5,11.71986992059877,False
od_01,motorbike,1.0,0.12150216588378905,8.230305959783891,9.230305959783891,motorbike-6,14.376298081885093,False
od_01,motorbike,1.0,0.12150216588378905,8.230305959783891,9.230305959783891,motorbike-7,12.841022413268671,False
od_01,motorbike,1.0,0.12150216588378905,8.230305959783891,9.230305959783891,motorbike-8,18.979745074331063,False
od_01,motorbike,2.0,0.2430043317675781,8.230305959783891,10.230305959783891,motorbike-1,8.230305959783891,True
od_01,motorbike,2.0,0.2430043317675781,8.230305959783891,10.230305959783891,motorbike-2,8.92930841311684,True
od_01,motorbike,2.0,0.2430043317675781,8.230305959783891,10.230305959783891,motorbike-3,10.483228146866388,False
od_01,motorbike,2.0,0.2430043317675781,8.230305959783891,10.230305959783891,motorbike-4,11.898209519056042,False
od_01,motorbike,2.0,0.2430043317675781,8.230305959783891,10.230305959783891,motorbike-5,11.71986992059877,False
od_01,motorbike,2.0,0.2430043317675781,8.230305959783891,10.230305959783891,motorbike-6,14.376298081885093,False
od_01,motorbike,2.0,0.2430043317675781,8.230305959783891,10.230305959783891,motorbike-7,12.841022413268671,False
od_01,motorbike,2.0,0.2430043317675781,8.230305959783891,10.230305959783891,motorbike-8,18.979745074331063,False
od_01,motorbike,3.0,0.36450649765136717,8.230305959783891,11.230305959783891,motorbike-1,8.230305959783891,True
od_01,motorbike,3.0,0.36450649765136717,8.230305959783891,11.230305959783891,motorbike-2,8.92930841311684,True
od_01,motorbike,3.0,0.36450649765136717,8.230305959783891,11.230305959783891,motorbike-3,10.483228146866388,True
od_01,motorbike,3.0,0.36450649765136717,8.230305959783891,11.230305959783891,motorbike-4,11.898209519056042,False
od_01,motorbike,3.0,0.36450649765136717,8.230305959783891,11.230305959783891,motorbike-5,11.71986992059877,False
od_01,motorbike,3.0,0.36450649765136717,8.230305959783891,11.230305959783891,motorbike-6,14.376298081885093,False
od_01,motorbike,3.0,0.36450649765136717,8.230305959783891,11.230305959783891,motorbike-7,12.841022413268671,False
od_01,motorbike,3.0,0.36450649765136717,8.230305959783891,11.230305959783891,motorbike-8,18.979745074331063,False
od_01,motorbike,5.0,0.6075108294189453,8.230305959783891,13.230305959783891,motorbike-1,8.230305959783891,True
od_01,motorbike,5.0,0.6075108294189453,8.230305959783891,13.230305959783891,motorbike-2,8.92930841311684,True
od_01,motorbike,5.0,0.6075108294189453,8.230305959783891,13.230305959783891,motorbike-3,10.483228146866388,True
od_01,motorbike,5.0,0.6075108294189453,8.230305959783891,13.230305959783891,motorbike-4,11.898209519056042,True
od_01,motorbike,5.0,0.6075108294189453,8.230305959783891,13.230305959783891,motorbike-5,11.71986992059877,True
od_01,motorbike,5.0,0.6075108294189453,8.230305959783891,13.230305959783891,motorbike-6,14.376298081885093,False
od_01,motorbike,5.0,0.6075108294189453,8.230305959783891,13.230305959783891,motorbike-7,12.841022413268671,True
od_01,motorbike,5.0,0.6075108294189453,8.230305959783891,13.230305959783891,motorbike-8,18.979745074331063,False
od_01,motorbike,10.0,1.2150216588378906,8.230305959783891,18.23030595978389,motorbike-1,8.230305959783891,True
od_01,motorbike,10.0,1.2150216588378906,8.230305959783891,18.23030595978389,motorbike-2,8.92930841311684,True
od_01,motorbike,10.0,1.2150216588378906,8.230305959783891,18.23030595978389,motorbike-3,10.483228146866388,True
od_01,motorbike,10.0,1.2150216588378906,8.230305959783891,18.23030595978389,motorbike-4,11.898209519056042,True
od_01,motorbike,10.0,1.2150216588378906,8.230305959783891,18.23030595978389,motorbike-5,11.71986992059877,True
od_01,motorbike,10.0,1.2150216588378906,8.230305959783891,18.23030595978389,motorbike-6,14.376298081885093,True
od_01,motorbike,10.0,1.2150216588378906,8.230305959783891,18.23030595978389,motorbike-7,12.841022413268671,True
od_01,motorbike,10.0,1.2150216588378906,8.230305959783891,18.23030595978389,motorbike-8,18.979745074331063,False
od_01,walking,0.0,0.0,40.00596776846269,40.00596776846269,walking-1,40.00596776846269,True
od_01,walking,0.0,0.0,40.00596776846269,40.00596776846269,walking-2,41.55388342954054,False
od_01,walking,0.0,0.0,40.00596776846269,40.00596776846269,walking-3,46.55078764569807,False
od_01,walking,0.0,0.0,40.00596776846269,40.00596776846269,walking-4,51.48189199853094,False
od_01,walking,0.0,0.0,40.00596776846269,40.00596776846269,walking-5,53.758688039979816,False
od_01,walking,0.0,0.0,40.00596776846269,40.00596776846269,walking-6,47.2862502101711,False
od_01,walking,0.0,0.0,40.00596776846269,40.00596776846269,walking-7,40.01852674613926,False
od_01,walking,0.0,0.0,40.00596776846269,40.00596776846269,walking-8,40.04640202946059,False
od_01,walking,1.0,0.02499627070110063,40.00596776846269,41.00596776846269,walking-1,40.00596776846269,True
od_01,walking,1.0,0.02499627070110063,40.00596776846269,41.00596776846269,walking-2,41.55388342954054,False
od_01,walking,1.0,0.02499627070110063,40.00596776846269,41.00596776846269,walking-3,46.55078764569807,False
od_01,walking,1.0,0.02499627070110063,40.00596776846269,41.00596776846269,walking-4,51.48189199853094,False
od_01,walking,1.0,0.02499627070110063,40.00596776846269,41.00596776846269,walking-5,53.758688039979816,False
od_01,walking,1.0,0.02499627070110063,40.00596776846269,41.00596776846269,walking-6,47.2862502101711,False
od_01,walking,1.0,0.02499627070110063,40.00596776846269,41.00596776846269,walking-7,40.01852674613926,True
od_01,walking,1.0,0.02499627070110063,40.00596776846269,41.00596776846269,walking-8,40.04640202946059,True
od_01,walking,2.0,0.04999254140220126,40.00596776846269,42.00596776846269,walking-1,40.00596776846269,True
od_01,walking,2.0,0.04999254140220126,40.00596776846269,42.00596776846269,walking-2,41.55388342954054,True
od_01,walking,2.0,0.04999254140220126,40.00596776846269,42.00596776846269,walking-3,46.55078764569807,False
od_01,walking,2.0,0.04999254140220126,40.00596776846269,42.00596776846269,walking-4,51.48189199853094,False
od_01,walking,2.0,0.04999254140220126,40.00596776846269,42.00596776846269,walking-5,53.758688039979816,False
od_01,walking,2.0,0.04999254140220126,40.00596776846269,42.00596776846269,walking-6,47.2862502101711,False
od_01,walking,2.0,0.04999254140220126,40.00596776846269,42.00596776846269,walking-7,40.01852674613926,True
od_01,walking,2.0,0.04999254140220126,40.00596776846269,42.00596776846269,walking-8,40.04640202946059,True
od_01,walking,3.0,0.07498881210330188,40.00596776846269,43.00596776846269,walking-1,40.00596776846269,True
od_01,walking,3.0,0.07498881210330188,40.00596776846269,43.00596776846269,walking-2,41.55388342954054,True
od_01,walking,3.0,0.07498881210330188,40.00596776846269,43.00596776846269,walking-3,46.55078764569807,False
od_01,walking,3.0,0.07498881210330188,40.00596776846269,43.00596776846269,walking-4,51.48189199853094,False
od_01,walking,3.0,0.07498881210330188,40.00596776846269,43.00596776846269,walking-5,53.758688039979816,False
od_01,walking,3.0,0.07498881210330188,40.00596776846269,43.00596776846269,walking-6,47.2862502101711,False
od_01,walking,3.0,0.07498881210330188,40.00596776846269,43.00596776846269,walking-7,40.01852674613926,True
od_01,walking,3.0,0.07498881210330188,40.00596776846269,43.00596776846269,walking-8,40.04640202946059,True
od_01,walking,5.0,0.12498135350550314,40.00596776846269,45.00596776846269,walking-1,40.00596776846269,True
od_01,walking,5.0,0.12498135350550314,40.00596776846269,45.00596776846269,walking-2,41.55388342954054,True
od_01,walking,5.0,0.12498135350550314,40.00596776846269,45.00596776846269,walking-3,46.55078764569807,False
od_01,walking,5.0,0.12498135350550314,40.00596776846269,45.00596776846269,walking-4,51.48189199853094,False
od_01,walking,5.0,0.12498135350550314,40.00596776846269,45.00596776846269,walking-5,53.758688039979816,False
od_01,walking,5.0,0.12498135350550314,40.00596776846269,45.00596776846269,walking-6,47.2862502101711,False
od_01,walking,5.0,0.12498135350550314,40.00596776846269,45.00596776846269,walking-7,40.01852674613926,True
od_01,walking,5.0,0.12498135350550314,40.00596776846269,45.00596776846269,walking-8,40.04640202946059,True
od_01,walking,10.0,0.24996270701100629,40.00596776846269,50.00596776846269,walking-1,40.00596776846269,True
od_01,walking,10.0,0.24996270701100629,40.00596776846269,50.00596776846269,walking-2,41.55388342954054,True
od_01,walking,10.0,0.24996270701100629,40.00596776846269,50.00596776846269,walking-3,46.55078764569807,True
od_01,walking,10.0,0.24996270701100629,40.00596776846269,50.00596776846269,walking-4,51.48189199853094,False
od_01,walking,10.0,0.24996270701100629,40.00596776846269,50.00596776846269,walking-5,53.758688039979816,False
od_01,walking,10.0,0.24996270701100629,40.00596776846269,50.00596776846269,walking-6,47.2862502101711,True
od_01,walking,10.0,0.24996270701100629,40.00596776846269,50.00596776846269,walking-7,40.01852674613926,True
od_01,walking,10.0,0.24996270701100629,40.00596776846269,50.00596776846269,walking-8,40.04640202946059,True
od_02,motorbike,0.0,0.0,9.67481945603514,9.67481945603514,motorbike-1,9.67481945603514,True
od_02,motorbike,0.0,0.0,9.67481945603514,9.67481945603514,motorbike-2,10.031196680964728,False
od_02,motorbike,0.0,0.0,9.67481945603514,9.67481945603514,motorbike-3,10.094824986450568,False
od_02,motorbike,0.0,0.0,9.67481945603514,9.67481945603514,motorbike-4,11.190847082150698,False
od_02,motorbike,0.0,0.0,9.67481945603514,9.67481945603514,motorbike-5,11.507756179924469,False
od_02,motorbike,0.0,0.0,9.67481945603514,9.67481945603514,motorbike-6,12.971349339465004,False
od_02,motorbike,0.0,0.0,9.67481945603514,9.67481945603514,motorbike-7,12.043434722463035,False
od_02,motorbike,0.0,0.0,9.67481945603514,9.67481945603514,motorbike-8,15.061362445770495,False
od_02,motorbike,1.0,0.10336110193520989,9.67481945603514,10.67481945603514,motorbike-1,9.67481945603514,True
od_02,motorbike,1.0,0.10336110193520989,9.67481945603514,10.67481945603514,motorbike-2,10.031196680964728,True
od_02,motorbike,1.0,0.10336110193520989,9.67481945603514,10.67481945603514,motorbike-3,10.094824986450568,True
od_02,motorbike,1.0,0.10336110193520989,9.67481945603514,10.67481945603514,motorbike-4,11.190847082150698,False
od_02,motorbike,1.0,0.10336110193520989,9.67481945603514,10.67481945603514,motorbike-5,11.507756179924469,False
od_02,motorbike,1.0,0.10336110193520989,9.67481945603514,10.67481945603514,motorbike-6,12.971349339465004,False
od_02,motorbike,1.0,0.10336110193520989,9.67481945603514,10.67481945603514,motorbike-7,12.043434722463035,False
od_02,motorbike,1.0,0.10336110193520989,9.67481945603514,10.67481945603514,motorbike-8,15.061362445770495,False
od_02,motorbike,2.0,0.20672220387041979,9.67481945603514,11.67481945603514,motorbike-1,9.67481945603514,True
od_02,motorbike,2.0,0.20672220387041979,9.67481945603514,11.67481945603514,motorbike-2,10.031196680964728,True
od_02,motorbike,2.0,0.20672220387041979,9.67481945603514,11.67481945603514,motorbike-3,10.094824986450568,True
od_02,motorbike,2.0,0.20672220387041979,9.67481945603514,11.67481945603514,motorbike-4,11.190847082150698,True
od_02,motorbike,2.0,0.20672220387041979,9.67481945603514,11.67481945603514,motorbike-5,11.507756179924469,True
od_02,motorbike,2.0,0.20672220387041979,9.67481945603514,11.67481945603514,motorbike-6,12.971349339465004,False
od_02,motorbike,2.0,0.20672220387041979,9.67481945603514,11.67481945603514,motorbike-7,12.043434722463035,False
od_02,motorbike,2.0,0.20672220387041979,9.67481945603514,11.67481945603514,motorbike-8,15.061362445770495,False
od_02,motorbike,3.0,0.3100833058056297,9.67481945603514,12.67481945603514,motorbike-1,9.67481945603514,True
od_02,motorbike,3.0,0.3100833058056297,9.67481945603514,12.67481945603514,motorbike-2,10.031196680964728,True
od_02,motorbike,3.0,0.3100833058056297,9.67481945603514,12.67481945603514,motorbike-3,10.094824986450568,True
od_02,motorbike,3.0,0.3100833058056297,9.67481945603514,12.67481945603514,motorbike-4,11.190847082150698,True
od_02,motorbike,3.0,0.3100833058056297,9.67481945603514,12.67481945603514,motorbike-5,11.507756179924469,True
od_02,motorbike,3.0,0.3100833058056297,9.67481945603514,12.67481945603514,motorbike-6,12.971349339465004,False
od_02,motorbike,3.0,0.3100833058056297,9.67481945603514,12.67481945603514,motorbike-7,12.043434722463035,True
od_02,motorbike,3.0,0.3100833058056297,9.67481945603514,12.67481945603514,motorbike-8,15.061362445770495,False
od_02,motorbike,5.0,0.5168055096760494,9.67481945603514,14.67481945603514,motorbike-1,9.67481945603514,True
od_02,motorbike,5.0,0.5168055096760494,9.67481945603514,14.67481945603514,motorbike-2,10.031196680964728,True
od_02,motorbike,5.0,0.5168055096760494,9.67481945603514,14.67481945603514,motorbike-3,10.094824986450568,True
od_02,motorbike,5.0,0.5168055096760494,9.67481945603514,14.67481945603514,motorbike-4,11.190847082150698,True
od_02,motorbike,5.0,0.5168055096760494,9.67481945603514,14.67481945603514,motorbike-5,11.507756179924469,True
od_02,motorbike,5.0,0.5168055096760494,9.67481945603514,14.67481945603514,motorbike-6,12.971349339465004,True
od_02,motorbike,5.0,0.5168055096760494,9.67481945603514,14.67481945603514,motorbike-7,12.043434722463035,True
od_02,motorbike,5.0,0.5168055096760494,9.67481945603514,14.67481945603514,motorbike-8,15.061362445770495,False
od_02,motorbike,10.0,1.0336110193520989,9.67481945603514,19.674819456035138,motorbike-1,9.67481945603514,True
od_02,motorbike,10.0,1.0336110193520989,9.67481945603514,19.674819456035138,motorbike-2,10.031196680964728,True
od_02,motorbike,10.0,1.0336110193520989,9.67481945603514,19.674819456035138,motorbike-3,10.094824986450568,True
od_02,motorbike,10.0,1.0336110193520989,9.67481945603514,19.674819456035138,motorbike-4,11.190847082150698,True
od_02,motorbike,10.0,1.0336110193520989,9.67481945603514,19.674819456035138,motorbike-5,11.507756179924469,True
od_02,motorbike,10.0,1.0336110193520989,9.67481945603514,19.674819456035138,motorbike-6,12.971349339465004,True
od_02,motorbike,10.0,1.0336110193520989,9.67481945603514,19.674819456035138,motorbike-7,12.043434722463035,True
od_02,motorbike,10.0,1.0336110193520989,9.67481945603514,19.674819456035138,motorbike-8,15.061362445770495,True
od_02,walking,0.0,0.0,48.3740972801757,48.3740972801757,walking-1,48.3740972801757,True
od_02,walking,0.0,0.0,48.3740972801757,48.3740972801757,walking-2,50.15598340482364,False
od_02,walking,0.0,0.0,48.3740972801757,48.3740972801757,walking-3,50.43738448613041,False
od_02,walking,0.0,0.0,48.3740972801757,48.3740972801757,walking-4,57.58487093365526,False
od_02,walking,0.0,0.0,48.3740972801757,48.3740972801757,walking-5,57.227903299143236,False
od_02,walking,0.0,0.0,48.3740972801757,48.3740972801757,walking-6,58.58918203781283,False
od_02,walking,0.0,0.0,48.3740972801757,48.3740972801757,walking-7,62.9676228868485,False
od_02,walking,0.0,0.0,48.3740972801757,48.3740972801757,walking-8,48.39449797506333,False
od_02,walking,1.0,0.02067222038704198,48.3740972801757,49.3740972801757,walking-1,48.3740972801757,True
od_02,walking,1.0,0.02067222038704198,48.3740972801757,49.3740972801757,walking-2,50.15598340482364,False
od_02,walking,1.0,0.02067222038704198,48.3740972801757,49.3740972801757,walking-3,50.43738448613041,False
od_02,walking,1.0,0.02067222038704198,48.3740972801757,49.3740972801757,walking-4,57.58487093365526,False
od_02,walking,1.0,0.02067222038704198,48.3740972801757,49.3740972801757,walking-5,57.227903299143236,False
od_02,walking,1.0,0.02067222038704198,48.3740972801757,49.3740972801757,walking-6,58.58918203781283,False
od_02,walking,1.0,0.02067222038704198,48.3740972801757,49.3740972801757,walking-7,62.9676228868485,False
od_02,walking,1.0,0.02067222038704198,48.3740972801757,49.3740972801757,walking-8,48.39449797506333,True
od_02,walking,2.0,0.04134444077408396,48.3740972801757,50.3740972801757,walking-1,48.3740972801757,True
od_02,walking,2.0,0.04134444077408396,48.3740972801757,50.3740972801757,walking-2,50.15598340482364,True
od_02,walking,2.0,0.04134444077408396,48.3740972801757,50.3740972801757,walking-3,50.43738448613041,False
od_02,walking,2.0,0.04134444077408396,48.3740972801757,50.3740972801757,walking-4,57.58487093365526,False
od_02,walking,2.0,0.04134444077408396,48.3740972801757,50.3740972801757,walking-5,57.227903299143236,False
od_02,walking,2.0,0.04134444077408396,48.3740972801757,50.3740972801757,walking-6,58.58918203781283,False
od_02,walking,2.0,0.04134444077408396,48.3740972801757,50.3740972801757,walking-7,62.9676228868485,False
od_02,walking,2.0,0.04134444077408396,48.3740972801757,50.3740972801757,walking-8,48.39449797506333,True
od_02,walking,3.0,0.06201666116112594,48.3740972801757,51.3740972801757,walking-1,48.3740972801757,True
od_02,walking,3.0,0.06201666116112594,48.3740972801757,51.3740972801757,walking-2,50.15598340482364,True
od_02,walking,3.0,0.06201666116112594,48.3740972801757,51.3740972801757,walking-3,50.43738448613041,True
od_02,walking,3.0,0.06201666116112594,48.3740972801757,51.3740972801757,walking-4,57.58487093365526,False
od_02,walking,3.0,0.06201666116112594,48.3740972801757,51.3740972801757,walking-5,57.227903299143236,False
od_02,walking,3.0,0.06201666116112594,48.3740972801757,51.3740972801757,walking-6,58.58918203781283,False
od_02,walking,3.0,0.06201666116112594,48.3740972801757,51.3740972801757,walking-7,62.9676228868485,False
od_02,walking,3.0,0.06201666116112594,48.3740972801757,51.3740972801757,walking-8,48.39449797506333,True
od_02,walking,5.0,0.10336110193520989,48.3740972801757,53.3740972801757,walking-1,48.3740972801757,True
od_02,walking,5.0,0.10336110193520989,48.3740972801757,53.3740972801757,walking-2,50.15598340482364,True
od_02,walking,5.0,0.10336110193520989,48.3740972801757,53.3740972801757,walking-3,50.43738448613041,True
od_02,walking,5.0,0.10336110193520989,48.3740972801757,53.3740972801757,walking-4,57.58487093365526,False
od_02,walking,5.0,0.10336110193520989,48.3740972801757,53.3740972801757,walking-5,57.227903299143236,False
od_02,walking,5.0,0.10336110193520989,48.3740972801757,53.3740972801757,walking-6,58.58918203781283,False
od_02,walking,5.0,0.10336110193520989,48.3740972801757,53.3740972801757,walking-7,62.9676228868485,False
od_02,walking,5.0,0.10336110193520989,48.3740972801757,53.3740972801757,walking-8,48.39449797506333,True
od_02,walking,10.0,0.20672220387041979,48.3740972801757,58.3740972801757,walking-1,48.3740972801757,True
od_02,walking,10.0,0.20672220387041979,48.3740972801757,58.3740972801757,walking-2,50.15598340482364,True
od_02,walking,10.0,0.20672220387041979,48.3740972801757,58.3740972801757,walking-3,50.43738448613041,True
od_02,walking,10.0,0.20672220387041979,48.3740972801757,58.3740972801757,walking-4,57.58487093365526,True
od_02,walking,10.0,0.20672220387041979,48.3740972801757,58.3740972801757,walking-5,57.227903299143236,True
od_02,walking,10.0,0.20672220387041979,48.3740972801757,58.3740972801757,walking-6,58.58918203781283,False
od_02,walking,10.0,0.20672220387041979,48.3740972801757,58.3740972801757,walking-7,62.9676228868485,False
od_02,walking,10.0,0.20672220387041979,48.3740972801757,58.3740972801757,walking-8,48.39449797506333,True
od_03,motorbike,0.0,0.0,6.910009956562447,6.910009956562447,motorbike-1,6.910009956562447,True
od_03,motorbike,0.0,0.0,6.910009956562447,6.910009956562447,motorbike-2,7.116120642313948,False
od_03,motorbike,0.0,0.0,6.910009956562447,6.910009956562447,motorbike-3,7.291127544071104,False
od_03,motorbike,0.0,0.0,6.910009956562447,6.910009956562447,motorbike-4,8.952822623587215,False
od_03,motorbike,0.0,0.0,6.910009956562447,6.910009956562447,motorbike-5,8.934479371762848,False
od_03,motorbike,0.0,0.0,6.910009956562447,6.910009956562447,motorbike-6,10.144691090585662,False
od_03,motorbike,0.0,0.0,6.910009956562447,6.910009956562447,motorbike-7,11.51065951290006,False
od_03,motorbike,0.0,0.0,6.910009956562447,6.910009956562447,motorbike-8,12.710263847345718,False
od_03,motorbike,1.0,0.14471759176704202,6.910009956562447,7.910009956562447,motorbike-1,6.910009956562447,True
od_03,motorbike,1.0,0.14471759176704202,6.910009956562447,7.910009956562447,motorbike-2,7.116120642313948,True
od_03,motorbike,1.0,0.14471759176704202,6.910009956562447,7.910009956562447,motorbike-3,7.291127544071104,True
od_03,motorbike,1.0,0.14471759176704202,6.910009956562447,7.910009956562447,motorbike-4,8.952822623587215,False
od_03,motorbike,1.0,0.14471759176704202,6.910009956562447,7.910009956562447,motorbike-5,8.934479371762848,False
od_03,motorbike,1.0,0.14471759176704202,6.910009956562447,7.910009956562447,motorbike-6,10.144691090585662,False
od_03,motorbike,1.0,0.14471759176704202,6.910009956562447,7.910009956562447,motorbike-7,11.51065951290006,False
od_03,motorbike,1.0,0.14471759176704202,6.910009956562447,7.910009956562447,motorbike-8,12.710263847345718,False
od_03,motorbike,2.0,0.28943518353408404,6.910009956562447,8.910009956562448,motorbike-1,6.910009956562447,True
od_03,motorbike,2.0,0.28943518353408404,6.910009956562447,8.910009956562448,motorbike-2,7.116120642313948,True
od_03,motorbike,2.0,0.28943518353408404,6.910009956562447,8.910009956562448,motorbike-3,7.291127544071104,True
od_03,motorbike,2.0,0.28943518353408404,6.910009956562447,8.910009956562448,motorbike-4,8.952822623587215,False
od_03,motorbike,2.0,0.28943518353408404,6.910009956562447,8.910009956562448,motorbike-5,8.934479371762848,False
od_03,motorbike,2.0,0.28943518353408404,6.910009956562447,8.910009956562448,motorbike-6,10.144691090585662,False
od_03,motorbike,2.0,0.28943518353408404,6.910009956562447,8.910009956562448,motorbike-7,11.51065951290006,False
od_03,motorbike,2.0,0.28943518353408404,6.910009956562447,8.910009956562448,motorbike-8,12.710263847345718,False
od_03,motorbike,3.0,0.4341527753011261,6.910009956562447,9.910009956562448,motorbike-1,6.910009956562447,True
od_03,motorbike,3.0,0.4341527753011261,6.910009956562447,9.910009956562448,motorbike-2,7.116120642313948,True
od_03,motorbike,3.0,0.4341527753011261,6.910009956562447,9.910009956562448,motorbike-3,7.291127544071104,True
od_03,motorbike,3.0,0.4341527753011261,6.910009956562447,9.910009956562448,motorbike-4,8.952822623587215,True
od_03,motorbike,3.0,0.4341527753011261,6.910009956562447,9.910009956562448,motorbike-5,8.934479371762848,True
od_03,motorbike,3.0,0.4341527753011261,6.910009956562447,9.910009956562448,motorbike-6,10.144691090585662,False
od_03,motorbike,3.0,0.4341527753011261,6.910009956562447,9.910009956562448,motorbike-7,11.51065951290006,False
od_03,motorbike,3.0,0.4341527753011261,6.910009956562447,9.910009956562448,motorbike-8,12.710263847345718,False
od_03,motorbike,5.0,0.7235879588352102,6.910009956562447,11.910009956562448,motorbike-1,6.910009956562447,True
od_03,motorbike,5.0,0.7235879588352102,6.910009956562447,11.910009956562448,motorbike-2,7.116120642313948,True
od_03,motorbike,5.0,0.7235879588352102,6.910009956562447,11.910009956562448,motorbike-3,7.291127544071104,True
od_03,motorbike,5.0,0.7235879588352102,6.910009956562447,11.910009956562448,motorbike-4,8.952822623587215,True
od_03,motorbike,5.0,0.7235879588352102,6.910009956562447,11.910009956562448,motorbike-5,8.934479371762848,True
od_03,motorbike,5.0,0.7235879588352102,6.910009956562447,11.910009956562448,motorbike-6,10.144691090585662,True
od_03,motorbike,5.0,0.7235879588352102,6.910009956562447,11.910009956562448,motorbike-7,11.51065951290006,True
od_03,motorbike,5.0,0.7235879588352102,6.910009956562447,11.910009956562448,motorbike-8,12.710263847345718,False
od_03,motorbike,10.0,1.4471759176704204,6.910009956562447,16.910009956562448,motorbike-1,6.910009956562447,True
od_03,motorbike,10.0,1.4471759176704204,6.910009956562447,16.910009956562448,motorbike-2,7.116120642313948,True
od_03,motorbike,10.0,1.4471759176704204,6.910009956562447,16.910009956562448,motorbike-3,7.291127544071104,True
od_03,motorbike,10.0,1.4471759176704204,6.910009956562447,16.910009956562448,motorbike-4,8.952822623587215,True
od_03,motorbike,10.0,1.4471759176704204,6.910009956562447,16.910009956562448,motorbike-5,8.934479371762848,True
od_03,motorbike,10.0,1.4471759176704204,6.910009956562447,16.910009956562448,motorbike-6,10.144691090585662,True
od_03,motorbike,10.0,1.4471759176704204,6.910009956562447,16.910009956562448,motorbike-7,11.51065951290006,True
od_03,motorbike,10.0,1.4471759176704204,6.910009956562447,16.910009956562448,motorbike-8,12.710263847345718,True
od_03,walking,0.0,0.0,34.422845694421525,34.422845694421525,walking-1,34.422845694421525,True
od_03,walking,0.0,0.0,34.422845694421525,34.422845694421525,walking-2,35.386219637387526,False
od_03,walking,0.0,0.0,34.422845694421525,34.422845694421525,walking-3,36.216969083160066,False
od_03,walking,0.0,0.0,34.422845694421525,34.422845694421525,walking-4,42.03367279476799,False
od_03,walking,0.0,0.0,34.422845694421525,34.422845694421525,walking-5,41.27048239028817,False
od_03,walking,0.0,0.0,34.422845694421525,34.422845694421525,walking-6,44.0620467656177,False
od_03,walking,0.0,0.0,34.422845694421525,34.422845694421525,walking-7,48.56547626776692,False
od_03,walking,0.0,0.0,34.422845694421525,34.422845694421525,walking-8,45.08535075552466,False
od_03,walking,1.0,0.02905047446911274,34.422845694421525,35.422845694421525,walking-1,34.422845694421525,True
od_03,walking,1.0,0.02905047446911274,34.422845694421525,35.422845694421525,walking-2,35.386219637387526,True
od_03,walking,1.0,0.02905047446911274,34.422845694421525,35.422845694421525,walking-3,36.216969083160066,False
od_03,walking,1.0,0.02905047446911274,34.422845694421525,35.422845694421525,walking-4,42.03367279476799,False
od_03,walking,1.0,0.02905047446911274,34.422845694421525,35.422845694421525,walking-5,41.27048239028817,False
od_03,walking,1.0,0.02905047446911274,34.422845694421525,35.422845694421525,walking-6,44.0620467656177,False
od_03,walking,1.0,0.02905047446911274,34.422845694421525,35.422845694421525,walking-7,48.56547626776692,False
od_03,walking,1.0,0.02905047446911274,34.422845694421525,35.422845694421525,walking-8,45.08535075552466,False
od_03,walking,2.0,0.05810094893822548,34.422845694421525,36.422845694421525,walking-1,34.422845694421525,True
od_03,walking,2.0,0.05810094893822548,34.422845694421525,36.422845694421525,walking-2,35.386219637387526,True
od_03,walking,2.0,0.05810094893822548,34.422845694421525,36.422845694421525,walking-3,36.216969083160066,True
od_03,walking,2.0,0.05810094893822548,34.422845694421525,36.422845694421525,walking-4,42.03367279476799,False
od_03,walking,2.0,0.05810094893822548,34.422845694421525,36.422845694421525,walking-5,41.27048239028817,False
od_03,walking,2.0,0.05810094893822548,34.422845694421525,36.422845694421525,walking-6,44.0620467656177,False
od_03,walking,2.0,0.05810094893822548,34.422845694421525,36.422845694421525,walking-7,48.56547626776692,False
od_03,walking,2.0,0.05810094893822548,34.422845694421525,36.422845694421525,walking-8,45.08535075552466,False
od_03,walking,3.0,0.08715142340733822,34.422845694421525,37.422845694421525,walking-1,34.422845694421525,True
od_03,walking,3.0,0.08715142340733822,34.422845694421525,37.422845694421525,walking-2,35.386219637387526,True
od_03,walking,3.0,0.08715142340733822,34.422845694421525,37.422845694421525,walking-3,36.216969083160066,True
od_03,walking,3.0,0.08715142340733822,34.422845694421525,37.422845694421525,walking-4,42.03367279476799,False
od_03,walking,3.0,0.08715142340733822,34.422845694421525,37.422845694421525,walking-5,41.27048239028817,False
od_03,walking,3.0,0.08715142340733822,34.422845694421525,37.422845694421525,walking-6,44.0620467656177,False
od_03,walking,3.0,0.08715142340733822,34.422845694421525,37.422845694421525,walking-7,48.56547626776692,False
od_03,walking,3.0,0.08715142340733822,34.422845694421525,37.422845694421525,walking-8,45.08535075552466,False
od_03,walking,5.0,0.1452523723455637,34.422845694421525,39.422845694421525,walking-1,34.422845694421525,True
od_03,walking,5.0,0.1452523723455637,34.422845694421525,39.422845694421525,walking-2,35.386219637387526,True
od_03,walking,5.0,0.1452523723455637,34.422845694421525,39.422845694421525,walking-3,36.216969083160066,True
od_03,walking,5.0,0.1452523723455637,34.422845694421525,39.422845694421525,walking-4,42.03367279476799,False
od_03,walking,5.0,0.1452523723455637,34.422845694421525,39.422845694421525,walking-5,41.27048239028817,False
od_03,walking,5.0,0.1452523723455637,34.422845694421525,39.422845694421525,walking-6,44.0620467656177,False
od_03,walking,5.0,0.1452523723455637,34.422845694421525,39.422845694421525,walking-7,48.56547626776692,False
od_03,walking,5.0,0.1452523723455637,34.422845694421525,39.422845694421525,walking-8,45.08535075552466,False
od_03,walking,10.0,0.2905047446911274,34.422845694421525,44.422845694421525,walking-1,34.422845694421525,True
od_03,walking,10.0,0.2905047446911274,34.422845694421525,44.422845694421525,walking-2,35.386219637387526,True
od_03,walking,10.0,0.2905047446911274,34.422845694421525,44.422845694421525,walking-3,36.216969083160066,True
od_03,walking,10.0,0.2905047446911274,34.422845694421525,44.422845694421525,walking-4,42.03367279476799,True
od_03,walking,10.0,0.2905047446911274,34.422845694421525,44.422845694421525,walking-5,41.27048239028817,True
od_03,walking,10.0,0.2905047446911274,34.422845694421525,44.422845694421525,walking-6,44.0620467656177,True
od_03,walking,10.0,0.2905047446911274,34.422845694421525,44.422845694421525,walking-7,48.56547626776692,False
od_03,walking,10.0,0.2905047446911274,34.422845694421525,44.422845694421525,walking-8,45.08535075552466,False
od_04,motorbike,0.0,0.0,13.275882583129041,13.275882583129041,motorbike-1,13.275882583129041,True
od_04,motorbike,0.0,0.0,13.275882583129041,13.275882583129041,motorbike-2,13.620497357443034,False
od_04,motorbike,0.0,0.0,13.275882583129041,13.275882583129041,motorbike-3,14.2432855547095,False
od_04,motorbike,0.0,0.0,13.275882583129041,13.275882583129041,motorbike-4,15.617407335477345,False
od_04,motorbike,0.0,0.0,13.275882583129041,13.275882583129041,motorbike-5,17.89364723933455,False
od_04,motorbike,0.0,0.0,13.275882583129041,13.275882583129041,motorbike-6,19.94097423000853,False
od_04,motorbike,0.0,0.0,13.275882583129041,13.275882583129041,motorbike-7,21.740602428212686,False
od_04,motorbike,0.0,0.0,13.275882583129041,13.275882583129041,motorbike-8,25.32382788664944,False
od_04,motorbike,1.0,0.07532455893145647,13.275882583129041,14.275882583129041,motorbike-1,13.275882583129041,True
od_04,motorbike,1.0,0.07532455893145647,13.275882583129041,14.275882583129041,motorbike-2,13.620497357443034,True
od_04,motorbike,1.0,0.07532455893145647,13.275882583129041,14.275882583129041,motorbike-3,14.2432855547095,True
od_04,motorbike,1.0,0.07532455893145647,13.275882583129041,14.275882583129041,motorbike-4,15.617407335477345,False
od_04,motorbike,1.0,0.07532455893145647,13.275882583129041,14.275882583129041,motorbike-5,17.89364723933455,False
od_04,motorbike,1.0,0.07532455893145647,13.275882583129041,14.275882583129041,motorbike-6,19.94097423000853,False
od_04,motorbike,1.0,0.07532455893145647,13.275882583129041,14.275882583129041,motorbike-7,21.740602428212686,False
od_04,motorbike,1.0,0.07532455893145647,13.275882583129041,14.275882583129041,motorbike-8,25.32382788664944,False
od_04,motorbike,2.0,0.15064911786291293,13.275882583129041,15.275882583129041,motorbike-1,13.275882583129041,True
od_04,motorbike,2.0,0.15064911786291293,13.275882583129041,15.275882583129041,motorbike-2,13.620497357443034,True
od_04,motorbike,2.0,0.15064911786291293,13.275882583129041,15.275882583129041,motorbike-3,14.2432855547095,True
od_04,motorbike,2.0,0.15064911786291293,13.275882583129041,15.275882583129041,motorbike-4,15.617407335477345,False
od_04,motorbike,2.0,0.15064911786291293,13.275882583129041,15.275882583129041,motorbike-5,17.89364723933455,False
od_04,motorbike,2.0,0.15064911786291293,13.275882583129041,15.275882583129041,motorbike-6,19.94097423000853,False
od_04,motorbike,2.0,0.15064911786291293,13.275882583129041,15.275882583129041,motorbike-7,21.740602428212686,False
od_04,motorbike,2.0,0.15064911786291293,13.275882583129041,15.275882583129041,motorbike-8,25.32382788664944,False
od_04,motorbike,3.0,0.22597367679436942,13.275882583129041,16.27588258312904,motorbike-1,13.275882583129041,True
od_04,motorbike,3.0,0.22597367679436942,13.275882583129041,16.27588258312904,motorbike-2,13.620497357443034,True
od_04,motorbike,3.0,0.22597367679436942,13.275882583129041,16.27588258312904,motorbike-3,14.2432855547095,True
od_04,motorbike,3.0,0.22597367679436942,13.275882583129041,16.27588258312904,motorbike-4,15.617407335477345,True
od_04,motorbike,3.0,0.22597367679436942,13.275882583129041,16.27588258312904,motorbike-5,17.89364723933455,False
od_04,motorbike,3.0,0.22597367679436942,13.275882583129041,16.27588258312904,motorbike-6,19.94097423000853,False
od_04,motorbike,3.0,0.22597367679436942,13.275882583129041,16.27588258312904,motorbike-7,21.740602428212686,False
od_04,motorbike,3.0,0.22597367679436942,13.275882583129041,16.27588258312904,motorbike-8,25.32382788664944,False
od_04,motorbike,5.0,0.3766227946572823,13.275882583129041,18.27588258312904,motorbike-1,13.275882583129041,True
od_04,motorbike,5.0,0.3766227946572823,13.275882583129041,18.27588258312904,motorbike-2,13.620497357443034,True
od_04,motorbike,5.0,0.3766227946572823,13.275882583129041,18.27588258312904,motorbike-3,14.2432855547095,True
od_04,motorbike,5.0,0.3766227946572823,13.275882583129041,18.27588258312904,motorbike-4,15.617407335477345,True
od_04,motorbike,5.0,0.3766227946572823,13.275882583129041,18.27588258312904,motorbike-5,17.89364723933455,True
od_04,motorbike,5.0,0.3766227946572823,13.275882583129041,18.27588258312904,motorbike-6,19.94097423000853,False
od_04,motorbike,5.0,0.3766227946572823,13.275882583129041,18.27588258312904,motorbike-7,21.740602428212686,False
od_04,motorbike,5.0,0.3766227946572823,13.275882583129041,18.27588258312904,motorbike-8,25.32382788664944,False
od_04,motorbike,10.0,0.7532455893145646,13.275882583129041,23.27588258312904,motorbike-1,13.275882583129041,True
od_04,motorbike,10.0,0.7532455893145646,13.275882583129041,23.27588258312904,motorbike-2,13.620497357443034,True
od_04,motorbike,10.0,0.7532455893145646,13.275882583129041,23.27588258312904,motorbike-3,14.2432855547095,True
od_04,motorbike,10.0,0.7532455893145646,13.275882583129041,23.27588258312904,motorbike-4,15.617407335477345,True
od_04,motorbike,10.0,0.7532455893145646,13.275882583129041,23.27588258312904,motorbike-5,17.89364723933455,True
od_04,motorbike,10.0,0.7532455893145646,13.275882583129041,23.27588258312904,motorbike-6,19.94097423000853,True
od_04,motorbike,10.0,0.7532455893145646,13.275882583129041,23.27588258312904,motorbike-7,21.740602428212686,True
od_04,motorbike,10.0,0.7532455893145646,13.275882583129041,23.27588258312904,motorbike-8,25.32382788664944,False
od_04,walking,0.0,0.0,66.24586047456621,66.24586047456621,walking-1,66.24586047456621,True
od_04,walking,0.0,0.0,66.24586047456621,66.24586047456621,walking-2,68.10248678721517,False
od_04,walking,0.0,0.0,66.24586047456621,66.24586047456621,walking-3,71.56208500737262,False
od_04,walking,0.0,0.0,66.24586047456621,66.24586047456621,walking-4,78.03235517112297,False
od_04,walking,0.0,0.0,66.24586047456621,66.24586047456621,walking-5,79.93315546863067,False
od_04,walking,0.0,0.0,66.24586047456621,66.24586047456621,walking-6,66.2586318228782,False
od_04,walking,0.0,0.0,66.24586047456621,66.24586047456621,walking-7,66.27179286511733,False
od_04,walking,0.0,0.0,66.24586047456621,66.24586047456621,walking-8,66.27534217176127,False
od_04,walking,1.0,0.015095282827278395,66.24586047456621,67.24586047456621,walking-1,66.24586047456621,True
od_04,walking,1.0,0.015095282827278395,66.24586047456621,67.24586047456621,walking-2,68.10248678721517,False
od_04,walking,1.0,0.015095282827278395,66.24586047456621,67.24586047456621,walking-3,71.56208500737262,False
od_04,walking,1.0,0.015095282827278395,66.24586047456621,67.24586047456621,walking-4,78.03235517112297,False
od_04,walking,1.0,0.015095282827278395,66.24586047456621,67.24586047456621,walking-5,79.93315546863067,False
od_04,walking,1.0,0.015095282827278395,66.24586047456621,67.24586047456621,walking-6,66.2586318228782,True
od_04,walking,1.0,0.015095282827278395,66.24586047456621,67.24586047456621,walking-7,66.27179286511733,True
od_04,walking,1.0,0.015095282827278395,66.24586047456621,67.24586047456621,walking-8,66.27534217176127,True
od_04,walking,2.0,0.03019056565455679,66.24586047456621,68.24586047456621,walking-1,66.24586047456621,True
od_04,walking,2.0,0.03019056565455679,66.24586047456621,68.24586047456621,walking-2,68.10248678721517,True
od_04,walking,2.0,0.03019056565455679,66.24586047456621,68.24586047456621,walking-3,71.56208500737262,False
od_04,walking,2.0,0.03019056565455679,66.24586047456621,68.24586047456621,walking-4,78.03235517112297,False
od_04,walking,2.0,0.03019056565455679,66.24586047456621,68.24586047456621,walking-5,79.93315546863067,False
od_04,walking,2.0,0.03019056565455679,66.24586047456621,68.24586047456621,walking-6,66.2586318228782,True
od_04,walking,2.0,0.03019056565455679,66.24586047456621,68.24586047456621,walking-7,66.27179286511733,True
od_04,walking,2.0,0.03019056565455679,66.24586047456621,68.24586047456621,walking-8,66.27534217176127,True
od_04,walking,3.0,0.045285848481835186,66.24586047456621,69.24586047456621,walking-1,66.24586047456621,True
od_04,walking,3.0,0.045285848481835186,66.24586047456621,69.24586047456621,walking-2,68.10248678721517,True
od_04,walking,3.0,0.045285848481835186,66.24586047456621,69.24586047456621,walking-3,71.56208500737262,False
od_04,walking,3.0,0.045285848481835186,66.24586047456621,69.24586047456621,walking-4,78.03235517112297,False
od_04,walking,3.0,0.045285848481835186,66.24586047456621,69.24586047456621,walking-5,79.93315546863067,False
od_04,walking,3.0,0.045285848481835186,66.24586047456621,69.24586047456621,walking-6,66.2586318228782,True
od_04,walking,3.0,0.045285848481835186,66.24586047456621,69.24586047456621,walking-7,66.27179286511733,True
od_04,walking,3.0,0.045285848481835186,66.24586047456621,69.24586047456621,walking-8,66.27534217176127,True
od_04,walking,5.0,0.07547641413639197,66.24586047456621,71.24586047456621,walking-1,66.24586047456621,True
od_04,walking,5.0,0.07547641413639197,66.24586047456621,71.24586047456621,walking-2,68.10248678721517,True
od_04,walking,5.0,0.07547641413639197,66.24586047456621,71.24586047456621,walking-3,71.56208500737262,False
od_04,walking,5.0,0.07547641413639197,66.24586047456621,71.24586047456621,walking-4,78.03235517112297,False
od_04,walking,5.0,0.07547641413639197,66.24586047456621,71.24586047456621,walking-5,79.93315546863067,False
od_04,walking,5.0,0.07547641413639197,66.24586047456621,71.24586047456621,walking-6,66.2586318228782,True
od_04,walking,5.0,0.07547641413639197,66.24586047456621,71.24586047456621,walking-7,66.27179286511733,True
od_04,walking,5.0,0.07547641413639197,66.24586047456621,71.24586047456621,walking-8,66.27534217176127,True
od_04,walking,10.0,0.15095282827278395,66.24586047456621,76.24586047456621,walking-1,66.24586047456621,True
od_04,walking,10.0,0.15095282827278395,66.24586047456621,76.24586047456621,walking-2,68.10248678721517,True
od_04,walking,10.0,0.15095282827278395,66.24586047456621,76.24586047456621,walking-3,71.56208500737262,True
od_04,walking,10.0,0.15095282827278395,66.24586047456621,76.24586047456621,walking-4,78.03235517112297,False
od_04,walking,10.0,0.15095282827278395,66.24586047456621,76.24586047456621,walking-5,79.93315546863067,False
od_04,walking,10.0,0.15095282827278395,66.24586047456621,76.24586047456621,walking-6,66.2586318228782,True
od_04,walking,10.0,0.15095282827278395,66.24586047456621,76.24586047456621,walking-7,66.27179286511733,True
od_04,walking,10.0,0.15095282827278395,66.24586047456621,76.24586047456621,walking-8,66.27534217176127,True
od_05,motorbike,0.0,0.0,15.468886749491073,15.468886749491073,motorbike-1,15.468886749491073,True
od_05,motorbike,0.0,0.0,15.468886749491073,15.468886749491073,motorbike-2,16.430813463101863,False
od_05,motorbike,0.0,0.0,15.468886749491073,15.468886749491073,motorbike-3,17.721025945346682,False
od_05,motorbike,0.0,0.0,15.468886749491073,15.468886749491073,motorbike-4,19.325041392608465,False
od_05,motorbike,0.0,0.0,15.468886749491073,15.468886749491073,motorbike-5,21.101742785886177,False
od_05,motorbike,0.0,0.0,15.468886749491073,15.468886749491073,motorbike-6,24.25629553330257,False
od_05,motorbike,0.0,0.0,15.468886749491073,15.468886749491073,motorbike-7,26.40851543125905,False
od_05,motorbike,0.0,0.0,15.468886749491073,15.468886749491073,motorbike-8,30.28320250540618,False
od_05,motorbike,1.0,0.0646458931527765,15.468886749491073,16.468886749491073,motorbike-1,15.468886749491073,True
od_05,motorbike,1.0,0.0646458931527765,15.468886749491073,16.468886749491073,motorbike-2,16.430813463101863,True
od_05,motorbike,1.0,0.0646458931527765,15.468886749491073,16.468886749491073,motorbike-3,17.721025945346682,False
od_05,motorbike,1.0,0.0646458931527765,15.468886749491073,16.468886749491073,motorbike-4,19.325041392608465,False
od_05,motorbike,1.0,0.0646458931527765,15.468886749491073,16.468886749491073,motorbike-5,21.101742785886177,False
od_05,motorbike,1.0,0.0646458931527765,15.468886749491073,16.468886749491073,motorbike-6,24.25629553330257,False
od_05,motorbike,1.0,0.0646458931527765,15.468886749491073,16.468886749491073,motorbike-7,26.40851543125905,False
od_05,motorbike,1.0,0.0646458931527765,15.468886749491073,16.468886749491073,motorbike-8,30.28320250540618,False
od_05,motorbike,2.0,0.129291786305553,15.468886749491073,17.468886749491073,motorbike-1,15.468886749491073,True
od_05,motorbike,2.0,0.129291786305553,15.468886749491073,17.468886749491073,motorbike-2,16.430813463101863,True
od_05,motorbike,2.0,0.129291786305553,15.468886749491073,17.468886749491073,motorbike-3,17.721025945346682,False
od_05,motorbike,2.0,0.129291786305553,15.468886749491073,17.468886749491073,motorbike-4,19.325041392608465,False
od_05,motorbike,2.0,0.129291786305553,15.468886749491073,17.468886749491073,motorbike-5,21.101742785886177,False
od_05,motorbike,2.0,0.129291786305553,15.468886749491073,17.468886749491073,motorbike-6,24.25629553330257,False
od_05,motorbike,2.0,0.129291786305553,15.468886749491073,17.468886749491073,motorbike-7,26.40851543125905,False
od_05,motorbike,2.0,0.129291786305553,15.468886749491073,17.468886749491073,motorbike-8,30.28320250540618,False
od_05,motorbike,3.0,0.1939376794583295,15.468886749491073,18.468886749491073,motorbike-1,15.468886749491073,True
od_05,motorbike,3.0,0.1939376794583295,15.468886749491073,18.468886749491073,motorbike-2,16.430813463101863,True
od_05,motorbike,3.0,0.1939376794583295,15.468886749491073,18.468886749491073,motorbike-3,17.721025945346682,True
od_05,motorbike,3.0,0.1939376794583295,15.468886749491073,18.468886749491073,motorbike-4,19.325041392608465,False
od_05,motorbike,3.0,0.1939376794583295,15.468886749491073,18.468886749491073,motorbike-5,21.101742785886177,False
od_05,motorbike,3.0,0.1939376794583295,15.468886749491073,18.468886749491073,motorbike-6,24.25629553330257,False
od_05,motorbike,3.0,0.1939376794583295,15.468886749491073,18.468886749491073,motorbike-7,26.40851543125905,False
od_05,motorbike,3.0,0.1939376794583295,15.468886749491073,18.468886749491073,motorbike-8,30.28320250540618,False
od_05,motorbike,5.0,0.32322946576388245,15.468886749491073,20.468886749491073,motorbike-1,15.468886749491073,True
od_05,motorbike,5.0,0.32322946576388245,15.468886749491073,20.468886749491073,motorbike-2,16.430813463101863,True
od_05,motorbike,5.0,0.32322946576388245,15.468886749491073,20.468886749491073,motorbike-3,17.721025945346682,True
od_05,motorbike,5.0,0.32322946576388245,15.468886749491073,20.468886749491073,motorbike-4,19.325041392608465,True
od_05,motorbike,5.0,0.32322946576388245,15.468886749491073,20.468886749491073,motorbike-5,21.101742785886177,False
od_05,motorbike,5.0,0.32322946576388245,15.468886749491073,20.468886749491073,motorbike-6,24.25629553330257,False
od_05,motorbike,5.0,0.32322946576388245,15.468886749491073,20.468886749491073,motorbike-7,26.40851543125905,False
od_05,motorbike,5.0,0.32322946576388245,15.468886749491073,20.468886749491073,motorbike-8,30.28320250540618,False
od_05,motorbike,10.0,0.6464589315277649,15.468886749491073,25.468886749491073,motorbike-1,15.468886749491073,True
od_05,motorbike,10.0,0.6464589315277649,15.468886749491073,25.468886749491073,motorbike-2,16.430813463101863,True
od_05,motorbike,10.0,0.6464589315277649,15.468886749491073,25.468886749491073,motorbike-3,17.721025945346682,True
od_05,motorbike,10.0,0.6464589315277649,15.468886749491073,25.468886749491073,motorbike-4,19.325041392608465,True
od_05,motorbike,10.0,0.6464589315277649,15.468886749491073,25.468886749491073,motorbike-5,21.101742785886177,True
od_05,motorbike,10.0,0.6464589315277649,15.468886749491073,25.468886749491073,motorbike-6,24.25629553330257,True
od_05,motorbike,10.0,0.6464589315277649,15.468886749491073,25.468886749491073,motorbike-7,26.40851543125905,False
od_05,motorbike,10.0,0.6464589315277649,15.468886749491073,25.468886749491073,motorbike-8,30.28320250540618,False
od_05,walking,0.0,0.0,79.18940872206731,79.18940872206731,walking-1,79.18940872206731,True
od_05,walking,0.0,0.0,79.18940872206731,79.18940872206731,walking-2,81.41356827195831,False
od_05,walking,0.0,0.0,79.18940872206731,79.18940872206731,walking-3,85.63858907274934,False
od_05,walking,0.0,0.0,79.18940872206731,79.18940872206731,walking-4,92.37391216071067,False
od_05,walking,0.0,0.0,79.18940872206731,79.18940872206731,walking-5,79.19073760644044,False
od_05,walking,0.0,0.0,79.18940872206731,79.18940872206731,walking-6,79.19390361930249,False
od_05,walking,0.0,0.0,79.18940872206731,79.18940872206731,walking-7,79.1952325036756,False
od_05,walking,0.0,0.0,79.18940872206731,79.18940872206731,walking-8,79.19535898384078,False
od_05,walking,1.0,0.012627951340181368,79.18940872206731,80.18940872206731,walking-1,79.18940872206731,True
od_05,walking,1.0,0.012627951340181368,79.18940872206731,80.18940872206731,walking-2,81.41356827195831,False
od_05,walking,1.0,0.012627951340181368,79.18940872206731,80.18940872206731,walking-3,85.63858907274934,False
od_05,walking,1.0,0.012627951340181368,79.18940872206731,80.18940872206731,walking-4,92.37391216071067,False
od_05,walking,1.0,0.012627951340181368,79.18940872206731,80.18940872206731,walking-5,79.19073760644044,True
od_05,walking,1.0,0.012627951340181368,79.18940872206731,80.18940872206731,walking-6,79.19390361930249,True
od_05,walking,1.0,0.012627951340181368,79.18940872206731,80.18940872206731,walking-7,79.1952325036756,True
od_05,walking,1.0,0.012627951340181368,79.18940872206731,80.18940872206731,walking-8,79.19535898384078,True
od_05,walking,2.0,0.025255902680362735,79.18940872206731,81.18940872206731,walking-1,79.18940872206731,True
od_05,walking,2.0,0.025255902680362735,79.18940872206731,81.18940872206731,walking-2,81.41356827195831,False
od_05,walking,2.0,0.025255902680362735,79.18940872206731,81.18940872206731,walking-3,85.63858907274934,False
od_05,walking,2.0,0.025255902680362735,79.18940872206731,81.18940872206731,walking-4,92.37391216071067,False
od_05,walking,2.0,0.025255902680362735,79.18940872206731,81.18940872206731,walking-5,79.19073760644044,True
od_05,walking,2.0,0.025255902680362735,79.18940872206731,81.18940872206731,walking-6,79.19390361930249,True
od_05,walking,2.0,0.025255902680362735,79.18940872206731,81.18940872206731,walking-7,79.1952325036756,True
od_05,walking,2.0,0.025255902680362735,79.18940872206731,81.18940872206731,walking-8,79.19535898384078,True
od_05,walking,3.0,0.0378838540205441,79.18940872206731,82.18940872206731,walking-1,79.18940872206731,True
od_05,walking,3.0,0.0378838540205441,79.18940872206731,82.18940872206731,walking-2,81.41356827195831,True
od_05,walking,3.0,0.0378838540205441,79.18940872206731,82.18940872206731,walking-3,85.63858907274934,False
od_05,walking,3.0,0.0378838540205441,79.18940872206731,82.18940872206731,walking-4,92.37391216071067,False
od_05,walking,3.0,0.0378838540205441,79.18940872206731,82.18940872206731,walking-5,79.19073760644044,True
od_05,walking,3.0,0.0378838540205441,79.18940872206731,82.18940872206731,walking-6,79.19390361930249,True
od_05,walking,3.0,0.0378838540205441,79.18940872206731,82.18940872206731,walking-7,79.1952325036756,True
od_05,walking,3.0,0.0378838540205441,79.18940872206731,82.18940872206731,walking-8,79.19535898384078,True
od_05,walking,5.0,0.06313975670090684,79.18940872206731,84.18940872206731,walking-1,79.18940872206731,True
od_05,walking,5.0,0.06313975670090684,79.18940872206731,84.18940872206731,walking-2,81.41356827195831,True
od_05,walking,5.0,0.06313975670090684,79.18940872206731,84.18940872206731,walking-3,85.63858907274934,False
od_05,walking,5.0,0.06313975670090684,79.18940872206731,84.18940872206731,walking-4,92.37391216071067,False
od_05,walking,5.0,0.06313975670090684,79.18940872206731,84.18940872206731,walking-5,79.19073760644044,True
od_05,walking,5.0,0.06313975670090684,79.18940872206731,84.18940872206731,walking-6,79.19390361930249,True
od_05,walking,5.0,0.06313975670090684,79.18940872206731,84.18940872206731,walking-7,79.1952325036756,True
od_05,walking,5.0,0.06313975670090684,79.18940872206731,84.18940872206731,walking-8,79.19535898384078,True
od_05,walking,10.0,0.12627951340181368,79.18940872206731,89.18940872206731,walking-1,79.18940872206731,True
od_05,walking,10.0,0.12627951340181368,79.18940872206731,89.18940872206731,walking-2,81.41356827195831,True
od_05,walking,10.0,0.12627951340181368,79.18940872206731,89.18940872206731,walking-3,85.63858907274934,True
od_05,walking,10.0,0.12627951340181368,79.18940872206731,89.18940872206731,walking-4,92.37391216071067,False
od_05,walking,10.0,0.12627951340181368,79.18940872206731,89.18940872206731,walking-5,79.19073760644044,True
od_05,walking,10.0,0.12627951340181368,79.18940872206731,89.18940872206731,walking-6,79.19390361930249,True
od_05,walking,10.0,0.12627951340181368,79.18940872206731,89.18940872206731,walking-7,79.1952325036756,True
od_05,walking,10.0,0.12627951340181368,79.18940872206731,89.18940872206731,walking-8,79.19535898384078,True
od_06,motorbike,0.0,0.0,8.795778104253094,8.795778104253094,motorbike-1,8.795778104253094,True
od_06,motorbike,0.0,0.0,8.795778104253094,8.795778104253094,motorbike-2,8.912525008564945,False
od_06,motorbike,0.0,0.0,8.795778104253094,8.795778104253094,motorbike-3,9.733593910325371,False
od_06,motorbike,0.0,0.0,8.795778104253094,8.795778104253094,motorbike-4,11.106555556952525,False
od_06,motorbike,0.0,0.0,8.795778104253094,8.795778104253094,motorbike-5,10.82864499459946,False
od_06,motorbike,0.0,0.0,8.795778104253094,8.795778104253094,motorbike-6,12.696105608973786,False
od_06,motorbike,0.0,0.0,8.795778104253094,8.795778104253094,motorbike-7,13.86646565213501,False
od_06,motorbike,0.0,0.0,8.795778104253094,8.795778104253094,motorbike-8,15.36855579263192,False
od_06,motorbike,1.0,0.11369090808651278,8.795778104253094,9.795778104253094,motorbike-1,8.795778104253094,True
od_06,motorbike,1.0,0.11369090808651278,8.795778104253094,9.795778104253094,motorbike-2,8.912525008564945,True
od_06,motorbike,1.0,0.11369090808651278,8.795778104253094,9.795778104253094,motorbike-3,9.733593910325371,True
od_06,motorbike,1.0,0.11369090808651278,8.795778104253094,9.795778104253094,motorbike-4,11.106555556952525,False
od_06,motorbike,1.0,0.11369090808651278,8.795778104253094,9.795778104253094,motorbike-5,10.82864499459946,False
od_06,motorbike,1.0,0.11369090808651278,8.795778104253094,9.795778104253094,motorbike-6,12.696105608973786,False
od_06,motorbike,1.0,0.11369090808651278,8.795778104253094,9.795778104253094,motorbike-7,13.86646565213501,False
od_06,motorbike,1.0,0.11369090808651278,8.795778104253094,9.795778104253094,motorbike-8,15.36855579263192,False
od_06,motorbike,2.0,0.22738181617302555,8.795778104253094,10.795778104253094,motorbike-1,8.795778104253094,True
od_06,motorbike,2.0,0.22738181617302555,8.795778104253094,10.795778104253094,motorbike-2,8.912525008564945,True
od_06,motorbike,2.0,0.22738181617302555,8.795778104253094,10.795778104253094,motorbike-3,9.733593910325371,True
od_06,motorbike,2.0,0.22738181617302555,8.795778104253094,10.795778104253094,motorbike-4,11.106555556952525,False
od_06,motorbike,2.0,0.22738181617302555,8.795778104253094,10.795778104253094,motorbike-5,10.82864499459946,False
od_06,motorbike,2.0,0.22738181617302555,8.795778104253094,10.795778104253094,motorbike-6,12.696105608973786,False
od_06,motorbike,2.0,0.22738181617302555,8.795778104253094,10.795778104253094,motorbike-7,13.86646565213501,False
od_06,motorbike,2.0,0.22738181617302555,8.795778104253094,10.795778104253094,motorbike-8,15.36855579263192,False
od_06,motorbike,3.0,0.34107272425953833,8.795778104253094,11.795778104253094,motorbike-1,8.795778104253094,True
od_06,motorbike,3.0,0.34107272425953833,8.795778104253094,11.795778104253094,motorbike-2,8.912525008564945,True
od_06,motorbike,3.0,0.34107272425953833,8.795778104253094,11.795778104253094,motorbike-3,9.733593910325371,True
od_06,motorbike,3.0,0.34107272425953833,8.795778104253094,11.795778104253094,motorbike-4,11.106555556952525,True
od_06,motorbike,3.0,0.34107272425953833,8.795778104253094,11.795778104253094,motorbike-5,10.82864499459946,True
od_06,motorbike,3.0,0.34107272425953833,8.795778104253094,11.795778104253094,motorbike-6,12.696105608973786,False
od_06,motorbike,3.0,0.34107272425953833,8.795778104253094,11.795778104253094,motorbike-7,13.86646565213501,False
od_06,motorbike,3.0,0.34107272425953833,8.795778104253094,11.795778104253094,motorbike-8,15.36855579263192,False
od_06,motorbike,5.0,0.5684545404325638,8.795778104253094,13.795778104253094,motorbike-1,8.795778104253094,True
od_06,motorbike,5.0,0.5684545404325638,8.795778104253094,13.795778104253094,motorbike-2,8.912525008564945,True
od_06,motorbike,5.0,0.5684545404325638,8.795778104253094,13.795778104253094,motorbike-3,9.733593910325371,True
od_06,motorbike,5.0,0.5684545404325638,8.795778104253094,13.795778104253094,motorbike-4,11.106555556952525,True
od_06,motorbike,5.0,0.5684545404325638,8.795778104253094,13.795778104253094,motorbike-5,10.82864499459946,True
od_06,motorbike,5.0,0.5684545404325638,8.795778104253094,13.795778104253094,motorbike-6,12.696105608973786,True
od_06,motorbike,5.0,0.5684545404325638,8.795778104253094,13.795778104253094,motorbike-7,13.86646565213501,False
od_06,motorbike,5.0,0.5684545404325638,8.795778104253094,13.795778104253094,motorbike-8,15.36855579263192,False
od_06,motorbike,10.0,1.1369090808651277,8.795778104253094,18.795778104253095,motorbike-1,8.795778104253094,True
od_06,motorbike,10.0,1.1369090808651277,8.795778104253094,18.795778104253095,motorbike-2,8.912525008564945,True
od_06,motorbike,10.0,1.1369090808651277,8.795778104253094,18.795778104253095,motorbike-3,9.733593910325371,True
od_06,motorbike,10.0,1.1369090808651277,8.795778104253094,18.795778104253095,motorbike-4,11.106555556952525,True
od_06,motorbike,10.0,1.1369090808651277,8.795778104253094,18.795778104253095,motorbike-5,10.82864499459946,True
od_06,motorbike,10.0,1.1369090808651277,8.795778104253094,18.795778104253095,motorbike-6,12.696105608973786,True
od_06,motorbike,10.0,1.1369090808651277,8.795778104253094,18.795778104253095,motorbike-7,13.86646565213501,True
od_06,motorbike,10.0,1.1369090808651277,8.795778104253094,18.795778104253095,motorbike-8,15.36855579263192,True
od_06,walking,0.0,0.0,42.44838227513487,42.44838227513487,walking-1,42.44838227513487,True
od_06,walking,0.0,0.0,42.44838227513487,42.44838227513487,walking-2,43.733895047857935,False
od_06,walking,0.0,0.0,42.44838227513487,42.44838227513487,walking-3,46.34193328567817,False
od_06,walking,0.0,0.0,42.44838227513487,42.44838227513487,walking-4,51.24663119792057,False
od_06,walking,0.0,0.0,42.44838227513487,42.44838227513487,walking-5,54.664304900018735,False
od_06,walking,0.0,0.0,42.44838227513487,42.44838227513487,walking-6,42.44951227386006,False
od_06,walking,0.0,0.0,42.44838227513487,42.44838227513487,walking-7,42.45950208551215,False
od_06,walking,0.0,0.0,42.44838227513487,42.44838227513487,walking-8,42.460632084237346,False
od_06,walking,1.0,0.023558023802140827,42.44838227513487,43.44838227513487,walking-1,42.44838227513487,True
od_06,walking,1.0,0.023558023802140827,42.44838227513487,43.44838227513487,walking-2,43.733895047857935,False
od_06,walking,1.0,0.023558023802140827,42.44838227513487,43.44838227513487,walking-3,46.34193328567817,False
od_06,walking,1.0,0.023558023802140827,42.44838227513487,43.44838227513487,walking-4,51.24663119792057,False
od_06,walking,1.0,0.023558023802140827,42.44838227513487,43.44838227513487,walking-5,54.664304900018735,False
od_06,walking,1.0,0.023558023802140827,42.44838227513487,43.44838227513487,walking-6,42.44951227386006,True
od_06,walking,1.0,0.023558023802140827,42.44838227513487,43.44838227513487,walking-7,42.45950208551215,True
od_06,walking,1.0,0.023558023802140827,42.44838227513487,43.44838227513487,walking-8,42.460632084237346,True
od_06,walking,2.0,0.047116047604281654,42.44838227513487,44.44838227513487,walking-1,42.44838227513487,True
od_06,walking,2.0,0.047116047604281654,42.44838227513487,44.44838227513487,walking-2,43.733895047857935,True
od_06,walking,2.0,0.047116047604281654,42.44838227513487,44.44838227513487,walking-3,46.34193328567817,False
od_06,walking,2.0,0.047116047604281654,42.44838227513487,44.44838227513487,walking-4,51.24663119792057,False
od_06,walking,2.0,0.047116047604281654,42.44838227513487,44.44838227513487,walking-5,54.664304900018735,False
od_06,walking,2.0,0.047116047604281654,42.44838227513487,44.44838227513487,walking-6,42.44951227386006,True
od_06,walking,2.0,0.047116047604281654,42.44838227513487,44.44838227513487,walking-7,42.45950208551215,True
od_06,walking,2.0,0.047116047604281654,42.44838227513487,44.44838227513487,walking-8,42.460632084237346,True
od_06,walking,3.0,0.07067407140642248,42.44838227513487,45.44838227513487,walking-1,42.44838227513487,True
od_06,walking,3.0,0.07067407140642248,42.44838227513487,45.44838227513487,walking-2,43.733895047857935,True
od_06,walking,3.0,0.07067407140642248,42.44838227513487,45.44838227513487,walking-3,46.34193328567817,False
od_06,walking,3.0,0.07067407140642248,42.44838227513487,45.44838227513487,walking-4,51.24663119792057,False
od_06,walking,3.0,0.07067407140642248,42.44838227513487,45.44838227513487,walking-5,54.664304900018735,False
od_06,walking,3.0,0.07067407140642248,42.44838227513487,45.44838227513487,walking-6,42.44951227386006,True
od_06,walking,3.0,0.07067407140642248,42.44838227513487,45.44838227513487,walking-7,42.45950208551215,True
od_06,walking,3.0,0.07067407140642248,42.44838227513487,45.44838227513487,walking-8,42.460632084237346,True
od_06,walking,5.0,0.11779011901070413,42.44838227513487,47.44838227513487,walking-1,42.44838227513487,True
od_06,walking,5.0,0.11779011901070413,42.44838227513487,47.44838227513487,walking-2,43.733895047857935,True
od_06,walking,5.0,0.11779011901070413,42.44838227513487,47.44838227513487,walking-3,46.34193328567817,True
od_06,walking,5.0,0.11779011901070413,42.44838227513487,47.44838227513487,walking-4,51.24663119792057,False
od_06,walking,5.0,0.11779011901070413,42.44838227513487,47.44838227513487,walking-5,54.664304900018735,False
od_06,walking,5.0,0.11779011901070413,42.44838227513487,47.44838227513487,walking-6,42.44951227386006,True
od_06,walking,5.0,0.11779011901070413,42.44838227513487,47.44838227513487,walking-7,42.45950208551215,True
od_06,walking,5.0,0.11779011901070413,42.44838227513487,47.44838227513487,walking-8,42.460632084237346,True
od_06,walking,10.0,0.23558023802140826,42.44838227513487,52.44838227513487,walking-1,42.44838227513487,True
od_06,walking,10.0,0.23558023802140826,42.44838227513487,52.44838227513487,walking-2,43.733895047857935,True
od_06,walking,10.0,0.23558023802140826,42.44838227513487,52.44838227513487,walking-3,46.34193328567817,True
od_06,walking,10.0,0.23558023802140826,42.44838227513487,52.44838227513487,walking-4,51.24663119792057,True
od_06,walking,10.0,0.23558023802140826,42.44838227513487,52.44838227513487,walking-5,54.664304900018735,False
od_06,walking,10.0,0.23558023802140826,42.44838227513487,52.44838227513487,walking-6,42.44951227386006,True
od_06,walking,10.0,0.23558023802140826,42.44838227513487,52.44838227513487,walking-7,42.45950208551215,True
od_06,walking,10.0,0.23558023802140826,42.44838227513487,52.44838227513487,walking-8,42.460632084237346,True
od_07,motorbike,0.0,0.0,8.70687690002884,8.70687690002884,motorbike-1,8.70687690002884,True
od_07,motorbike,0.0,0.0,8.70687690002884,8.70687690002884,motorbike-2,8.849602511257377,False
od_07,motorbike,0.0,0.0,8.70687690002884,8.70687690002884,motorbike-3,9.304484026919031,False
od_07,motorbike,0.0,0.0,8.70687690002884,8.70687690002884,motorbike-4,10.597059190543154,False
od_07,motorbike,0.0,0.0,8.70687690002884,8.70687690002884,motorbike-5,12.409108732449967,False
od_07,motorbike,0.0,0.0,8.70687690002884,8.70687690002884,motorbike-6,12.761323361549278,False
od_07,motorbike,0.0,0.0,8.70687690002884,8.70687690002884,motorbike-7,14.262612421269564,False
od_07,motorbike,0.0,0.0,8.70687690002884,8.70687690002884,motorbike-8,16.239360172421005,False
od_07,motorbike,1.0,0.1148517443719329,8.70687690002884,9.70687690002884,motorbike-1,8.70687690002884,True
od_07,motorbike,1.0,0.1148517443719329,8.70687690002884,9.70687690002884,motorbike-2,8.849602511257377,True
od_07,motorbike,1.0,0.1148517443719329,8.70687690002884,9.70687690002884,motorbike-3,9.304484026919031,True
od_07,motorbike,1.0,0.1148517443719329,8.70687690002884,9.70687690002884,motorbike-4,10.597059190543154,False
od_07,motorbike,1.0,0.1148517443719329,8.70687690002884,9.70687690002884,motorbike-5,12.409108732449967,False
od_07,motorbike,1.0,0.1148517443719329,8.70687690002884,9.70687690002884,motorbike-6,12.761323361549278,False
od_07,motorbike,1.0,0.1148517443719329,8.70687690002884,9.70687690002884,motorbike-7,14.262612421269564,False
od_07,motorbike,1.0,0.1148517443719329,8.70687690002884,9.70687690002884,motorbike-8,16.239360172421005,False
od_07,motorbike,2.0,0.2297034887438658,8.70687690002884,10.70687690002884,motorbike-1,8.70687690002884,True
od_07,motorbike,2.0,0.2297034887438658,8.70687690002884,10.70687690002884,motorbike-2,8.849602511257377,True
od_07,motorbike,2.0,0.2297034887438658,8.70687690002884,10.70687690002884,motorbike-3,9.304484026919031,True
od_07,motorbike,2.0,0.2297034887438658,8.70687690002884,10.70687690002884,motorbike-4,10.597059190543154,True
od_07,motorbike,2.0,0.2297034887438658,8.70687690002884,10.70687690002884,motorbike-5,12.409108732449967,False
od_07,motorbike,2.0,0.2297034887438658,8.70687690002884,10.70687690002884,motorbike-6,12.761323361549278,False
od_07,motorbike,2.0,0.2297034887438658,8.70687690002884,10.70687690002884,motorbike-7,14.262612421269564,False
od_07,motorbike,2.0,0.2297034887438658,8.70687690002884,10.70687690002884,motorbike-8,16.239360172421005,False
od_07,motorbike,3.0,0.3445552331157987,8.70687690002884,11.70687690002884,motorbike-1,8.70687690002884,True
od_07,motorbike,3.0,0.3445552331157987,8.70687690002884,11.70687690002884,motorbike-2,8.849602511257377,True
od_07,motorbike,3.0,0.3445552331157987,8.70687690002884,11.70687690002884,motorbike-3,9.304484026919031,True
od_07,motorbike,3.0,0.3445552331157987,8.70687690002884,11.70687690002884,motorbike-4,10.597059190543154,True
od_07,motorbike,3.0,0.3445552331157987,8.70687690002884,11.70687690002884,motorbike-5,12.409108732449967,False
od_07,motorbike,3.0,0.3445552331157987,8.70687690002884,11.70687690002884,motorbike-6,12.761323361549278,False
od_07,motorbike,3.0,0.3445552331157987,8.70687690002884,11.70687690002884,motorbike-7,14.262612421269564,False
od_07,motorbike,3.0,0.3445552331157987,8.70687690002884,11.70687690002884,motorbike-8,16.239360172421005,False
od_07,motorbike,5.0,0.5742587218596645,8.70687690002884,13.70687690002884,motorbike-1,8.70687690002884,True
od_07,motorbike,5.0,0.5742587218596645,8.70687690002884,13.70687690002884,motorbike-2,8.849602511257377,True
od_07,motorbike,5.0,0.5742587218596645,8.70687690002884,13.70687690002884,motorbike-3,9.304484026919031,True
od_07,motorbike,5.0,0.5742587218596645,8.70687690002884,13.70687690002884,motorbike-4,10.597059190543154,True
od_07,motorbike,5.0,0.5742587218596645,8.70687690002884,13.70687690002884,motorbike-5,12.409108732449967,True
od_07,motorbike,5.0,0.5742587218596645,8.70687690002884,13.70687690002884,motorbike-6,12.761323361549278,True
od_07,motorbike,5.0,0.5742587218596645,8.70687690002884,13.70687690002884,motorbike-7,14.262612421269564,False
od_07,motorbike,5.0,0.5742587218596645,8.70687690002884,13.70687690002884,motorbike-8,16.239360172421005,False
od_07,motorbike,10.0,1.148517443719329,8.70687690002884,18.70687690002884,motorbike-1,8.70687690002884,True
od_07,motorbike,10.0,1.148517443719329,8.70687690002884,18.70687690002884,motorbike-2,8.849602511257377,True
od_07,motorbike,10.0,1.148517443719329,8.70687690002884,18.70687690002884,motorbike-3,9.304484026919031,True
od_07,motorbike,10.0,1.148517443719329,8.70687690002884,18.70687690002884,motorbike-4,10.597059190543154,True
od_07,motorbike,10.0,1.148517443719329,8.70687690002884,18.70687690002884,motorbike-5,12.409108732449967,True
od_07,motorbike,10.0,1.148517443719329,8.70687690002884,18.70687690002884,motorbike-6,12.761323361549278,True
od_07,motorbike,10.0,1.148517443719329,8.70687690002884,18.70687690002884,motorbike-7,14.262612421269564,True
od_07,motorbike,10.0,1.148517443719329,8.70687690002884,18.70687690002884,motorbike-8,16.239360172421005,True
od_07,walking,0.0,0.0,36.12094162904502,36.12094162904502,walking-1,36.12094162904502,True
od_07,walking,0.0,0.0,36.12094162904502,36.12094162904502,walking-2,36.62525905288091,False
od_07,walking,0.0,0.0,36.12094162904502,36.12094162904502,walking-3,46.42448191334041,False
od_07,walking,0.0,0.0,36.12094162904502,36.12094162904502,walking-4,48.14449910314382,False
od_07,walking,0.0,0.0,36.12094162904502,36.12094162904502,walking-5,47.555713556179924,False
od_07,walking,0.0,0.0,36.12094162904502,36.12094162904502,walking-6,48.970807288638476,False
od_07,walking,0.0,0.0,36.12094162904502,36.12094162904502,walking-7,36.1888892987428,False
od_07,walking,0.0,0.0,36.12094162904502,36.12094162904502,walking-8,36.190284484071505,False
od_07,walking,1.0,0.0276847710746249,36.12094162904502,37.12094162904502,walking-1,36.12094162904502,True
od_07,walking,1.0,0.0276847710746249,36.12094162904502,37.12094162904502,walking-2,36.62525905288091,True
od_07,walking,1.0,0.0276847710746249,36.12094162904502,37.12094162904502,walking-3,46.42448191334041,False
od_07,walking,1.0,0.0276847710746249,36.12094162904502,37.12094162904502,walking-4,48.14449910314382,False
od_07,walking,1.0,0.0276847710746249,36.12094162904502,37.12094162904502,walking-5,47.555713556179924,False
od_07,walking,1.0,0.0276847710746249,36.12094162904502,37.12094162904502,walking-6,48.970807288638476,False
od_07,walking,1.0,0.0276847710746249,36.12094162904502,37.12094162904502,walking-7,36.1888892987428,True
od_07,walking,1.0,0.0276847710746249,36.12094162904502,37.12094162904502,walking-8,36.190284484071505,True
od_07,walking,2.0,0.0553695421492498,36.12094162904502,38.12094162904502,walking-1,36.12094162904502,True
od_07,walking,2.0,0.0553695421492498,36.12094162904502,38.12094162904502,walking-2,36.62525905288091,True
od_07,walking,2.0,0.0553695421492498,36.12094162904502,38.12094162904502,walking-3,46.42448191334041,False
od_07,walking,2.0,0.0553695421492498,36.12094162904502,38.12094162904502,walking-4,48.14449910314382,False
od_07,walking,2.0,0.0553695421492498,36.12094162904502,38.12094162904502,walking-5,47.555713556179924,False
od_07,walking,2.0,0.0553695421492498,36.12094162904502,38.12094162904502,walking-6,48.970807288638476,False
od_07,walking,2.0,0.0553695421492498,36.12094162904502,38.12094162904502,walking-7,36.1888892987428,True
od_07,walking,2.0,0.0553695421492498,36.12094162904502,38.12094162904502,walking-8,36.190284484071505,True
od_07,walking,3.0,0.0830543132238747,36.12094162904502,39.12094162904502,walking-1,36.12094162904502,True
od_07,walking,3.0,0.0830543132238747,36.12094162904502,39.12094162904502,walking-2,36.62525905288091,True
od_07,walking,3.0,0.0830543132238747,36.12094162904502,39.12094162904502,walking-3,46.42448191334041,False
od_07,walking,3.0,0.0830543132238747,36.12094162904502,39.12094162904502,walking-4,48.14449910314382,False
od_07,walking,3.0,0.0830543132238747,36.12094162904502,39.12094162904502,walking-5,47.555713556179924,False
od_07,walking,3.0,0.0830543132238747,36.12094162904502,39.12094162904502,walking-6,48.970807288638476,False
od_07,walking,3.0,0.0830543132238747,36.12094162904502,39.12094162904502,walking-7,36.1888892987428,True
od_07,walking,3.0,0.0830543132238747,36.12094162904502,39.12094162904502,walking-8,36.190284484071505,True
od_07,walking,5.0,0.1384238553731245,36.12094162904502,41.12094162904502,walking-1,36.12094162904502,True
od_07,walking,5.0,0.1384238553731245,36.12094162904502,41.12094162904502,walking-2,36.62525905288091,True
od_07,walking,5.0,0.1384238553731245,36.12094162904502,41.12094162904502,walking-3,46.42448191334041,False
od_07,walking,5.0,0.1384238553731245,36.12094162904502,41.12094162904502,walking-4,48.14449910314382,False
od_07,walking,5.0,0.1384238553731245,36.12094162904502,41.12094162904502,walking-5,47.555713556179924,False
od_07,walking,5.0,0.1384238553731245,36.12094162904502,41.12094162904502,walking-6,48.970807288638476,False
od_07,walking,5.0,0.1384238553731245,36.12094162904502,41.12094162904502,walking-7,36.1888892987428,True
od_07,walking,5.0,0.1384238553731245,36.12094162904502,41.12094162904502,walking-8,36.190284484071505,True
od_07,walking,10.0,0.276847710746249,36.12094162904502,46.12094162904502,walking-1,36.12094162904502,True
od_07,walking,10.0,0.276847710746249,36.12094162904502,46.12094162904502,walking-2,36.62525905288091,True
od_07,walking,10.0,0.276847710746249,36.12094162904502,46.12094162904502,walking-3,46.42448191334041,False
od_07,walking,10.0,0.276847710746249,36.12094162904502,46.12094162904502,walking-4,48.14449910314382,False
od_07,walking,10.0,0.276847710746249,36.12094162904502,46.12094162904502,walking-5,47.555713556179924,False
od_07,walking,10.0,0.276847710746249,36.12094162904502,46.12094162904502,walking-6,48.970807288638476,False
od_07,walking,10.0,0.276847710746249,36.12094162904502,46.12094162904502,walking-7,36.1888892987428,True
od_07,walking,10.0,0.276847710746249,36.12094162904502,46.12094162904502,walking-8,36.190284484071505,True
od_08,motorbike,0.0,0.0,16.700945583245588,16.700945583245588,motorbike-1,16.700945583245588,True
od_08,motorbike,0.0,0.0,16.700945583245588,16.700945583245588,motorbike-2,17.317315869849722,False
od_08,motorbike,0.0,0.0,16.700945583245588,16.700945583245588,motorbike-3,18.17597903134016,False
od_08,motorbike,0.0,0.0,16.700945583245588,16.700945583245588,motorbike-4,18.18066616079358,False
od_08,motorbike,0.0,0.0,16.700945583245588,16.700945583245588,motorbike-5,20.136005866791482,False
od_08,motorbike,0.0,0.0,16.700945583245588,16.700945583245588,motorbike-6,21.20359120468641,False
od_08,motorbike,0.0,0.0,16.700945583245588,16.700945583245588,motorbike-7,22.542135992919533,False
od_08,motorbike,0.0,0.0,16.700945583245588,16.700945583245588,motorbike-8,22.66069868195642,False
od_08,motorbike,1.0,0.059876849188898705,16.700945583245588,17.700945583245588,motorbike-1,16.700945583245588,True
od_08,motorbike,1.0,0.059876849188898705,16.700945583245588,17.700945583245588,motorbike-2,17.317315869849722,True
od_08,motorbike,1.0,0.059876849188898705,16.700945583245588,17.700945583245588,motorbike-3,18.17597903134016,False
od_08,motorbike,1.0,0.059876849188898705,16.700945583245588,17.700945583245588,motorbike-4,18.18066616079358,False
od_08,motorbike,1.0,0.059876849188898705,16.700945583245588,17.700945583245588,motorbike-5,20.136005866791482,False
od_08,motorbike,1.0,0.059876849188898705,16.700945583245588,17.700945583245588,motorbike-6,21.20359120468641,False
od_08,motorbike,1.0,0.059876849188898705,16.700945583245588,17.700945583245588,motorbike-7,22.542135992919533,False
od_08,motorbike,1.0,0.059876849188898705,16.700945583245588,17.700945583245588,motorbike-8,22.66069868195642,False
od_08,motorbike,2.0,0.11975369837779741,16.700945583245588,18.700945583245588,motorbike-1,16.700945583245588,True
od_08,motorbike,2.0,0.11975369837779741,16.700945583245588,18.700945583245588,motorbike-2,17.317315869849722,True
od_08,motorbike,2.0,0.11975369837779741,16.700945583245588,18.700945583245588,motorbike-3,18.17597903134016,True
od_08,motorbike,2.0,0.11975369837779741,16.700945583245588,18.700945583245588,motorbike-4,18.18066616079358,True
od_08,motorbike,2.0,0.11975369837779741,16.700945583245588,18.700945583245588,motorbike-5,20.136005866791482,False
od_08,motorbike,2.0,0.11975369837779741,16.700945583245588,18.700945583245588,motorbike-6,21.20359120468641,False
od_08,motorbike,2.0,0.11975369837779741,16.700945583245588,18.700945583245588,motorbike-7,22.542135992919533,False
od_08,motorbike,2.0,0.11975369837779741,16.700945583245588,18.700945583245588,motorbike-8,22.66069868195642,False
od_08,motorbike,3.0,0.1796305475666961,16.700945583245588,19.700945583245588,motorbike-1,16.700945583245588,True
od_08,motorbike,3.0,0.1796305475666961,16.700945583245588,19.700945583245588,motorbike-2,17.317315869849722,True
od_08,motorbike,3.0,0.1796305475666961,16.700945583245588,19.700945583245588,motorbike-3,18.17597903134016,True
od_08,motorbike,3.0,0.1796305475666961,16.700945583245588,19.700945583245588,motorbike-4,18.18066616079358,True
od_08,motorbike,3.0,0.1796305475666961,16.700945583245588,19.700945583245588,motorbike-5,20.136005866791482,False
od_08,motorbike,3.0,0.1796305475666961,16.700945583245588,19.700945583245588,motorbike-6,21.20359120468641,False
od_08,motorbike,3.0,0.1796305475666961,16.700945583245588,19.700945583245588,motorbike-7,22.542135992919533,False
od_08,motorbike,3.0,0.1796305475666961,16.700945583245588,19.700945583245588,motorbike-8,22.66069868195642,False
od_08,motorbike,5.0,0.29938424594449353,16.700945583245588,21.700945583245588,motorbike-1,16.700945583245588,True
od_08,motorbike,5.0,0.29938424594449353,16.700945583245588,21.700945583245588,motorbike-2,17.317315869849722,True
od_08,motorbike,5.0,0.29938424594449353,16.700945583245588,21.700945583245588,motorbike-3,18.17597903134016,True
od_08,motorbike,5.0,0.29938424594449353,16.700945583245588,21.700945583245588,motorbike-4,18.18066616079358,True
od_08,motorbike,5.0,0.29938424594449353,16.700945583245588,21.700945583245588,motorbike-5,20.136005866791482,True
od_08,motorbike,5.0,0.29938424594449353,16.700945583245588,21.700945583245588,motorbike-6,21.20359120468641,True
od_08,motorbike,5.0,0.29938424594449353,16.700945583245588,21.700945583245588,motorbike-7,22.542135992919533,False
od_08,motorbike,5.0,0.29938424594449353,16.700945583245588,21.700945583245588,motorbike-8,22.66069868195642,False
od_08,motorbike,10.0,0.5987684918889871,16.700945583245588,26.700945583245588,motorbike-1,16.700945583245588,True
od_08,motorbike,10.0,0.5987684918889871,16.700945583245588,26.700945583245588,motorbike-2,17.317315869849722,True
od_08,motorbike,10.0,0.5987684918889871,16.700945583245588,26.700945583245588,motorbike-3,18.17597903134016,True
od_08,motorbike,10.0,0.5987684918889871,16.700945583245588,26.700945583245588,motorbike-4,18.18066616079358,True
od_08,motorbike,10.0,0.5987684918889871,16.700945583245588,26.700945583245588,motorbike-5,20.136005866791482,True
od_08,motorbike,10.0,0.5987684918889871,16.700945583245588,26.700945583245588,motorbike-6,21.20359120468641,True
od_08,motorbike,10.0,0.5987684918889871,16.700945583245588,26.700945583245588,motorbike-7,22.542135992919533,True
od_08,motorbike,10.0,0.5987684918889871,16.700945583245588,26.700945583245588,motorbike-8,22.66069868195642,True
od_08,walking,0.0,0.0,82.44427460179587,82.44427460179587,walking-1,82.44427460179587,True
od_08,walking,0.0,0.0,82.44427460179587,82.44427460179587,walking-2,84.79863254678656,False
od_08,walking,0.0,0.0,82.44427460179587,82.44427460179587,walking-3,86.18046399931119,False
od_08,walking,0.0,0.0,82.44427460179587,82.44427460179587,walking-4,89.31401617431165,False
od_08,walking,0.0,0.0,82.44427460179587,82.44427460179587,walking-5,94.69715773003391,False
od_08,walking,0.0,0.0,82.44427460179587,82.44427460179587,walking-6,97.17007930216167,False
od_08,walking,0.0,0.0,82.44427460179587,82.44427460179587,walking-7,82.44578511957015,False
od_08,walking,0.0,0.0,82.44427460179587,82.44427460179587,walking-8,82.45539441217315,False
od_08,walking,1.0,0.012129405041526282,82.44427460179587,83.44427460179587,walking-1,82.44427460179587,True
od_08,walking,1.0,0.012129405041526282,82.44427460179587,83.44427460179587,walking-2,84.79863254678656,False
od_08,walking,1.0,0.012129405041526282,82.44427460179587,83.44427460179587,walking-3,86.18046399931119,False
od_08,walking,1.0,0.012129405041526282,82.44427460179587,83.44427460179587,walking-4,89.31401617431165,False
od_08,walking,1.0,0.012129405041526282,82.44427460179587,83.44427460179587,walking-5,94.69715773003391,False
od_08,walking,1.0,0.012129405041526282,82.44427460179587,83.44427460179587,walking-6,97.17007930216167,False
od_08,walking,1.0,0.012129405041526282,82.44427460179587,83.44427460179587,walking-7,82.44578511957015,True
od_08,walking,1.0,0.012129405041526282,82.44427460179587,83.44427460179587,walking-8,82.45539441217315,True
od_08,walking,2.0,0.024258810083052564,82.44427460179587,84.44427460179587,walking-1,82.44427460179587,True
od_08,walking,2.0,0.024258810083052564,82.44427460179587,84.44427460179587,walking-2,84.79863254678656,False
od_08,walking,2.0,0.024258810083052564,82.44427460179587,84.44427460179587,walking-3,86.18046399931119,False
od_08,walking,2.0,0.024258810083052564,82.44427460179587,84.44427460179587,walking-4,89.31401617431165,False
od_08,walking,2.0,0.024258810083052564,82.44427460179587,84.44427460179587,walking-5,94.69715773003391,False
od_08,walking,2.0,0.024258810083052564,82.44427460179587,84.44427460179587,walking-6,97.17007930216167,False
od_08,walking,2.0,0.024258810083052564,82.44427460179587,84.44427460179587,walking-7,82.44578511957015,True
od_08,walking,2.0,0.024258810083052564,82.44427460179587,84.44427460179587,walking-8,82.45539441217315,True
od_08,walking,3.0,0.03638821512457885,82.44427460179587,85.44427460179587,walking-1,82.44427460179587,True
od_08,walking,3.0,0.03638821512457885,82.44427460179587,85.44427460179587,walking-2,84.79863254678656,True
od_08,walking,3.0,0.03638821512457885,82.44427460179587,85.44427460179587,walking-3,86.18046399931119,False
od_08,walking,3.0,0.03638821512457885,82.44427460179587,85.44427460179587,walking-4,89.31401617431165,False
od_08,walking,3.0,0.03638821512457885,82.44427460179587,85.44427460179587,walking-5,94.69715773003391,False
od_08,walking,3.0,0.03638821512457885,82.44427460179587,85.44427460179587,walking-6,97.17007930216167,False
od_08,walking,3.0,0.03638821512457885,82.44427460179587,85.44427460179587,walking-7,82.44578511957015,True
od_08,walking,3.0,0.03638821512457885,82.44427460179587,85.44427460179587,walking-8,82.45539441217315,True
od_08,walking,5.0,0.06064702520763141,82.44427460179587,87.44427460179587,walking-1,82.44427460179587,True
od_08,walking,5.0,0.06064702520763141,82.44427460179587,87.44427460179587,walking-2,84.79863254678656,True
od_08,walking,5.0,0.06064702520763141,82.44427460179587,87.44427460179587,walking-3,86.18046399931119,True
od_08,walking,5.0,0.06064702520763141,82.44427460179587,87.44427460179587,walking-4,89.31401617431165,False
od_08,walking,5.0,0.06064702520763141,82.44427460179587,87.44427460179587,walking-5,94.69715773003391,False
od_08,walking,5.0,0.06064702520763141,82.44427460179587,87.44427460179587,walking-6,97.17007930216167,False
od_08,walking,5.0,0.06064702520763141,82.44427460179587,87.44427460179587,walking-7,82.44578511957015,True
od_08,walking,5.0,0.06064702520763141,82.44427460179587,87.44427460179587,walking-8,82.45539441217315,True
od_08,walking,10.0,0.12129405041526282,82.44427460179587,92.44427460179587,walking-1,82.44427460179587,True
od_08,walking,10.0,0.12129405041526282,82.44427460179587,92.44427460179587,walking-2,84.79863254678656,True
od_08,walking,10.0,0.12129405041526282,82.44427460179587,92.44427460179587,walking-3,86.18046399931119,True
od_08,walking,10.0,0.12129405041526282,82.44427460179587,92.44427460179587,walking-4,89.31401617431165,True
od_08,walking,10.0,0.12129405041526282,82.44427460179587,92.44427460179587,walking-5,94.69715773003391,False
od_08,walking,10.0,0.12129405041526282,82.44427460179587,92.44427460179587,walking-6,97.17007930216167,False
od_08,walking,10.0,0.12129405041526282,82.44427460179587,92.44427460179587,walking-7,82.44578511957015,True
od_08,walking,10.0,0.12129405041526282,82.44427460179587,92.44427460179587,walking-8,82.45539441217315,True
od_09,motorbike,0.0,0.0,9.921896735442521,9.921896735442521,motorbike-1,9.921896735442521,True
od_09,motorbike,0.0,0.0,9.921896735442521,9.921896735442521,motorbike-2,10.893498897969183,False
od_09,motorbike,0.0,0.0,9.921896735442521,9.921896735442521,motorbike-3,10.931001491360725,False
od_09,motorbike,0.0,0.0,9.921896735442521,9.921896735442521,motorbike-4,12.682186525289175,False
od_09,motorbike,0.0,0.0,9.921896735442521,9.921896735442521,motorbike-5,15.264351260619799,False
od_09,motorbike,0.0,0.0,9.921896735442521,9.921896735442521,motorbike-6,13.805110868560643,False
od_09,motorbike,0.0,0.0,9.921896735442521,9.921896735442521,motorbike-7,18.638503679769663,False
od_09,motorbike,0.0,0.0,9.921896735442521,9.921896735442521,motorbike-8,23.75366308998268,False
od_09,motorbike,1.0,0.10078718078448128,9.921896735442521,10.921896735442521,motorbike-1,9.921896735442521,True
od_09,motorbike,1.0,0.10078718078448128,9.921896735442521,10.921896735442521,motorbike-2,10.893498897969183,True
od_09,motorbike,1.0,0.10078718078448128,9.921896735442521,10.921896735442521,motorbike-3,10.931001491360725,False
od_09,motorbike,1.0,0.10078718078448128,9.921896735442521,10.921896735442521,motorbike-4,12.682186525289175,False
od_09,motorbike,1.0,0.10078718078448128,9.921896735442521,10.921896735442521,motorbike-5,15.264351260619799,False
od_09,motorbike,1.0,0.10078718078448128,9.921896735442521,10.921896735442521,motorbike-6,13.805110868560643,False
od_09,motorbike,1.0,0.10078718078448128,9.921896735442521,10.921896735442521,motorbike-7,18.638503679769663,False
od_09,motorbike,1.0,0.10078718078448128,9.921896735442521,10.921896735442521,motorbike-8,23.75366308998268,False
od_09,motorbike,2.0,0.20157436156896255,9.921896735442521,11.921896735442521,motorbike-1,9.921896735442521,True
od_09,motorbike,2.0,0.20157436156896255,9.921896735442521,11.921896735442521,motorbike-2,10.893498897969183,True
od_09,motorbike,2.0,0.20157436156896255,9.921896735442521,11.921896735442521,motorbike-3,10.931001491360725,True
od_09,motorbike,2.0,0.20157436156896255,9.921896735442521,11.921896735442521,motorbike-4,12.682186525289175,False
od_09,motorbike,2.0,0.20157436156896255,9.921896735442521,11.921896735442521,motorbike-5,15.264351260619799,False
od_09,motorbike,2.0,0.20157436156896255,9.921896735442521,11.921896735442521,motorbike-6,13.805110868560643,False
od_09,motorbike,2.0,0.20157436156896255,9.921896735442521,11.921896735442521,motorbike-7,18.638503679769663,False
od_09,motorbike,2.0,0.20157436156896255,9.921896735442521,11.921896735442521,motorbike-8,23.75366308998268,False
od_09,motorbike,3.0,0.3023615423534438,9.921896735442521,12.921896735442521,motorbike-1,9.921896735442521,True
od_09,motorbike,3.0,0.3023615423534438,9.921896735442521,12.921896735442521,motorbike-2,10.893498897969183,True
od_09,motorbike,3.0,0.3023615423534438,9.921896735442521,12.921896735442521,motorbike-3,10.931001491360725,True
od_09,motorbike,3.0,0.3023615423534438,9.921896735442521,12.921896735442521,motorbike-4,12.682186525289175,True
od_09,motorbike,3.0,0.3023615423534438,9.921896735442521,12.921896735442521,motorbike-5,15.264351260619799,False
od_09,motorbike,3.0,0.3023615423534438,9.921896735442521,12.921896735442521,motorbike-6,13.805110868560643,False
od_09,motorbike,3.0,0.3023615423534438,9.921896735442521,12.921896735442521,motorbike-7,18.638503679769663,False
od_09,motorbike,3.0,0.3023615423534438,9.921896735442521,12.921896735442521,motorbike-8,23.75366308998268,False
od_09,motorbike,5.0,0.5039359039224064,9.921896735442521,14.921896735442521,motorbike-1,9.921896735442521,True
od_09,motorbike,5.0,0.5039359039224064,9.921896735442521,14.921896735442521,motorbike-2,10.893498897969183,True
od_09,motorbike,5.0,0.5039359039224064,9.921896735442521,14.921896735442521,motorbike-3,10.931001491360725,True
od_09,motorbike,5.0,0.5039359039224064,9.921896735442521,14.921896735442521,motorbike-4,12.682186525289175,True
od_09,motorbike,5.0,0.5039359039224064,9.921896735442521,14.921896735442521,motorbike-5,15.264351260619799,False
od_09,motorbike,5.0,0.5039359039224064,9.921896735442521,14.921896735442521,motorbike-6,13.805110868560643,True
od_09,motorbike,5.0,0.5039359039224064,9.921896735442521,14.921896735442521,motorbike-7,18.638503679769663,False
od_09,motorbike,5.0,0.5039359039224064,9.921896735442521,14.921896735442521,motorbike-8,23.75366308998268,False
od_09,motorbike,10.0,1.0078718078448128,9.921896735442521,19.921896735442523,motorbike-1,9.921896735442521,True
od_09,motorbike,10.0,1.0078718078448128,9.921896735442521,19.921896735442523,motorbike-2,10.893498897969183,True
od_09,motorbike,10.0,1.0078718078448128,9.921896735442521,19.921896735442523,motorbike-3,10.931001491360725,True
od_09,motorbike,10.0,1.0078718078448128,9.921896735442521,19.921896735442523,motorbike-4,12.682186525289175,True
od_09,motorbike,10.0,1.0078718078448128,9.921896735442521,19.921896735442523,motorbike-5,15.264351260619799,True
od_09,motorbike,10.0,1.0078718078448128,9.921896735442521,19.921896735442523,motorbike-6,13.805110868560643,True
od_09,motorbike,10.0,1.0078718078448128,9.921896735442521,19.921896735442523,motorbike-7,18.638503679769663,True
od_09,motorbike,10.0,1.0078718078448128,9.921896735442521,19.921896735442523,motorbike-8,23.75366308998268,False
od_09,walking,0.0,0.0,44.57985461725738,44.57985461725738,walking-1,44.57985461725738,True
od_09,walking,0.0,0.0,44.57985461725738,44.57985461725738,walking-2,47.93497281621638,False
od_09,walking,0.0,0.0,44.57985461725738,44.57985461725738,walking-3,52.90969052640257,False
od_09,walking,0.0,0.0,44.57985461725738,44.57985461725738,walking-4,52.61179070989791,False
od_09,walking,0.0,0.0,44.57985461725738,44.57985461725738,walking-5,56.90898522058707,False
od_09,walking,0.0,0.0,44.57985461725738,44.57985461725738,walking-6,57.63315534206278,False
od_09,walking,0.0,0.0,44.57985461725738,44.57985461725738,walking-7,44.59035618837118,False
od_09,walking,0.0,0.0,44.57985461725738,44.57985461725738,walking-8,44.59181199589757,False
od_09,walking,1.0,0.022431656823144693,44.57985461725738,45.57985461725738,walking-1,44.57985461725738,True
od_09,walking,1.0,0.022431656823144693,44.57985461725738,45.57985461725738,walking-2,47.93497281621638,False
od_09,walking,1.0,0.022431656823144693,44.57985461725738,45.57985461725738,walking-3,52.90969052640257,False
od_09,walking,1.0,0.022431656823144693,44.57985461725738,45.57985461725738,walking-4,52.61179070989791,False
od_09,walking,1.0,0.022431656823144693,44.57985461725738,45.57985461725738,walking-5,56.90898522058707,False
od_09,walking,1.0,0.022431656823144693,44.57985461725738,45.57985461725738,walking-6,57.63315534206278,False
od_09,walking,1.0,0.022431656823144693,44.57985461725738,45.57985461725738,walking-7,44.59035618837118,True
od_09,walking,1.0,0.022431656823144693,44.57985461725738,45.57985461725738,walking-8,44.59181199589757,True
od_09,walking,2.0,0.044863313646289385,44.57985461725738,46.57985461725738,walking-1,44.57985461725738,True
od_09,walking,2.0,0.044863313646289385,44.57985461725738,46.57985461725738,walking-2,47.93497281621638,False
od_09,walking,2.0,0.044863313646289385,44.57985461725738,46.57985461725738,walking-3,52.90969052640257,False
od_09,walking,2.0,0.044863313646289385,44.57985461725738,46.57985461725738,walking-4,52.61179070989791,False
od_09,walking,2.0,0.044863313646289385,44.57985461725738,46.57985461725738,walking-5,56.90898522058707,False
od_09,walking,2.0,0.044863313646289385,44.57985461725738,46.57985461725738,walking-6,57.63315534206278,False
od_09,walking,2.0,0.044863313646289385,44.57985461725738,46.57985461725738,walking-7,44.59035618837118,True
od_09,walking,2.0,0.044863313646289385,44.57985461725738,46.57985461725738,walking-8,44.59181199589757,True
od_09,walking,3.0,0.06729497046943408,44.57985461725738,47.57985461725738,walking-1,44.57985461725738,True
od_09,walking,3.0,0.06729497046943408,44.57985461725738,47.57985461725738,walking-2,47.93497281621638,False
od_09,walking,3.0,0.06729497046943408,44.57985461725738,47.57985461725738,walking-3,52.90969052640257,False
od_09,walking,3.0,0.06729497046943408,44.57985461725738,47.57985461725738,walking-4,52.61179070989791,False
od_09,walking,3.0,0.06729497046943408,44.57985461725738,47.57985461725738,walking-5,56.90898522058707,False
od_09,walking,3.0,0.06729497046943408,44.57985461725738,47.57985461725738,walking-6,57.63315534206278,False
od_09,walking,3.0,0.06729497046943408,44.57985461725738,47.57985461725738,walking-7,44.59035618837118,True
od_09,walking,3.0,0.06729497046943408,44.57985461725738,47.57985461725738,walking-8,44.59181199589757,True
od_09,walking,5.0,0.11215828411572347,44.57985461725738,49.57985461725738,walking-1,44.57985461725738,True
od_09,walking,5.0,0.11215828411572347,44.57985461725738,49.57985461725738,walking-2,47.93497281621638,True
od_09,walking,5.0,0.11215828411572347,44.57985461725738,49.57985461725738,walking-3,52.90969052640257,False
od_09,walking,5.0,0.11215828411572347,44.57985461725738,49.57985461725738,walking-4,52.61179070989791,False
od_09,walking,5.0,0.11215828411572347,44.57985461725738,49.57985461725738,walking-5,56.90898522058707,False
od_09,walking,5.0,0.11215828411572347,44.57985461725738,49.57985461725738,walking-6,57.63315534206278,False
od_09,walking,5.0,0.11215828411572347,44.57985461725738,49.57985461725738,walking-7,44.59035618837118,True
od_09,walking,5.0,0.11215828411572347,44.57985461725738,49.57985461725738,walking-8,44.59181199589757,True
od_09,walking,10.0,0.22431656823144694,44.57985461725738,54.57985461725738,walking-1,44.57985461725738,True
od_09,walking,10.0,0.22431656823144694,44.57985461725738,54.57985461725738,walking-2,47.93497281621638,True
od_09,walking,10.0,0.22431656823144694,44.57985461725738,54.57985461725738,walking-3,52.90969052640257,True
od_09,walking,10.0,0.22431656823144694,44.57985461725738,54.57985461725738,walking-4,52.61179070989791,True
od_09,walking,10.0,0.22431656823144694,44.57985461725738,54.57985461725738,walking-5,56.90898522058707,False
od_09,walking,10.0,0.22431656823144694,44.57985461725738,54.57985461725738,walking-6,57.63315534206278,False
od_09,walking,10.0,0.22431656823144694,44.57985461725738,54.57985461725738,walking-7,44.59035618837118,True
od_09,walking,10.0,0.22431656823144694,44.57985461725738,54.57985461725738,walking-8,44.59181199589757,True
od_10,motorbike,0.0,0.0,10.045650330099813,10.045650330099813,motorbike-1,10.045650330099813,True
od_10,motorbike,0.0,0.0,10.045650330099813,10.045650330099813,motorbike-2,10.547592507422667,False
od_10,motorbike,0.0,0.0,10.045650330099813,10.045650330099813,motorbike-3,11.171412324239874,False
od_10,motorbike,0.0,0.0,10.045650330099813,10.045650330099813,motorbike-4,12.928459270170727,False
od_10,motorbike,0.0,0.0,10.045650330099813,10.045650330099813,motorbike-5,13.227298747227593,False
od_10,motorbike,0.0,0.0,10.045650330099813,10.045650330099813,motorbike-6,13.522598437527012,False
od_10,motorbike,0.0,0.0,10.045650330099813,10.045650330099813,motorbike-7,14.966980635262793,False
od_10,motorbike,0.0,0.0,10.045650330099813,10.045650330099813,motorbike-8,14.440903501127725,False
od_10,motorbike,1.0,0.09954557118155874,10.045650330099813,11.045650330099813,motorbike-1,10.045650330099813,True
od_10,motorbike,1.0,0.09954557118155874,10.045650330099813,11.045650330099813,motorbike-2,10.547592507422667,True
od_10,motorbike,1.0,0.09954557118155874,10.045650330099813,11.045650330099813,motorbike-3,11.171412324239874,False
od_10,motorbike,1.0,0.09954557118155874,10.045650330099813,11.045650330099813,motorbike-4,12.928459270170727,False
od_10,motorbike,1.0,0.09954557118155874,10.045650330099813,11.045650330099813,motorbike-5,13.227298747227593,False
od_10,motorbike,1.0,0.09954557118155874,10.045650330099813,11.045650330099813,motorbike-6,13.522598437527012,False
od_10,motorbike,1.0,0.09954557118155874,10.045650330099813,11.045650330099813,motorbike-7,14.966980635262793,False
od_10,motorbike,1.0,0.09954557118155874,10.045650330099813,11.045650330099813,motorbike-8,14.440903501127725,False
od_10,motorbike,2.0,0.19909114236311748,10.045650330099813,12.045650330099813,motorbike-1,10.045650330099813,True
od_10,motorbike,2.0,0.19909114236311748,10.045650330099813,12.045650330099813,motorbike-2,10.547592507422667,True
od_10,motorbike,2.0,0.19909114236311748,10.045650330099813,12.045650330099813,motorbike-3,11.171412324239874,True
od_10,motorbike,2.0,0.19909114236311748,10.045650330099813,12.045650330099813,motorbike-4,12.928459270170727,False
od_10,motorbike,2.0,0.19909114236311748,10.045650330099813,12.045650330099813,motorbike-5,13.227298747227593,False
od_10,motorbike,2.0,0.19909114236311748,10.045650330099813,12.045650330099813,motorbike-6,13.522598437527012,False
od_10,motorbike,2.0,0.19909114236311748,10.045650330099813,12.045650330099813,motorbike-7,14.966980635262793,False
od_10,motorbike,2.0,0.19909114236311748,10.045650330099813,12.045650330099813,motorbike-8,14.440903501127725,False
od_10,motorbike,3.0,0.29863671354467625,10.045650330099813,13.045650330099813,motorbike-1,10.045650330099813,True
od_10,motorbike,3.0,0.29863671354467625,10.045650330099813,13.045650330099813,motorbike-2,10.547592507422667,True
od_10,motorbike,3.0,0.29863671354467625,10.045650330099813,13.045650330099813,motorbike-3,11.171412324239874,True
od_10,motorbike,3.0,0.29863671354467625,10.045650330099813,13.045650330099813,motorbike-4,12.928459270170727,True
od_10,motorbike,3.0,0.29863671354467625,10.045650330099813,13.045650330099813,motorbike-5,13.227298747227593,False
od_10,motorbike,3.0,0.29863671354467625,10.045650330099813,13.045650330099813,motorbike-6,13.522598437527012,False
od_10,motorbike,3.0,0.29863671354467625,10.045650330099813,13.045650330099813,motorbike-7,14.966980635262793,False
od_10,motorbike,3.0,0.29863671354467625,10.045650330099813,13.045650330099813,motorbike-8,14.440903501127725,False
od_10,motorbike,5.0,0.4977278559077937,10.045650330099813,15.045650330099813,motorbike-1,10.045650330099813,True
od_10,motorbike,5.0,0.4977278559077937,10.045650330099813,15.045650330099813,motorbike-2,10.547592507422667,True
od_10,motorbike,5.0,0.4977278559077937,10.045650330099813,15.045650330099813,motorbike-3,11.171412324239874,True
od_10,motorbike,5.0,0.4977278559077937,10.045650330099813,15.045650330099813,motorbike-4,12.928459270170727,True
od_10,motorbike,5.0,0.4977278559077937,10.045650330099813,15.045650330099813,motorbike-5,13.227298747227593,True
od_10,motorbike,5.0,0.4977278559077937,10.045650330099813,15.045650330099813,motorbike-6,13.522598437527012,True
od_10,motorbike,5.0,0.4977278559077937,10.045650330099813,15.045650330099813,motorbike-7,14.966980635262793,True
od_10,motorbike,5.0,0.4977278559077937,10.045650330099813,15.045650330099813,motorbike-8,14.440903501127725,True
od_10,motorbike,10.0,0.9954557118155875,10.045650330099813,20.04565033009981,motorbike-1,10.045650330099813,True
od_10,motorbike,10.0,0.9954557118155875,10.045650330099813,20.04565033009981,motorbike-2,10.547592507422667,True
od_10,motorbike,10.0,0.9954557118155875,10.045650330099813,20.04565033009981,motorbike-3,11.171412324239874,True
od_10,motorbike,10.0,0.9954557118155875,10.045650330099813,20.04565033009981,motorbike-4,12.928459270170727,True
od_10,motorbike,10.0,0.9954557118155875,10.045650330099813,20.04565033009981,motorbike-5,13.227298747227593,True
od_10,motorbike,10.0,0.9954557118155875,10.045650330099813,20.04565033009981,motorbike-6,13.522598437527012,True
od_10,motorbike,10.0,0.9954557118155875,10.045650330099813,20.04565033009981,motorbike-7,14.966980635262793,True
od_10,motorbike,10.0,0.9954557118155875,10.045650330099813,20.04565033009981,motorbike-8,14.440903501127725,True
od_10,walking,0.0,0.0,50.22825165049906,50.22825165049906,walking-1,50.22825165049906,True
od_10,walking,0.0,0.0,50.22825165049906,50.22825165049906,walking-2,52.7519902586818,False
od_10,walking,0.0,0.0,50.22825165049906,50.22825165049906,walking-3,53.06698207615407,False
od_10,walking,0.0,0.0,50.22825165049906,50.22825165049906,walking-4,56.06308505626459,False
od_10,walking,0.0,0.0,50.22825165049906,50.22825165049906,walking-5,63.32068874284592,False
od_10,walking,0.0,0.0,50.22825165049906,50.22825165049906,walking-6,50.258650494465535,False
od_10,walking,0.0,0.0,50.22825165049906,50.22825165049906,walking-7,50.26112764542989,False
od_10,walking,0.0,0.0,50.22825165049906,50.22825165049906,walking-8,50.294301148538594,False
od_10,walking,1.0,0.01990911423631175,50.22825165049906,51.22825165049906,walking-1,50.22825165049906,True
od_10,walking,1.0,0.01990911423631175,50.22825165049906,51.22825165049906,walking-2,52.7519902586818,False
od_10,walking,1.0,0.01990911423631175,50.22825165049906,51.22825165049906,walking-3,53.06698207615407,False
od_10,walking,1.0,0.01990911423631175,50.22825165049906,51.22825165049906,walking-4,56.06308505626459,False
od_10,walking,1.0,0.01990911423631175,50.22825165049906,51.22825165049906,walking-5,63.32068874284592,False
od_10,walking,1.0,0.01990911423631175,50.22825165049906,51.22825165049906,walking-6,50.258650494465535,True
od_10,walking,1.0,0.01990911423631175,50.22825165049906,51.22825165049906,walking-7,50.26112764542989,True
od_10,walking,1.0,0.01990911423631175,50.22825165049906,51.22825165049906,walking-8,50.294301148538594,True
od_10,walking,2.0,0.0398182284726235,50.22825165049906,52.22825165049906,walking-1,50.22825165049906,True
od_10,walking,2.0,0.0398182284726235,50.22825165049906,52.22825165049906,walking-2,52.7519902586818,False
od_10,walking,2.0,0.0398182284726235,50.22825165049906,52.22825165049906,walking-3,53.06698207615407,False
od_10,walking,2.0,0.0398182284726235,50.22825165049906,52.22825165049906,walking-4,56.06308505626459,False
od_10,walking,2.0,0.0398182284726235,50.22825165049906,52.22825165049906,walking-5,63.32068874284592,False
od_10,walking,2.0,0.0398182284726235,50.22825165049906,52.22825165049906,walking-6,50.258650494465535,True
od_10,walking,2.0,0.0398182284726235,50.22825165049906,52.22825165049906,walking-7,50.26112764542989,True
od_10,walking,2.0,0.0398182284726235,50.22825165049906,52.22825165049906,walking-8,50.294301148538594,True
od_10,walking,3.0,0.05972734270893525,50.22825165049906,53.22825165049906,walking-1,50.22825165049906,True
od_10,walking,3.0,0.05972734270893525,50.22825165049906,53.22825165049906,walking-2,52.7519902586818,True
od_10,walking,3.0,0.05972734270893525,50.22825165049906,53.22825165049906,walking-3,53.06698207615407,True
od_10,walking,3.0,0.05972734270893525,50.22825165049906,53.22825165049906,walking-4,56.06308505626459,False
od_10,walking,3.0,0.05972734270893525,50.22825165049906,53.22825165049906,walking-5,63.32068874284592,False
od_10,walking,3.0,0.05972734270893525,50.22825165049906,53.22825165049906,walking-6,50.258650494465535,True
od_10,walking,3.0,0.05972734270893525,50.22825165049906,53.22825165049906,walking-7,50.26112764542989,True
od_10,walking,3.0,0.05972734270893525,50.22825165049906,53.22825165049906,walking-8,50.294301148538594,True
od_10,walking,5.0,0.09954557118155875,50.22825165049906,55.22825165049906,walking-1,50.22825165049906,True
od_10,walking,5.0,0.09954557118155875,50.22825165049906,55.22825165049906,walking-2,52.7519902586818,True
od_10,walking,5.0,0.09954557118155875,50.22825165049906,55.22825165049906,walking-3,53.06698207615407,True
od_10,walking,5.0,0.09954557118155875,50.22825165049906,55.22825165049906,walking-4,56.06308505626459,False
od_10,walking,5.0,0.09954557118155875,50.22825165049906,55.22825165049906,walking-5,63.32068874284592,False
od_10,walking,5.0,0.09954557118155875,50.22825165049906,55.22825165049906,walking-6,50.258650494465535,True
od_10,walking,5.0,0.09954557118155875,50.22825165049906,55.22825165049906,walking-7,50.26112764542989,True
od_10,walking,5.0,0.09954557118155875,50.22825165049906,55.22825165049906,walking-8,50.294301148538594,True
od_10,walking,10.0,0.1990911423631175,50.22825165049906,60.22825165049906,walking-1,50.22825165049906,True
od_10,walking,10.0,0.1990911423631175,50.22825165049906,60.22825165049906,walking-2,52.7519902586818,True
od_10,walking,10.0,0.1990911423631175,50.22825165049906,60.22825165049906,walking-3,53.06698207615407,True
od_10,walking,10.0,0.1990911423631175,50.22825165049906,60.22825165049906,walking-4,56.06308505626459,True
od_10,walking,10.0,0.1990911423631175,50.22825165049906,60.22825165049906,walking-5,63.32068874284592,False
od_10,walking,10.0,0.1990911423631175,50.22825165049906,60.22825165049906,walking-6,50.258650494465535,True
od_10,walking,10.0,0.1990911423631175,50.22825165049906,60.22825165049906,walking-7,50.26112764542989,True
od_10,walking,10.0,0.1990911423631175,50.22825165049906,60.22825165049906,walking-8,50.294301148538594,True
