scenario_id,mode,delta_time_allowed_minutes,fastest_route_id,fastest_time_minutes,maximum_feasible_time_minutes,feasible_route_count,only_one_feasible_route,static_selected_route_id,airpath_selected_route_id,selections_differ,static_selected_travel_time_minutes,airpath_selected_travel_time_minutes,static_selected_static_exposure,airpath_selected_airpath_exposure,static_selected_airpath_exposure,airpath_selected_static_exposure,oracle_exposure_static_selected,oracle_exposure_airpath_selected,oracle_percent_improvement_airpath_over_static,static_predicted_reduction_vs_fastest,airpath_predicted_reduction_vs_fastest,oracle_reduction_static_selected_vs_fastest,oracle_reduction_airpath_selected_vs_fastest,evaluation_label
od_01,motorbike,0.0,motorbike-1,8.230305959783891,8.230305959783891,1,True,motorbike-1,motorbike-1,False,8.230305959783891,8.230305959783891,196.84975694754846,201.72993750647888,201.72993750647888,196.84975694754846,263.2909483026875,263.2909483026875,0.0,0.0,0.0,0.0,0.0,development_exploratory_not_untouched_final
od_01,motorbike,1.0,motorbike-1,8.230305959783891,9.230305959783891,2,False,motorbike-1,motorbike-1,False,8.230305959783891,8.230305959783891,196.84975694754846,201.72993750647888,201.72993750647888,196.84975694754846,263.2909483026875,263.2909483026875,0.0,0.0,0.0,0.0,0.0,development_exploratory_not_untouched_final
od_01,motorbike,2.0,motorbike-1,8.230305959783891,10.230305959783891,2,False,motorbike-1,motorbike-1,False,8.230305959783891,8.230305959783891,196.84975694754846,201.72993750647888,201.72993750647888,196.84975694754846,263.2909483026875,263.2909483026875,0.0,0.0,0.0,0.0,0.0,development_exploratory_not_untouched_final
od_01,motorbike,3.0,motorbike-1,8.230305959783891,11.230305959783891,3,False,motorbike-1,motorbike-1,False,8.230305959783891,8.230305959783891,196.84975694754846,201.72993750647888,201.72993750647888,196.84975694754846,263.2909483026875,263.2909483026875,0.0,0.0,0.0,0.0,0.0,development_exploratory_not_untouched_final
od_01,motorbike,5.0,motorbike-1,8.230305959783891,13.230305959783891,6,False,motorbike-1,motorbike-1,False,8.230305959783891,8.230305959783891,196.84975694754846,201.72993750647888,201.72993750647888,196.84975694754846,263.2909483026875,263.2909483026875,0.0,0.0,0.0,0.0,0.0,development_exploratory_not_untouched_final
od_01,motorbike,10.0,motorbike-1,8.230305959783891,18.23030595978389,7,False,motorbike-1,motorbike-1,False,8.230305959783891,8.230305959783891,196.84975694754846,201.72993750647888,201.72993750647888,196.84975694754846,263.2909483026875,263.2909483026875,0.0,0.0,0.0,0.0,0.0,development_exploratory_not_untouched_final
od_01,walking,0.0,walking-1,40.00596776846269,40.00596776846269,1,True,walking-1,walking-1,False,40.00596776846269,40.00596776846269,956.8968717901021,980.5865203906664,980.5865203906664,956.8968717901021,1280.4043283028204,1280.4043283028204,0.0,0.0,0.0,0.0,0.0,development_exploratory_not_untouched_final
od_01,walking,1.0,walking-1,40.00596776846269,41.00596776846269,3,False,walking-1,walking-1,False,40.00596776846269,40.00596776846269,956.8968717901021,980.5865203906664,980.5865203906664,956.8968717901021,1280.4043283028204,1280.4043283028204,0.0,0.0,0.0,0.0,0.0,development_exploratory_not_untouched_final
od_01,walking,2.0,walking-1,40.00596776846269,42.00596776846269,4,False,walking-1,walking-1,False,40.00596776846269,40.00596776846269,956.8968717901021,980.5865203906664,980.5865203906664,956.8968717901021,1280.4043283028204,1280.4043283028204,0.0,0.0,0.0,0.0,0.0,development_exploratory_not_untouched_final
od_01,walking,3.0,walking-1,40.00596776846269,43.00596776846269,4,False,walking-1,walking-1,False,40.00596776846269,40.00596776846269,956.8968717901021,980.5865203906664,980.5865203906664,956.8968717901021,1280.4043283028204,1280.4043283028204,0.0,0.0,0.0,0.0,0.0,development_exploratory_not_untouched_final
od_01,walking,5.0,walking-1,40.00596776846269,45.00596776846269,4,False,walking-1,walking-1,False,40.00596776846269,40.00596776846269,956.8968717901021,980.5865203906664,980.5865203906664,956.8968717901021,1280.4043283028204,1280.4043283028204,0.0,0.0,0.0,0.0,0.0,development_exploratory_not_untouched_final
od_01,walking,10.0,walking-1,40.00596776846269,50.00596776846269,6,False,walking-1,walking-1,False,40.00596776846269,40.00596776846269,956.8968717901021,980.5865203906664,980.5865203906664,956.8968717901021,1280.4043283028204,1280.4043283028204,0.0,0.0,0.0,0.0,0.0,development_exploratory_not_untouched_final
od_02,motorbike,0.0,motorbike-1,9.67481945603514,9.67481945603514,1,True,motorbike-1,motorbike-1,False,9.67481945603514,9.67481945603514,275.6450392197691,257.972456083462,257.972456083462,275.6450392197691,380.0621783417512,380.0621783417512,0.0,0.0,0.0,0.0,0.0,development_exploratory_not_untouched_final
od_02,motorbike,1.0,motorbike-1,9.67481945603514,10.67481945603514,3,False,motorbike-2,motorbike-1,True,10.031196680964728,9.67481945603514,271.4558709870706,257.972456083462,260.2015720448494,275.6450392197691,380.3315013642348,380.0621783417512,0.07081270457943997,4.189168232698478,0.0,-0.2693230224836043,0.0,development_exploratory_not_untouched_final
od_02,motorbike,2.0,motorbike-1,9.67481945603514,11.67481945603514,5,False,motorbike-2,motorbike-1,True,10.031196680964728,9.67481945603514,271.4558709870706,257.972456083462,260.2015720448494,275.6450392197691,380.3315013642348,380.0621783417512,0.07081270457943997,4.189168232698478,0.0,-0.2693230224836043,0.0,development_exploratory_not_untouched_final
od_02,motorbike,3.0,motorbike-1,9.67481945603514,12.67481945603514,6,False,motorbike-2,motorbike-1,True,10.031196680964728,9.67481945603514,271.4558709870706,257.972456083462,260.2015720448494,275.6450392197691,380.3315013642348,380.0621783417512,0.07081270457943997,4.189168232698478,0.0,-0.2693230224836043,0.0,development_exploratory_not_untouched_final
od_02,motorbike,5.0,motorbike-1,9.67481945603514,14.67481945603514,7,False,motorbike-2,motorbike-1,True,10.031196680964728,9.67481945603514,271.4558709870706,257.972456083462,260.2015720448494,275.6450392197691,380.3315013642348,380.0621783417512,0.07081270457943997,4.189168232698478,0.0,-0.2693230224836043,0.0,development_exploratory_not_untouched_final
od_02,motorbike,10.0,motorbike-1,9.67481945603514,19.674819456035138,8,False,motorbike-2,motorbike-1,True,10.031196680964728,9.67481945603514,271.4558709870706,257.972456083462,260.2015720448494,275.6450392197691,380.3315013642348,380.0621783417512,0.07081270457943997,4.189168232698478,0.0,-0.2693230224836043,0.0,development_exploratory_not_untouched_final
od_02,walking,0.0,walking-1,48.3740972801757,48.3740972801757,1,True,walking-1,walking-1,False,48.3740972801757,48.3740972801757,1378.2251960988453,1289.8622804173092,1289.8622804173092,1378.2251960988453,1900.3108917087563,1900.3108917087563,0.0,0.0,0.0,0.0,0.0,development_exploratory_not_untouched_final
od_02,walking,1.0,walking-1,48.3740972801757,49.3740972801757,2,False,walking-1,walking-1,False,48.3740972801757,48.3740972801757,1378.2251960988453,1289.8622804173092,1289.8622804173092,1378.2251960988453,1900.3108917087563,1900.3108917087563,0.0,0.0,0.0,0.0,0.0,development_exploratory_not_untouched_final
od_02,walking,2.0,walking-1,48.3740972801757,50.3740972801757,3,False,walking-2,walking-1,True,50.15598340482364,48.3740972801757,1357.2793549353537,1289.8622804173092,1301.0078602242472,1378.2251960988453,1901.6575068211741,1900.3108917087563,0.07081270457942801,20.94584116349165,0.0,-1.346615112417794,0.0,development_exploratory_not_untouched_final
od_02,walking,3.0,walking-1,48.3740972801757,51.3740972801757,4,False,walking-2,walking-1,True,50.15598340482364,48.3740972801757,1357.2793549353537,1289.8622804173092,1301.0078602242472,1378.2251960988453,1901.6575068211741,1900.3108917087563,0.07081270457942801,20.94584116349165,0.0,-1.346615112417794,0.0,development_exploratory_not_untouched_final
od_02,walking,5.0,walking-1,48.3740972801757,53.3740972801757,4,False,walking-2,walking-1,True,50.15598340482364,48.3740972801757,1357.2793549353537,1289.8622804173092,1301.0078602242472,1378.2251960988453,1901.6575068211741,1900.3108917087563,0.07081270457942801,20.94584116349165,0.0,-1.346615112417794,0.0,development_exploratory_not_untouched_final
od_02,walking,10.0,walking-1,48.3740972801757,58.3740972801757,6,False,walking-2,walking-1,True,50.15598340482364,48.3740972801757,1357.2793549353537,1289.8622804173092,1301.0078602242472,1378.2251960988453,1901.6575068211741,1900.3108917087563,0.07081270457942801,20.94584116349165,0.0,-1.346615112417794,0.0,development_exploratory_not_untouched_final
od_03,motorbike,0.0,motorbike-1,6.910009956562447,6.910009956562447,1,True,motorbike-1,motorbike-1,False,6.910009956562447,6.910009956562447,169.71617640494185,171.85777125825084,171.85777125825084,169.71617640494185,243.18054346018135,243.18054346018135,0.0,0.0,0.0,0.0,0.0,development_exploratory_not_untouched_final
od_03,motorbike,1.0,motorbike-1,6.910009956562447,7.910009956562447,3,False,motorbike-1,motorbike-1,False,6.910009956562447,6.910009956562447,169.71617640494185,171.85777125825084,171.85777125825084,169.71617640494185,243.18054346018135,243.18054346018135,0.0,0.0,0.0,0.0,0.0,development_exploratory_not_untouched_final
od_03,motorbike,2.0,motorbike-1,6.910009956562447,8.910009956562448,3,False,motorbike-1,motorbike-1,False,6.910009956562447,6.910009956562447,169.71617640494185,171.85777125825084,171.85777125825084,169.71617640494185,243.18054346018135,243.18054346018135,0.0,0.0,0.0,0.0,0.0,development_exploratory_not_untouched_final
od_03,motorbike,3.0,motorbike-1,6.910009956562447,9.910009956562448,5,False,motorbike-1,motorbike-1,False,6.910009956562447,6.910009956562447,169.71617640494185,171.85777125825084,171.85777125825084,169.71617640494185,243.18054346018135,243.18054346018135,0.0,0.0,0.0,0.0,0.0,development_exploratory_not_untouched_final
od_03,motorbike,5.0,motorbike-1,6.910009956562447,11.910009956562448,7,False,motorbike-1,motorbike-1,False,6.910009956562447,6.910009956562447,169.71617640494185,171.85777125825084,171.85777125825084,169.71617640494185,243.18054346018135,243.18054346018135,0.0,0.0,0.0,0.0,0.0,development_exploratory_not_untouched_final
od_03,motorbike,10.0,motorbike-1,6.910009956562447,16.910009956562448,8,False,motorbike-1,motorbike-1,False,6.910009956562447,6.910009956562447,169.71617640494185,171.85777125825084,171.85777125825084,169.71617640494185,243.18054346018135,243.18054346018135,0.0,0.0,0.0,0.0,0.0,development_exploratory_not_untouched_final
od_03,walking,0.0,walking-1,34.422845694421525,34.422845694421525,1,True,walking-1,walking-1,False,34.422845694421525,34.422845694421525,845.6536298574905,856.180285450801,856.180285450801,845.6536298574905,1211.7332515188175,1211.7332515188175,0.0,0.0,0.0,0.0,0.0,development_exploratory_not_untouched_final
od_03,walking,1.0,walking-1,34.422845694421525,35.422845694421525,2,False,walking-1,walking-1,False,34.422845694421525,34.422845694421525,845.6536298574905,856.180285450801,856.180285450801,845.6536298574905,1211.7332515188175,1211.7332515188175,0.0,0.0,0.0,0.0,0.0,development_exploratory_not_untouched_final
od_03,walking,2.0,walking-1,34.422845694421525,36.422845694421525,3,False,walking-1,walking-1,False,34.422845694421525,34.422845694421525,845.6536298574905,856.180285450801,856.180285450801,845.6536298574905,1211.7332515188175,1211.7332515188175,0.0,0.0,0.0,0.0,0.0,development_exploratory_not_untouched_final
od_03,walking,3.0,walking-1,34.422845694421525,37.422845694421525,3,False,walking-1,walking-1,False,34.422845694421525,34.422845694421525,845.6536298574905,856.180285450801,856.180285450801,845.6536298574905,1211.7332515188175,1211.7332515188175,0.0,0.0,0.0,0.0,0.0,development_exploratory_not_untouched_final
od_03,walking,5.0,walking-1,34.422845694421525,39.422845694421525,3,False,walking-1,walking-1,False,34.422845694421525,34.422845694421525,845.6536298574905,856.180285450801,856.180285450801,845.6536298574905,1211.7332515188175,1211.7332515188175,0.0,0.0,0.0,0.0,0.0,development_exploratory_not_untouched_final
od_03,walking,10.0,walking-1,34.422845694421525,44.422845694421525,6,False,walking-1,walking-1,False,34.422845694421525,34.422845694421525,845.6536298574905,856.180285450801,856.180285450801,845.6536298574905,1211.7332515188175,1211.7332515188175,0.0,0.0,0.0,0.0,0.0,development_exploratory_not_untouched_final
od_04,motorbike,0.0,motorbike-1,13.275882583129041,13.275882583129041,1,True,motorbike-1,motorbike-1,False,13.275882583129041,13.275882583129041,356.90094250604056,335.9191143168342,335.9191143168342,356.90094250604056,524.756402702522,524.756402702522,0.0,0.0,0.0,0.0,0.0,development_exploratory_not_untouched_final
od_04,motorbike,1.0,motorbike-1,13.275882583129041,14.275882583129041,3,False,motorbike-1,motorbike-1,False,13.275882583129041,13.275882583129041,356.90094250604056,335.9191143168342,335.9191143168342,356.90094250604056,524.756402702522,524.756402702522,0.0,0.0,0.0,0.0,0.0,development_exploratory_not_untouched_final
od_04,motorbike,2.0,motorbike-1,13.275882583129041,15.275882583129041,3,False,motorbike-1,motorbike-1,False,13.275882583129041,13.275882583129041,356.90094250604056,335.9191143168342,335.9191143168342,356.90094250604056,524.756402702522,524.756402702522,0.0,0.0,0.0,0.0,0.0,development_exploratory_not_untouched_final
od_04,motorbike,3.0,motorbike-1,13.275882583129041,16.27588258312904,4,False,motorbike-1,motorbike-1,False,13.275882583129041,13.275882583129041,356.90094250604056,335.9191143168342,335.9191143168342,356.90094250604056,524.756402702522,524.756402702522,0.0,0.0,0.0,0.0,0.0,development_exploratory_not_untouched_final
od_04,motorbike,5.0,motorbike-1,13.275882583129041,18.27588258312904,5,False,motorbike-1,motorbike-1,False,13.275882583129041,13.275882583129041,356.90094250604056,335.9191143168342,335.9191143168342,356.90094250604056,524.756402702522,524.756402702522,0.0,0.0,0.0,0.0,0.0,development_exploratory_not_untouched_final
od_04,motorbike,10.0,motorbike-1,13.275882583129041,23.27588258312904,7,False,motorbike-1,motorbike-1,False,13.275882583129041,13.275882583129041,356.90094250604056,335.9191143168342,335.9191143168342,356.90094250604056,524.756402702522,524.756402702522,0.0,0.0,0.0,0.0,0.0,development_exploratory_not_untouched_final
od_04,walking,0.0,walking-1,66.24586047456621,66.24586047456621,1,True,walking-1,walking-1,False,66.24586047456621,66.24586047456621,1772.2768363622852,1677.735825769945,1677.735825769945,1772.2768363622852,2526.171611879433,2526.171611879433,0.0,0.0,0.0,0.0,0.0,development_exploratory_not_untouched_final
od_04,walking,1.0,walking-1,66.24586047456621,67.24586047456621,4,False,walking-1,walking-1,False,66.24586047456621,66.24586047456621,1772.2768363622852,1677.735825769945,1677.735825769945,1772.2768363622852,2526.171611879433,2526.171611879433,0.0,0.0,0.0,0.0,0.0,development_exploratory_not_untouched_final
od_04,walking,2.0,walking-1,66.24586047456621,68.24586047456621,5,False,walking-1,walking-1,False,66.24586047456621,66.24586047456621,1772.2768363622852,1677.735825769945,1677.735825769945,1772.2768363622852,2526.171611879433,2526.171611879433,0.0,0.0,0.0,0.0,0.0,development_exploratory_not_untouched_final
od_04,walking,3.0,walking-1,66.24586047456621,69.24586047456621,5,False,walking-1,walking-1,False,66.24586047456621,66.24586047456621,1772.2768363622852,1677.735825769945,1677.735825769945,1772.2768363622852,2526.171611879433,2526.171611879433,0.0,0.0,0.0,0.0,0.0,development_exploratory_not_untouched_final
od_04,walking,5.0,walking-1,66.24586047456621,71.24586047456621,5,False,walking-1,walking-1,False,66.24586047456621,66.24586047456621,1772.2768363622852,1677.735825769945,1677.735825769945,1772.2768363622852,2526.171611879433,2526.171611879433,0.0,0.0,0.0,0.0,0.0,development_exploratory_not_untouched_final
od_04,walking,10.0,walking-1,66.24586047456621,76.24586047456621,6,False,walking-1,walking-1,False,66.24586047456621,66.24586047456621,1772.2768363622852,1677.735825769945,1677.735825769945,1772.2768363622852,2526.171611879433,2526.171611879433,0.0,0.0,0.0,0.0,0.0,development_exploratory_not_untouched_final
od_05,motorbike,0.0,motorbike-1,15.468886749491073,15.468886749491073,1,True,motorbike-1,motorbike-1,False,15.468886749491073,15.468886749491073,366.60800508289043,369.02866285545645,369.02866285545645,366.60800508289043,538.4203047254263,538.4203047254263,0.0,0.0,0.0,0.0,0.0,development_exploratory_not_untouched_final
od_05,motorbike,1.0,motorbike-1,15.468886749491073,16.468886749491073,2,False,motorbike-1,motorbike-1,False,15.468886749491073,15.468886749491073,366.60800508289043,369.02866285545645,369.02866285545645,366.60800508289043,538.4203047254263,538.4203047254263,0.0,0.0,0.0,0.0,0.0,development_exploratory_not_untouched_final
od_05,motorbike,2.0,motorbike-1,15.468886749491073,17.468886749491073,2,False,motorbike-1,motorbike-1,False,15.468886749491073,15.468886749491073,366.60800508289043,369.02866285545645,369.02866285545645,366.60800508289043,538.4203047254263,538.4203047254263,0.0,0.0,0.0,0.0,0.0,development_exploratory_not_untouched_final
od_05,motorbike,3.0,motorbike-1,15.468886749491073,18.468886749491073,3,False,motorbike-1,motorbike-1,False,15.468886749491073,15.468886749491073,366.60800508289043,369.02866285545645,369.02866285545645,366.60800508289043,538.4203047254263,538.4203047254263,0.0,0.0,0.0,0.0,0.0,development_exploratory_not_untouched_final
od_05,motorbike,5.0,motorbike-1,15.468886749491073,20.468886749491073,4,False,motorbike-1,motorbike-1,False,15.468886749491073,15.468886749491073,366.60800508289043,369.02866285545645,369.02866285545645,366.60800508289043,538.4203047254263,538.4203047254263,0.0,0.0,0.0,0.0,0.0,development_exploratory_not_untouched_final
od_05,motorbike,10.0,motorbike-1,15.468886749491073,25.468886749491073,6,False,motorbike-1,motorbike-1,False,15.468886749491073,15.468886749491073,366.60800508289043,369.02866285545645,369.02866285545645,366.60800508289043,538.4203047254263,538.4203047254263,0.0,0.0,0.0,0.0,0.0,development_exploratory_not_untouched_final
od_05,walking,0.0,walking-1,79.18940872206731,79.18940872206731,1,True,walking-1,walking-1,False,79.18940872206731,79.18940872206731,1874.5234334763902,1905.8067321378253,1905.8067321378253,1874.5234334763902,2533.8510501846745,2533.8510501846745,0.0,0.0,0.0,0.0,0.0,development_exploratory_not_untouched_final
od_05,walking,1.0,walking-1,79.18940872206731,80.18940872206731,5,False,walking-1,walking-1,False,79.18940872206731,79.18940872206731,1874.5234334763902,1905.8067321378253,1905.8067321378253,1874.5234334763902,2533.8510501846745,2533.8510501846745,0.0,0.0,0.0,0.0,0.0,development_exploratory_not_untouched_final
od_05,walking,2.0,walking-1,79.18940872206731,81.18940872206731,5,False,walking-1,walking-1,False,79.18940872206731,79.18940872206731,1874.5234334763902,1905.8067321378253,1905.8067321378253,1874.5234334763902,2533.8510501846745,2533.8510501846745,0.0,0.0,0.0,0.0,0.0,development_exploratory_not_untouched_final
od_05,walking,3.0,walking-1,79.18940872206731,82.18940872206731,6,False,walking-1,walking-1,False,79.18940872206731,79.18940872206731,1874.5234334763902,1905.8067321378253,1905.8067321378253,1874.5234334763902,2533.8510501846745,2533.8510501846745,0.0,0.0,0.0,0.0,0.0,development_exploratory_not_untouched_final
od_05,walking,5.0,walking-1,79.18940872206731,84.18940872206731,6,False,walking-1,walking-1,False,79.18940872206731,79.18940872206731,1874.5234334763902,1905.8067321378253,1905.8067321378253,1874.5234334763902,2533.8510501846745,2533.8510501846745,0.0,0.0,0.0,0.0,0.0,development_exploratory_not_untouched_final
od_05,walking,10.0,walking-1,79.18940872206731,89.18940872206731,7,False,walking-1,walking-1,False,79.18940872206731,79.18940872206731,1874.5234334763902,1905.8067321378253,1905.8067321378253,1874.5234334763902,2533.8510501846745,2533.8510501846745,0.0,0.0,0.0,0.0,0.0,development_exploratory_not_untouched_final
od_06,motorbike,0.0,motorbike-1,8.795778104253094,8.795778104253094,1,True,motorbike-1,motorbike-1,False,8.795778104253094,8.795778104253094,205.85796043274482,217.53692313308818,217.53692313308818,205.85796043274482,289.96369112562195,289.96369112562195,0.0,0.0,0.0,0.0,0.0,development_exploratory_not_untouched_final
od_06,motorbike,1.0,motorbike-1,8.795778104253094,9.795778104253094,3,False,motorbike-1,motorbike-1,False,8.795778104253094,8.795778104253094,205.85796043274482,217.53692313308818,217.53692313308818,205.85796043274482,289.96369112562195,289.96369112562195,0.0,0.0,0.0,0.0,0.0,development_exploratory_not_untouched_final
od_06,motorbike,2.0,motorbike-1,8.795778104253094,10.795778104253094,3,False,motorbike-1,motorbike-1,False,8.795778104253094,8.795778104253094,205.85796043274482,217.53692313308818,217.53692313308818,205.85796043274482,289.96369112562195,289.96369112562195,0.0,0.0,0.0,0.0,0.0,development_exploratory_not_untouched_final
od_06,motorbike,3.0,motorbike-1,8.795778104253094,11.795778104253094,5,False,motorbike-1,motorbike-1,False,8.795778104253094,8.795778104253094,205.85796043274482,217.53692313308818,217.53692313308818,205.85796043274482,289.96369112562195,289.96369112562195,0.0,0.0,0.0,0.0,0.0,development_exploratory_not_untouched_final
od_06,motorbike,5.0,motorbike-1,8.795778104253094,13.795778104253094,6,False,motorbike-1,motorbike-1,False,8.795778104253094,8.795778104253094,205.85796043274482,217.53692313308818,217.53692313308818,205.85796043274482,289.96369112562195,289.96369112562195,0.0,0.0,0.0,0.0,0.0,development_exploratory_not_untouched_final
od_06,motorbike,10.0,motorbike-1,8.795778104253094,18.795778104253095,8,False,motorbike-1,motorbike-1,False,8.795778104253094,8.795778104253094,205.85796043274482,217.53692313308818,217.53692313308818,205.85796043274482,289.96369112562195,289.96369112562195,0.0,0.0,0.0,0.0,0.0,development_exploratory_not_untouched_final
od_06,walking,0.0,walking-1,42.44838227513487,42.44838227513487,1,True,walking-1,walking-1,False,42.44838227513487,42.44838227513487,993.1549216030844,1050.0564492532176,1050.0564492532176,993.1549216030844,1399.9233710108867,1399.9233710108867,0.0,0.0,0.0,0.0,0.0,development_exploratory_not_untouched_final
od_06,walking,1.0,walking-1,42.44838227513487,43.44838227513487,4,False,walking-1,walking-1,False,42.44838227513487,42.44838227513487,993.1549216030844,1050.0564492532176,1050.0564492532176,993.1549216030844,1399.9233710108867,1399.9233710108867,0.0,0.0,0.0,0.0,0.0,development_exploratory_not_untouched_final
od_06,walking,2.0,walking-1,42.44838227513487,44.44838227513487,5,False,walking-1,walking-1,False,42.44838227513487,42.44838227513487,993.1549216030844,1050.0564492532176,1050.0564492532176,993.1549216030844,1399.9233710108867,1399.9233710108867,0.0,0.0,0.0,0.0,0.0,development_exploratory_not_untouched_final
od_06,walking,3.0,walking-1,42.44838227513487,45.44838227513487,5,False,walking-1,walking-1,False,42.44838227513487,42.44838227513487,993.1549216030844,1050.0564492532176,1050.0564492532176,993.1549216030844,1399.9233710108867,1399.9233710108867,0.0,0.0,0.0,0.0,0.0,development_exploratory_not_untouched_final
od_06,walking,5.0,walking-1,42.44838227513487,47.44838227513487,6,False,walking-1,walking-1,False,42.44838227513487,42.44838227513487,993.1549216030844,1050.0564492532176,1050.0564492532176,993.1549216030844,1399.9233710108867,1399.9233710108867,0.0,0.0,0.0,0.0,0.0,development_exploratory_not_untouched_final
od_06,walking,10.0,walking-1,42.44838227513487,52.44838227513487,7,False,walking-1,walking-1,False,42.44838227513487,42.44838227513487,993.1549216030844,1050.0564492532176,1050.0564492532176,993.1549216030844,1399.9233710108867,1399.9233710108867,0.0,0.0,0.0,0.0,0.0,development_exploratory_not_untouched_final
od_07,motorbike,0.0,motorbike-1,8.70687690002884,8.70687690002884,1,True,motorbike-1,motorbike-1,False,8.70687690002884,8.70687690002884,231.21311642930146,226.92381136646387,226.92381136646387,231.21311642930146,316.707051850389,316.707051850389,0.0,0.0,0.0,0.0,0.0,development_exploratory_not_untouched_final
od_07,motorbike,1.0,motorbike-1,8.70687690002884,9.70687690002884,3,False,motorbike-1,motorbike-1,False,8.70687690002884,8.70687690002884,231.21311642930146,226.92381136646387,226.92381136646387,231.21311642930146,316.707051850389,316.707051850389,0.0,0.0,0.0,0.0,0.0,development_exploratory_not_untouched_final
od_07,motorbike,2.0,motorbike-1,8.70687690002884,10.70687690002884,4,False,motorbike-1,motorbike-1,False,8.70687690002884,8.70687690002884,231.21311642930146,226.92381136646387,226.92381136646387,231.21311642930146,316.707051850389,316.707051850389,0.0,0.0,0.0,0.0,0.0,development_exploratory_not_untouched_final
od_07,motorbike,3.0,motorbike-1,8.70687690002884,11.70687690002884,4,False,motorbike-1,motorbike-1,False,8.70687690002884,8.70687690002884,231.21311642930146,226.92381136646387,226.92381136646387,231.21311642930146,316.707051850389,316.707051850389,0.0,0.0,0.0,0.0,0.0,development_exploratory_not_untouched_final
od_07,motorbike,5.0,motorbike-1,8.70687690002884,13.70687690002884,6,False,motorbike-1,motorbike-1,False,8.70687690002884,8.70687690002884,231.21311642930146,226.92381136646387,226.92381136646387,231.21311642930146,316.707051850389,316.707051850389,0.0,0.0,0.0,0.0,0.0,development_exploratory_not_untouched_final
od_07,motorbike,10.0,motorbike-1,8.70687690002884,18.70687690002884,8,False,motorbike-1,motorbike-1,False,8.70687690002884,8.70687690002884,231.21311642930146,226.92381136646387,226.92381136646387,231.21311642930146,316.707051850389,316.707051850389,0.0,0.0,0.0,0.0,0.0,development_exploratory_not_untouched_final
od_07,walking,0.0,walking-1,36.12094162904502,36.12094162904502,1,True,walking-1,walking-1,False,36.12094162904502,36.12094162904502,967.6401514630277,945.1609321154153,945.1609321154153,967.6401514630277,1322.4744643795232,1322.4744643795232,0.0,0.0,0.0,0.0,0.0,development_exploratory_not_untouched_final
od_07,walking,1.0,walking-1,36.12094162904502,37.12094162904502,4,False,walking-1,walking-1,False,36.12094162904502,36.12094162904502,967.6401514630277,945.1609321154153,945.1609321154153,967.6401514630277,1322.4744643795232,1322.4744643795232,0.0,0.0,0.0,0.0,0.0,development_exploratory_not_untouched_final
od_07,walking,2.0,walking-1,36.12094162904502,38.12094162904502,4,False,walking-1,walking-1,False,36.12094162904502,36.12094162904502,967.6401514630277,945.1609321154153,945.1609321154153,967.6401514630277,1322.4744643795232,1322.4744643795232,0.0,0.0,0.0,0.0,0.0,development_exploratory_not_untouched_final
od_07,walking,3.0,walking-1,36.12094162904502,39.12094162904502,4,False,walking-1,walking-1,False,36.12094162904502,36.12094162904502,967.6401514630277,945.1609321154153,945.1609321154153,967.6401514630277,1322.4744643795232,1322.4744643795232,0.0,0.0,0.0,0.0,0.0,development_exploratory_not_untouched_final
od_07,walking,5.0,walking-1,36.12094162904502,41.12094162904502,4,False,walking-1,walking-1,False,36.12094162904502,36.12094162904502,967.6401514630277,945.1609321154153,945.1609321154153,967.6401514630277,1322.4744643795232,1322.4744643795232,0.0,0.0,0.0,0.0,0.0,development_exploratory_not_untouched_final
od_07,walking,10.0,walking-1,36.12094162904502,46.12094162904502,4,False,walking-1,walking-1,False,36.12094162904502,36.12094162904502,967.6401514630277,945.1609321154153,945.1609321154153,967.6401514630277,1322.4744643795232,1322.4744643795232,0.0,0.0,0.0,0.0,0.0,development_exploratory_not_untouched_final
od_08,motorbike,0.0,motorbike-1,16.700945583245588,16.700945583245588,1,True,motorbike-1,motorbike-1,False,16.700945583245588,16.700945583245588,389.37566245573504,408.0971708627465,408.0971708627465,389.37566245573504,539.4089466786367,539.4089466786367,0.0,0.0,0.0,0.0,0.0,development_exploratory_not_untouched_final
od_08,motorbike,1.0,motorbike-1,16.700945583245588,17.700945583245588,2,False,motorbike-1,motorbike-1,False,16.700945583245588,16.700945583245588,389.37566245573504,408.0971708627465,408.0971708627465,389.37566245573504,539.4089466786367,539.4089466786367,0.0,0.0,0.0,0.0,0.0,development_exploratory_not_untouched_final
od_08,motorbike,2.0,motorbike-1,16.700945583245588,18.700945583245588,4,False,motorbike-1,motorbike-1,False,16.700945583245588,16.700945583245588,389.37566245573504,408.0971708627465,408.0971708627465,389.37566245573504,539.4089466786367,539.4089466786367,0.0,0.0,0.0,0.0,0.0,development_exploratory_not_untouched_final
od_08,motorbike,3.0,motorbike-1,16.700945583245588,19.700945583245588,4,False,motorbike-1,motorbike-1,False,16.700945583245588,16.700945583245588,389.37566245573504,408.0971708627465,408.0971708627465,389.37566245573504,539.4089466786367,539.4089466786367,0.0,0.0,0.0,0.0,0.0,development_exploratory_not_untouched_final
od_08,motorbike,5.0,motorbike-1,16.700945583245588,21.700945583245588,6,False,motorbike-1,motorbike-1,False,16.700945583245588,16.700945583245588,389.37566245573504,408.0971708627465,408.0971708627465,389.37566245573504,539.4089466786367,539.4089466786367,0.0,0.0,0.0,0.0,0.0,development_exploratory_not_untouched_final
od_08,motorbike,10.0,motorbike-1,16.700945583245588,26.700945583245588,8,False,motorbike-1,motorbike-1,False,16.700945583245588,16.700945583245588,389.37566245573504,408.0971708627465,408.0971708627465,389.37566245573504,539.4089466786367,539.4089466786367,0.0,0.0,0.0,0.0,0.0,development_exploratory_not_untouched_final
od_08,walking,0.0,walking-1,82.44427460179587,82.44427460179587,1,True,walking-1,walking-1,False,82.44427460179587,82.44427460179587,1919.3369733160062,2028.9748148098495,2028.9748148098495,1919.3369733160062,2536.0399494045337,2536.0399494045337,0.0,0.0,0.0,0.0,0.0,development_exploratory_not_untouched_final
od_08,walking,1.0,walking-1,82.44427460179587,83.44427460179587,3,False,walking-1,walking-1,False,82.44427460179587,82.44427460179587,1919.3369733160062,2028.9748148098495,2028.9748148098495,1919.3369733160062,2536.0399494045337,2536.0399494045337,0.0,0.0,0.0,0.0,0.0,development_exploratory_not_untouched_final
od_08,walking,2.0,walking-1,82.44427460179587,84.44427460179587,3,False,walking-1,walking-1,False,82.44427460179587,82.44427460179587,1919.3369733160062,2028.9748148098495,2028.9748148098495,1919.3369733160062,2536.0399494045337,2536.0399494045337,0.0,0.0,0.0,0.0,0.0,development_exploratory_not_untouched_final
od_08,walking,3.0,walking-1,82.44427460179587,85.44427460179587,4,False,walking-1,walking-1,False,82.44427460179587,82.44427460179587,1919.3369733160062,2028.9748148098495,2028.9748148098495,1919.3369733160062,2536.0399494045337,2536.0399494045337,0.0,0.0,0.0,0.0,0.0,development_exploratory_not_untouched_final
od_08,walking,5.0,walking-1,82.44427460179587,87.44427460179587,5,False,walking-1,walking-1,False,82.44427460179587,82.44427460179587,1919.3369733160062,2028.9748148098495,2028.9748148098495,1919.3369733160062,2536.0399494045337,2536.0399494045337,0.0,0.0,0.0,0.0,0.0,development_exploratory_not_untouched_final
od_08,walking,10.0,walking-1,82.44427460179587,92.44427460179587,6,False,walking-1,walking-1,False,82.44427460179587,82.44427460179587,1919.3369733160062,2028.9748148098495,2028.9748148098495,1919.3369733160062,2536.0399494045337,2536.0399494045337,0.0,0.0,0.0,0.0,0.0,development_exploratory_not_untouched_final
od_09,motorbike,0.0,motorbike-1,9.921896735442521,9.921896735442521,1,True,motorbike-1,motorbike-1,False,9.921896735442521,9.921896735442521,195.54338365522813,213.0088946171017,213.0088946171017,195.54338365522813,257.2031686150781,257.2031686150781,0.0,0.0,0.0,0.0,0.0,development_exploratory_not_untouched_final
od_09,motorbike,1.0,motorbike-1,9.921896735442521,10.921896735442521,2,False,motorbike-1,motorbike-1,False,9.921896735442521,9.921896735442521,195.54338365522813,213.0088946171017,213.0088946171017,195.54338365522813,257.2031686150781,257.2031686150781,0.0,0.0,0.0,0.0,0.0,development_exploratory_not_untouched_final
od_09,motorbike,2.0,motorbike-1,9.921896735442521,11.921896735442521,3,False,motorbike-1,motorbike-1,False,9.921896735442521,9.921896735442521,195.54338365522813,213.0088946171017,213.0088946171017,195.54338365522813,257.2031686150781,257.2031686150781,0.0,0.0,0.0,0.0,0.0,development_exploratory_not_untouched_final
od_09,motorbike,3.0,motorbike-1,9.921896735442521,12.921896735442521,4,False,motorbike-1,motorbike-1,False,9.921896735442521,9.921896735442521,195.54338365522813,213.0088946171017,213.0088946171017,195.54338365522813,257.2031686150781,257.2031686150781,0.0,0.0,0.0,0.0,0.0,development_exploratory_not_untouched_final
od_09,motorbike,5.0,motorbike-1,9.921896735442521,14.921896735442521,5,False,motorbike-1,motorbike-1,False,9.921896735442521,9.921896735442521,195.54338365522813,213.0088946171017,213.0088946171017,195.54338365522813,257.2031686150781,257.2031686150781,0.0,0.0,0.0,0.0,0.0,development_exploratory_not_untouched_final
od_09,motorbike,10.0,motorbike-1,9.921896735442521,19.921896735442523,7,False,motorbike-1,motorbike-1,False,9.921896735442521,9.921896735442521,195.54338365522813,213.0088946171017,213.0088946171017,195.54338365522813,257.2031686150781,257.2031686150781,0.0,0.0,0.0,0.0,0.0,development_exploratory_not_untouched_final
od_09,walking,0.0,walking-1,44.57985461725738,44.57985461725738,1,True,walking-1,walking-1,False,44.57985461725738,44.57985461725738,854.2717199158208,938.7258487785682,938.7258487785682,854.2717199158208,1115.931158650744,1115.931158650744,0.0,0.0,0.0,0.0,0.0,development_exploratory_not_untouched_final
od_09,walking,1.0,walking-1,44.57985461725738,45.57985461725738,3,False,walking-1,walking-1,False,44.57985461725738,44.57985461725738,854.2717199158208,938.7258487785682,938.7258487785682,854.2717199158208,1115.931158650744,1115.931158650744,0.0,0.0,0.0,0.0,0.0,development_exploratory_not_untouched_final
od_09,walking,2.0,walking-1,44.57985461725738,46.57985461725738,3,False,walking-1,walking-1,False,44.57985461725738,44.57985461725738,854.2717199158208,938.7258487785682,938.7258487785682,854.2717199158208,1115.931158650744,1115.931158650744,0.0,0.0,0.0,0.0,0.0,development_exploratory_not_untouched_final
od_09,walking,3.0,walking-1,44.57985461725738,47.57985461725738,3,False,walking-1,walking-1,False,44.57985461725738,44.57985461725738,854.2717199158208,938.7258487785682,938.7258487785682,854.2717199158208,1115.931158650744,1115.931158650744,0.0,0.0,0.0,0.0,0.0,development_exploratory_not_untouched_final
od_09,walking,5.0,walking-1,44.57985461725738,49.57985461725738,4,False,walking-1,walking-1,False,44.57985461725738,44.57985461725738,854.2717199158208,938.7258487785682,938.7258487785682,854.2717199158208,1115.931158650744,1115.931158650744,0.0,0.0,0.0,0.0,0.0,development_exploratory_not_untouched_final
od_09,walking,10.0,walking-1,44.57985461725738,54.57985461725738,6,False,walking-1,walking-1,False,44.57985461725738,44.57985461725738,854.2717199158208,938.7258487785682,938.7258487785682,854.2717199158208,1115.931158650744,1115.931158650744,0.0,0.0,0.0,0.0,0.0,development_exploratory_not_untouched_final
od_10,motorbike,0.0,motorbike-1,10.045650330099813,10.045650330099813,1,True,motorbike-1,motorbike-1,False,10.045650330099813,10.045650330099813,263.7522789741652,258.00348497529137,258.00348497529137,263.7522789741652,371.1718338540861,371.1718338540861,0.0,0.0,0.0,0.0,0.0,development_exploratory_not_untouched_final
od_10,motorbike,1.0,motorbike-1,10.045650330099813,11.045650330099813,2,False,motorbike-1,motorbike-1,False,10.045650330099813,10.045650330099813,263.7522789741652,258.00348497529137,258.00348497529137,263.7522789741652,371.1718338540861,371.1718338540861,0.0,0.0,0.0,0.0,0.0,development_exploratory_not_untouched_final
od_10,motorbike,2.0,motorbike-1,10.045650330099813,12.045650330099813,3,False,motorbike-1,motorbike-1,False,10.045650330099813,10.045650330099813,263.7522789741652,258.00348497529137,258.00348497529137,263.7522789741652,371.1718338540861,371.1718338540861,0.0,0.0,0.0,0.0,0.0,development_exploratory_not_untouched_final
od_10,motorbike,3.0,motorbike-1,10.045650330099813,13.045650330099813,4,False,motorbike-1,motorbike-1,False,10.045650330099813,10.045650330099813,263.7522789741652,258.00348497529137,258.00348497529137,263.7522789741652,371.1718338540861,371.1718338540861,0.0,0.0,0.0,0.0,0.0,development_exploratory_not_untouched_final
od_10,motorbike,5.0,motorbike-1,10.045650330099813,15.045650330099813,8,False,motorbike-1,motorbike-1,False,10.045650330099813,10.045650330099813,263.7522789741652,258.00348497529137,258.00348497529137,263.7522789741652,371.1718338540861,371.1718338540861,0.0,0.0,0.0,0.0,0.0,development_exploratory_not_untouched_final
od_10,motorbike,10.0,motorbike-1,10.045650330099813,20.04565033009981,8,False,motorbike-1,motorbike-1,False,10.045650330099813,10.045650330099813,263.7522789741652,258.00348497529137,258.00348497529137,263.7522789741652,371.1718338540861,371.1718338540861,0.0,0.0,0.0,0.0,0.0,development_exploratory_not_untouched_final
od_10,walking,0.0,walking-1,50.22825165049906,50.22825165049906,1,True,walking-1,walking-1,False,50.22825165049906,50.22825165049906,1318.7613948708265,1290.0174248764572,1290.0174248764572,1318.7613948708265,1855.8591692704306,1855.8591692704306,0.0,0.0,0.0,0.0,0.0,development_exploratory_not_untouched_final
od_10,walking,1.0,walking-1,50.22825165049906,51.22825165049906,4,False,walking-1,walking-1,False,50.22825165049906,50.22825165049906,1318.7613948708265,1290.0174248764572,1290.0174248764572,1318.7613948708265,1855.8591692704306,1855.8591692704306,0.0,0.0,0.0,0.0,0.0,development_exploratory_not_untouched_final
od_10,walking,2.0,walking-1,50.22825165049906,52.22825165049906,4,False,walking-1,walking-1,False,50.22825165049906,50.22825165049906,1318.7613948708265,1290.0174248764572,1290.0174248764572,1318.7613948708265,1855.8591692704306,1855.8591692704306,0.0,0.0,0.0,0.0,0.0,development_exploratory_not_untouched_final
od_10,walking,3.0,walking-1,50.22825165049906,53.22825165049906,6,False,walking-1,walking-1,False,50.22825165049906,50.22825165049906,1318.7613948708265,1290.0174248764572,1290.0174248764572,1318.7613948708265,1855.8591692704306,1855.8591692704306,0.0,0.0,0.0,0.0,0.0,development_exploratory_not_untouched_final
od_10,walking,5.0,walking-1,50.22825165049906,55.22825165049906,6,False,walking-1,walking-1,False,50.22825165049906,50.22825165049906,1318.7613948708265,1290.0174248764572,1290.0174248764572,1318.7613948708265,1855.8591692704306,1855.8591692704306,0.0,0.0,0.0,0.0,0.0,development_exploratory_not_untouched_final
od_10,walking,10.0,walking-1,50.22825165049906,60.22825165049906,7,False,walking-1,walking-1,False,50.22825165049906,50.22825165049906,1318.7613948708265,1290.0174248764572,1290.0174248764572,1318.7613948708265,1855.8591692704306,1855.8591692704306,0.0,0.0,0.0,0.0,0.0,development_exploratory_not_untouched_final
od_11,motorbike,0.0,motorbike-1,17.571099260409287,17.571099260409287,1,True,motorbike-1,motorbike-1,False,17.571099260409287,17.571099260409287,480.47417136187863,463.1828873091406,463.1828873091406,480.47417136187863,645.3638007984055,645.3638007984055,0.0,0.0,0.0,0.0,0.0,development_exploratory_not_untouched_final
od_11,motorbike,1.0,motorbike-1,17.571099260409287,18.571099260409287,2,False,motorbike-1,motorbike-1,False,17.571099260409287,17.571099260409287,480.47417136187863,463.1828873091406,463.1828873091406,480.47417136187863,645.3638007984055,645.3638007984055,0.0,0.0,0.0,0.0,0.0,development_exploratory_not_untouched_final
od_11,motorbike,2.0,motorbike-1,17.571099260409287,19.571099260409287,3,False,motorbike-1,motorbike-1,False,17.571099260409287,17.571099260409287,480.47417136187863,463.1828873091406,463.1828873091406,480.47417136187863,645.3638007984055,645.3638007984055,0.0,0.0,0.0,0.0,0.0,development_exploratory_not_untouched_final
od_11,motorbike,3.0,motorbike-1,17.571099260409287,20.571099260409287,3,False,motorbike-1,motorbike-1,False,17.571099260409287,17.571099260409287,480.47417136187863,463.1828873091406,463.1828873091406,480.47417136187863,645.3638007984055,645.3638007984055,0.0,0.0,0.0,0.0,0.0,development_exploratory_not_untouched_final
od_11,motorbike,5.0,motorbike-1,17.571099260409287,22.571099260409287,3,False,motorbike-1,motorbike-1,False,17.571099260409287,17.571099260409287,480.47417136187863,463.1828873091406,463.1828873091406,480.47417136187863,645.3638007984055,645.3638007984055,0.0,0.0,0.0,0.0,0.0,development_exploratory_not_untouched_final
od_11,motorbike,10.0,motorbike-1,17.571099260409287,27.571099260409287,6,False,motorbike-1,motorbike-1,False,17.571099260409287,17.571099260409287,480.47417136187863,463.1828873091406,463.1828873091406,480.47417136187863,645.3638007984055,645.3638007984055,0.0,0.0,0.0,0.0,0.0,development_exploratory_not_untouched_final
od_11,walking,0.0,walking-1,69.59747859124312,69.59747859124312,1,True,walking-1,walking-1,False,69.59747859124312,69.59747859124312,1924.3985510366808,1851.2510808546233,1851.2510808546233,1924.3985510366808,2550.717556990115,2550.717556990115,0.0,0.0,0.0,0.0,0.0,development_exploratory_not_untouched_final
od_11,walking,1.0,walking-1,69.59747859124312,70.59747859124312,6,False,walking-1,walking-1,False,69.59747859124312,69.59747859124312,1924.3985510366808,1851.2510808546233,1851.2510808546233,1924.3985510366808,2550.717556990115,2550.717556990115,0.0,0.0,0.0,0.0,0.0,development_exploratory_not_untouched_final
od_11,walking,2.0,walking-1,69.59747859124312,71.59747859124312,7,False,walking-1,walking-1,False,69.59747859124312,69.59747859124312,1924.3985510366808,1851.2510808546233,1851.2510808546233,1924.3985510366808,2550.717556990115,2550.717556990115,0.0,0.0,0.0,0.0,0.0,development_exploratory_not_untouched_final
od_11,walking,3.0,walking-1,69.59747859124312,72.59747859124312,7,False,walking-1,walking-1,False,69.59747859124312,69.59747859124312,1924.3985510366808,1851.2510808546233,1851.2510808546233,1924.3985510366808,2550.717556990115,2550.717556990115,0.0,0.0,0.0,0.0,0.0,development_exploratory_not_untouched_final
od_11,walking,5.0,walking-1,69.59747859124312,74.59747859124312,8,False,walking-1,walking-1,False,69.59747859124312,69.59747859124312,1924.3985510366808,1851.2510808546233,1851.2510808546233,1924.3985510366808,2550.717556990115,2550.717556990115,0.0,0.0,0.0,0.0,0.0,development_exploratory_not_untouched_final
od_11,walking,10.0,walking-1,69.59747859124312,79.59747859124312,8,False,walking-1,walking-1,False,69.59747859124312,69.59747859124312,1924.3985510366808,1851.2510808546233,1851.2510808546233,1924.3985510366808,2550.717556990115,2550.717556990115,0.0,0.0,0.0,0.0,0.0,development_exploratory_not_untouched_final
od_12,motorbike,0.0,motorbike-1,11.041975489410948,11.041975489410948,1,True,motorbike-1,motorbike-1,False,11.041975489410948,11.041975489410948,256.45762300472404,267.22111796011853,267.22111796011853,256.45762300472404,348.2284752324505,348.2284752324505,0.0,0.0,0.0,0.0,0.0,development_exploratory_not_untouched_final
od_12,motorbike,1.0,motorbike-1,11.041975489410948,12.041975489410948,2,False,motorbike-1,motorbike-1,False,11.041975489410948,11.041975489410948,256.45762300472404,267.22111796011853,267.22111796011853,256.45762300472404,348.2284752324505,348.2284752324505,0.0,0.0,0.0,0.0,0.0,development_exploratory_not_untouched_final
od_12,motorbike,2.0,motorbike-1,11.041975489410948,13.041975489410948,2,False,motorbike-1,motorbike-1,False,11.041975489410948,11.041975489410948,256.45762300472404,267.22111796011853,267.22111796011853,256.45762300472404,348.2284752324505,348.2284752324505,0.0,0.0,0.0,0.0,0.0,development_exploratory_not_untouched_final
od_12,motorbike,3.0,motorbike-1,11.041975489410948,14.041975489410948,3,False,motorbike-1,motorbike-1,False,11.041975489410948,11.041975489410948,256.45762300472404,267.22111796011853,267.22111796011853,256.45762300472404,348.2284752324505,348.2284752324505,0.0,0.0,0.0,0.0,0.0,development_exploratory_not_untouched_final
od_12,motorbike,5.0,motorbike-1,11.041975489410948,16.041975489410948,4,False,motorbike-1,motorbike-1,False,11.041975489410948,11.041975489410948,256.45762300472404,267.22111796011853,267.22111796011853,256.45762300472404,348.2284752324505,348.2284752324505,0.0,0.0,0.0,0.0,0.0,development_exploratory_not_untouched_final
od_12,motorbike,10.0,motorbike-1,11.041975489410948,21.041975489410948,7,False,motorbike-1,motorbike-1,False,11.041975489410948,11.041975489410948,256.45762300472404,267.22111796011853,267.22111796011853,256.45762300472404,348.2284752324505,348.2284752324505,0.0,0.0,0.0,0.0,0.0,development_exploratory_not_untouched_final
od_12,walking,0.0,walking-1,56.64962007563846,56.64962007563846,1,True,walking-1,walking-1,False,56.64962007563846,56.64962007563846,1320.3312643314005,1373.3642702487207,1373.3642702487207,1320.3312643314005,1790.4852869838724,1790.4852869838724,0.0,0.0,0.0,0.0,0.0,development_exploratory_not_untouched_final
od_12,walking,1.0,walking-1,56.64962007563846,57.64962007563846,5,False,walking-1,walking-1,False,56.64962007563846,56.64962007563846,1320.3312643314005,1373.3642702487207,1373.3642702487207,1320.3312643314005,1790.4852869838724,1790.4852869838724,0.0,0.0,0.0,0.0,0.0,development_exploratory_not_untouched_final
od_12,walking,2.0,walking-1,56.64962007563846,58.64962007563846,6,False,walking-1,walking-1,False,56.64962007563846,56.64962007563846,1320.3312643314005,1373.3642702487207,1373.3642702487207,1320.3312643314005,1790.4852869838724,1790.4852869838724,0.0,0.0,0.0,0.0,0.0,development_exploratory_not_untouched_final
od_12,walking,3.0,walking-1,56.64962007563846,59.64962007563846,6,False,walking-1,walking-1,False,56.64962007563846,56.64962007563846,1320.3312643314005,1373.3642702487207,1373.3642702487207,1320.3312643314005,1790.4852869838724,1790.4852869838724,0.0,0.0,0.0,0.0,0.0,development_exploratory_not_untouched_final
od_12,walking,5.0,walking-1,56.64962007563846,61.64962007563846,6,False,walking-1,walking-1,False,56.64962007563846,56.64962007563846,1320.3312643314005,1373.3642702487207,1373.3642702487207,1320.3312643314005,1790.4852869838724,1790.4852869838724,0.0,0.0,0.0,0.0,0.0,development_exploratory_not_untouched_final
od_12,walking,10.0,walking-1,56.64962007563846,66.64962007563847,7,False,walking-1,walking-1,False,56.64962007563846,56.64962007563846,1320.3312643314005,1373.3642702487207,1373.3642702487207,1320.3312643314005,1790.4852869838724,1790.4852869838724,0.0,0.0,0.0,0.0,0.0,development_exploratory_not_untouched_final
od_13,motorbike,0.0,motorbike-1,15.733865367527278,15.733865367527278,1,True,motorbike-1,motorbike-1,False,15.733865367527278,15.733865367527278,375.13376531930066,388.5868474753495,388.5868474753495,375.13376531930066,506.7619068881445,506.7619068881445,0.0,0.0,0.0,0.0,0.0,development_exploratory_not_untouched_final
od_13,motorbike,1.0,motorbike-1,15.733865367527278,16.73386536752728,2,False,motorbike-1,motorbike-1,False,15.733865367527278,15.733865367527278,375.13376531930066,388.5868474753495,388.5868474753495,375.13376531930066,506.7619068881445,506.7619068881445,0.0,0.0,0.0,0.0,0.0,development_exploratory_not_untouched_final
od_13,motorbike,2.0,motorbike-1,15.733865367527278,17.73386536752728,2,False,motorbike-1,motorbike-1,False,15.733865367527278,15.733865367527278,375.13376531930066,388.5868474753495,388.5868474753495,375.13376531930066,506.7619068881445,506.7619068881445,0.0,0.0,0.0,0.0,0.0,development_exploratory_not_untouched_final
od_13,motorbike,3.0,motorbike-1,15.733865367527278,18.73386536752728,5,False,motorbike-1,motorbike-1,False,15.733865367527278,15.733865367527278,375.13376531930066,388.5868474753495,388.5868474753495,375.13376531930066,506.7619068881445,506.7619068881445,0.0,0.0,0.0,0.0,0.0,development_exploratory_not_untouched_final
od_13,motorbike,5.0,motorbike-1,15.733865367527278,20.73386536752728,5,False,motorbike-1,motorbike-1,False,15.733865367527278,15.733865367527278,375.13376531930066,388.5868474753495,388.5868474753495,375.13376531930066,506.7619068881445,506.7619068881445,0.0,0.0,0.0,0.0,0.0,development_exploratory_not_untouched_final
od_13,motorbike,10.0,motorbike-1,15.733865367527278,25.73386536752728,8,False,motorbike-1,motorbike-1,False,15.733865367527278,15.733865367527278,375.13376531930066,388.5868474753495,388.5868474753495,375.13376531930066,506.7619068881445,506.7619068881445,0.0,0.0,0.0,0.0,0.0,development_exploratory_not_untouched_final
od_13,walking,0.0,walking-1,76.21028331703089,76.21028331703089,1,True,walking-1,walking-1,False,76.21028331703089,76.21028331703089,1804.9723534927002,1885.14691567146,1885.14691567146,1804.9723534927002,2381.43004266912,2381.43004266912,0.0,0.0,0.0,0.0,0.0,development_exploratory_not_untouched_final
od_13,walking,1.0,walking-1,76.21028331703089,77.21028331703089,5,False,walking-1,walking-1,False,76.21028331703089,76.21028331703089,1804.9723534927002,1885.14691567146,1885.14691567146,1804.9723534927002,2381.43004266912,2381.43004266912,0.0,0.0,0.0,0.0,0.0,development_exploratory_not_untouched_final
od_13,walking,2.0,walking-1,76.21028331703089,78.21028331703089,6,False,walking-1,walking-1,False,76.21028331703089,76.21028331703089,1804.9723534927002,1885.14691567146,1885.14691567146,1804.9723534927002,2381.43004266912,2381.43004266912,0.0,0.0,0.0,0.0,0.0,development_exploratory_not_untouched_final
od_13,walking,3.0,walking-1,76.21028331703089,79.21028331703089,6,False,walking-1,walking-1,False,76.21028331703089,76.21028331703089,1804.9723534927002,1885.14691567146,1885.14691567146,1804.9723534927002,2381.43004266912,2381.43004266912,0.0,0.0,0.0,0.0,0.0,development_exploratory_not_untouched_final
od_13,walking,5.0,walking-1,76.21028331703089,81.21028331703089,6,False,walking-1,walking-1,False,76.21028331703089,76.21028331703089,1804.9723534927002,1885.14691567146,1885.14691567146,1804.9723534927002,2381.43004266912,2381.43004266912,0.0,0.0,0.0,0.0,0.0,development_exploratory_not_untouched_final
od_13,walking,10.0,walking-1,76.21028331703089,86.21028331703089,7,False,walking-1,walking-1,False,76.21028331703089,76.21028331703089,1804.9723534927002,1885.14691567146,1885.14691567146,1804.9723534927002,2381.43004266912,2381.43004266912,0.0,0.0,0.0,0.0,0.0,development_exploratory_not_untouched_final
od_14,motorbike,0.0,motorbike-1,7.225306020952647,7.225306020952647,1,True,motorbike-1,motorbike-1,False,7.225306020952647,7.225306020952647,182.78398733927213,184.12567465684015,184.12567465684015,182.78398733927213,235.96930908667406,235.96930908667406,0.0,0.0,0.0,0.0,0.0,development_exploratory_not_untouched_final
od_14,motorbike,1.0,motorbike-1,7.225306020952647,8.225306020952647,3,False,motorbike-1,motorbike-1,False,7.225306020952647,7.225306020952647,182.78398733927213,184.12567465684015,184.12567465684015,182.78398733927213,235.96930908667406,235.96930908667406,0.0,0.0,0.0,0.0,0.0,development_exploratory_not_untouched_final
od_14,motorbike,2.0,motorbike-1,7.225306020952647,9.225306020952647,3,False,motorbike-1,motorbike-1,False,7.225306020952647,7.225306020952647,182.78398733927213,184.12567465684015,184.12567465684015,182.78398733927213,235.96930908667406,235.96930908667406,0.0,0.0,0.0,0.0,0.0,development_exploratory_not_untouched_final
od_14,motorbike,3.0,motorbike-1,7.225306020952647,10.225306020952647,4,False,motorbike-1,motorbike-1,False,7.225306020952647,7.225306020952647,182.78398733927213,184.12567465684015,184.12567465684015,182.78398733927213,235.96930908667406,235.96930908667406,0.0,0.0,0.0,0.0,0.0,development_exploratory_not_untouched_final
od_14,motorbike,5.0,motorbike-1,7.225306020952647,12.225306020952647,6,False,motorbike-1,motorbike-1,False,7.225306020952647,7.225306020952647,182.78398733927213,184.12567465684015,184.12567465684015,182.78398733927213,235.96930908667406,235.96930908667406,0.0,0.0,0.0,0.0,0.0,development_exploratory_not_untouched_final
od_14,motorbike,10.0,motorbike-1,7.225306020952647,17.225306020952647,7,False,motorbike-1,motorbike-1,False,7.225306020952647,7.225306020952647,182.78398733927213,184.12567465684015,184.12567465684015,182.78398733927213,235.96930908667406,235.96930908667406,0.0,0.0,0.0,0.0,0.0,development_exploratory_not_untouched_final
od_14,walking,0.0,walking-1,41.39215771665848,41.39215771665848,1,True,walking-1,walking-1,False,41.39215771665848,41.39215771665848,1037.9044985050618,1047.7020134998165,1047.7020134998165,1037.9044985050618,1346.5410068232047,1346.5410068232047,0.0,0.0,0.0,0.0,0.0,development_exploratory_not_untouched_final
od_14,walking,1.0,walking-1,41.39215771665848,42.39215771665848,2,False,walking-1,walking-1,False,41.39215771665848,41.39215771665848,1037.9044985050618,1047.7020134998165,1047.7020134998165,1037.9044985050618,1346.5410068232047,1346.5410068232047,0.0,0.0,0.0,0.0,0.0,development_exploratory_not_untouched_final
od_14,walking,2.0,walking-1,41.39215771665848,43.39215771665848,3,False,walking-1,walking-1,False,41.39215771665848,41.39215771665848,1037.9044985050618,1047.7020134998165,1047.7020134998165,1037.9044985050618,1346.5410068232047,1346.5410068232047,0.0,0.0,0.0,0.0,0.0,development_exploratory_not_untouched_final
od_14,walking,3.0,walking-1,41.39215771665848,44.39215771665848,3,False,walking-1,walking-1,False,41.39215771665848,41.39215771665848,1037.9044985050618,1047.7020134998165,1047.7020134998165,1037.9044985050618,1346.5410068232047,1346.5410068232047,0.0,0.0,0.0,0.0,0.0,development_exploratory_not_untouched_final
od_14,walking,5.0,walking-1,41.39215771665848,46.39215771665848,3,False,walking-1,walking-1,False,41.39215771665848,41.39215771665848,1037.9044985050618,1047.7020134998165,1047.7020134998165,1037.9044985050618,1346.5410068232047,1346.5410068232047,0.0,0.0,0.0,0.0,0.0,development_exploratory_not_untouched_final
od_14,walking,10.0,walking-1,41.39215771665848,51.39215771665848,6,False,walking-1,walking-1,False,41.39215771665848,41.39215771665848,1037.9044985050618,1047.7020134998165,1047.7020134998165,1037.9044985050618,1346.5410068232047,1346.5410068232047,0.0,0.0,0.0,0.0,0.0,development_exploratory_not_untouched_final
od_15,motorbike,0.0,motorbike-1,15.834878913287358,15.834878913287358,1,True,motorbike-1,motorbike-1,False,15.834878913287358,15.834878913287358,442.6811157386315,418.3505057374058,418.3505057374058,442.6811157386315,613.69429984103,613.69429984103,0.0,0.0,0.0,0.0,0.0,development_exploratory_not_untouched_final
od_15,motorbike,1.0,motorbike-1,15.834878913287358,16.83487891328736,1,True,motorbike-1,motorbike-1,False,15.834878913287358,15.834878913287358,442.6811157386315,418.3505057374058,418.3505057374058,442.6811157386315,613.69429984103,613.69429984103,0.0,0.0,0.0,0.0,0.0,development_exploratory_not_untouched_final
od_15,motorbike,2.0,motorbike-1,15.834878913287358,17.83487891328736,2,False,motorbike-1,motorbike-1,False,15.834878913287358,15.834878913287358,442.6811157386315,418.3505057374058,418.3505057374058,442.6811157386315,613.69429984103,613.69429984103,0.0,0.0,0.0,0.0,0.0,development_exploratory_not_untouched_final
od_15,motorbike,3.0,motorbike-1,15.834878913287358,18.83487891328736,2,False,motorbike-1,motorbike-1,False,15.834878913287358,15.834878913287358,442.6811157386315,418.3505057374058,418.3505057374058,442.6811157386315,613.69429984103,613.69429984103,0.0,0.0,0.0,0.0,0.0,development_exploratory_not_untouched_final
od_15,motorbike,5.0,motorbike-1,15.834878913287358,20.83487891328736,5,False,motorbike-1,motorbike-1,False,15.834878913287358,15.834878913287358,442.6811157386315,418.3505057374058,418.3505057374058,442.6811157386315,613.69429984103,613.69429984103,0.0,0.0,0.0,0.0,0.0,development_exploratory_not_untouched_final
od_15,motorbike,10.0,motorbike-1,15.834878913287358,25.83487891328736,7,False,motorbike-1,motorbike-1,False,15.834878913287358,15.834878913287358,442.6811157386315,418.3505057374058,418.3505057374058,442.6811157386315,613.69429984103,613.69429984103,0.0,0.0,0.0,0.0,0.0,development_exploratory_not_untouched_final
od_15,walking,0.0,walking-1,66.44032632866953,66.44032632866953,1,True,walking-1,walking-1,False,66.44032632866953,66.44032632866953,1819.464887110419,1740.4560635906337,1740.4560635906337,1819.464887110419,2480.335279711253,2480.335279711253,0.0,0.0,0.0,0.0,0.0,development_exploratory_not_untouched_final
od_15,walking,1.0,walking-1,66.44032632866953,67.44032632866953,7,False,walking-1,walking-1,False,66.44032632866953,66.44032632866953,1819.464887110419,1740.4560635906337,1740.4560635906337,1819.464887110419,2480.335279711253,2480.335279711253,0.0,0.0,0.0,0.0,0.0,development_exploratory_not_untouched_final
od_15,walking,2.0,walking-1,66.44032632866953,68.44032632866953,7,False,walking-1,walking-1,False,66.44032632866953,66.44032632866953,1819.464887110419,1740.4560635906337,1740.4560635906337,1819.464887110419,2480.335279711253,2480.335279711253,0.0,0.0,0.0,0.0,0.0,development_exploratory_not_untouched_final
od_15,walking,3.0,walking-1,66.44032632866953,69.44032632866953,7,False,walking-1,walking-1,False,66.44032632866953,66.44032632866953,1819.464887110419,1740.4560635906337,1740.4560635906337,1819.464887110419,2480.335279711253,2480.335279711253,0.0,0.0,0.0,0.0,0.0,development_exploratory_not_untouched_final
od_15,walking,5.0,walking-1,66.44032632866953,71.44032632866953,7,False,walking-1,walking-1,False,66.44032632866953,66.44032632866953,1819.464887110419,1740.4560635906337,1740.4560635906337,1819.464887110419,2480.335279711253,2480.335279711253,0.0,0.0,0.0,0.0,0.0,development_exploratory_not_untouched_final
od_15,walking,10.0,walking-1,66.44032632866953,76.44032632866953,7,False,walking-1,walking-1,False,66.44032632866953,66.44032632866953,1819.464887110419,1740.4560635906337,1740.4560635906337,1819.464887110419,2480.335279711253,2480.335279711253,0.0,0.0,0.0,0.0,0.0,development_exploratory_not_untouched_final
od_16,motorbike,0.0,motorbike-1,8.443854355792814,8.443854355792814,1,True,motorbike-1,motorbike-1,False,8.443854355792814,8.443854355792814,249.15429796842588,229.7731175847005,229.7731175847005,249.15429796842588,340.0753880861224,340.0753880861224,0.0,0.0,0.0,0.0,0.0,development_exploratory_not_untouched_final
od_16,motorbike,1.0,motorbike-1,8.443854355792814,9.443854355792814,3,False,motorbike-1,motorbike-1,False,8.443854355792814,8.443854355792814,249.15429796842588,229.7731175847005,229.7731175847005,249.15429796842588,340.0753880861224,340.0753880861224,0.0,0.0,0.0,0.0,0.0,development_exploratory_not_untouched_final
od_16,motorbike,2.0,motorbike-1,8.443854355792814,10.443854355792814,5,False,motorbike-1,motorbike-1,False,8.443854355792814,8.443854355792814,249.15429796842588,229.7731175847005,229.7731175847005,249.15429796842588,340.0753880861224,340.0753880861224,0.0,0.0,0.0,0.0,0.0,development_exploratory_not_untouched_final
od_16,motorbike,3.0,motorbike-1,8.443854355792814,11.443854355792814,6,False,motorbike-1,motorbike-1,False,8.443854355792814,8.443854355792814,249.15429796842588,229.7731175847005,229.7731175847005,249.15429796842588,340.0753880861224,340.0753880861224,0.0,0.0,0.0,0.0,0.0,development_exploratory_not_untouched_final
od_16,motorbike,5.0,motorbike-1,8.443854355792814,13.443854355792814,7,False,motorbike-1,motorbike-1,False,8.443854355792814,8.443854355792814,249.15429796842588,229.7731175847005,229.7731175847005,249.15429796842588,340.0753880861224,340.0753880861224,0.0,0.0,0.0,0.0,0.0,development_exploratory_not_untouched_final
od_16,motorbike,10.0,motorbike-1,8.443854355792814,18.443854355792816,8,False,motorbike-1,motorbike-1,False,8.443854355792814,8.443854355792814,249.15429796842588,229.7731175847005,229.7731175847005,249.15429796842588,340.0753880861224,340.0753880861224,0.0,0.0,0.0,0.0,0.0,development_exploratory_not_untouched_final
od_16,walking,0.0,walking-1,42.321031780608884,42.321031780608884,1,True,walking-1,walking-1,False,42.321031780608884,42.321031780608884,1249.13110315002,1151.845057062183,1151.845057062183,1249.13110315002,1704.7731928103738,1704.7731928103738,0.0,0.0,0.0,0.0,0.0,development_exploratory_not_untouched_final
od_16,walking,1.0,walking-1,42.321031780608884,43.321031780608884,2,False,walking-1,walking-1,False,42.321031780608884,42.321031780608884,1249.13110315002,1151.845057062183,1151.845057062183,1249.13110315002,1704.7731928103738,1704.7731928103738,0.0,0.0,0.0,0.0,0.0,development_exploratory_not_untouched_final
od_16,walking,2.0,walking-1,42.321031780608884,44.321031780608884,2,False,walking-1,walking-1,False,42.321031780608884,42.321031780608884,1249.13110315002,1151.845057062183,1151.845057062183,1249.13110315002,1704.7731928103738,1704.7731928103738,0.0,0.0,0.0,0.0,0.0,development_exploratory_not_untouched_final
od_16,walking,3.0,walking-1,42.321031780608884,45.321031780608884,3,False,walking-1,walking-1,False,42.321031780608884,42.321031780608884,1249.13110315002,1151.845057062183,1151.845057062183,1249.13110315002,1704.7731928103738,1704.7731928103738,0.0,0.0,0.0,0.0,0.0,development_exploratory_not_untouched_final
od_16,walking,5.0,walking-1,42.321031780608884,47.321031780608884,3,False,walking-1,walking-1,False,42.321031780608884,42.321031780608884,1249.13110315002,1151.845057062183,1151.845057062183,1249.13110315002,1704.7731928103738,1704.7731928103738,0.0,0.0,0.0,0.0,0.0,development_exploratory_not_untouched_final
od_16,walking,10.0,walking-1,42.321031780608884,52.321031780608884,4,False,walking-1,walking-1,False,42.321031780608884,42.321031780608884,1249.13110315002,1151.845057062183,1151.845057062183,1249.13110315002,1704.7731928103738,1704.7731928103738,0.0,0.0,0.0,0.0,0.0,development_exploratory_not_untouched_final
od_17,motorbike,0.0,motorbike-1,7.441035707268513,7.441035707268513,1,True,motorbike-1,motorbike-1,False,7.441035707268513,7.441035707268513,183.6292083228848,186.7384487067568,186.7384487067568,183.6292083228848,237.53706110845897,237.53706110845897,0.0,0.0,0.0,0.0,0.0,development_exploratory_not_untouched_final
od_17,motorbike,1.0,motorbike-1,7.441035707268513,8.441035707268513,2,False,motorbike-1,motorbike-1,False,7.441035707268513,7.441035707268513,183.6292083228848,186.7384487067568,186.7384487067568,183.6292083228848,237.53706110845897,237.53706110845897,0.0,0.0,0.0,0.0,0.0,development_exploratory_not_untouched_final
od_17,motorbike,2.0,motorbike-1,7.441035707268513,9.441035707268513,4,False,motorbike-1,motorbike-1,False,7.441035707268513,7.441035707268513,183.6292083228848,186.7384487067568,186.7384487067568,183.6292083228848,237.53706110845897,237.53706110845897,0.0,0.0,0.0,0.0,0.0,development_exploratory_not_untouched_final
od_17,motorbike,3.0,motorbike-1,7.441035707268513,10.441035707268513,5,False,motorbike-1,motorbike-1,False,7.441035707268513,7.441035707268513,183.6292083228848,186.7384487067568,186.7384487067568,183.6292083228848,237.53706110845897,237.53706110845897,0.0,0.0,0.0,0.0,0.0,development_exploratory_not_untouched_final
od_17,motorbike,5.0,motorbike-1,7.441035707268513,12.441035707268513,8,False,motorbike-1,motorbike-1,False,7.441035707268513,7.441035707268513,183.6292083228848,186.7384487067568,186.7384487067568,183.6292083228848,237.53706110845897,237.53706110845897,0.0,0.0,0.0,0.0,0.0,development_exploratory_not_untouched_final
od_17,motorbike,10.0,motorbike-1,7.441035707268513,17.44103570726851,8,False,motorbike-1,motorbike-1,False,7.441035707268513,7.441035707268513,183.6292083228848,186.7384487067568,186.7384487067568,183.6292083228848,237.53706110845897,237.53706110845897,0.0,0.0,0.0,0.0,0.0,development_exploratory_not_untouched_final
od_17,walking,0.0,walking-1,34.43480932707909,34.43480932707909,1,True,walking-1,walking-1,False,34.43480932707909,34.43480932707909,852.606744449057,866.3491702123199,866.3491702123199,852.606744449057,1101.149064801844,1101.149064801844,0.0,0.0,0.0,0.0,0.0,development_exploratory_not_untouched_final
od_17,walking,1.0,walking-1,34.43480932707909,35.43480932707909,1,True,walking-1,walking-1,False,34.43480932707909,34.43480932707909,852.606744449057,866.3491702123199,866.3491702123199,852.606744449057,1101.149064801844,1101.149064801844,0.0,0.0,0.0,0.0,0.0,development_exploratory_not_untouched_final
od_17,walking,2.0,walking-1,34.43480932707909,36.43480932707909,1,True,walking-1,walking-1,False,34.43480932707909,34.43480932707909,852.606744449057,866.3491702123199,866.3491702123199,852.606744449057,1101.149064801844,1101.149064801844,0.0,0.0,0.0,0.0,0.0,development_exploratory_not_untouched_final
od_17,walking,3.0,walking-1,34.43480932707909,37.43480932707909,2,False,walking-1,walking-1,False,34.43480932707909,34.43480932707909,852.606744449057,866.3491702123199,866.3491702123199,852.606744449057,1101.149064801844,1101.149064801844,0.0,0.0,0.0,0.0,0.0,development_exploratory_not_untouched_final
od_17,walking,5.0,walking-1,34.43480932707909,39.43480932707909,2,False,walking-1,walking-1,False,34.43480932707909,34.43480932707909,852.606744449057,866.3491702123199,866.3491702123199,852.606744449057,1101.149064801844,1101.149064801844,0.0,0.0,0.0,0.0,0.0,development_exploratory_not_untouched_final
od_17,walking,10.0,walking-1,34.43480932707909,44.43480932707909,5,False,walking-1,walking-1,False,34.43480932707909,34.43480932707909,852.606744449057,866.3491702123199,866.3491702123199,852.606744449057,1101.149064801844,1101.149064801844,0.0,0.0,0.0,0.0,0.0,development_exploratory_not_untouched_final
od_18,motorbike,0.0,motorbike-1,12.726291990935445,12.726291990935445,1,True,motorbike-1,motorbike-1,False,12.726291990935445,12.726291990935445,329.6150464416727,328.39421545466763,328.39421545466763,329.6150464416727,453.4320330228294,453.4320330228294,0.0,0.0,0.0,0.0,0.0,development_exploratory_not_untouched_final
od_18,motorbike,1.0,motorbike-1,12.726291990935445,13.726291990935445,2,False,motorbike-1,motorbike-1,False,12.726291990935445,12.726291990935445,329.6150464416727,328.39421545466763,328.39421545466763,329.6150464416727,453.4320330228294,453.4320330228294,0.0,0.0,0.0,0.0,0.0,development_exploratory_not_untouched_final
od_18,motorbike,2.0,motorbike-1,12.726291990935445,14.726291990935445,3,False,motorbike-1,motorbike-1,False,12.726291990935445,12.726291990935445,329.6150464416727,328.39421545466763,328.39421545466763,329.6150464416727,453.4320330228294,453.4320330228294,0.0,0.0,0.0,0.0,0.0,development_exploratory_not_untouched_final
od_18,motorbike,3.0,motorbike-1,12.726291990935445,15.726291990935445,3,False,motorbike-1,motorbike-1,False,12.726291990935445,12.726291990935445,329.6150464416727,328.39421545466763,328.39421545466763,329.6150464416727,453.4320330228294,453.4320330228294,0.0,0.0,0.0,0.0,0.0,development_exploratory_not_untouched_final
od_18,motorbike,5.0,motorbike-1,12.726291990935445,17.726291990935444,6,False,motorbike-1,motorbike-1,False,12.726291990935445,12.726291990935445,329.6150464416727,328.39421545466763,328.39421545466763,329.6150464416727,453.4320330228294,453.4320330228294,0.0,0.0,0.0,0.0,0.0,development_exploratory_not_untouched_final
od_18,motorbike,10.0,motorbike-1,12.726291990935445,22.726291990935444,8,False,motorbike-1,motorbike-1,False,12.726291990935445,12.726291990935445,329.6150464416727,328.39421545466763,328.39421545466763,329.6150464416727,453.4320330228294,453.4320330228294,0.0,0.0,0.0,0.0,0.0,development_exploratory_not_untouched_final
od_18,walking,0.0,walking-1,63.63145995467723,63.63145995467723,1,True,walking-1,walking-1,False,63.63145995467723,63.63145995467723,1648.0752322083622,1644.6698734897127,1644.6698734897127,1648.0752322083622,2252.1399024931875,2252.1399024931875,0.0,0.0,0.0,0.0,0.0,development_exploratory_not_untouched_final
od_18,walking,1.0,walking-1,63.63145995467723,64.63145995467724,5,False,walking-1,walking-1,False,63.63145995467723,63.63145995467723,1648.0752322083622,1644.6698734897127,1644.6698734897127,1648.0752322083622,2252.1399024931875,2252.1399024931875,0.0,0.0,0.0,0.0,0.0,development_exploratory_not_untouched_final
od_18,walking,2.0,walking-1,63.63145995467723,65.63145995467724,6,False,walking-1,walking-1,False,63.63145995467723,63.63145995467723,1648.0752322083622,1644.6698734897127,1644.6698734897127,1648.0752322083622,2252.1399024931875,2252.1399024931875,0.0,0.0,0.0,0.0,0.0,development_exploratory_not_untouched_final
od_18,walking,3.0,walking-1,63.63145995467723,66.63145995467724,6,False,walking-1,walking-1,False,63.63145995467723,63.63145995467723,1648.0752322083622,1644.6698734897127,1644.6698734897127,1648.0752322083622,2252.1399024931875,2252.1399024931875,0.0,0.0,0.0,0.0,0.0,development_exploratory_not_untouched_final
od_18,walking,5.0,walking-1,63.63145995467723,68.63145995467724,6,False,walking-1,walking-1,False,63.63145995467723,63.63145995467723,1648.0752322083622,1644.6698734897127,1644.6698734897127,1648.0752322083622,2252.1399024931875,2252.1399024931875,0.0,0.0,0.0,0.0,0.0,development_exploratory_not_untouched_final
od_18,walking,10.0,walking-1,63.63145995467723,73.63145995467724,8,False,walking-1,walking-1,False,63.63145995467723,63.63145995467723,1648.0752322083622,1644.6698734897127,1644.6698734897127,1648.0752322083622,2252.1399024931875,2252.1399024931875,0.0,0.0,0.0,0.0,0.0,development_exploratory_not_untouched_final
od_19,motorbike,0.0,motorbike-1,10.685350920074288,10.685350920074288,1,True,motorbike-1,motorbike-1,False,10.685350920074288,10.685350920074288,260.62046107648234,262.30139398963075,262.30139398963075,260.62046107648234,382.96639879908736,382.96639879908736,0.0,0.0,0.0,0.0,0.0,development_exploratory_not_untouched_final
od_19,motorbike,1.0,motorbike-1,10.685350920074288,11.685350920074288,2,False,motorbike-1,motorbike-1,False,10.685350920074288,10.685350920074288,260.62046107648234,262.30139398963075,262.30139398963075,260.62046107648234,382.96639879908736,382.96639879908736,0.0,0.0,0.0,0.0,0.0,development_exploratory_not_untouched_final
od_19,motorbike,2.0,motorbike-1,10.685350920074288,12.685350920074288,4,False,motorbike-1,motorbike-1,False,10.685350920074288,10.685350920074288,260.62046107648234,262.30139398963075,262.30139398963075,260.62046107648234,382.96639879908736,382.96639879908736,0.0,0.0,0.0,0.0,0.0,development_exploratory_not_untouched_final
od_19,motorbike,3.0,motorbike-1,10.685350920074288,13.685350920074288,4,False,motorbike-1,motorbike-1,False,10.685350920074288,10.685350920074288,260.62046107648234,262.30139398963075,262.30139398963075,260.62046107648234,382.96639879908736,382.96639879908736,0.0,0.0,0.0,0.0,0.0,development_exploratory_not_untouched_final
od_19,motorbike,5.0,motorbike-1,10.685350920074288,15.685350920074288,6,False,motorbike-1,motorbike-1,False,10.685350920074288,10.685350920074288,260.62046107648234,262.30139398963075,262.30139398963075,260.62046107648234,382.96639879908736,382.96639879908736,0.0,0.0,0.0,0.0,0.0,development_exploratory_not_untouched_final
od_19,motorbike,10.0,motorbike-1,10.685350920074288,20.68535092007429,8,False,motorbike-1,motorbike-1,False,10.685350920074288,10.685350920074288,260.62046107648234,262.30139398963075,262.30139398963075,260.62046107648234,382.96639879908736,382.96639879908736,0.0,0.0,0.0,0.0,0.0,development_exploratory_not_untouched_final
od_19,walking,0.0,walking-1,53.016329309640604,53.016329309640604,1,True,walking-1,walking-1,False,53.016329309640604,53.016329309640604,1293.19734703441,1301.5073267975924,1301.5073267975924,1293.19734703441,1900.2739309497003,1900.2739309497003,0.0,0.0,0.0,0.0,0.0,development_exploratory_not_untouched_final
od_19,walking,1.0,walking-1,53.016329309640604,54.016329309640604,4,False,walking-1,walking-1,False,53.016329309640604,53.016329309640604,1293.19734703441,1301.5073267975924,1301.5073267975924,1293.19734703441,1900.2739309497003,1900.2739309497003,0.0,0.0,0.0,0.0,0.0,development_exploratory_not_untouched_final
od_19,walking,2.0,walking-1,53.016329309640604,55.016329309640604,4,False,walking-1,walking-1,False,53.016329309640604,53.016329309640604,1293.19734703441,1301.5073267975924,1301.5073267975924,1293.19734703441,1900.2739309497003,1900.2739309497003,0.0,0.0,0.0,0.0,0.0,development_exploratory_not_untouched_final
od_19,walking,3.0,walking-1,53.016329309640604,56.016329309640604,4,False,walking-1,walking-1,False,53.016329309640604,53.016329309640604,1293.19734703441,1301.5073267975924,1301.5073267975924,1293.19734703441,1900.2739309497003,1900.2739309497003,0.0,0.0,0.0,0.0,0.0,development_exploratory_not_untouched_final
od_19,walking,5.0,walking-1,53.016329309640604,58.016329309640604,6,False,walking-1,walking-1,False,53.016329309640604,53.016329309640604,1293.19734703441,1301.5073267975924,1301.5073267975924,1293.19734703441,1900.2739309497003,1900.2739309497003,0.0,0.0,0.0,0.0,0.0,development_exploratory_not_untouched_final
od_19,walking,10.0,walking-1,53.016329309640604,63.016329309640604,7,False,walking-1,walking-1,False,53.016329309640604,53.016329309640604,1293.19734703441,1301.5073267975924,1301.5073267975924,1293.19734703441,1900.2739309497003,1900.2739309497003,0.0,0.0,0.0,0.0,0.0,development_exploratory_not_untouched_final
od_20,motorbike,0.0,motorbike-1,8.770543469520456,8.770543469520456,1,True,motorbike-1,motorbike-1,False,8.770543469520456,8.770543469520456,174.47743096973738,189.52276487525018,189.52276487525018,174.47743096973738,227.6800432169028,227.6800432169028,0.0,0.0,0.0,0.0,0.0,development_exploratory_not_untouched_final
od_20,motorbike,1.0,motorbike-1,8.770543469520456,9.770543469520456,2,False,motorbike-1,motorbike-1,False,8.770543469520456,8.770543469520456,174.47743096973738,189.52276487525018,189.52276487525018,174.47743096973738,227.6800432169028,227.6800432169028,0.0,0.0,0.0,0.0,0.0,development_exploratory_not_untouched_final
od_20,motorbike,2.0,motorbike-1,8.770543469520456,10.770543469520456,3,False,motorbike-1,motorbike-1,False,8.770543469520456,8.770543469520456,174.47743096973738,189.52276487525018,189.52276487525018,174.47743096973738,227.6800432169028,227.6800432169028,0.0,0.0,0.0,0.0,0.0,development_exploratory_not_untouched_final
od_20,motorbike,3.0,motorbike-1,8.770543469520456,11.770543469520456,3,False,motorbike-1,motorbike-1,False,8.770543469520456,8.770543469520456,174.47743096973738,189.52276487525018,189.52276487525018,174.47743096973738,227.6800432169028,227.6800432169028,0.0,0.0,0.0,0.0,0.0,development_exploratory_not_untouched_final
od_20,motorbike,5.0,motorbike-1,8.770543469520456,13.770543469520456,5,False,motorbike-1,motorbike-1,False,8.770543469520456,8.770543469520456,174.47743096973738,189.52276487525018,189.52276487525018,174.47743096973738,227.6800432169028,227.6800432169028,0.0,0.0,0.0,0.0,0.0,development_exploratory_not_untouched_final
od_20,motorbike,10.0,motorbike-1,8.770543469520456,18.770543469520454,7,False,motorbike-1,motorbike-1,False,8.770543469520456,8.770543469520456,174.47743096973738,189.52276487525018,189.52276487525018,174.47743096973738,227.6800432169028,227.6800432169028,0.0,0.0,0.0,0.0,0.0,development_exploratory_not_untouched_final
od_20,walking,0.0,walking-1,46.44827166644704,46.44827166644704,1,True,walking-1,walking-1,False,46.44827166644704,46.44827166644704,923.7461685000703,1003.7194875137616,1003.7194875137616,923.7461685000703,1207.5716029709924,1207.5716029709924,0.0,0.0,0.0,0.0,0.0,development_exploratory_not_untouched_final
od_20,walking,1.0,walking-1,46.44827166644704,47.44827166644704,5,False,walking-1,walking-1,False,46.44827166644704,46.44827166644704,923.7461685000703,1003.7194875137616,1003.7194875137616,923.7461685000703,1207.5716029709924,1207.5716029709924,0.0,0.0,0.0,0.0,0.0,development_exploratory_not_untouched_final
od_20,walking,2.0,walking-1,46.44827166644704,48.44827166644704,5,False,walking-1,walking-1,False,46.44827166644704,46.44827166644704,923.7461685000703,1003.7194875137616,1003.7194875137616,923.7461685000703,1207.5716029709924,1207.5716029709924,0.0,0.0,0.0,0.0,0.0,development_exploratory_not_untouched_final
od_20,walking,3.0,walking-1,46.44827166644704,49.44827166644704,5,False,walking-1,walking-1,False,46.44827166644704,46.44827166644704,923.7461685000703,1003.7194875137616,1003.7194875137616,923.7461685000703,1207.5716029709924,1207.5716029709924,0.0,0.0,0.0,0.0,0.0,development_exploratory_not_untouched_final
od_20,walking,5.0,walking-1,46.44827166644704,51.44827166644704,5,False,walking-1,walking-1,False,46.44827166644704,46.44827166644704,923.7461685000703,1003.7194875137616,1003.7194875137616,923.7461685000703,1207.5716029709924,1207.5716029709924,0.0,0.0,0.0,0.0,0.0,development_exploratory_not_untouched_final
od_20,walking,10.0,walking-1,46.44827166644704,56.44827166644704,6,False,walking-1,walking-1,False,46.44827166644704,46.44827166644704,923.7461685000703,1003.7194875137616,1003.7194875137616,923.7461685000703,1207.5716029709924,1207.5716029709924,0.0,0.0,0.0,0.0,0.0,development_exploratory_not_untouched_final
od_21,motorbike,0.0,motorbike-1,9.04935995112664,9.04935995112664,1,True,motorbike-1,motorbike-1,False,9.04935995112664,9.04935995112664,215.29221496537298,222.01980535406884,222.01980535406884,215.29221496537298,292.2415064729302,292.2415064729302,0.0,0.0,0.0,0.0,0.0,development_exploratory_not_untouched_final
od_21,motorbike,1.0,motorbike-1,9.04935995112664,10.04935995112664,3,False,motorbike-2,motorbike-1,True,9.312747268424193,9.04935995112664,215.1849062716784,222.01980535406884,224.5974087122195,215.29221496537298,293.06825206506056,292.2415064729302,0.2821000181032284,0.10730869369459128,0.0,-0.8267455921303508,0.0,development_exploratory_not_untouched_final
od_21,motorbike,2.0,motorbike-1,9.04935995112664,11.04935995112664,4,False,motorbike-2,motorbike-1,True,9.312747268424193,9.04935995112664,215.1849062716784,222.01980535406884,224.5974087122195,215.29221496537298,293.06825206506056,292.2415064729302,0.2821000181032284,0.10730869369459128,0.0,-0.8267455921303508,0.0,development_exploratory_not_untouched_final
od_21,motorbike,3.0,motorbike-1,9.04935995112664,12.04935995112664,5,False,motorbike-2,motorbike-1,True,9.312747268424193,9.04935995112664,215.1849062716784,222.01980535406884,224.5974087122195,215.29221496537298,293.06825206506056,292.2415064729302,0.2821000181032284,0.10730869369459128,0.0,-0.8267455921303508,0.0,development_exploratory_not_untouched_final
od_21,motorbike,5.0,motorbike-1,9.04935995112664,14.04935995112664,6,False,motorbike-2,motorbike-1,True,9.312747268424193,9.04935995112664,215.1849062716784,222.01980535406884,224.5974087122195,215.29221496537298,293.06825206506056,292.2415064729302,0.2821000181032284,0.10730869369459128,0.0,-0.8267455921303508,0.0,development_exploratory_not_untouched_final
od_21,motorbike,10.0,motorbike-1,9.04935995112664,19.04935995112664,8,False,motorbike-2,motorbike-1,True,9.312747268424193,9.04935995112664,215.1849062716784,222.01980535406884,224.5974087122195,215.29221496537298,293.06825206506056,292.2415064729302,0.2821000181032284,0.10730869369459128,0.0,-0.8267455921303508,0.0,development_exploratory_not_untouched_final
od_21,walking,0.0,walking-1,43.87865051815163,43.87865051815163,1,True,walking-1,walking-1,False,43.87865051815163,43.87865051815163,1010.3754367831997,1056.0156986285226,1056.0156986285226,1010.3754367831997,1375.4909353744786,1375.4909353744786,0.0,0.0,0.0,0.0,0.0,development_exploratory_not_untouched_final
od_21,walking,1.0,walking-1,43.87865051815163,44.87865051815163,2,False,walking-1,walking-1,False,43.87865051815163,43.87865051815163,1010.3754367831997,1056.0156986285226,1056.0156986285226,1010.3754367831997,1375.4909353744786,1375.4909353744786,0.0,0.0,0.0,0.0,0.0,development_exploratory_not_untouched_final
od_21,walking,2.0,walking-1,43.87865051815163,45.87865051815163,3,False,walking-1,walking-1,False,43.87865051815163,43.87865051815163,1010.3754367831997,1056.0156986285226,1056.0156986285226,1010.3754367831997,1375.4909353744786,1375.4909353744786,0.0,0.0,0.0,0.0,0.0,development_exploratory_not_untouched_final
od_21,walking,3.0,walking-1,43.87865051815163,46.87865051815163,3,False,walking-1,walking-1,False,43.87865051815163,43.87865051815163,1010.3754367831997,1056.0156986285226,1056.0156986285226,1010.3754367831997,1375.4909353744786,1375.4909353744786,0.0,0.0,0.0,0.0,0.0,development_exploratory_not_untouched_final
od_21,walking,5.0,walking-1,43.87865051815163,48.87865051815163,3,False,walking-1,walking-1,False,43.87865051815163,43.87865051815163,1010.3754367831997,1056.0156986285226,1056.0156986285226,1010.3754367831997,1375.4909353744786,1375.4909353744786,0.0,0.0,0.0,0.0,0.0,development_exploratory_not_untouched_final
od_21,walking,10.0,walking-1,43.87865051815163,53.87865051815163,5,False,walking-1,walking-1,False,43.87865051815163,43.87865051815163,1010.3754367831997,1056.0156986285226,1056.0156986285226,1010.3754367831997,1375.4909353744786,1375.4909353744786,0.0,0.0,0.0,0.0,0.0,development_exploratory_not_untouched_final
od_22,motorbike,0.0,motorbike-1,7.015399211952966,7.015399211952966,1,True,motorbike-1,motorbike-1,False,7.015399211952966,7.015399211952966,174.77979993202518,170.89884723099578,170.89884723099578,174.77979993202518,261.28092574280583,261.28092574280583,0.0,0.0,0.0,0.0,0.0,development_exploratory_not_untouched_final
od_22,motorbike,1.0,motorbike-1,7.015399211952966,8.015399211952966,3,False,motorbike-1,motorbike-1,False,7.015399211952966,7.015399211952966,174.77979993202518,170.89884723099578,170.89884723099578,174.77979993202518,261.28092574280583,261.28092574280583,0.0,0.0,0.0,0.0,0.0,development_exploratory_not_untouched_final
od_22,motorbike,2.0,motorbike-1,7.015399211952966,9.015399211952966,4,False,motorbike-1,motorbike-1,False,7.015399211952966,7.015399211952966,174.77979993202518,170.89884723099578,170.89884723099578,174.77979993202518,261.28092574280583,261.28092574280583,0.0,0.0,0.0,0.0,0.0,development_exploratory_not_untouched_final
od_22,motorbike,3.0,motorbike-1,7.015399211952966,10.015399211952966,5,False,motorbike-1,motorbike-1,False,7.015399211952966,7.015399211952966,174.77979993202518,170.89884723099578,170.89884723099578,174.77979993202518,261.28092574280583,261.28092574280583,0.0,0.0,0.0,0.0,0.0,development_exploratory_not_untouched_final
od_22,motorbike,5.0,motorbike-1,7.015399211952966,12.015399211952966,6,False,motorbike-1,motorbike-1,False,7.015399211952966,7.015399211952966,174.77979993202518,170.89884723099578,170.89884723099578,174.77979993202518,261.28092574280583,261.28092574280583,0.0,0.0,0.0,0.0,0.0,development_exploratory_not_untouched_final
od_22,motorbike,10.0,motorbike-1,7.015399211952966,17.015399211952968,7,False,motorbike-1,motorbike-1,False,7.015399211952966,7.015399211952966,174.77979993202518,170.89884723099578,170.89884723099578,174.77979993202518,261.28092574280583,261.28092574280583,0.0,0.0,0.0,0.0,0.0,development_exploratory_not_untouched_final
od_22,walking,0.0,walking-1,35.07699605976483,35.07699605976483,1,True,walking-1,walking-1,False,35.07699605976483,35.07699605976483,873.8989996601254,854.4942361549785,854.4942361549785,873.8989996601254,1306.4046287140293,1306.4046287140293,0.0,0.0,0.0,0.0,0.0,development_exploratory_not_untouched_final
od_22,walking,1.0,walking-1,35.07699605976483,36.07699605976483,1,True,walking-1,walking-1,False,35.07699605976483,35.07699605976483,873.8989996601254,854.4942361549785,854.4942361549785,873.8989996601254,1306.4046287140293,1306.4046287140293,0.0,0.0,0.0,0.0,0.0,development_exploratory_not_untouched_final
od_22,walking,2.0,walking-1,35.07699605976483,37.07699605976483,1,True,walking-1,walking-1,False,35.07699605976483,35.07699605976483,873.8989996601254,854.4942361549785,854.4942361549785,873.8989996601254,1306.4046287140293,1306.4046287140293,0.0,0.0,0.0,0.0,0.0,development_exploratory_not_untouched_final
od_22,walking,3.0,walking-1,35.07699605976483,38.07699605976483,2,False,walking-1,walking-1,False,35.07699605976483,35.07699605976483,873.8989996601254,854.4942361549785,854.4942361549785,873.8989996601254,1306.4046287140293,1306.4046287140293,0.0,0.0,0.0,0.0,0.0,development_exploratory_not_untouched_final
od_22,walking,5.0,walking-1,35.07699605976483,40.07699605976483,3,False,walking-1,walking-1,False,35.07699605976483,35.07699605976483,873.8989996601254,854.4942361549785,854.4942361549785,873.8989996601254,1306.4046287140293,1306.4046287140293,0.0,0.0,0.0,0.0,0.0,development_exploratory_not_untouched_final
od_22,walking,10.0,walking-1,35.07699605976483,45.07699605976483,4,False,walking-1,walking-1,False,35.07699605976483,35.07699605976483,873.8989996601254,854.4942361549785,854.4942361549785,873.8989996601254,1306.4046287140293,1306.4046287140293,0.0,0.0,0.0,0.0,0.0,development_exploratory_not_untouched_final
od_23,motorbike,0.0,motorbike-1,10.555049856816883,10.555049856816883,1,True,motorbike-1,motorbike-1,False,10.555049856816883,10.555049856816883,258.99801510111917,267.9549404210158,267.9549404210158,258.99801510111917,364.37261216116593,364.37261216116593,0.0,0.0,0.0,0.0,0.0,development_exploratory_not_untouched_final
od_23,motorbike,1.0,motorbike-1,10.555049856816883,11.555049856816883,2,False,motorbike-1,motorbike-1,False,10.555049856816883,10.555049856816883,258.99801510111917,267.9549404210158,267.9549404210158,258.99801510111917,364.37261216116593,364.37261216116593,0.0,0.0,0.0,0.0,0.0,development_exploratory_not_untouched_final
od_23,motorbike,2.0,motorbike-1,10.555049856816883,12.555049856816883,3,False,motorbike-1,motorbike-1,False,10.555049856816883,10.555049856816883,258.99801510111917,267.9549404210158,267.9549404210158,258.99801510111917,364.37261216116593,364.37261216116593,0.0,0.0,0.0,0.0,0.0,development_exploratory_not_untouched_final
od_23,motorbike,3.0,motorbike-1,10.555049856816883,13.555049856816883,4,False,motorbike-1,motorbike-1,False,10.555049856816883,10.555049856816883,258.99801510111917,267.9549404210158,267.9549404210158,258.99801510111917,364.37261216116593,364.37261216116593,0.0,0.0,0.0,0.0,0.0,development_exploratory_not_untouched_final
od_23,motorbike,5.0,motorbike-1,10.555049856816883,15.555049856816883,4,False,motorbike-1,motorbike-1,False,10.555049856816883,10.555049856816883,258.99801510111917,267.9549404210158,267.9549404210158,258.99801510111917,364.37261216116593,364.37261216116593,0.0,0.0,0.0,0.0,0.0,development_exploratory_not_untouched_final
od_23,motorbike,10.0,motorbike-1,10.555049856816883,20.555049856816883,7,False,motorbike-1,motorbike-1,False,10.555049856816883,10.555049856816883,258.99801510111917,267.9549404210158,267.9549404210158,258.99801510111917,364.37261216116593,364.37261216116593,0.0,0.0,0.0,0.0,0.0,development_exploratory_not_untouched_final
od_23,walking,0.0,walking-1,50.65519895369051,50.65519895369051,1,True,walking-1,walking-1,False,50.65519895369051,50.65519895369051,1245.349905820636,1286.9051611701932,1286.9051611701932,1245.349905820636,1750.8848926497394,1750.8848926497394,0.0,0.0,0.0,0.0,0.0,development_exploratory_not_untouched_final
od_23,walking,1.0,walking-1,50.65519895369051,51.65519895369051,5,False,walking-1,walking-1,False,50.65519895369051,50.65519895369051,1245.349905820636,1286.9051611701932,1286.9051611701932,1245.349905820636,1750.8848926497394,1750.8848926497394,0.0,0.0,0.0,0.0,0.0,development_exploratory_not_untouched_final
od_23,walking,2.0,walking-1,50.65519895369051,52.65519895369051,5,False,walking-1,walking-1,False,50.65519895369051,50.65519895369051,1245.349905820636,1286.9051611701932,1286.9051611701932,1245.349905820636,1750.8848926497394,1750.8848926497394,0.0,0.0,0.0,0.0,0.0,development_exploratory_not_untouched_final
od_23,walking,3.0,walking-1,50.65519895369051,53.65519895369051,5,False,walking-1,walking-1,False,50.65519895369051,50.65519895369051,1245.349905820636,1286.9051611701932,1286.9051611701932,1245.349905820636,1750.8848926497394,1750.8848926497394,0.0,0.0,0.0,0.0,0.0,development_exploratory_not_untouched_final
od_23,walking,5.0,walking-1,50.65519895369051,55.65519895369051,5,False,walking-1,walking-1,False,50.65519895369051,50.65519895369051,1245.349905820636,1286.9051611701932,1286.9051611701932,1245.349905820636,1750.8848926497394,1750.8848926497394,0.0,0.0,0.0,0.0,0.0,development_exploratory_not_untouched_final
od_23,walking,10.0,walking-1,50.65519895369051,60.65519895369051,6,False,walking-1,walking-1,False,50.65519895369051,50.65519895369051,1245.349905820636,1286.9051611701932,1286.9051611701932,1245.349905820636,1750.8848926497394,1750.8848926497394,0.0,0.0,0.0,0.0,0.0,development_exploratory_not_untouched_final
od_24,motorbike,0.0,motorbike-1,8.480694922287851,8.480694922287851,1,True,motorbike-1,motorbike-1,False,8.480694922287851,8.480694922287851,212.22717832829295,213.02822303573407,213.02822303573407,212.22717832829295,280.38263208528446,280.38263208528446,0.0,0.0,0.0,0.0,0.0,development_exploratory_not_untouched_final
od_24,motorbike,1.0,motorbike-1,8.480694922287851,9.480694922287851,2,False,motorbike-1,motorbike-1,False,8.480694922287851,8.480694922287851,212.22717832829295,213.02822303573407,213.02822303573407,212.22717832829295,280.38263208528446,280.38263208528446,0.0,0.0,0.0,0.0,0.0,development_exploratory_not_untouched_final
od_24,motorbike,2.0,motorbike-1,8.480694922287851,10.480694922287851,3,False,motorbike-1,motorbike-1,False,8.480694922287851,8.480694922287851,212.22717832829295,213.02822303573407,213.02822303573407,212.22717832829295,280.38263208528446,280.38263208528446,0.0,0.0,0.0,0.0,0.0,development_exploratory_not_untouched_final
od_24,motorbike,3.0,motorbike-1,8.480694922287851,11.480694922287851,5,False,motorbike-1,motorbike-1,False,8.480694922287851,8.480694922287851,212.22717832829295,213.02822303573407,213.02822303573407,212.22717832829295,280.38263208528446,280.38263208528446,0.0,0.0,0.0,0.0,0.0,development_exploratory_not_untouched_final
od_24,motorbike,5.0,motorbike-1,8.480694922287851,13.480694922287851,7,False,motorbike-1,motorbike-1,False,8.480694922287851,8.480694922287851,212.22717832829295,213.02822303573407,213.02822303573407,212.22717832829295,280.38263208528446,280.38263208528446,0.0,0.0,0.0,0.0,0.0,development_exploratory_not_untouched_final
od_24,motorbike,10.0,motorbike-1,8.480694922287851,18.480694922287853,8,False,motorbike-1,motorbike-1,False,8.480694922287851,8.480694922287851,212.22717832829295,213.02822303573407,213.02822303573407,212.22717832829295,280.38263208528446,280.38263208528446,0.0,0.0,0.0,0.0,0.0,development_exploratory_not_untouched_final
od_24,walking,0.0,walking-1,38.60634262328327,38.60634262328327,1,True,walking-1,walking-1,False,38.60634262328327,38.60634262328327,967.0541910704341,969.9672214571546,969.9672214571546,967.0541910704341,1279.6115648979865,1279.6115648979865,0.0,0.0,0.0,0.0,0.0,development_exploratory_not_untouched_final
od_24,walking,1.0,walking-1,38.60634262328327,39.60634262328327,1,True,walking-1,walking-1,False,38.60634262328327,38.60634262328327,967.0541910704341,969.9672214571546,969.9672214571546,967.0541910704341,1279.6115648979865,1279.6115648979865,0.0,0.0,0.0,0.0,0.0,development_exploratory_not_untouched_final
od_24,walking,2.0,walking-1,38.60634262328327,40.60634262328327,2,False,walking-1,walking-1,False,38.60634262328327,38.60634262328327,967.0541910704341,969.9672214571546,969.9672214571546,967.0541910704341,1279.6115648979865,1279.6115648979865,0.0,0.0,0.0,0.0,0.0,development_exploratory_not_untouched_final
od_24,walking,3.0,walking-1,38.60634262328327,41.60634262328327,3,False,walking-1,walking-1,False,38.60634262328327,38.60634262328327,967.0541910704341,969.9672214571546,969.9672214571546,967.0541910704341,1279.6115648979865,1279.6115648979865,0.0,0.0,0.0,0.0,0.0,development_exploratory_not_untouched_final
od_24,walking,5.0,walking-1,38.60634262328327,43.60634262328327,3,False,walking-1,walking-1,False,38.60634262328327,38.60634262328327,967.0541910704341,969.9672214571546,969.9672214571546,967.0541910704341,1279.6115648979865,1279.6115648979865,0.0,0.0,0.0,0.0,0.0,development_exploratory_not_untouched_final
od_24,walking,10.0,walking-1,38.60634262328327,48.60634262328327,4,False,walking-1,walking-1,False,38.60634262328327,38.60634262328327,967.0541910704341,969.9672214571546,969.9672214571546,967.0541910704341,1279.6115648979865,1279.6115648979865,0.0,0.0,0.0,0.0,0.0,development_exploratory_not_untouched_final
od_25,motorbike,0.0,motorbike-1,12.177989808997324,12.177989808997324,1,True,motorbike-1,motorbike-1,False,12.177989808997324,12.177989808997324,334.77027188488097,321.24806243360854,321.24806243360854,334.77027188488097,455.5992328519773,455.5992328519773,0.0,0.0,0.0,0.0,0.0,development_exploratory_not_untouched_final
od_25,motorbike,1.0,motorbike-1,12.177989808997324,13.177989808997324,2,False,motorbike-2,motorbike-2,False,12.22816830273166,12.22816830273166,331.4970718944602,320.33990073327766,320.33990073327766,331.4970718944602,453.06463240250616,453.06463240250616,0.0,3.2731999904207782,0.9081617003308793,2.5346004494711565,2.5346004494711565,development_exploratory_not_untouched_final
od_25,motorbike,2.0,motorbike-1,12.177989808997324,14.177989808997324,4,False,motorbike-2,motorbike-2,False,12.22816830273166,12.22816830273166,331.4970718944602,320.33990073327766,320.33990073327766,331.4970718944602,453.06463240250616,453.06463240250616,0.0,3.2731999904207782,0.9081617003308793,2.5346004494711565,2.5346004494711565,development_exploratory_not_untouched_final
od_25,motorbike,3.0,motorbike-1,12.177989808997324,15.177989808997324,4,False,motorbike-2,motorbike-2,False,12.22816830273166,12.22816830273166,331.4970718944602,320.33990073327766,320.33990073327766,331.4970718944602,453.06463240250616,453.06463240250616,0.0,3.2731999904207782,0.9081617003308793,2.5346004494711565,2.5346004494711565,development_exploratory_not_untouched_final
od_25,motorbike,5.0,motorbike-1,12.177989808997324,17.177989808997324,4,False,motorbike-2,motorbike-2,False,12.22816830273166,12.22816830273166,331.4970718944602,320.33990073327766,320.33990073327766,331.4970718944602,453.06463240250616,453.06463240250616,0.0,3.2731999904207782,0.9081617003308793,2.5346004494711565,2.5346004494711565,development_exploratory_not_untouched_final
od_25,motorbike,10.0,motorbike-1,12.177989808997324,22.177989808997324,8,False,motorbike-2,motorbike-2,False,12.22816830273166,12.22816830273166,331.4970718944602,320.33990073327766,320.33990073327766,331.4970718944602,453.06463240250616,453.06463240250616,0.0,3.2731999904207782,0.9081617003308793,2.5346004494711565,2.5346004494711565,development_exploratory_not_untouched_final
od_25,walking,0.0,walking-1,53.64646218551867,53.64646218551867,1,True,walking-1,walking-1,False,53.64646218551867,53.64646218551867,1474.0979175467544,1414.5112760132442,1414.5112760132442,1474.0979175467544,2010.5525591060284,2010.5525591060284,0.0,0.0,0.0,0.0,0.0,development_exploratory_not_untouched_final
od_25,walking,1.0,walking-1,53.64646218551867,54.64646218551867,1,True,walking-1,walking-1,False,53.64646218551867,53.64646218551867,1474.0979175467544,1414.5112760132442,1414.5112760132442,1474.0979175467544,2010.5525591060284,2010.5525591060284,0.0,0.0,0.0,0.0,0.0,development_exploratory_not_untouched_final
od_25,walking,2.0,walking-1,53.64646218551867,55.64646218551867,2,False,walking-1,walking-1,False,53.64646218551867,53.64646218551867,1474.0979175467544,1414.5112760132442,1414.5112760132442,1474.0979175467544,2010.5525591060284,2010.5525591060284,0.0,0.0,0.0,0.0,0.0,development_exploratory_not_untouched_final
od_25,walking,3.0,walking-1,53.64646218551867,56.64646218551867,2,False,walking-1,walking-1,False,53.64646218551867,53.64646218551867,1474.0979175467544,1414.5112760132442,1414.5112760132442,1474.0979175467544,2010.5525591060284,2010.5525591060284,0.0,0.0,0.0,0.0,0.0,development_exploratory_not_untouched_final
od_25,walking,5.0,walking-1,53.64646218551867,58.64646218551867,3,False,walking-1,walking-1,False,53.64646218551867,53.64646218551867,1474.0979175467544,1414.5112760132442,1414.5112760132442,1474.0979175467544,2010.5525591060284,2010.5525591060284,0.0,0.0,0.0,0.0,0.0,development_exploratory_not_untouched_final
od_25,walking,10.0,walking-1,53.64646218551867,63.64646218551867,5,False,walking-1,walking-1,False,53.64646218551867,53.64646218551867,1474.0979175467544,1414.5112760132442,1414.5112760132442,1474.0979175467544,2010.5525591060284,2010.5525591060284,0.0,0.0,0.0,0.0,0.0,development_exploratory_not_untouched_final
od_26,motorbike,0.0,motorbike-1,7.0496129747457505,7.0496129747457505,1,True,motorbike-1,motorbike-1,False,7.0496129747457505,7.0496129747457505,176.44679831628838,170.52285689370984,170.52285689370984,176.44679831628838,268.2784348975656,268.2784348975656,0.0,0.0,0.0,0.0,0.0,development_exploratory_not_untouched_final
od_26,motorbike,1.0,motorbike-1,7.0496129747457505,8.04961297474575,3,False,motorbike-1,motorbike-1,False,7.0496129747457505,7.0496129747457505,176.44679831628838,170.52285689370984,170.52285689370984,176.44679831628838,268.2784348975656,268.2784348975656,0.0,0.0,0.0,0.0,0.0,development_exploratory_not_untouched_final
od_26,motorbike,2.0,motorbike-1,7.0496129747457505,9.04961297474575,4,False,motorbike-1,motorbike-1,False,7.0496129747457505,7.0496129747457505,176.44679831628838,170.52285689370984,170.52285689370984,176.44679831628838,268.2784348975656,268.2784348975656,0.0,0.0,0.0,0.0,0.0,development_exploratory_not_untouched_final
od_26,motorbike,3.0,motorbike-1,7.0496129747457505,10.04961297474575,4,False,motorbike-1,motorbike-1,False,7.0496129747457505,7.0496129747457505,176.44679831628838,170.52285689370984,170.52285689370984,176.44679831628838,268.2784348975656,268.2784348975656,0.0,0.0,0.0,0.0,0.0,development_exploratory_not_untouched_final
od_26,motorbike,5.0,motorbike-1,7.0496129747457505,12.04961297474575,6,False,motorbike-1,motorbike-1,False,7.0496129747457505,7.0496129747457505,176.44679831628838,170.52285689370984,170.52285689370984,176.44679831628838,268.2784348975656,268.2784348975656,0.0,0.0,0.0,0.0,0.0,development_exploratory_not_untouched_final
od_26,motorbike,10.0,motorbike-1,7.0496129747457505,17.04961297474575,7,False,motorbike-1,motorbike-1,False,7.0496129747457505,7.0496129747457505,176.44679831628838,170.52285689370984,170.52285689370984,176.44679831628838,268.2784348975656,268.2784348975656,0.0,0.0,0.0,0.0,0.0,development_exploratory_not_untouched_final
od_26,walking,0.0,walking-1,34.75588898945021,34.75588898945021,1,True,walking-1,walking-1,False,34.75588898945021,34.75588898945021,868.1575750936861,840.3042083977168,840.3042083977168,868.1575750936861,1318.040343034466,1318.040343034466,0.0,0.0,0.0,0.0,0.0,development_exploratory_not_untouched_final
od_26,walking,1.0,walking-1,34.75588898945021,35.75588898945021,1,True,walking-1,walking-1,False,34.75588898945021,34.75588898945021,868.1575750936861,840.3042083977168,840.3042083977168,868.1575750936861,1318.040343034466,1318.040343034466,0.0,0.0,0.0,0.0,0.0,development_exploratory_not_untouched_final
od_26,walking,2.0,walking-1,34.75588898945021,36.75588898945021,3,False,walking-1,walking-1,False,34.75588898945021,34.75588898945021,868.1575750936861,840.3042083977168,840.3042083977168,868.1575750936861,1318.040343034466,1318.040343034466,0.0,0.0,0.0,0.0,0.0,development_exploratory_not_untouched_final
od_26,walking,3.0,walking-1,34.75588898945021,37.75588898945021,4,False,walking-1,walking-1,False,34.75588898945021,34.75588898945021,868.1575750936861,840.3042083977168,840.3042083977168,868.1575750936861,1318.040343034466,1318.040343034466,0.0,0.0,0.0,0.0,0.0,development_exploratory_not_untouched_final
od_26,walking,5.0,walking-1,34.75588898945021,39.75588898945021,4,False,walking-1,walking-1,False,34.75588898945021,34.75588898945021,868.1575750936861,840.3042083977168,840.3042083977168,868.1575750936861,1318.040343034466,1318.040343034466,0.0,0.0,0.0,0.0,0.0,development_exploratory_not_untouched_final
od_26,walking,10.0,walking-1,34.75588898945021,44.75588898945021,5,False,walking-1,walking-1,False,34.75588898945021,34.75588898945021,868.1575750936861,840.3042083977168,840.3042083977168,868.1575750936861,1318.040343034466,1318.040343034466,0.0,0.0,0.0,0.0,0.0,development_exploratory_not_untouched_final
od_27,motorbike,0.0,motorbike-1,8.330234717082032,8.330234717082032,1,True,motorbike-1,motorbike-1,False,8.330234717082032,8.330234717082032,183.34602001441692,196.61946324669762,196.61946324669762,183.34602001441692,255.52671524385192,255.52671524385192,0.0,0.0,0.0,0.0,0.0,development_exploratory_not_untouched_final
od_27,motorbike,1.0,motorbike-1,8.330234717082032,9.330234717082032,2,False,motorbike-1,motorbike-1,False,8.330234717082032,8.330234717082032,183.34602001441692,196.61946324669762,196.61946324669762,183.34602001441692,255.52671524385192,255.52671524385192,0.0,0.0,0.0,0.0,0.0,development_exploratory_not_untouched_final
od_27,motorbike,2.0,motorbike-1,8.330234717082032,10.330234717082032,4,False,motorbike-1,motorbike-1,False,8.330234717082032,8.330234717082032,183.34602001441692,196.61946324669762,196.61946324669762,183.34602001441692,255.52671524385192,255.52671524385192,0.0,0.0,0.0,0.0,0.0,development_exploratory_not_untouched_final
od_27,motorbike,3.0,motorbike-1,8.330234717082032,11.330234717082032,5,False,motorbike-1,motorbike-1,False,8.330234717082032,8.330234717082032,183.34602001441692,196.61946324669762,196.61946324669762,183.34602001441692,255.52671524385192,255.52671524385192,0.0,0.0,0.0,0.0,0.0,development_exploratory_not_untouched_final
od_27,motorbike,5.0,motorbike-1,8.330234717082032,13.330234717082032,7,False,motorbike-1,motorbike-1,False,8.330234717082032,8.330234717082032,183.34602001441692,196.61946324669762,196.61946324669762,183.34602001441692,255.52671524385192,255.52671524385192,0.0,0.0,0.0,0.0,0.0,development_exploratory_not_untouched_final
od_27,motorbike,10.0,motorbike-1,8.330234717082032,18.330234717082032,8,False,motorbike-1,motorbike-1,False,8.330234717082032,8.330234717082032,183.34602001441692,196.61946324669762,196.61946324669762,183.34602001441692,255.52671524385192,255.52671524385192,0.0,0.0,0.0,0.0,0.0,development_exploratory_not_untouched_final
od_27,walking,0.0,walking-1,41.572207993675015,41.572207993675015,1,True,walking-1,walking-1,False,41.572207993675015,41.572207993675015,915.7586537359032,982.9854454802701,982.9854454802701,915.7586537359032,1278.2553004282013,1278.2553004282013,0.0,0.0,0.0,0.0,0.0,development_exploratory_not_untouched_final
od_27,walking,1.0,walking-1,41.572207993675015,42.572207993675015,4,False,walking-2,walking-2,False,42.43011074832727,42.43011074832727,904.676940563238,975.7079936099054,975.7079936099054,904.676940563238,1247.938359446319,1247.938359446319,0.0,11.081713172665218,7.277451870364644,30.316940981882226,30.316940981882226,development_exploratory_not_untouched_final
od_27,walking,2.0,walking-1,41.572207993675015,43.572207993675015,4,False,walking-2,walking-2,False,42.43011074832727,42.43011074832727,904.676940563238,975.7079936099054,975.7079936099054,904.676940563238,1247.938359446319,1247.938359446319,0.0,11.081713172665218,7.277451870364644,30.316940981882226,30.316940981882226,development_exploratory_not_untouched_final
od_27,walking,3.0,walking-1,41.572207993675015,44.572207993675015,4,False,walking-2,walking-2,False,42.43011074832727,42.43011074832727,904.676940563238,975.7079936099054,975.7079936099054,904.676940563238,1247.938359446319,1247.938359446319,0.0,11.081713172665218,7.277451870364644,30.316940981882226,30.316940981882226,development_exploratory_not_untouched_final
od_27,walking,5.0,walking-1,41.572207993675015,46.572207993675015,6,False,walking-2,walking-2,False,42.43011074832727,42.43011074832727,904.676940563238,975.7079936099054,975.7079936099054,904.676940563238,1247.938359446319,1247.938359446319,0.0,11.081713172665218,7.277451870364644,30.316940981882226,30.316940981882226,development_exploratory_not_untouched_final
od_27,walking,10.0,walking-1,41.572207993675015,51.572207993675015,6,False,walking-2,walking-2,False,42.43011074832727,42.43011074832727,904.676940563238,975.7079936099054,975.7079936099054,904.676940563238,1247.938359446319,1247.938359446319,0.0,11.081713172665218,7.277451870364644,30.316940981882226,30.316940981882226,development_exploratory_not_untouched_final
od_28,motorbike,0.0,motorbike-1,8.135485464425692,8.135485464425692,1,True,motorbike-1,motorbike-1,False,8.135485464425692,8.135485464425692,201.24377097782184,204.2681385963781,204.2681385963781,201.24377097782184,275.61725379780523,275.61725379780523,0.0,0.0,0.0,0.0,0.0,development_exploratory_not_untouched_final
od_28,motorbike,1.0,motorbike-1,8.135485464425692,9.135485464425692,2,False,motorbike-1,motorbike-1,False,8.135485464425692,8.135485464425692,201.24377097782184,204.2681385963781,204.2681385963781,201.24377097782184,275.61725379780523,275.61725379780523,0.0,0.0,0.0,0.0,0.0,development_exploratory_not_untouched_final
od_28,motorbike,2.0,motorbike-1,8.135485464425692,10.135485464425692,3,False,motorbike-1,motorbike-1,False,8.135485464425692,8.135485464425692,201.24377097782184,204.2681385963781,204.2681385963781,201.24377097782184,275.61725379780523,275.61725379780523,0.0,0.0,0.0,0.0,0.0,development_exploratory_not_untouched_final
od_28,motorbike,3.0,motorbike-1,8.135485464425692,11.135485464425692,4,False,motorbike-1,motorbike-1,False,8.135485464425692,8.135485464425692,201.24377097782184,204.2681385963781,204.2681385963781,201.24377097782184,275.61725379780523,275.61725379780523,0.0,0.0,0.0,0.0,0.0,development_exploratory_not_untouched_final
od_28,motorbike,5.0,motorbike-1,8.135485464425692,13.135485464425692,6,False,motorbike-1,motorbike-1,False,8.135485464425692,8.135485464425692,201.24377097782184,204.2681385963781,204.2681385963781,201.24377097782184,275.61725379780523,275.61725379780523,0.0,0.0,0.0,0.0,0.0,development_exploratory_not_untouched_final
od_28,motorbike,10.0,motorbike-1,8.135485464425692,18.13548546442569,7,False,motorbike-1,motorbike-1,False,8.135485464425692,8.135485464425692,201.24377097782184,204.2681385963781,204.2681385963781,201.24377097782184,275.61725379780523,275.61725379780523,0.0,0.0,0.0,0.0,0.0,development_exploratory_not_untouched_final
od_28,walking,0.0,walking-1,40.0541484546324,40.0541484546324,1,True,walking-1,walking-1,False,40.0541484546324,40.0541484546324,990.5807264356226,1005.54317080022,1005.54317080022,990.5807264356226,1356.4641888323986,1356.4641888323986,0.0,0.0,0.0,0.0,0.0,development_exploratory_not_untouched_final
od_28,walking,1.0,walking-1,40.0541484546324,41.0541484546324,2,False,walking-1,walking-1,False,40.0541484546324,40.0541484546324,990.5807264356226,1005.54317080022,1005.54317080022,990.5807264356226,1356.4641888323986,1356.4641888323986,0.0,0.0,0.0,0.0,0.0,development_exploratory_not_untouched_final
od_28,walking,2.0,walking-1,40.0541484546324,42.0541484546324,3,False,walking-1,walking-1,False,40.0541484546324,40.0541484546324,990.5807264356226,1005.54317080022,1005.54317080022,990.5807264356226,1356.4641888323986,1356.4641888323986,0.0,0.0,0.0,0.0,0.0,development_exploratory_not_untouched_final
od_28,walking,3.0,walking-1,40.0541484546324,43.0541484546324,3,False,walking-1,walking-1,False,40.0541484546324,40.0541484546324,990.5807264356226,1005.54317080022,1005.54317080022,990.5807264356226,1356.4641888323986,1356.4641888323986,0.0,0.0,0.0,0.0,0.0,development_exploratory_not_untouched_final
od_28,walking,5.0,walking-1,40.0541484546324,45.0541484546324,3,False,walking-1,walking-1,False,40.0541484546324,40.0541484546324,990.5807264356226,1005.54317080022,1005.54317080022,990.5807264356226,1356.4641888323986,1356.4641888323986,0.0,0.0,0.0,0.0,0.0,development_exploratory_not_untouched_final
od_28,walking,10.0,walking-1,40.0541484546324,50.0541484546324,7,False,walking-1,walking-1,False,40.0541484546324,40.0541484546324,990.5807264356226,1005.54317080022,1005.54317080022,990.5807264356226,1356.4641888323986,1356.4641888323986,0.0,0.0,0.0,0.0,0.0,development_exploratory_not_untouched_final
od_29,motorbike,0.0,motorbike-1,12.12202676751413,12.12202676751413,1,True,motorbike-1,motorbike-1,False,12.12202676751413,12.12202676751413,293.88875277874956,298.73325819322844,298.73325819322844,293.88875277874956,395.66678271602444,395.66678271602444,0.0,0.0,0.0,0.0,0.0,development_exploratory_not_untouched_final
od_29,motorbike,1.0,motorbike-1,12.12202676751413,13.12202676751413,2,False,motorbike-1,motorbike-1,False,12.12202676751413,12.12202676751413,293.88875277874956,298.73325819322844,298.73325819322844,293.88875277874956,395.66678271602444,395.66678271602444,0.0,0.0,0.0,0.0,0.0,development_exploratory_not_untouched_final
od_29,motorbike,2.0,motorbike-1,12.12202676751413,14.12202676751413,3,False,motorbike-1,motorbike-1,False,12.12202676751413,12.12202676751413,293.88875277874956,298.73325819322844,298.73325819322844,293.88875277874956,395.66678271602444,395.66678271602444,0.0,0.0,0.0,0.0,0.0,development_exploratory_not_untouched_final
od_29,motorbike,3.0,motorbike-1,12.12202676751413,15.12202676751413,4,False,motorbike-1,motorbike-1,False,12.12202676751413,12.12202676751413,293.88875277874956,298.73325819322844,298.73325819322844,293.88875277874956,395.66678271602444,395.66678271602444,0.0,0.0,0.0,0.0,0.0,development_exploratory_not_untouched_final
od_29,motorbike,5.0,motorbike-1,12.12202676751413,17.12202676751413,5,False,motorbike-1,motorbike-1,False,12.12202676751413,12.12202676751413,293.88875277874956,298.73325819322844,298.73325819322844,293.88875277874956,395.66678271602444,395.66678271602444,0.0,0.0,0.0,0.0,0.0,development_exploratory_not_untouched_final
od_29,motorbike,10.0,motorbike-1,12.12202676751413,22.12202676751413,7,False,motorbike-1,motorbike-1,False,12.12202676751413,12.12202676751413,293.88875277874956,298.73325819322844,298.73325819322844,293.88875277874956,395.66678271602444,395.66678271602444,0.0,0.0,0.0,0.0,0.0,development_exploratory_not_untouched_final
od_29,walking,0.0,walking-1,60.949584464314654,60.949584464314654,1,True,walking-1,walking-1,False,60.949584464314654,60.949584464314654,1465.453835732535,1495.1896186980075,1495.1896186980075,1465.453835732535,1974.4362345522725,1974.4362345522725,0.0,0.0,0.0,0.0,0.0,development_exploratory_not_untouched_final
od_29,walking,1.0,walking-1,60.949584464314654,61.949584464314654,5,False,walking-7,walking-1,True,60.95652164155992,60.949584464314654,1465.3863718669604,1495.1896186980075,1495.255006798911,1465.453835732535,1974.429303608059,1974.4362345522725,-0.00035103531946526466,0.06746386557460937,0.0,0.00693094421353635,0.0,development_exploratory_not_untouched_final
od_29,walking,2.0,walking-1,60.949584464314654,62.949584464314654,5,False,walking-7,walking-1,True,60.95652164155992,60.949584464314654,1465.3863718669604,1495.1896186980075,1495.255006798911,1465.453835732535,1974.429303608059,1974.4362345522725,-0.00035103531946526466,0.06746386557460937,0.0,0.00693094421353635,0.0,development_exploratory_not_untouched_final
od_29,walking,3.0,walking-1,60.949584464314654,63.949584464314654,5,False,walking-7,walking-1,True,60.95652164155992,60.949584464314654,1465.3863718669604,1495.1896186980075,1495.255006798911,1465.453835732535,1974.429303608059,1974.4362345522725,-0.00035103531946526466,0.06746386557460937,0.0,0.00693094421353635,0.0,development_exploratory_not_untouched_final
od_29,walking,5.0,walking-1,60.949584464314654,65.94958446431465,6,False,walking-7,walking-1,True,60.95652164155992,60.949584464314654,1465.3863718669604,1495.1896186980075,1495.255006798911,1465.453835732535,1974.429303608059,1974.4362345522725,-0.00035103531946526466,0.06746386557460937,0.0,0.00693094421353635,0.0,development_exploratory_not_untouched_final
od_29,walking,10.0,walking-1,60.949584464314654,70.94958446431465,7,False,walking-7,walking-1,True,60.95652164155992,60.949584464314654,1465.3863718669604,1495.1896186980075,1495.255006798911,1465.453835732535,1974.429303608059,1974.4362345522725,-0.00035103531946526466,0.06746386557460937,0.0,0.00693094421353635,0.0,development_exploratory_not_untouched_final
od_30,motorbike,0.0,motorbike-1,11.612358092570656,11.612358092570656,1,True,motorbike-1,motorbike-1,False,11.612358092570656,11.612358092570656,293.5901989691698,294.39707666129175,294.39707666129175,293.5901989691698,410.93169900154453,410.93169900154453,0.0,0.0,0.0,0.0,0.0,development_exploratory_not_untouched_final
od_30,motorbike,1.0,motorbike-1,11.612358092570656,12.612358092570656,2,False,motorbike-1,motorbike-1,False,11.612358092570656,11.612358092570656,293.5901989691698,294.39707666129175,294.39707666129175,293.5901989691698,410.93169900154453,410.93169900154453,0.0,0.0,0.0,0.0,0.0,development_exploratory_not_untouched_final
od_30,motorbike,2.0,motorbike-1,11.612358092570656,13.612358092570656,3,False,motorbike-1,motorbike-1,False,11.612358092570656,11.612358092570656,293.5901989691698,294.39707666129175,294.39707666129175,293.5901989691698,410.93169900154453,410.93169900154453,0.0,0.0,0.0,0.0,0.0,development_exploratory_not_untouched_final
od_30,motorbike,3.0,motorbike-1,11.612358092570656,14.612358092570656,5,False,motorbike-1,motorbike-1,False,11.612358092570656,11.612358092570656,293.5901989691698,294.39707666129175,294.39707666129175,293.5901989691698,410.93169900154453,410.93169900154453,0.0,0.0,0.0,0.0,0.0,development_exploratory_not_untouched_final
od_30,motorbike,5.0,motorbike-1,11.612358092570656,16.612358092570656,6,False,motorbike-1,motorbike-1,False,11.612358092570656,11.612358092570656,293.5901989691698,294.39707666129175,294.39707666129175,293.5901989691698,410.93169900154453,410.93169900154453,0.0,0.0,0.0,0.0,0.0,development_exploratory_not_untouched_final
od_30,motorbike,10.0,motorbike-1,11.612358092570656,21.612358092570656,8,False,motorbike-1,motorbike-1,False,11.612358092570656,11.612358092570656,293.5901989691698,294.39707666129175,294.39707666129175,293.5901989691698,410.93169900154453,410.93169900154453,0.0,0.0,0.0,0.0,0.0,development_exploratory_not_untouched_final
od_30,walking,0.0,walking-1,55.12699503869423,55.12699503869423,1,True,walking-1,walking-1,False,55.12699503869423,55.12699503869423,1403.3460867227889,1400.710181852835,1400.710181852835,1403.3460867227889,1961.0386525045217,1961.0386525045217,0.0,0.0,0.0,0.0,0.0,development_exploratory_not_untouched_final
od_30,walking,1.0,walking-1,55.12699503869423,56.12699503869423,4,False,walking-1,walking-1,False,55.12699503869423,55.12699503869423,1403.3460867227889,1400.710181852835,1400.710181852835,1403.3460867227889,1961.0386525045217,1961.0386525045217,0.0,0.0,0.0,0.0,0.0,development_exploratory_not_untouched_final
od_30,walking,2.0,walking-1,55.12699503869423,57.12699503869423,5,False,walking-1,walking-1,False,55.12699503869423,55.12699503869423,1403.3460867227889,1400.710181852835,1400.710181852835,1403.3460867227889,1961.0386525045217,1961.0386525045217,0.0,0.0,0.0,0.0,0.0,development_exploratory_not_untouched_final
od_30,walking,3.0,walking-1,55.12699503869423,58.12699503869423,5,False,walking-1,walking-1,False,55.12699503869423,55.12699503869423,1403.3460867227889,1400.710181852835,1400.710181852835,1403.3460867227889,1961.0386525045217,1961.0386525045217,0.0,0.0,0.0,0.0,0.0,development_exploratory_not_untouched_final
od_30,walking,5.0,walking-1,55.12699503869423,60.12699503869423,5,False,walking-1,walking-1,False,55.12699503869423,55.12699503869423,1403.3460867227889,1400.710181852835,1400.710181852835,1403.3460867227889,1961.0386525045217,1961.0386525045217,0.0,0.0,0.0,0.0,0.0,development_exploratory_not_untouched_final
od_30,walking,10.0,walking-1,55.12699503869423,65.12699503869423,6,False,walking-1,walking-1,False,55.12699503869423,55.12699503869423,1403.3460867227889,1400.710181852835,1400.710181852835,1403.3460867227889,1961.0386525045217,1961.0386525045217,0.0,0.0,0.0,0.0,0.0,development_exploratory_not_untouched_final
