scenario_id,mode,route_id,total_distance_m,total_travel_time_minutes,segment_count,static_exposure_index,airpath_exposure_index,oracle_exposure_index,absolute_exposure_difference_airpath_minus_static,percentage_exposure_difference_airpath_vs_static,edge_jaccard_with_fastest,edge_difference_fraction_from_fastest,evaluation_label,forecaster,exposure_framework_b
od_01,walking,walking-1,3333.8306473718903,40.00596776846269,111,956.8968717901021,980.5865203906664,1280.4043283028204,23.689648600564283,2.475674160816012,1.0,0.0,development_exploratory_not_untouched_final,C_xgboost_current_pm,hourly_forecast_bucket_aware_arrival_time_exposure
od_01,walking,walking-2,3462.8236191283786,41.55388342954054,105,1001.1957812932716,1022.5592009316293,1338.0800561695849,21.363419638357755,2.13379041717116,0.014084507042253521,0.9859154929577465,development_exploratory_not_untouched_final,C_xgboost_current_pm,hourly_forecast_bucket_aware_arrival_time_exposure
od_01,walking,walking-3,3879.232303808173,46.55078764569807,143,1131.8518746033212,1151.956908924534,1511.0731188913771,20.10503432121277,1.7762955358676202,0.01195219123505976,0.9880478087649402,development_exploratory_not_untouched_final,C_xgboost_current_pm,hourly_forecast_bucket_aware_arrival_time_exposure
od_01,walking,walking-4,4290.157666544244,51.48189199853094,191,1217.099703689074,1253.5250353831686,1630.9607156784257,36.425331694094666,2.9927976799015026,0.027210884353741496,0.9727891156462585,development_exploratory_not_untouched_final,C_xgboost_current_pm,hourly_forecast_bucket_aware_arrival_time_exposure
od_01,walking,walking-5,4479.890669998318,53.758688039979816,215,1300.286300534443,1325.9018728834844,1734.275710618514,25.615572349041486,1.9699947879565436,0.05844155844155844,0.9415584415584416,development_exploratory_not_untouched_final,C_xgboost_current_pm,hourly_forecast_bucket_aware_arrival_time_exposure
od_01,walking,walking-6,3940.520850847591,47.2862502101711,135,1138.5369973127688,1163.5007197596406,1524.6949558703052,24.96372244687177,2.192614074535336,0.28125,0.71875,development_exploratory_not_untouched_final,C_xgboost_current_pm,hourly_forecast_bucket_aware_arrival_time_exposure
od_01,walking,walking-7,3334.877228844938,40.01852674613926,111,957.1956381696886,980.8928408320277,1280.8036211197395,23.697202662339123,2.4756906234604217,0.9473684210526315,0.052631578947368474,development_exploratory_not_untouched_final,C_xgboost_current_pm,hourly_forecast_bucket_aware_arrival_time_exposure
od_01,walking,walking-8,3337.200169121715,40.04640202946059,114,957.8480142873669,981.5650483050073,1281.6627742031692,23.717034017640344,2.4760748744972525,0.9565217391304348,0.04347826086956519,development_exploratory_not_untouched_final,C_xgboost_current_pm,hourly_forecast_bucket_aware_arrival_time_exposure
od_01,motorbike,motorbike-1,3429.2941499099547,8.230305959783891,119,196.84975694754846,201.72993750647888,263.2909483026875,4.8801805589304195,2.4791397432259803,1.0,0.0,development_exploratory_not_untouched_final,C_xgboost_current_pm,hourly_forecast_bucket_aware_arrival_time_exposure
od_01,motorbike,motorbike-2,3720.5451721320164,8.92930841311684,139,216.61179408194428,220.6915614608786,289.10199771190673,4.079767378934321,1.8834465575733812,0.011764705882352941,0.9882352941176471,development_exploratory_not_untouched_final,C_xgboost_current_pm,hourly_forecast_bucket_aware_arrival_time_exposure
od_01,motorbike,motorbike-3,4368.011727860995,10.483228146866388,203,246.63970811422476,254.5194036427155,330.71607282130464,7.879695528490743,3.194820326677271,0.07692307692307693,0.9230769230769231,development_exploratory_not_untouched_final,C_xgboost_current_pm,hourly_forecast_bucket_aware_arrival_time_exposure
od_01,motorbike,motorbike-4,4957.587299606684,11.898209519056042,237,297.272412807096,299.1096590197774,395.3942841229935,1.837246212681407,0.6180345479530321,0.0,1.0,development_exploratory_not_untouched_final,C_xgboost_current_pm,hourly_forecast_bucket_aware_arrival_time_exposure
od_01,motorbike,motorbike-5,4883.279133582821,11.71986992059877,218,273.35028533939106,283.16002748657394,366.8460023055001,9.809742147182874,3.588707483880297,0.012012012012012012,0.987987987987988,development_exploratory_not_untouched_final,C_xgboost_current_pm,hourly_forecast_bucket_aware_arrival_time_exposure
od_01,motorbike,motorbike-6,5990.124200785455,14.376298081885093,272,340.05227151539174,350.70670905104333,456.1842077741073,10.654437535651596,3.1331764049602433,0.0,1.0,development_exploratory_not_untouched_final,C_xgboost_current_pm,hourly_forecast_bucket_aware_arrival_time_exposure
od_01,motorbike,motorbike-7,5350.426005528613,12.841022413268671,207,311.2144596146544,317.69795330962756,416.17915680693034,6.483493694973163,2.0832880654070576,0.025157232704402517,0.9748427672955975,development_exploratory_not_untouched_final,C_xgboost_current_pm,hourly_forecast_bucket_aware_arrival_time_exposure
od_01,motorbike,motorbike-8,7908.227114304611,18.979745074331063,368,442.7799598967798,459.41119673634046,594.3354287140576,16.631236839560643,3.756095204362386,0.004123711340206186,0.9958762886597938,development_exploratory_not_untouched_final,C_xgboost_current_pm,hourly_forecast_bucket_aware_arrival_time_exposure
od_02,walking,walking-1,4031.1747733479747,48.3740972801757,136,1378.2251960988453,1289.8622804173092,1900.3108917087563,-88.36291568153615,-6.4113554106870945,1.0,0.0,development_exploratory_not_untouched_final,C_xgboost_current_pm,hourly_forecast_bucket_aware_arrival_time_exposure
od_02,walking,walking-2,4179.665283735303,50.15598340482364,132,1357.2793549353537,1301.0078602242472,1901.6575068211741,-56.27149471110647,-4.145903679039356,0.03076923076923077,0.9692307692307692,development_exploratory_not_untouched_final,C_xgboost_current_pm,hourly_forecast_bucket_aware_arrival_time_exposure
od_02,walking,walking-3,4203.115373844201,50.43738448613041,118,1416.4356399111405,1334.1658467113534,1961.7213392572155,-82.26979319978705,-5.808226712295111,0.049586776859504134,0.9504132231404958,development_exploratory_not_untouched_final,C_xgboost_current_pm,hourly_forecast_bucket_aware_arrival_time_exposure
od_02,walking,walking-4,4798.739244471271,57.58487093365526,200,1591.4320907170388,1508.778100850504,2219.444365555909,-82.65398986653486,-5.193686262119681,0.009009009009009009,0.990990990990991,development_exploratory_not_untouched_final,C_xgboost_current_pm,hourly_forecast_bucket_aware_arrival_time_exposure
od_02,walking,walking-5,4768.99194159527,57.227903299143236,156,1620.909488703947,1521.5308617006124,2237.6701540965123,-99.37862700333471,-6.131041103522458,0.03914590747330961,0.9608540925266904,development_exploratory_not_untouched_final,C_xgboost_current_pm,hourly_forecast_bucket_aware_arrival_time_exposure
od_02,walking,walking-6,4882.431836484403,58.58918203781283,186,1702.4710628451894,1580.788963635587,2330.529904218636,-121.68209920960248,-7.147381348511495,0.03205128205128205,0.967948717948718,development_exploratory_not_untouched_final,C_xgboost_current_pm,hourly_forecast_bucket_aware_arrival_time_exposure
od_02,walking,walking-7,5247.3019072373745,62.9676228868485,143,1794.3631657084295,1682.2510750054616,2449.2484465196185,-112.11209070296786,-6.248015610524701,0.08560311284046693,0.914396887159533,development_exploratory_not_untouched_final,C_xgboost_current_pm,hourly_forecast_bucket_aware_arrival_time_exposure
od_02,walking,walking-8,4032.874831255277,48.39449797506333,134,1380.9782707467605,1291.6182365032964,1902.9596234434036,-89.36003424346404,-6.470777718692331,0.656441717791411,0.34355828220858897,development_exploratory_not_untouched_final,C_xgboost_current_pm,hourly_forecast_bucket_aware_arrival_time_exposure
od_02,motorbike,motorbike-1,4031.1747733479747,9.67481945603514,136,275.6450392197691,257.972456083462,380.0621783417512,-17.672583136307082,-6.411355410687041,1.0,0.0,development_exploratory_not_untouched_final,C_xgboost_current_pm,hourly_forecast_bucket_aware_arrival_time_exposure
od_02,motorbike,motorbike-2,4179.665283735303,10.031196680964728,132,271.4558709870706,260.2015720448494,380.3315013642348,-11.254298942221226,-4.145903679039333,0.03076923076923077,0.9692307692307692,development_exploratory_not_untouched_final,C_xgboost_current_pm,hourly_forecast_bucket_aware_arrival_time_exposure
od_02,motorbike,motorbike-3,4206.177077687737,10.094824986450568,116,283.48401062109207,267.02168148210734,392.62354965045955,-16.462329138984728,-5.807145561020182,0.05,0.95,development_exploratory_not_untouched_final,C_xgboost_current_pm,hourly_forecast_bucket_aware_arrival_time_exposure
od_02,motorbike,motorbike-4,4662.852950896125,11.190847082150698,153,305.1816528293684,291.1093761893076,427.5111930297252,-14.07227664006075,-4.611114891604827,0.01048951048951049,0.9895104895104895,development_exploratory_not_untouched_final,C_xgboost_current_pm,hourly_forecast_bucket_aware_arrival_time_exposure
od_02,motorbike,motorbike-5,4794.898408301863,11.507756179924469,170,326.2919802774628,306.16373484821776,450.2329137254176,-20.128245429245055,-6.16878337375285,0.03728813559322034,0.9627118644067797,development_exploratory_not_untouched_final,C_xgboost_current_pm,hourly_forecast_bucket_aware_arrival_time_exposure
od_02,motorbike,motorbike-6,5404.728891443751,12.971349339465004,211,356.6280584855332,338.3948002354968,499.77027077857946,-18.233258250036386,-5.112681915008666,0.00872093023255814,0.9912790697674418,development_exploratory_not_untouched_final,C_xgboost_current_pm,hourly_forecast_bucket_aware_arrival_time_exposure
od_02,motorbike,motorbike-7,5018.097801026264,12.043434722463035,172,354.81823650817756,327.6541473916883,483.53812020912,-27.164089116489265,-7.655775921726957,0.03355704697986577,0.9664429530201343,development_exploratory_not_untouched_final,C_xgboost_current_pm,hourly_forecast_bucket_aware_arrival_time_exposure
od_02,motorbike,motorbike-8,6275.567685737707,15.061362445770495,241,403.19620968717237,387.6217277155512,569.7386744129105,-15.574481971621196,-3.86275505508967,0.005333333333333333,0.9946666666666667,development_exploratory_not_untouched_final,C_xgboost_current_pm,hourly_forecast_bucket_aware_arrival_time_exposure
od_03,walking,walking-1,2868.5704745351272,34.422845694421525,187,845.6536298574905,856.180285450801,1211.7332515188175,10.526655593310466,1.2447951763755116,1.0,0.0,development_exploratory_not_untouched_final,C_xgboost_current_pm,hourly_forecast_bucket_aware_arrival_time_exposure
od_03,walking,walking-2,2948.8516364489606,35.386219637387526,139,876.4842539315906,873.8545602280145,1268.1773322798263,-2.6296937035760948,-0.3000274895732858,0.0,1.0,development_exploratory_not_untouched_final,C_xgboost_current_pm,hourly_forecast_bucket_aware_arrival_time_exposure
od_03,walking,walking-3,3018.080756930005,36.216969083160066,126,894.1138685079873,897.498589650898,1286.6044594981192,3.3847211429107347,0.3785559381333429,0.029605263157894735,0.9703947368421053,development_exploratory_not_untouched_final,C_xgboost_current_pm,hourly_forecast_bucket_aware_arrival_time_exposure
od_03,walking,walking-4,3502.8060662306657,42.03367279476799,151,1030.664542967295,1047.8986366707525,1474.5329804597225,17.234093703457575,1.6721341411280555,0.018072289156626505,0.9819277108433735,development_exploratory_not_untouched_final,C_xgboost_current_pm,hourly_forecast_bucket_aware_arrival_time_exposure
od_03,walking,walking-5,3439.2068658573476,41.27048239028817,156,1022.8186519296877,1018.7762970426579,1480.819182081938,-4.042354887029774,-0.395217165760843,0.014792899408284023,0.985207100591716,development_exploratory_not_untouched_final,C_xgboost_current_pm,hourly_forecast_bucket_aware_arrival_time_exposure
od_03,walking,walking-6,3671.8372304681416,44.0620467656177,159,1081.2811417835508,1090.1270224494115,1555.21125480296,8.845880665860705,0.8180925685312155,0.0,1.0,development_exploratory_not_untouched_final,C_xgboost_current_pm,hourly_forecast_bucket_aware_arrival_time_exposure
od_03,walking,walking-7,4047.1230223139096,48.56547626776692,194,1196.2832381037344,1202.6325629360495,1721.7840780541271,6.3493248323150056,0.530754308852435,0.11403508771929824,0.8859649122807017,development_exploratory_not_untouched_final,C_xgboost_current_pm,hourly_forecast_bucket_aware_arrival_time_exposure
od_03,walking,walking-8,3757.1125629603875,45.08535075552466,160,1113.7643258478759,1115.9593480224564,1606.9908926603644,2.195022174580572,0.19708138639739306,0.014619883040935672,0.9853801169590644,development_exploratory_not_untouched_final,C_xgboost_current_pm,hourly_forecast_bucket_aware_arrival_time_exposure
od_03,motorbike,motorbike-1,2879.1708152343526,6.910009956562447,177,169.71617640494185,171.85777125825084,243.18054346018135,2.1415948533089875,1.2618684315625601,1.0,0.0,development_exploratory_not_untouched_final,C_xgboost_current_pm,hourly_forecast_bucket_aware_arrival_time_exposure
od_03,motorbike,motorbike-2,2965.050267630812,7.116120642313948,147,176.2702341118345,175.72884715519012,255.0607738218652,-0.5413869566443736,-0.3071346443557176,0.0,1.0,development_exploratory_not_untouched_final,C_xgboost_current_pm,hourly_forecast_bucket_aware_arrival_time_exposure
od_03,motorbike,motorbike-3,3037.969810029627,7.291127544071104,132,179.97939688074638,180.65869163658982,259.0088558246882,0.6792947558434435,0.37742917668156284,0.04745762711864407,0.9525423728813559,development_exploratory_not_untouched_final,C_xgboost_current_pm,hourly_forecast_bucket_aware_arrival_time_exposure
od_03,motorbike,motorbike-4,3730.3427598280064,8.952822623587215,186,220.71275066705908,222.3532820019283,316.4751726685315,1.6405313348692232,0.7432879749407559,0.0,1.0,development_exploratory_not_untouched_final,C_xgboost_current_pm,hourly_forecast_bucket_aware_arrival_time_exposure
od_03,motorbike,motorbike-5,3722.69973823452,8.934479371762848,146,220.06778437180262,220.78189182929634,317.13584501645977,0.714107457493725,0.32449431866285644,0.015723270440251572,0.9842767295597484,development_exploratory_not_untouched_final,C_xgboost_current_pm,hourly_forecast_bucket_aware_arrival_time_exposure
od_03,motorbike,motorbike-6,4226.954621077359,10.144691090585662,221,251.90263899584494,250.13685760991825,365.6787048772996,-1.7657813859266867,-0.7009777241578691,0.0,1.0,development_exploratory_not_untouched_final,C_xgboost_current_pm,hourly_forecast_bucket_aware_arrival_time_exposure
od_03,motorbike,motorbike-7,4796.108130375025,11.51065951290006,224,284.37102921168025,287.51122793092054,406.1635314916653,3.1401987192402885,1.1042611225009091,0.007537688442211055,0.992462311557789,development_exploratory_not_untouched_final,C_xgboost_current_pm,hourly_forecast_bucket_aware_arrival_time_exposure
od_03,motorbike,motorbike-8,5295.943269727383,12.710263847345718,208,317.56937586667044,312.5628580775294,464.8070536785281,-5.006517789141014,-1.5765115183030023,0.005221932114882507,0.9947780678851175,development_exploratory_not_untouched_final,C_xgboost_current_pm,hourly_forecast_bucket_aware_arrival_time_exposure
od_04,walking,walking-1,5520.488372880517,66.24586047456621,193,1772.2768363622852,1677.735825769945,2526.171611879433,-94.54101059234017,-5.334438088486888,1.0,0.0,development_exploratory_not_untouched_final,C_xgboost_current_pm,hourly_forecast_bucket_aware_arrival_time_exposure
od_04,walking,walking-2,5675.2072322679305,68.10248678721517,179,1838.3118672697524,1733.5287241436647,2595.1196745098287,-104.78314312608768,-5.699965549464186,0.03910614525139665,0.9608938547486033,development_exploratory_not_untouched_final,C_xgboost_current_pm,hourly_forecast_bucket_aware_arrival_time_exposure
od_04,walking,walking-3,5963.5070839477185,71.56208500737262,180,1904.9565252460905,1810.4793796687575,2666.855658834742,-94.47714557733298,-4.959543397722844,0.04481792717086835,0.9551820728291317,development_exploratory_not_untouched_final,C_xgboost_current_pm,hourly_forecast_bucket_aware_arrival_time_exposure
od_04,walking,walking-4,6502.696264260247,78.03235517112297,245,2041.760455710194,1961.7861992260707,2798.515608257556,-79.97425648412332,-3.9169265062637106,0.006896551724137931,0.993103448275862,development_exploratory_not_untouched_final,C_xgboost_current_pm,hourly_forecast_bucket_aware_arrival_time_exposure
od_04,walking,walking-5,6661.096289052556,79.93315546863067,201,2163.233435654139,2051.480508208062,2922.1454482880254,-111.75292744607714,-5.166013320808544,0.2468354430379747,0.7531645569620253,development_exploratory_not_untouched_final,C_xgboost_current_pm,hourly_forecast_bucket_aware_arrival_time_exposure
od_04,walking,walking-6,5521.552651906517,66.2586318228782,193,1772.6213508366297,1678.0609967631221,2526.671250378259,-94.5603540735076,-5.3344925597831505,0.9693877551020408,0.030612244897959218,development_exploratory_not_untouched_final,C_xgboost_current_pm,hourly_forecast_bucket_aware_arrival_time_exposure
od_04,walking,walking-7,5522.649405426444,66.27179286511733,193,1772.991003026676,1678.4059654551868,2527.1918869963565,-94.58503757148924,-5.334772562862583,0.9794871794871794,0.02051282051282055,development_exploratory_not_untouched_final,C_xgboost_current_pm,hourly_forecast_bucket_aware_arrival_time_exposure
od_04,walking,walking-8,5522.945180980105,66.27534217176127,195,1772.9611592686483,1678.3681180086687,2526.823983041098,-94.5930412599796,-5.335313792153208,0.9595959595959596,0.04040404040404044,development_exploratory_not_untouched_final,C_xgboost_current_pm,hourly_forecast_bucket_aware_arrival_time_exposure
od_04,motorbike,motorbike-1,5531.617742970435,13.275882583129041,172,356.90094250604056,335.9191143168342,524.756402702522,-20.98182818920634,-5.878894026414969,1.0,0.0,development_exploratory_not_untouched_final,C_xgboost_current_pm,hourly_forecast_bucket_aware_arrival_time_exposure
od_04,motorbike,motorbike-2,5675.2072322679305,13.620497357443034,179,367.66237345395047,345.20136427653176,540.5624818113354,-22.461009177418703,-6.1091400151753446,0.04154302670623145,0.9584569732937686,development_exploratory_not_untouched_final,C_xgboost_current_pm,hourly_forecast_bucket_aware_arrival_time_exposure
od_04,motorbike,motorbike-3,5934.702314462292,14.2432855547095,192,377.97806294839216,357.70740062805737,559.147073506522,-20.270662320334793,-5.362920314003112,0.0196078431372549,0.9803921568627451,development_exploratory_not_untouched_final,C_xgboost_current_pm,hourly_forecast_bucket_aware_arrival_time_exposure
od_04,motorbike,motorbike-4,6507.253056448894,15.617407335477345,243,408.6516530405731,389.2734032478817,608.2883755289349,-19.378249792691406,-4.741997162744239,0.009732360097323601,0.9902676399026764,development_exploratory_not_untouched_final,C_xgboost_current_pm,hourly_forecast_bucket_aware_arrival_time_exposure
od_04,motorbike,motorbike-5,7455.686349722729,17.89364723933455,237,465.8551924140557,444.8676063327096,694.5119161233447,-20.98758608134608,-4.5051738014529095,0.007389162561576354,0.9926108374384236,development_exploratory_not_untouched_final,C_xgboost_current_pm,hourly_forecast_bucket_aware_arrival_time_exposure
od_04,motorbike,motorbike-6,8308.739262503555,19.94097423000853,286,527.2046164309985,497.320929591683,790.1049107294386,-29.883686839315487,-5.668327990300654,0.006593406593406593,0.9934065934065934,development_exploratory_not_untouched_final,C_xgboost_current_pm,hourly_forecast_bucket_aware_arrival_time_exposure
od_04,motorbike,motorbike-7,9058.58434508862,21.740602428212686,409,556.5184060867776,538.6457106461341,827.3179436603248,-17.872695440643497,-3.2115191959808453,0.006932409012131715,0.9930675909878682,development_exploratory_not_untouched_final,C_xgboost_current_pm,hourly_forecast_bucket_aware_arrival_time_exposure
od_04,motorbike,motorbike-8,10551.5949527706,25.32382788664944,393,655.0800222933152,625.3927801108247,988.2502489537699,-29.687242182490536,-4.53184972403233,0.005338078291814947,0.994661921708185,development_exploratory_not_untouched_final,C_xgboost_current_pm,hourly_forecast_bucket_aware_arrival_time_exposure
od_05,walking,walking-1,6599.1173935056095,79.18940872206731,249,1874.5234334763902,1905.8067321378253,2533.8510501846745,31.283298661435083,1.6688667691616297,1.0,0.0,development_exploratory_not_untouched_final,C_xgboost_current_pm,hourly_forecast_bucket_aware_arrival_time_exposure
od_05,walking,walking-2,6784.464022663192,81.41356827195831,246,1924.1688750328788,1959.5095177115593,2579.841917503312,35.340642678680524,1.83667053018289,0.01642710472279261,0.9835728952772074,development_exploratory_not_untouched_final,C_xgboost_current_pm,hourly_forecast_bucket_aware_arrival_time_exposure
od_05,walking,walking-3,7136.549089395779,85.63858907274934,298,2042.1366131102009,2087.1964691281255,2725.063885962594,45.05985601792463,2.20650546729574,0.014842300556586271,0.9851576994434137,development_exploratory_not_untouched_final,C_xgboost_current_pm,hourly_forecast_bucket_aware_arrival_time_exposure
od_05,walking,walking-4,7697.826013392555,92.37391216071067,308,2154.188090201781,2208.0059187541488,2807.234306376256,53.8178285523677,2.498288278407789,0.018281535648994516,0.9817184643510055,development_exploratory_not_untouched_final,C_xgboost_current_pm,hourly_forecast_bucket_aware_arrival_time_exposure
od_05,walking,walking-5,6599.228133870036,79.19073760644044,249,1874.5364733912247,1905.8212686193103,2533.8592980815997,31.284795228085613,1.668934996580156,0.9840637450199203,0.015936254980079667,development_exploratory_not_untouched_final,C_xgboost_current_pm,hourly_forecast_bucket_aware_arrival_time_exposure
od_05,walking,walking-6,6599.491968275206,79.19390361930249,249,1874.6545605119181,1905.947099855494,2534.0554999092847,31.292539343575754,1.6692429636226205,0.9840637450199203,0.015936254980079667,development_exploratory_not_untouched_final,C_xgboost_current_pm,hourly_forecast_bucket_aware_arrival_time_exposure
od_05,walking,walking-7,6599.6027086396325,79.1952325036756,249,1874.6676004267526,1905.961636336979,2534.06374780621,31.294035910226285,1.6693111836521022,0.9683794466403162,0.031620553359683834,development_exploratory_not_untouched_final,C_xgboost_current_pm,hourly_forecast_bucket_aware_arrival_time_exposure
od_05,walking,walking-8,6599.613248653397,79.19535898384078,249,1874.6740274565109,1905.9544612751781,2534.0189580312062,31.280433818667234,1.6685798896519297,0.9840637450199203,0.015936254980079667,development_exploratory_not_untouched_final,C_xgboost_current_pm,hourly_forecast_bucket_aware_arrival_time_exposure
od_05,motorbike,motorbike-1,6445.369478954613,15.468886749491073,243,366.60800508289043,369.02866285545645,538.4203047254263,2.4206577725660168,0.6602850289694857,1.0,0.0,development_exploratory_not_untouched_final,C_xgboost_current_pm,hourly_forecast_bucket_aware_arrival_time_exposure
od_05,motorbike,motorbike-2,6846.172276292444,16.430813463101863,284,391.05670908721487,396.3247928041342,573.0088295750519,5.268083716919307,1.3471406050584853,0.05189620758483034,0.9481037924151696,development_exploratory_not_untouched_final,C_xgboost_current_pm,hourly_forecast_bucket_aware_arrival_time_exposure
od_05,motorbike,motorbike-3,7383.760810561117,17.721025945346682,281,420.60954994100683,422.9032014332226,617.48712723413,2.2936514922157585,0.5453160758088963,0.048,0.952,development_exploratory_not_untouched_final,C_xgboost_current_pm,hourly_forecast_bucket_aware_arrival_time_exposure
od_05,motorbike,motorbike-4,8052.100580253528,19.325041392608465,300,459.01627788065645,467.9097860707698,675.2007618419783,8.89350819011338,1.9375147720634167,0.04222648752399232,0.9577735124760077,development_exploratory_not_untouched_final,C_xgboost_current_pm,hourly_forecast_bucket_aware_arrival_time_exposure
od_05,motorbike,motorbike-5,8792.392827452573,21.101742785886177,339,503.12540272598255,514.8779464467952,738.6416151895307,11.752543720812696,2.335907441193839,0.008665511265164644,0.9913344887348353,development_exploratory_not_untouched_final,C_xgboost_current_pm,hourly_forecast_bucket_aware_arrival_time_exposure
od_05,motorbike,motorbike-6,10106.789805542736,24.25629553330257,404,577.979336236467,582.7925777147611,845.0668646026587,4.813241478294117,0.8327705121147946,0.0015479876160990713,0.9984520123839009,development_exploratory_not_untouched_final,C_xgboost_current_pm,hourly_forecast_bucket_aware_arrival_time_exposure
od_05,motorbike,motorbike-7,11003.54809635794,26.40851543125905,431,642.4732604066144,643.688254484939,929.3772267616038,1.2149940783245938,0.18911200717608656,0.004470938897168405,0.9955290611028316,development_exploratory_not_untouched_final,C_xgboost_current_pm,hourly_forecast_bucket_aware_arrival_time_exposure
od_05,motorbike,motorbike-8,12618.001043919243,30.28320250540618,497,717.9566241882012,729.4813379384151,1047.6035311655546,11.524713750213891,1.6052103096402195,0.0013531799729364006,0.9986468200270636,development_exploratory_not_untouched_final,C_xgboost_current_pm,hourly_forecast_bucket_aware_arrival_time_exposure
od_06,walking,walking-1,3537.365189594572,42.44838227513487,148,993.1549216030844,1050.0564492532176,1399.9233710108867,56.901527650133175,5.729370757010047,1.0,0.0,development_exploratory_not_untouched_final,C_xgboost_current_pm,hourly_forecast_bucket_aware_arrival_time_exposure
od_06,walking,walking-2,3644.4912539881616,43.733895047857935,180,1030.3505119076308,1082.6898968711087,1446.972852452242,52.33938496347787,5.079765027395843,0.06493506493506493,0.935064935064935,development_exploratory_not_untouched_final,C_xgboost_current_pm,hourly_forecast_bucket_aware_arrival_time_exposure
od_06,walking,walking-3,3861.827773806514,46.34193328567817,201,1098.2648283772926,1148.4790183445455,1538.6956673436384,50.21418996725288,4.572138583500421,0.029498525073746312,0.9705014749262537,development_exploratory_not_untouched_final,C_xgboost_current_pm,hourly_forecast_bucket_aware_arrival_time_exposure
od_06,walking,walking-4,4270.552599826714,51.24663119792057,181,1182.0481463181793,1264.8418805464678,1678.229692365159,82.79373422828849,7.004260738970134,0.003048780487804878,0.9969512195121951,development_exploratory_not_untouched_final,C_xgboost_current_pm,hourly_forecast_bucket_aware_arrival_time_exposure
od_06,walking,walking-5,4555.358741668228,54.664304900018735,235,1317.5941393123555,1359.1114327794508,1831.026960143035,41.517293467095215,3.150992572626563,0.0,1.0,development_exploratory_not_untouched_final,C_xgboost_current_pm,hourly_forecast_bucket_aware_arrival_time_exposure
od_06,walking,walking-6,3537.459356155005,42.44951227386006,148,993.1865068949518,1050.0875006003635,1399.9666468259336,56.90099370541168,5.72913479093711,0.9473684210526315,0.052631578947368474,development_exploratory_not_untouched_final,C_xgboost_current_pm,hourly_forecast_bucket_aware_arrival_time_exposure
od_06,walking,walking-7,3538.2918404593456,42.45950208551215,148,993.4389157097552,1050.3370309691986,1400.3066562875954,56.89811525944344,5.727389410630546,0.9733333333333334,0.026666666666666616,development_exploratory_not_untouched_final,C_xgboost_current_pm,hourly_forecast_bucket_aware_arrival_time_exposure
od_06,walking,walking-8,3538.386007019779,42.460632084237346,148,993.4705010016224,1050.3680823163445,1400.3499321026422,56.89758131472206,5.727153575003748,0.922077922077922,0.07792207792207795,development_exploratory_not_untouched_final,C_xgboost_current_pm,hourly_forecast_bucket_aware_arrival_time_exposure
od_06,motorbike,motorbike-1,3664.907543438789,8.795778104253094,177,205.85796043274482,217.53692313308818,289.96369112562195,11.678962700343362,5.673311187865848,1.0,0.0,development_exploratory_not_untouched_final,C_xgboost_current_pm,hourly_forecast_bucket_aware_arrival_time_exposure
od_06,motorbike,motorbike-2,3713.55208690206,8.912525008564945,192,210.085613820538,220.66980723903927,294.94249439564294,10.584193418501286,5.0380381721628265,0.1941747572815534,0.8058252427184466,development_exploratory_not_untouched_final,C_xgboost_current_pm,hourly_forecast_bucket_aware_arrival_time_exposure
od_06,motorbike,motorbike-3,4055.6641293022385,9.733593910325371,183,227.41175644384646,239.58296593151886,319.36397958211757,12.1712094876724,5.352058168847471,0.02857142857142857,0.9714285714285714,development_exploratory_not_untouched_final,C_xgboost_current_pm,hourly_forecast_bucket_aware_arrival_time_exposure
od_06,motorbike,motorbike-4,4627.731482063553,11.106555556952525,244,267.55844069982066,276.14691911830266,371.9956714024259,8.588478418481998,3.2099448613985566,0.0,1.0,development_exploratory_not_untouched_final,C_xgboost_current_pm,hourly_forecast_bucket_aware_arrival_time_exposure
od_06,motorbike,motorbike-5,4511.935414416441,10.82864499459946,194,249.9325095109907,266.84199714544377,354.11356707385295,16.909487634453058,6.765621514199003,0.01366120218579235,0.9863387978142076,development_exploratory_not_untouched_final,C_xgboost_current_pm,hourly_forecast_bucket_aware_arrival_time_exposure
od_06,motorbike,motorbike-6,5290.044003739078,12.696105608973786,227,310.2846110091424,316.87329425726176,428.21192151048666,6.5886832481193665,2.1234321698040106,0.0024813895781637717,0.9975186104218362,development_exploratory_not_untouched_final,C_xgboost_current_pm,hourly_forecast_bucket_aware_arrival_time_exposure
od_06,motorbike,motorbike-7,5777.694021722921,13.86646565213501,240,315.05133280255717,338.25143522323293,445.76780408734356,23.200102420675762,7.363911847094225,0.0,1.0,development_exploratory_not_untouched_final,C_xgboost_current_pm,hourly_forecast_bucket_aware_arrival_time_exposure
od_06,motorbike,motorbike-8,6403.564913596633,15.36855579263192,267,378.7644165310777,384.23139197631923,519.4893896662696,5.4669754452415305,1.4433709204552387,0.0,1.0,development_exploratory_not_untouched_final,C_xgboost_current_pm,hourly_forecast_bucket_aware_arrival_time_exposure
od_07,walking,walking-1,3010.078469087085,36.12094162904502,119,967.6401514630277,945.1609321154153,1322.4744643795232,-22.479219347612343,-2.3230970018787245,1.0,0.0,development_exploratory_not_untouched_final,C_xgboost_current_pm,hourly_forecast_bucket_aware_arrival_time_exposure
od_07,walking,walking-2,3052.1049210734086,36.62525905288091,128,981.3303755754223,958.4845304729636,1340.9370536569306,-22.845845102458725,-2.3280482976044246,0.06465517241379311,0.9353448275862069,development_exploratory_not_untouched_final,C_xgboost_current_pm,hourly_forecast_bucket_aware_arrival_time_exposure
od_07,walking,walking-3,3868.7068261117006,46.42448191334041,178,1240.32037056331,1212.7108423753687,1701.638588115035,-27.60952818794135,-2.2259997371003486,0.006779661016949152,0.9932203389830508,development_exploratory_not_untouched_final,C_xgboost_current_pm,hourly_forecast_bucket_aware_arrival_time_exposure
od_07,walking,walking-4,4012.0415919286515,48.14449910314382,170,1293.3306370385624,1260.2163715876015,1754.6972149492262,-33.11426545096083,-2.560386687103082,0.014035087719298246,0.9859649122807017,development_exploratory_not_untouched_final,C_xgboost_current_pm,hourly_forecast_bucket_aware_arrival_time_exposure
od_07,walking,walking-5,3962.9761296816596,47.555713556179924,212,1272.633946053228,1243.1797679942936,1734.0861838875833,-29.45417805893453,-2.3144265599923424,0.012232415902140673,0.9877675840978594,development_exploratory_not_untouched_final,C_xgboost_current_pm,hourly_forecast_bucket_aware_arrival_time_exposure
od_07,walking,walking-6,4080.9006073865394,48.970807288638476,190,1296.7540391670007,1274.6075081696802,1777.5838936021212,-22.146530997320497,-1.7078436101534584,0.22134387351778656,0.7786561264822134,development_exploratory_not_untouched_final,C_xgboost_current_pm,hourly_forecast_bucket_aware_arrival_time_exposure
od_07,walking,walking-7,3015.7407748952337,36.1888892987428,120,969.3339061520853,946.8826539637582,1324.8252028420177,-22.45125218832709,-2.31615257093922,0.8968253968253969,0.10317460317460314,development_exploratory_not_untouched_final,C_xgboost_current_pm,hourly_forecast_bucket_aware_arrival_time_exposure
od_07,walking,walking-8,3015.8570403392914,36.190284484071505,120,969.3664770814441,946.9173537238701,1324.871776098802,-22.44912335757408,-2.3158551371782123,0.912,0.08799999999999997,development_exploratory_not_untouched_final,C_xgboost_current_pm,hourly_forecast_bucket_aware_arrival_time_exposure
od_07,motorbike,motorbike-1,3627.8653750120166,8.70687690002884,138,231.21311642930146,226.92381136646387,316.707051850389,-4.289305062837599,-1.855130508631481,1.0,0.0,development_exploratory_not_untouched_final,C_xgboost_current_pm,hourly_forecast_bucket_aware_arrival_time_exposure
od_07,motorbike,motorbike-2,3687.3343796905733,8.849602511257377,163,236.31188031770458,231.14997321978086,324.04868229367656,-5.1619070979237165,-2.1843620773462162,0.25416666666666665,0.7458333333333333,development_exploratory_not_untouched_final,C_xgboost_current_pm,hourly_forecast_bucket_aware_arrival_time_exposure
od_07,motorbike,motorbike-3,3876.8683445495967,9.304484026919031,202,248.51669487287796,242.99586881903954,338.99241722879356,-5.5208260538384195,-2.2215111369730915,0.10749185667752444,0.8925081433224755,development_exploratory_not_untouched_final,C_xgboost_current_pm,hourly_forecast_bucket_aware_arrival_time_exposure
od_07,motorbike,motorbike-4,4415.441329392981,10.597059190543154,208,278.2866223122821,275.171553071221,384.66083787375317,-3.1150692410610645,-1.119374411596925,0.002898550724637681,0.9971014492753624,development_exploratory_not_untouched_final,C_xgboost_current_pm,hourly_forecast_bucket_aware_arrival_time_exposure
od_07,motorbike,motorbike-5,5170.4619718541535,12.409108732449967,191,341.7121070679678,328.96913738869796,461.3102777349671,-12.742969679269834,-3.729153698594358,0.0,1.0,development_exploratory_not_untouched_final,C_xgboost_current_pm,hourly_forecast_bucket_aware_arrival_time_exposure
od_07,motorbike,motorbike-6,5317.2180673122,12.761323361549278,202,336.9951685976408,332.4442873021301,465.26249961864056,-4.550881295510749,-1.350429240409771,0.0029498525073746312,0.9970501474926253,development_exploratory_not_untouched_final,C_xgboost_current_pm,hourly_forecast_bucket_aware_arrival_time_exposure
od_07,motorbike,motorbike-7,5942.755175528985,14.262612421269564,256,371.4671501505488,369.0939067282733,516.6162138142499,-2.3732434222754932,-0.6388837939811532,0.002544529262086514,0.9974554707379135,development_exploratory_not_untouched_final,C_xgboost_current_pm,hourly_forecast_bucket_aware_arrival_time_exposure
od_07,motorbike,motorbike-8,6766.400071842087,16.239360172421005,240,434.317351674791,424.6237161836849,600.8962485809815,-9.693635491106079,-2.2319245256322384,0.008,0.992,development_exploratory_not_untouched_final,C_xgboost_current_pm,hourly_forecast_bucket_aware_arrival_time_exposure
od_08,walking,walking-1,6870.356216816323,82.44427460179587,346,1919.3369733160062,2028.9748148098495,2536.0399494045337,109.63784149384333,5.712276844457588,1.0,0.0,development_exploratory_not_untouched_final,C_xgboost_current_pm,hourly_forecast_bucket_aware_arrival_time_exposure
od_08,walking,walking-2,7066.552712232213,84.79863254678656,281,2056.512811159139,2123.2991767036688,2689.7513944932407,66.78636554452987,3.2475540722202556,0.00966183574879227,0.9903381642512077,development_exploratory_not_untouched_final,C_xgboost_current_pm,hourly_forecast_bucket_aware_arrival_time_exposure
od_08,walking,walking-3,7181.705333275932,86.18046399931119,299,1989.085370561558,2118.600592696133,2619.3402583434213,129.51522213457497,6.511295294379964,0.03697749196141479,0.9630225080385852,development_exploratory_not_untouched_final,C_xgboost_current_pm,hourly_forecast_bucket_aware_arrival_time_exposure
od_08,walking,walking-4,7442.834681192636,89.31401617431165,308,2123.108969756207,2223.358431817315,2770.0775018681957,100.2494620611078,4.721823678820371,0.007704160246533128,0.9922958397534669,development_exploratory_not_untouched_final,C_xgboost_current_pm,hourly_forecast_bucket_aware_arrival_time_exposure
od_08,walking,walking-5,7891.429810836159,94.69715773003391,378,2267.536341229024,2363.307645508313,2936.432427479095,95.77130427928887,4.223584096005271,0.004160887656033287,0.9958391123439667,development_exploratory_not_untouched_final,C_xgboost_current_pm,hourly_forecast_bucket_aware_arrival_time_exposure
od_08,walking,walking-6,8097.506608513472,97.17007930216167,351,2266.906460624506,2402.0857775391783,2939.209451722945,135.1793169146722,5.963162541670638,0.004322766570605188,0.9956772334293948,development_exploratory_not_untouched_final,C_xgboost_current_pm,hourly_forecast_bucket_aware_arrival_time_exposure
od_08,walking,walking-7,6870.482093297512,82.44578511957015,346,1919.372123847964,2029.011129489558,2536.085977675332,109.63900564159394,5.712232884876397,0.9438202247191011,0.0561797752808989,development_exploratory_not_untouched_final,C_xgboost_current_pm,hourly_forecast_bucket_aware_arrival_time_exposure
od_08,walking,walking-8,6871.282867681097,82.45539441217315,346,1919.6209674226768,2029.255396525831,2536.4232346812423,109.63442910315416,5.711253990434978,0.9885057471264368,0.011494252873563204,development_exploratory_not_untouched_final,C_xgboost_current_pm,hourly_forecast_bucket_aware_arrival_time_exposure
od_08,motorbike,motorbike-1,6958.7273263523275,16.700945583245588,359,389.37566245573504,408.0971708627465,539.4089466786367,18.72150840701147,4.808083866602671,1.0,0.0,development_exploratory_not_untouched_final,C_xgboost_current_pm,hourly_forecast_bucket_aware_arrival_time_exposure
od_08,motorbike,motorbike-2,7215.548279104051,17.317315869849722,333,407.3405329343259,424.59608769333477,563.3719283687201,17.255554759008874,4.236149698805183,0.048484848484848485,0.9515151515151515,development_exploratory_not_untouched_final,C_xgboost_current_pm,hourly_forecast_bucket_aware_arrival_time_exposure
od_08,motorbike,motorbike-3,7573.324596391733,18.17597903134016,344,436.4946928394249,449.9243780233522,601.0665303897835,13.42968518392729,3.076712135161681,0.0014245014245014246,0.9985754985754985,development_exploratory_not_untouched_final,C_xgboost_current_pm,hourly_forecast_bucket_aware_arrival_time_exposure
od_08,motorbike,motorbike-4,7575.277566997327,18.18066616079358,315,416.12155824111426,441.34754058556894,578.698024489864,25.22598234445468,6.062166654157805,0.03374233128834356,0.9662576687116564,development_exploratory_not_untouched_final,C_xgboost_current_pm,hourly_forecast_bucket_aware_arrival_time_exposure
od_08,motorbike,motorbike-5,8390.002444496451,20.136005866791482,363,492.54442839126796,500.87975407135946,674.3052585145878,8.3353256800915,1.6922992525397273,0.0,1.0,development_exploratory_not_untouched_final,C_xgboost_current_pm,hourly_forecast_bucket_aware_arrival_time_exposure
od_08,motorbike,motorbike-6,8834.829668619339,21.20359120468641,427,471.0544637930393,498.3673934949294,649.5027186461614,27.312929701890084,5.798253026191508,0.0,1.0,development_exploratory_not_untouched_final,C_xgboost_current_pm,hourly_forecast_bucket_aware_arrival_time_exposure
od_08,motorbike,motorbike-7,9392.556663716472,22.542135992919533,344,490.8887640437881,517.5178127864377,675.0956799674273,26.629048742649616,5.42466047160824,0.0,1.0,development_exploratory_not_untouched_final,C_xgboost_current_pm,hourly_forecast_bucket_aware_arrival_time_exposure
od_08,motorbike,motorbike-8,9441.957784148508,22.66069868195642,437,550.7322335737653,563.0911845261836,756.0613438723727,12.358950952418354,2.2440943527528234,0.0012578616352201257,0.9987421383647799,development_exploratory_not_untouched_final,C_xgboost_current_pm,hourly_forecast_bucket_aware_arrival_time_exposure
od_09,walking,walking-1,3714.987884771448,44.57985461725738,100,854.2717199158208,938.7258487785682,1115.931158650744,84.45412886274744,9.886096764512992,1.0,0.0,development_exploratory_not_untouched_final,C_xgboost_current_pm,hourly_forecast_bucket_aware_arrival_time_exposure
od_09,walking,walking-2,3994.5810680180316,47.93497281621638,155,950.5350760566055,1033.1228504415844,1250.9884975274597,82.58777438497896,8.688556210634856,0.0944206008583691,0.9055793991416309,development_exploratory_not_untouched_final,C_xgboost_current_pm,hourly_forecast_bucket_aware_arrival_time_exposure
od_09,walking,walking-3,4409.140877200214,52.90969052640257,216,1100.8943911556646,1179.945493184123,1466.303838442216,79.05110202845844,7.180625377287507,0.009584664536741214,0.9904153354632588,development_exploratory_not_untouched_final,C_xgboost_current_pm,hourly_forecast_bucket_aware_arrival_time_exposure
od_09,walking,walking-4,4384.315892491492,52.61179070989791,134,1011.1438214508295,1109.9424506744697,1319.7885116723432,98.7986292236402,9.77097690038594,0.05405405405405406,0.9459459459459459,development_exploratory_not_untouched_final,C_xgboost_current_pm,hourly_forecast_bucket_aware_arrival_time_exposure
od_09,walking,walking-5,4742.4154350489225,56.90898522058707,219,1192.0481766860762,1275.4758288012194,1591.0323030459024,83.42765211514325,6.99868124013865,0.006309148264984227,0.9936908517350158,development_exploratory_not_untouched_final,C_xgboost_current_pm,hourly_forecast_bucket_aware_arrival_time_exposure
od_09,walking,walking-6,4802.7629451718985,57.63315534206278,171,1131.4922464460624,1233.2252871349529,1482.3259393180801,101.73304068889047,8.99105062437916,0.17316017316017315,0.8268398268398268,development_exploratory_not_untouched_final,C_xgboost_current_pm,hourly_forecast_bucket_aware_arrival_time_exposure
od_09,walking,walking-7,3715.8630156975987,44.59035618837118,100,854.515108467933,938.9777056749406,1116.2489614956082,84.46259720700755,9.884271953768168,0.9607843137254902,0.039215686274509776,development_exploratory_not_untouched_final,C_xgboost_current_pm,hourly_forecast_bucket_aware_arrival_time_exposure
od_09,walking,walking-8,3715.9843329914643,44.59181199589757,103,854.350492302965,938.8699839398898,1115.9798431567185,84.51949163692484,9.892835832410688,0.897196261682243,0.10280373831775702,development_exploratory_not_untouched_final,C_xgboost_current_pm,hourly_forecast_bucket_aware_arrival_time_exposure
od_09,motorbike,motorbike-1,4134.123639767717,9.921896735442521,158,195.54338365522813,213.0088946171017,257.2031686150781,17.465510961873576,8.931783134461789,1.0,0.0,development_exploratory_not_untouched_final,C_xgboost_current_pm,hourly_forecast_bucket_aware_arrival_time_exposure
od_09,motorbike,motorbike-2,4538.957874153826,10.893498897969183,218,228.85219816107832,244.64962045963202,305.5387913431755,15.797422298553698,6.9028929700009405,0.010752688172043012,0.989247311827957,development_exploratory_not_untouched_final,C_xgboost_current_pm,hourly_forecast_bucket_aware_arrival_time_exposure
od_09,motorbike,motorbike-3,4554.583954733635,10.931001491360725,192,223.60649624193584,240.81625858800908,296.78410060250576,17.209762346073234,7.696450074264731,0.13636363636363635,0.8636363636363636,development_exploratory_not_untouched_final,C_xgboost_current_pm,hourly_forecast_bucket_aware_arrival_time_exposure
od_09,motorbike,motorbike-4,5284.244385537157,12.682186525289175,179,249.1714436770751,271.8415917075438,327.7968842749196,22.67014803046868,9.098212738956184,0.053125,0.946875,development_exploratory_not_untouched_final,C_xgboost_current_pm,hourly_forecast_bucket_aware_arrival_time_exposure
od_09,motorbike,motorbike-5,6360.1463585915835,15.264351260619799,284,337.32205199358634,356.6902546446099,457.8362031596479,19.36820265102358,5.7417540704963566,0.004545454545454545,0.9954545454545455,development_exploratory_not_untouched_final,C_xgboost_current_pm,hourly_forecast_bucket_aware_arrival_time_exposure
od_09,motorbike,motorbike-6,5752.129528566935,13.805110868560643,272,287.2817044383643,307.77413364982766,381.4566543764532,20.49242921146339,7.133217637902172,0.002331002331002331,0.9976689976689976,development_exploratory_not_untouched_final,C_xgboost_current_pm,hourly_forecast_bucket_aware_arrival_time_exposure
od_09,motorbike,motorbike-7,7766.043199904027,18.638503679769663,302,414.1972470514159,437.98800119086866,564.2041922074383,23.79075413945276,5.74382237178402,0.01098901098901099,0.989010989010989,development_exploratory_not_untouched_final,C_xgboost_current_pm,hourly_forecast_bucket_aware_arrival_time_exposure
od_09,motorbike,motorbike-8,9897.359620826117,23.75366308998268,417,530.9218212043606,563.9589257353484,731.8512330906797,33.03710453098779,6.2225930846174915,0.028622540250447227,0.9713774597495528,development_exploratory_not_untouched_final,C_xgboost_current_pm,hourly_forecast_bucket_aware_arrival_time_exposure
od_10,walking,walking-1,4185.687637541589,50.22825165049906,164,1318.7613948708265,1290.0174248764572,1855.8591692704306,-28.74396999436931,-2.179618701773174,1.0,0.0,development_exploratory_not_untouched_final,C_xgboost_current_pm,hourly_forecast_bucket_aware_arrival_time_exposure
od_10,walking,walking-2,4395.9991882234835,52.7519902586818,247,1407.3006259180154,1368.5204693040225,1962.914325089165,-38.78015661399286,-2.7556412538860093,0.019851116625310174,0.9801488833746899,development_exploratory_not_untouched_final,C_xgboost_current_pm,hourly_forecast_bucket_aware_arrival_time_exposure
od_10,walking,walking-3,4422.248506346172,53.06698207615407,168,1396.6765536731566,1365.9204466249726,1962.131609645984,-30.75610704818405,-2.2020923145947964,0.06752411575562701,0.932475884244373,development_exploratory_not_untouched_final,C_xgboost_current_pm,hourly_forecast_bucket_aware_arrival_time_exposure
od_10,walking,walking-4,4671.923754688715,56.06308505626459,193,1453.8797434228331,1432.6330888196042,2056.1802190865897,-21.24665460322899,-1.461376341430311,0.014204545454545454,0.9857954545454546,development_exploratory_not_untouched_final,C_xgboost_current_pm,hourly_forecast_bucket_aware_arrival_time_exposure
od_10,walking,walking-5,5276.724061903826,63.32068874284592,204,1718.520544145012,1660.9805104619268,2357.41131224681,-57.54003368308531,-3.3482307720512168,0.00821917808219178,0.9917808219178083,development_exploratory_not_untouched_final,C_xgboost_current_pm,hourly_forecast_bucket_aware_arrival_time_exposure
od_10,walking,walking-6,4188.220874538794,50.258650494465535,162,1319.5229153275966,1290.7817588883356,1856.9506227618615,-28.741156439260976,-2.178147579356395,0.963855421686747,0.03614457831325302,development_exploratory_not_untouched_final,C_xgboost_current_pm,hourly_forecast_bucket_aware_arrival_time_exposure
od_10,walking,walking-7,4188.427303785825,50.26112764542989,161,1319.581634548405,1290.8410307056095,1857.0414873390878,-28.740603842795508,-2.178008778716543,0.9461077844311377,0.053892215568862256,development_exploratory_not_untouched_final,C_xgboost_current_pm,hourly_forecast_bucket_aware_arrival_time_exposure
od_10,walking,walking-8,4191.191762378216,50.294301148538594,171,1320.6324011708084,1291.8011798670393,1858.2557470112622,-28.831221303769098,-2.183137508833551,0.6666666666666666,0.33333333333333337,development_exploratory_not_untouched_final,C_xgboost_current_pm,hourly_forecast_bucket_aware_arrival_time_exposure
od_10,motorbike,motorbike-1,4185.687637541589,10.045650330099813,164,263.7522789741652,258.00348497529137,371.1718338540861,-5.74879399887385,-2.1796187017731703,1.0,0.0,development_exploratory_not_untouched_final,C_xgboost_current_pm,hourly_forecast_bucket_aware_arrival_time_exposure
od_10,motorbike,motorbike-2,4394.830211426111,10.547592507422667,164,277.19521100584313,271.2814801702675,389.57567861530015,-5.91373083557562,-2.1334173899025126,0.08609271523178808,0.9139072847682119,development_exploratory_not_untouched_final,C_xgboost_current_pm,hourly_forecast_bucket_aware_arrival_time_exposure
od_10,motorbike,motorbike-3,4654.755135099948,11.171412324239874,229,298.13041400339694,289.810629221957,415.78417334564193,-8.319784781439921,-2.7906528118748475,0.02610966057441253,0.9738903394255874,development_exploratory_not_untouched_final,C_xgboost_current_pm,hourly_forecast_bucket_aware_arrival_time_exposure
od_10,motorbike,motorbike-4,5386.858029237803,12.928459270170727,220,336.26334902706054,330.23981379050053,476.303932273649,-6.023535236560008,-1.7913148292814,0.005235602094240838,0.9947643979057592,development_exploratory_not_untouched_final,C_xgboost_current_pm,hourly_forecast_bucket_aware_arrival_time_exposure
od_10,motorbike,motorbike-5,5511.374478011498,13.227298747227593,208,360.035651934124,346.95060185439974,497.61245108294816,-13.085050079724283,-3.6343762095311782,0.008130081300813009,0.991869918699187,development_exploratory_not_untouched_final,C_xgboost_current_pm,hourly_forecast_bucket_aware_arrival_time_exposure
od_10,motorbike,motorbike-6,5634.416015636255,13.522598437527012,213,348.3390897943633,343.7306167510884,496.07431195837484,-4.608473043274898,-1.3229847520114497,0.027247956403269755,0.9727520435967303,development_exploratory_not_untouched_final,C_xgboost_current_pm,hourly_forecast_bucket_aware_arrival_time_exposure
od_10,motorbike,motorbike-7,6236.241931359497,14.966980635262793,192,400.95714426426775,389.4078187960315,556.6583246291688,-11.549325468236248,-2.8804388781819976,0.0028169014084507044,0.9971830985915493,development_exploratory_not_untouched_final,C_xgboost_current_pm,hourly_forecast_bucket_aware_arrival_time_exposure
od_10,motorbike,motorbike-8,6017.043125469885,14.440903501127725,234,371.24253618404924,366.4680541162691,529.2571173155151,-4.774482067780127,-1.2860816319316124,0.01015228426395939,0.9898477157360406,development_exploratory_not_untouched_final,C_xgboost_current_pm,hourly_forecast_bucket_aware_arrival_time_exposure
od_11,walking,walking-1,5799.7898826035935,69.59747859124312,184,1924.3985510366808,1851.2510808546233,2550.717556990115,-73.14747018205753,-3.8010561867578163,1.0,0.0,development_exploratory_not_untouched_final,C_xgboost_current_pm,hourly_forecast_bucket_aware_arrival_time_exposure
od_11,walking,walking-2,5899.73045264374,70.79676543172488,210,1955.7260891739397,1883.0893826552397,2587.8022945194766,-72.63670651870007,-3.7140531550295157,0.2236024844720497,0.7763975155279503,development_exploratory_not_untouched_final,C_xgboost_current_pm,hourly_forecast_bucket_aware_arrival_time_exposure
od_11,walking,walking-3,6156.7707067981255,73.88124848157752,281,2052.4468660115112,1972.191432938453,2704.9926181125347,-80.25543307305816,-3.910231948124305,0.08899297423887588,0.9110070257611241,development_exploratory_not_untouched_final,C_xgboost_current_pm,hourly_forecast_bucket_aware_arrival_time_exposure
od_11,walking,walking-4,5799.932240963838,69.59918689156605,183,1924.4524823604088,1851.2998237096003,2550.7879309896343,-73.15265865080846,-3.8012192725633915,0.9625668449197861,0.03743315508021394,development_exploratory_not_untouched_final,C_xgboost_current_pm,hourly_forecast_bucket_aware_arrival_time_exposure
od_11,walking,walking-5,5805.109540891901,69.66131449070281,183,1926.0396708117917,1852.8811491051588,2552.9340941484998,-73.15852170663288,-3.7983912177571013,0.9521276595744681,0.0478723404255319,development_exploratory_not_untouched_final,C_xgboost_current_pm,hourly_forecast_bucket_aware_arrival_time_exposure
od_11,walking,walking-6,5805.251899252145,69.66302279102574,182,1926.0936021355196,1852.9298919601358,2553.0044681480194,-73.16371017538381,-3.7985542392262213,0.9162303664921466,0.08376963350785338,development_exploratory_not_untouched_final,C_xgboost_current_pm,hourly_forecast_bucket_aware_arrival_time_exposure
od_11,walking,walking-7,5805.359775307745,69.66431730369294,184,1926.3662172277154,1853.084169624553,2553.339903959687,-73.28204760316248,-3.804159715208493,0.84,0.16000000000000003,development_exploratory_not_untouched_final,C_xgboost_current_pm,hourly_forecast_bucket_aware_arrival_time_exposure
od_11,walking,walking-8,5805.502133667988,69.66602560401587,183,1926.4201485514434,1853.13291247953,2553.4102779592063,-73.28723607191341,-3.8043225475512794,0.8078817733990148,0.1921182266009852,development_exploratory_not_untouched_final,C_xgboost_current_pm,hourly_forecast_bucket_aware_arrival_time_exposure
od_11,motorbike,motorbike-1,7321.29135850387,17.571099260409287,245,480.47417136187863,463.1828873091406,645.3638007984055,-17.291284052738035,-3.5987957487343816,1.0,0.0,development_exploratory_not_untouched_final,C_xgboost_current_pm,hourly_forecast_bucket_aware_arrival_time_exposure
od_11,motorbike,motorbike-2,7633.162700227178,18.319590480545227,218,514.7228584492365,489.76418823100585,686.0605967749373,-24.958670218230623,-4.848953142167888,0.17215189873417722,0.8278481012658228,development_exploratory_not_untouched_final,C_xgboost_current_pm,hourly_forecast_bucket_aware_arrival_time_exposure
od_11,motorbike,motorbike-3,7889.25327154217,18.93420785170121,304,512.0735919364288,496.2630447309051,691.23088147724,-15.810547205523676,-3.087553713858861,0.13664596273291926,0.8633540372670807,development_exploratory_not_untouched_final,C_xgboost_current_pm,hourly_forecast_bucket_aware_arrival_time_exposure
od_11,motorbike,motorbike-4,9666.540510810522,23.199697225945258,375,619.5126700262811,604.2099041395998,836.5928800916436,-15.3027658866813,-2.4701296078467814,0.03678929765886288,0.9632107023411371,development_exploratory_not_untouched_final,C_xgboost_current_pm,hourly_forecast_bucket_aware_arrival_time_exposure
od_11,motorbike,motorbike-5,11246.266961598392,26.99104070783614,398,707.1236359043088,695.7850946764161,957.7956531638446,-11.338541227892733,-1.6034736575298292,0.025518341307814992,0.9744816586921851,development_exploratory_not_untouched_final,C_xgboost_current_pm,hourly_forecast_bucket_aware_arrival_time_exposure
od_11,motorbike,motorbike-6,13020.355584141242,31.24885340193898,484,807.1355235259529,800.4928992176581,1096.214994019773,-6.642624308294785,-0.8229874803771038,0.02676056338028169,0.9732394366197183,development_exploratory_not_untouched_final,C_xgboost_current_pm,hourly_forecast_bucket_aware_arrival_time_exposure
od_11,motorbike,motorbike-7,13564.85143099635,32.555643434391236,443,881.6403240431314,854.6886816164688,1191.402319091939,-26.951642426662602,-3.056988398972559,0.05846153846153846,0.9415384615384615,development_exploratory_not_untouched_final,C_xgboost_current_pm,hourly_forecast_bucket_aware_arrival_time_exposure
od_11,motorbike,motorbike-8,11223.628499005667,26.9367083976136,354,737.7604469078574,710.0521021624897,993.9363064120101,-27.70834474536764,-3.7557373618361347,0.0812274368231047,0.9187725631768953,development_exploratory_not_untouched_final,C_xgboost_current_pm,hourly_forecast_bucket_aware_arrival_time_exposure
od_12,walking,walking-1,4720.801672969871,56.64962007563846,184,1320.3312643314005,1373.3642702487207,1790.4852869838724,53.033005917320224,4.016643955195251,1.0,0.0,development_exploratory_not_untouched_final,C_xgboost_current_pm,hourly_forecast_bucket_aware_arrival_time_exposure
od_12,walking,walking-2,4873.757845553635,58.485094146643625,187,1367.9577788324768,1421.132516607553,1856.4632938874925,53.17473777507621,3.8871622061654367,0.16300940438871472,0.8369905956112853,development_exploratory_not_untouched_final,C_xgboost_current_pm,hourly_forecast_bucket_aware_arrival_time_exposure
od_12,walking,walking-3,5545.213763066034,66.5425651567924,257,1600.7241171624933,1668.3130345107354,2184.929355650032,67.58891734824215,4.222396390706784,0.0,1.0,development_exploratory_not_untouched_final,C_xgboost_current_pm,hourly_forecast_bucket_aware_arrival_time_exposure
od_12,walking,walking-4,5856.273320547576,70.27527984657091,240,1621.4654563989825,1698.8172395729912,2156.7330524912286,77.35178317400869,4.770486035872434,0.026634382566585957,0.973365617433414,development_exploratory_not_untouched_final,C_xgboost_current_pm,hourly_forecast_bucket_aware_arrival_time_exposure
od_12,walking,walking-5,4720.822679411884,56.64987215294261,185,1320.340527789091,1373.3735781495088,1790.4995649458851,53.03305036041775,4.016619140610759,0.9627659574468085,0.037234042553191515,development_exploratory_not_untouched_final,C_xgboost_current_pm,hourly_forecast_bucket_aware_arrival_time_exposure
od_12,walking,walking-6,4721.126792606221,56.65352151127466,183,1320.4292687600525,1373.4626712328254,1790.613772709107,53.03340247277288,4.01637586559815,0.9731182795698925,0.026881720430107503,development_exploratory_not_untouched_final,C_xgboost_current_pm,hourly_forecast_bucket_aware_arrival_time_exposure
od_12,walking,walking-7,4721.1477990482335,56.65377358857881,184,1320.4385322177432,1373.4719791336136,1790.6280506711198,53.0334469158704,4.01635105473619,0.9368421052631579,0.06315789473684208,development_exploratory_not_untouched_final,C_xgboost_current_pm,hourly_forecast_bucket_aware_arrival_time_exposure
od_12,walking,walking-8,4721.249689238599,56.654996270863194,182,1320.4827030962347,1373.518239323568,1790.740312774081,53.035536227333296,4.016374928878425,0.8484848484848485,0.1515151515151515,development_exploratory_not_untouched_final,C_xgboost_current_pm,hourly_forecast_bucket_aware_arrival_time_exposure
od_12,motorbike,motorbike-1,4600.823120587895,11.041975489410948,168,256.45762300472404,267.22111796011853,348.2284752324505,10.763494955394492,4.196987724243325,1.0,0.0,development_exploratory_not_untouched_final,C_xgboost_current_pm,hourly_forecast_bucket_aware_arrival_time_exposure
od_12,motorbike,motorbike-2,4721.109525328519,11.330662860788445,166,263.2095762149274,274.232736673213,357.3888232027308,11.023160458285645,4.187978498656346,0.3413654618473896,0.6586345381526104,development_exploratory_not_untouched_final,C_xgboost_current_pm,hourly_forecast_bucket_aware_arrival_time_exposure
od_12,motorbike,motorbike-3,5580.281754562078,13.392676210948988,249,321.8570407073068,334.75165397546124,444.8034000601191,12.894613268154444,4.006316978437847,0.002403846153846154,0.9975961538461539,development_exploratory_not_untouched_final,C_xgboost_current_pm,hourly_forecast_bucket_aware_arrival_time_exposure
od_12,motorbike,motorbike-4,5904.804229009314,14.171530149622354,256,323.98489104175246,338.85919045500077,438.0991756763804,14.874299413248309,4.591047244648033,0.02912621359223301,0.970873786407767,development_exploratory_not_untouched_final,C_xgboost_current_pm,hourly_forecast_bucket_aware_arrival_time_exposure
od_12,motorbike,motorbike-5,7008.213626047753,16.819712702514604,202,406.7615987354999,418.8662471837002,556.3396631556668,12.104648448200294,2.9758582142045915,0.005434782608695652,0.9945652173913043,development_exploratory_not_untouched_final,C_xgboost_current_pm,hourly_forecast_bucket_aware_arrival_time_exposure
od_12,motorbike,motorbike-6,7262.316209679331,17.429558903230394,304,385.12013927085997,405.7287502587621,517.5297851013661,20.608610987902125,5.35121612360236,0.0021231422505307855,0.9978768577494692,development_exploratory_not_untouched_final,C_xgboost_current_pm,hourly_forecast_bucket_aware_arrival_time_exposure
od_12,motorbike,motorbike-7,6873.838377293402,16.497212105504165,281,400.12072843866184,414.9846356088098,554.1161975991081,14.863907170147968,3.7148555707547133,0.002232142857142857,0.9977678571428571,development_exploratory_not_untouched_final,C_xgboost_current_pm,hourly_forecast_bucket_aware_arrival_time_exposure
od_12,motorbike,motorbike-8,9113.20463170502,21.87169111609205,354,481.3669370231115,507.7219130663593,645.3545802727424,26.354976043247802,5.4750283029892515,0.0,1.0,development_exploratory_not_untouched_final,C_xgboost_current_pm,hourly_forecast_bucket_aware_arrival_time_exposure
od_13,walking,walking-1,6350.856943085906,76.21028331703089,223,1804.9723534927002,1885.14691567146,2381.43004266912,80.17456217875974,4.441872033309456,1.0,0.0,development_exploratory_not_untouched_final,C_xgboost_current_pm,hourly_forecast_bucket_aware_arrival_time_exposure
od_13,walking,walking-2,6481.138228551883,77.77365874262259,245,1860.0433518222271,1933.7470634944093,2446.5057253072373,73.70371167218218,3.9624727886033906,0.125,0.875,development_exploratory_not_untouched_final,C_xgboost_current_pm,hourly_forecast_bucket_aware_arrival_time_exposure
od_13,walking,walking-3,6866.266206369937,82.39519447643924,329,1928.3895510490424,2024.806458989809,2526.0955019766316,96.41690794076658,4.999866748309016,0.014705882352941176,0.9852941176470589,development_exploratory_not_untouched_final,C_xgboost_current_pm,hourly_forecast_bucket_aware_arrival_time_exposure
od_13,walking,walking-4,7212.11435750965,86.54537229011581,281,1914.8454784594553,2063.3326562053326,2510.6520393740493,148.48717774587726,7.75452533461547,0.0019880715705765406,0.9980119284294234,development_exploratory_not_untouched_final,C_xgboost_current_pm,hourly_forecast_bucket_aware_arrival_time_exposure
od_13,walking,walking-5,6351.157688633242,76.21389226359891,223,1805.059771119798,1885.2375454086193,2381.553645361795,80.17777428882141,4.441834867278763,0.9822222222222222,0.01777777777777778,development_exploratory_not_untouched_final,C_xgboost_current_pm,hourly_forecast_bucket_aware_arrival_time_exposure
od_13,walking,walking-6,6351.78359395068,76.22140312740817,223,1805.256347599371,1885.427497387441,2381.813327945829,80.1711497880699,4.440984234437478,0.9822222222222222,0.01777777777777778,development_exploratory_not_untouched_final,C_xgboost_current_pm,hourly_forecast_bucket_aware_arrival_time_exposure
od_13,walking,walking-7,6351.903524558955,76.22284229470746,223,1805.2711198722868,1885.4532361128213,2381.8293354860393,80.18211624053447,4.44155536295329,0.9734513274336283,0.026548672566371723,development_exploratory_not_untouched_final,C_xgboost_current_pm,hourly_forecast_bucket_aware_arrival_time_exposure
od_13,walking,walking-8,6352.084339498016,76.22501207397619,223,1805.3437652264683,1885.5181271246004,2381.936930638504,80.17436189813202,4.440947117241945,0.9647577092511013,0.03524229074889873,development_exploratory_not_untouched_final,C_xgboost_current_pm,hourly_forecast_bucket_aware_arrival_time_exposure
od_13,motorbike,motorbike-1,6555.777236469699,15.733865367527278,238,375.13376531930066,388.5868474753495,506.7619068881445,13.453082156048822,3.586209347110632,1.0,0.0,development_exploratory_not_untouched_final,C_xgboost_current_pm,hourly_forecast_bucket_aware_arrival_time_exposure
od_13,motorbike,motorbike-2,6921.239270399785,16.610974248959483,313,386.40643543280135,404.33173923684666,522.7231782752366,17.925303804045313,4.638976518071641,0.11088709677419355,0.8891129032258065,development_exploratory_not_untouched_final,C_xgboost_current_pm,hourly_forecast_bucket_aware_arrival_time_exposure
od_13,motorbike,motorbike-3,7392.918193668919,17.743003664805407,276,392.76500106053453,419.4004701244052,533.0054386983682,26.635469063870687,6.781528138187017,0.009823182711198428,0.9901768172888016,development_exploratory_not_untouched_final,C_xgboost_current_pm,hourly_forecast_bucket_aware_arrival_time_exposure
od_13,motorbike,motorbike-4,7691.718911691466,18.460125388059517,295,450.55774870132046,460.7379494792631,604.8026413732465,10.180200777942616,2.259466363032451,0.00946969696969697,0.990530303030303,development_exploratory_not_untouched_final,C_xgboost_current_pm,hourly_forecast_bucket_aware_arrival_time_exposure
od_13,motorbike,motorbike-5,7740.785596864544,18.577885432474904,322,435.5934857787871,453.68056884397106,588.7879014820905,18.087083065183947,4.152285021628936,0.016333938294010888,0.9836660617059891,development_exploratory_not_untouched_final,C_xgboost_current_pm,hourly_forecast_bucket_aware_arrival_time_exposure
od_13,motorbike,motorbike-6,8737.311283772979,20.96954708105515,346,476.2021486074828,505.36931004793865,646.1714084320976,29.167161440455857,6.124953767165245,0.0017152658662092624,0.9982847341337907,development_exploratory_not_untouched_final,C_xgboost_current_pm,hourly_forecast_bucket_aware_arrival_time_exposure
od_13,motorbike,motorbike-7,9053.865774029062,21.72927785766975,355,523.5245304928127,540.3120573301919,704.2259193836634,16.787526837379232,3.2066361477993253,0.008503401360544218,0.9914965986394558,development_exploratory_not_untouched_final,C_xgboost_current_pm,hourly_forecast_bucket_aware_arrival_time_exposure
od_13,motorbike,motorbike-8,9451.855458954311,22.684453101490345,393,497.1840374204239,531.4178041933349,673.9872165856616,34.23376677291094,6.885532156367787,0.007987220447284345,0.9920127795527156,development_exploratory_not_untouched_final,C_xgboost_current_pm,hourly_forecast_bucket_aware_arrival_time_exposure
od_14,walking,walking-1,3449.3464763882066,41.39215771665848,138,1037.9044985050618,1047.7020134998165,1346.5410068232047,9.797514994754692,0.9439707611698833,1.0,0.0,development_exploratory_not_untouched_final,C_xgboost_current_pm,hourly_forecast_bucket_aware_arrival_time_exposure
od_14,walking,walking-2,3578.7470410233627,42.944964492280356,172,1088.8368748429045,1095.0696294883517,1408.2607759848909,6.23275464544713,0.5724231782971514,0.08771929824561403,0.9122807017543859,development_exploratory_not_untouched_final,C_xgboost_current_pm,hourly_forecast_bucket_aware_arrival_time_exposure
od_14,walking,walking-3,4058.6015007317283,48.703218008780745,197,1218.0041265777936,1231.0187479477497,1579.9913381303775,13.014621369956103,1.068520301858342,0.08064516129032258,0.9193548387096774,development_exploratory_not_untouched_final,C_xgboost_current_pm,hourly_forecast_bucket_aware_arrival_time_exposure
od_14,walking,walking-4,4395.024946910382,52.74029936292458,222,1343.7105458292303,1350.354291736901,1734.5815410859605,6.643745907670564,0.49443281726799104,0.02857142857142857,0.9714285714285714,development_exploratory_not_untouched_final,C_xgboost_current_pm,hourly_forecast_bucket_aware_arrival_time_exposure
od_14,walking,walking-5,3910.353898415349,46.92424678098419,188,1183.6741945688923,1192.1670389556384,1532.9877854648525,8.492844386746128,0.717498482750933,0.24904214559386972,0.7509578544061303,development_exploratory_not_untouched_final,C_xgboost_current_pm,hourly_forecast_bucket_aware_arrival_time_exposure
od_14,walking,walking-6,4552.763815811306,54.63316578973567,212,1372.714232903366,1384.8078017459488,1780.6807756838289,12.093568842582727,0.8809968275045975,0.1182108626198083,0.8817891373801917,development_exploratory_not_untouched_final,C_xgboost_current_pm,hourly_forecast_bucket_aware_arrival_time_exposure
od_14,walking,walking-7,3900.035635440011,46.80042762528013,158,1175.675250546425,1185.8081653078477,1525.3892792107442,10.132914761422626,0.861880417803564,0.22821576763485477,0.7717842323651453,development_exploratory_not_untouched_final,C_xgboost_current_pm,hourly_forecast_bucket_aware_arrival_time_exposure
od_14,walking,walking-8,3455.264828217764,41.46317793861317,144,1039.2992202459398,1049.252245908256,1348.4027794998826,9.95302566231635,0.9576669998810415,0.7961783439490446,0.20382165605095537,development_exploratory_not_untouched_final,C_xgboost_current_pm,hourly_forecast_bucket_aware_arrival_time_exposure
od_14,motorbike,motorbike-1,3010.5441753969367,7.225306020952647,145,182.78398733927213,184.12567465684015,235.96930908667406,1.3416873175680166,0.7340289141836375,1.0,0.0,development_exploratory_not_untouched_final,C_xgboost_current_pm,hourly_forecast_bucket_aware_arrival_time_exposure
od_14,motorbike,motorbike-2,3091.7023158472634,7.420085558033432,154,187.68788442062709,189.09493900768464,242.2484319065412,1.4070545870575586,0.7496778981770663,0.430622009569378,0.569377990430622,development_exploratory_not_untouched_final,C_xgboost_current_pm,hourly_forecast_bucket_aware_arrival_time_exposure
od_14,motorbike,motorbike-3,3322.57627571959,7.9741830617270155,159,202.32350546291045,203.59805622489733,261.0882491639242,1.2745507619868874,0.6299568401954837,0.20634920634920634,0.7936507936507937,development_exploratory_not_untouched_final,C_xgboost_current_pm,hourly_forecast_bucket_aware_arrival_time_exposure
od_14,motorbike,motorbike-4,4154.239272164568,9.970174253194964,172,249.78153029805412,252.24546078987692,324.0409912382529,2.4639304918227936,0.9864342206898508,0.016025641025641024,0.983974358974359,development_exploratory_not_untouched_final,C_xgboost_current_pm,hourly_forecast_bucket_aware_arrival_time_exposure
od_14,motorbike,motorbike-5,5029.718254103979,12.07132380984955,165,299.0234575922992,303.3348204599107,387.8609867120148,4.311362867611479,1.4418142651168748,0.009771986970684038,0.990228013029316,development_exploratory_not_untouched_final,C_xgboost_current_pm,hourly_forecast_bucket_aware_arrival_time_exposure
od_14,motorbike,motorbike-6,4517.9290852875,10.84302980469,182,271.36136488679796,274.4016670137643,350.7379990806364,3.040302126966367,1.1203887215981059,0.07920792079207921,0.9207920792079208,development_exploratory_not_untouched_final,C_xgboost_current_pm,hourly_forecast_bucket_aware_arrival_time_exposure
od_14,motorbike,motorbike-7,6936.376700045968,16.647304080110324,323,420.52088585518953,422.8412890334604,547.4793834042471,2.320403178270851,0.5517926115731395,0.058823529411764705,0.9411764705882353,development_exploratory_not_untouched_final,C_xgboost_current_pm,hourly_forecast_bucket_aware_arrival_time_exposure
od_14,motorbike,motorbike-8,7290.831731815147,17.49799615635635,360,439.7028761851644,444.6993925038155,566.6473629793834,4.996516318651061,1.1363392393519312,0.06315789473684211,0.9368421052631579,development_exploratory_not_untouched_final,C_xgboost_current_pm,hourly_forecast_bucket_aware_arrival_time_exposure
od_15,walking,walking-1,5536.69386072246,66.44032632866953,186,1819.464887110419,1740.4560635906337,2480.335279711253,-79.00882351978544,-4.342420899656008,1.0,0.0,development_exploratory_not_untouched_final,C_xgboost_current_pm,hourly_forecast_bucket_aware_arrival_time_exposure
od_15,walking,walking-2,5564.73083435787,66.77677001229445,194,1829.894784016426,1749.8192487704289,2494.084824128965,-80.07553524599712,-4.375963904888551,0.15151515151515152,0.8484848484848485,development_exploratory_not_untouched_final,C_xgboost_current_pm,hourly_forecast_bucket_aware_arrival_time_exposure
od_15,walking,walking-3,6642.2980399657945,79.70757647958953,304,2149.490827945522,2082.981036087516,2848.8498000438994,-66.50979185800634,-3.09421147526255,0.012396694214876033,0.987603305785124,development_exploratory_not_untouched_final,C_xgboost_current_pm,hourly_forecast_bucket_aware_arrival_time_exposure
od_15,walking,walking-4,5539.285393453677,66.47142472144414,189,1820.4220920213838,1741.3296190006097,2481.6052954143493,-79.09247302077415,-4.344732651148528,0.8656716417910447,0.13432835820895528,development_exploratory_not_untouched_final,C_xgboost_current_pm,hourly_forecast_bucket_aware_arrival_time_exposure
od_15,walking,walking-5,5540.419810345768,66.48503772414922,189,1820.619240402348,1741.5713834288588,2482.0251558223217,-79.04785697348916,-4.341811578132063,0.9329896907216495,0.0670103092783505,development_exploratory_not_untouched_final,C_xgboost_current_pm,hourly_forecast_bucket_aware_arrival_time_exposure
od_15,walking,walking-6,5540.793403493031,66.48952084191637,195,1820.954981348249,1741.7834537327715,2482.4231244258117,-79.17152761547754,-4.347802577571596,0.6008403361344538,0.39915966386554624,development_exploratory_not_untouched_final,C_xgboost_current_pm,hourly_forecast_bucket_aware_arrival_time_exposure
od_15,walking,walking-7,5540.837695520378,66.49005234624452,194,1820.9790315655769,1741.7969843936012,2482.464698222084,-79.18204717197568,-4.3483228416913375,0.5767634854771784,0.4232365145228216,development_exploratory_not_untouched_final,C_xgboost_current_pm,hourly_forecast_bucket_aware_arrival_time_exposure
od_15,walking,walking-8,5540.979390083845,66.49175268100615,191,1821.096764732243,1741.8527255723475,2482.6583804010866,-79.24403915989546,-4.351445826194017,0.47265625,0.52734375,development_exploratory_not_untouched_final,C_xgboost_current_pm,hourly_forecast_bucket_aware_arrival_time_exposure
od_15,motorbike,motorbike-1,6597.866213869733,15.834878913287358,206,442.6811157386315,418.3505057374058,613.69429984103,-24.330610001225693,-5.496193340126805,1.0,0.0,development_exploratory_not_untouched_final,C_xgboost_current_pm,hourly_forecast_bucket_aware_arrival_time_exposure
od_15,motorbike,motorbike-2,7259.933104184688,17.423839450043253,284,480.3099411540151,457.792076943574,666.4811860324086,-22.517864210441132,-4.688194492984812,0.09131403118040089,0.9086859688195991,development_exploratory_not_untouched_final,C_xgboost_current_pm,hourly_forecast_bucket_aware_arrival_time_exposure
od_15,motorbike,motorbike-3,8286.265009658548,19.88703602318051,288,570.6145362080547,530.9081037250967,791.5932802022122,-39.70643248295801,-6.958538551580194,0.05106382978723404,0.948936170212766,development_exploratory_not_untouched_final,C_xgboost_current_pm,hourly_forecast_bucket_aware_arrival_time_exposure
od_15,motorbike,motorbike-4,8479.19339785534,20.35006415485282,266,596.4230657875329,548.3869348347255,827.6135944185507,-48.03613095280741,-8.054036422850151,0.04424778761061947,0.9557522123893806,development_exploratory_not_untouched_final,C_xgboost_current_pm,hourly_forecast_bucket_aware_arrival_time_exposure
od_15,motorbike,motorbike-5,8534.445133326042,20.4826683199825,282,582.0200830397703,546.0689476244081,803.4339738245225,-35.95113541536216,-6.176957885644913,0.04946236559139785,0.9505376344086022,development_exploratory_not_untouched_final,C_xgboost_current_pm,hourly_forecast_bucket_aware_arrival_time_exposure
od_15,motorbike,motorbike-6,9231.543438768904,22.155704253045368,279,645.3771846698191,596.872677735962,890.7057559635468,-48.5045069338571,-7.515683554675465,0.05434782608695652,0.9456521739130435,development_exploratory_not_untouched_final,C_xgboost_current_pm,hourly_forecast_bucket_aware_arrival_time_exposure
od_15,motorbike,motorbike-7,9919.657394086715,23.807177745808115,469,650.1352304675281,622.1865581576596,906.4367382010153,-27.94867230986847,-4.29890136699251,0.04813664596273292,0.9518633540372671,development_exploratory_not_untouched_final,C_xgboost_current_pm,hourly_forecast_bucket_aware_arrival_time_exposure
od_15,motorbike,motorbike-8,11122.098007482558,26.693035217958137,533,732.1443900589659,702.0898041410094,1013.4853616603057,-30.0545859179565,-4.1050080183686095,0.04231311706629055,0.9576868829337094,development_exploratory_not_untouched_final,C_xgboost_current_pm,hourly_forecast_bucket_aware_arrival_time_exposure
od_16,walking,walking-1,3526.7526483840734,42.321031780608884,93,1249.13110315002,1151.845057062183,1704.7731928103738,-97.2860460878369,-7.788297468736786,1.0,0.0,development_exploratory_not_untouched_final,C_xgboost_current_pm,hourly_forecast_bucket_aware_arrival_time_exposure
od_16,walking,walking-2,3567.1582323977727,42.80589878877327,97,1264.6468301081327,1165.0618148229366,1727.1777758701246,-99.58501528519605,-7.874531680649618,0.1111111111111111,0.8888888888888888,development_exploratory_not_untouched_final,C_xgboost_current_pm,hourly_forecast_bucket_aware_arrival_time_exposure
od_16,walking,walking-3,3734.9656319943188,44.81958758393183,103,1332.1203564017717,1225.991735746452,1811.115359616272,-106.12862065531976,-7.96689429339454,0.015544041450777202,0.9844559585492227,development_exploratory_not_untouched_final,C_xgboost_current_pm,hourly_forecast_bucket_aware_arrival_time_exposure
od_16,walking,walking-4,4130.93814370375,49.571257724445005,172,1475.819523522307,1360.5645758976334,1996.5029040044753,-115.2549476246736,-7.809555693476468,0.003787878787878788,0.9962121212121212,development_exploratory_not_untouched_final,C_xgboost_current_pm,hourly_forecast_bucket_aware_arrival_time_exposure
od_16,walking,walking-5,4672.320754159965,56.06784904991958,178,1654.0639608908177,1531.8090425337887,2241.068146985394,-122.25491835702906,-7.391184455236367,0.003703703703703704,0.9962962962962963,development_exploratory_not_untouched_final,C_xgboost_current_pm,hourly_forecast_bucket_aware_arrival_time_exposure
od_16,walking,walking-6,4619.874164764931,55.438489977179174,117,1628.081007579884,1503.1939996349686,2228.9938876308424,-124.88700794491547,-7.670810442691544,0.06060606060606061,0.9393939393939394,development_exploratory_not_untouched_final,C_xgboost_current_pm,hourly_forecast_bucket_aware_arrival_time_exposure
od_16,walking,walking-7,4741.988775572993,56.90386530687592,141,1671.290125067838,1546.6190410788652,2277.8184331535363,-124.6710839889729,-7.459571627871162,0.11428571428571428,0.8857142857142857,development_exploratory_not_untouched_final,C_xgboost_current_pm,hourly_forecast_bucket_aware_arrival_time_exposure
od_16,walking,walking-8,4638.060823025682,55.65672987630819,146,1636.2061795076972,1511.7792153927726,2234.2400727216386,-124.42696411492466,-7.604601771664396,0.06696428571428571,0.9330357142857143,development_exploratory_not_untouched_final,C_xgboost_current_pm,hourly_forecast_bucket_aware_arrival_time_exposure
od_16,motorbike,motorbike-1,3518.2726482470057,8.443854355792814,92,249.15429796842588,229.7731175847005,340.0753880861224,-19.381180383725393,-7.778786294981544,1.0,0.0,development_exploratory_not_untouched_final,C_xgboost_current_pm,hourly_forecast_bucket_aware_arrival_time_exposure
od_16,motorbike,motorbike-2,3558.917201928772,8.541401284629051,96,252.27111444947462,232.43229179994006,344.5708122177093,-19.838822649534563,-7.86408808350031,0.10588235294117647,0.8941176470588236,development_exploratory_not_untouched_final,C_xgboost_current_pm,hourly_forecast_bucket_aware_arrival_time_exposure
od_16,motorbike,motorbike-3,3730.253531844718,8.952608476427322,104,265.97674817811924,244.8634858932285,361.56073829294445,-21.113262284890737,-7.938010532691983,0.010309278350515464,0.9896907216494846,development_exploratory_not_untouched_final,C_xgboost_current_pm,hourly_forecast_bucket_aware_arrival_time_exposure
od_16,motorbike,motorbike-4,4315.9206768779495,10.35820962450708,171,308.2283614754366,284.18415495295227,417.1897903643826,-24.04420652248433,-7.800776803078345,0.0,1.0,development_exploratory_not_untouched_final,C_xgboost_current_pm,hourly_forecast_bucket_aware_arrival_time_exposure
od_16,motorbike,motorbike-5,4371.406174047021,10.49137481771285,167,308.9762871954439,286.3576122590628,418.6893517449993,-22.61867493638107,-7.32052130656666,0.0,1.0,development_exploratory_not_untouched_final,C_xgboost_current_pm,hourly_forecast_bucket_aware_arrival_time_exposure
od_16,motorbike,motorbike-6,5438.996656530225,13.053591975672537,174,389.30161424770785,358.45081865068863,526.9954318983041,-30.850795597019214,-7.924651341771532,0.0,1.0,development_exploratory_not_untouched_final,C_xgboost_current_pm,hourly_forecast_bucket_aware_arrival_time_exposure
od_16,motorbike,motorbike-7,5740.59407093733,13.777425770249591,216,406.6559539327854,376.85804608322013,550.3346387980466,-29.797907849565263,-7.327547417267238,0.0,1.0,development_exploratory_not_untouched_final,C_xgboost_current_pm,hourly_forecast_bucket_aware_arrival_time_exposure
od_16,motorbike,motorbike-8,4046.094071154421,9.71062577077061,111,287.63615317944254,264.6439585140045,392.6652088687964,-22.992194665438035,-7.993499569261135,0.057291666666666664,0.9427083333333334,development_exploratory_not_untouched_final,C_xgboost_current_pm,hourly_forecast_bucket_aware_arrival_time_exposure
od_17,walking,walking-1,2869.567443923257,34.43480932707909,109,852.606744449057,866.3491702123199,1101.149064801844,13.742425763262872,1.6118129316632421,1.0,0.0,development_exploratory_not_untouched_final,C_xgboost_current_pm,hourly_forecast_bucket_aware_arrival_time_exposure
od_17,walking,walking-2,3117.1436411806258,37.405723694167506,127,921.541208310341,938.2800757904364,1189.6539650641917,16.73886748009545,1.8163992374021347,0.03056768558951965,0.9694323144104804,development_exploratory_not_untouched_final,C_xgboost_current_pm,hourly_forecast_bucket_aware_arrival_time_exposure
od_17,walking,walking-3,3492.8486766457945,41.91418411974953,138,1021.4589921380636,1044.2915529132515,1317.0467533969518,22.832560775187858,2.2352890278439816,0.0040650406504065045,0.9959349593495935,development_exploratory_not_untouched_final,C_xgboost_current_pm,hourly_forecast_bucket_aware_arrival_time_exposure
od_17,walking,walking-4,3798.92964477752,45.58715573733024,189,1132.2283376565065,1148.0080903912567,1466.2532544151466,15.779752734750218,1.3936899660550144,0.07194244604316546,0.9280575539568345,development_exploratory_not_untouched_final,C_xgboost_current_pm,hourly_forecast_bucket_aware_arrival_time_exposure
od_17,walking,walking-5,3699.564317421375,44.3947718090565,171,1088.676675261507,1109.5552423664676,1407.7538135185503,20.878567104960666,1.91779318684728,0.010830324909747292,0.9891696750902527,development_exploratory_not_untouched_final,C_xgboost_current_pm,hourly_forecast_bucket_aware_arrival_time_exposure
od_17,walking,walking-6,4039.383924892288,48.47260709870746,189,1202.9778411714613,1221.6575971265997,1551.9131822120498,18.67975595513849,1.5527930204390232,0.17786561264822134,0.8221343873517787,development_exploratory_not_untouched_final,C_xgboost_current_pm,hourly_forecast_bucket_aware_arrival_time_exposure
od_17,walking,walking-7,3979.4418602864134,47.75330232343696,175,1160.6818320011598,1186.5791765407023,1500.0506507959678,25.897344539542473,2.23121822238677,0.010676156583629894,0.9893238434163701,development_exploratory_not_untouched_final,C_xgboost_current_pm,hourly_forecast_bucket_aware_arrival_time_exposure
od_17,walking,walking-8,3406.8467819004513,40.882161382805414,133,1005.4145772612297,1024.5416825643754,1297.1298659405054,19.12710530314564,1.9024097855481938,0.047619047619047616,0.9523809523809523,development_exploratory_not_untouched_final,C_xgboost_current_pm,hourly_forecast_bucket_aware_arrival_time_exposure
od_17,motorbike,motorbike-1,3100.431544695214,7.441035707268513,123,183.6292083228848,186.7384487067568,237.53706110845897,3.1092403838719918,1.6932166795626828,1.0,0.0,development_exploratory_not_untouched_final,C_xgboost_current_pm,hourly_forecast_bucket_aware_arrival_time_exposure
od_17,motorbike,motorbike-2,3430.7028674671524,8.233686881921164,158,199.9389825102109,204.56937327000355,258.0849015215779,4.630390759792647,2.3159019325089205,0.0035714285714285713,0.9964285714285714,development_exploratory_not_untouched_final,C_xgboost_current_pm,hourly_forecast_bucket_aware_arrival_time_exposure
od_17,motorbike,motorbike-3,3598.669823020513,8.63680757524923,172,211.62784492412987,215.8346371505272,273.363733319837,4.206792226397312,1.9878254810492813,0.003401360544217687,0.9965986394557823,development_exploratory_not_untouched_final,C_xgboost_current_pm,hourly_forecast_bucket_aware_arrival_time_exposure
od_17,motorbike,motorbike-4,3910.031297179511,9.384075113230827,207,232.60603368693077,235.97990428463186,301.2968352396088,3.373870597701085,1.4504656410770698,0.06109324758842444,0.9389067524115755,development_exploratory_not_untouched_final,C_xgboost_current_pm,hourly_forecast_bucket_aware_arrival_time_exposure
od_17,motorbike,motorbike-5,4322.052827981246,10.37292678715499,179,250.9016271470798,256.95943676294235,324.41397182875613,6.0578096158625385,2.414416233463253,0.0033222591362126247,0.9966777408637874,development_exploratory_not_untouched_final,C_xgboost_current_pm,hourly_forecast_bucket_aware_arrival_time_exposure
od_17,motorbike,motorbike-6,4425.4574769019055,10.621097944564573,173,264.8313755785661,268.01306269917967,343.9477334461887,3.18168712061356,1.2014011231345456,0.10037174721189591,0.8996282527881041,development_exploratory_not_untouched_final,C_xgboost_current_pm,hourly_forecast_bucket_aware_arrival_time_exposure
od_17,motorbike,motorbike-7,4846.264008247869,11.631033619794886,212,280.4694495193112,287.806391741885,361.4971696398273,7.336942222573839,2.615950591106597,0.0029940119760479044,0.9970059880239521,development_exploratory_not_untouched_final,C_xgboost_current_pm,hourly_forecast_bucket_aware_arrival_time_exposure
od_17,motorbike,motorbike-8,4544.134894653479,10.90592374716835,236,270.785967323312,274.7252195879548,350.648112676811,3.939252264642846,1.4547475644997043,0.04664723032069971,0.9533527696793003,development_exploratory_not_untouched_final,C_xgboost_current_pm,hourly_forecast_bucket_aware_arrival_time_exposure
od_18,walking,walking-1,5302.621662889769,63.63145995467723,203,1648.0752322083622,1644.6698734897127,2252.1399024931875,-3.405358718649495,-0.2066264119561117,1.0,0.0,development_exploratory_not_untouched_final,C_xgboost_current_pm,hourly_forecast_bucket_aware_arrival_time_exposure
od_18,walking,walking-2,5453.31078610955,65.43972943331461,229,1692.9273783568074,1691.4766560281719,2304.28936107839,-1.4507223286354929,-0.0856931222911402,0.16129032258064516,0.8387096774193549,development_exploratory_not_untouched_final,C_xgboost_current_pm,hourly_forecast_bucket_aware_arrival_time_exposure
od_18,walking,walking-3,5886.37401271426,70.63648815257112,231,1783.2130366122708,1817.829661068603,2444.1437766675112,34.61662445633215,1.9412500775620418,0.0,1.0,development_exploratory_not_untouched_final,C_xgboost_current_pm,hourly_forecast_bucket_aware_arrival_time_exposure
od_18,walking,walking-4,5942.626807119122,71.31152168542945,200,1812.6293201940093,1839.4529381373784,2470.4497789439333,26.823617943369072,1.4798181649460513,0.017676767676767676,0.9823232323232324,development_exploratory_not_untouched_final,C_xgboost_current_pm,hourly_forecast_bucket_aware_arrival_time_exposure
od_18,walking,walking-5,5308.283968697918,63.69940762437501,204,1649.7689868974198,1646.8357591057165,2251.821281865391,-2.9332277917033025,-0.17779627420561314,0.9380952380952381,0.06190476190476191,development_exploratory_not_untouched_final,C_xgboost_current_pm,hourly_forecast_bucket_aware_arrival_time_exposure
od_18,walking,walking-6,5308.4002341419755,63.70080280970371,204,1649.8015578267787,1646.8704588658284,2251.867855122175,-2.931098960950294,-0.17766372852813403,0.9473684210526315,0.052631578947368474,development_exploratory_not_untouched_final,C_xgboost_current_pm,hourly_forecast_bucket_aware_arrival_time_exposure
od_18,walking,walking-7,5309.089136494983,63.7090696379398,205,1650.0697978011303,1647.1031021593367,2252.2142330653855,-2.966695641793649,-0.17979213035394281,0.933649289099526,0.06635071090047395,development_exploratory_not_untouched_final,C_xgboost_current_pm,hourly_forecast_bucket_aware_arrival_time_exposure
od_18,walking,walking-8,5309.1663973922905,63.70999676870749,197,1650.3540694584312,1647.2466179484138,2252.4786701145126,-3.1074515100174267,-0.1882899898587911,0.6194331983805668,0.38056680161943324,development_exploratory_not_untouched_final,C_xgboost_current_pm,hourly_forecast_bucket_aware_arrival_time_exposure
od_18,motorbike,motorbike-1,5302.621662889769,12.726291990935445,203,329.6150464416727,328.39421545466763,453.4320330228294,-1.2208309870050584,-0.3703808427996298,1.0,0.0,development_exploratory_not_untouched_final,C_xgboost_current_pm,hourly_forecast_bucket_aware_arrival_time_exposure
od_18,motorbike,motorbike-2,5717.7226839283285,13.722534441427987,212,347.3533919516355,352.1334063774306,485.40665015645516,4.780014425795116,1.3761242977758719,0.027227722772277228,0.9727722772277227,development_exploratory_not_untouched_final,C_xgboost_current_pm,hourly_forecast_bucket_aware_arrival_time_exposure
od_18,motorbike,motorbike-3,6081.216092446163,14.594918621870791,196,369.906250163112,374.24736533219004,514.6854763071727,4.341115169078023,1.173571727204876,0.0,1.0,development_exploratory_not_untouched_final,C_xgboost_current_pm,hourly_forecast_bucket_aware_arrival_time_exposure
od_18,motorbike,motorbike-4,6866.884558121766,16.48052293949224,281,429.2665519025041,424.452376341438,584.5000577157347,-4.814175561066065,-1.1214886274576248,0.0,1.0,development_exploratory_not_untouched_final,C_xgboost_current_pm,hourly_forecast_bucket_aware_arrival_time_exposure
od_18,motorbike,motorbike-5,6679.123938559837,16.02989745254361,243,404.17727692546964,410.834674589169,565.274744047457,6.657397663699385,1.6471479332884442,0.0,1.0,development_exploratory_not_untouched_final,C_xgboost_current_pm,hourly_forecast_bucket_aware_arrival_time_exposure
od_18,motorbike,motorbike-6,7275.468701341869,17.461124883220485,263,440.415263167223,447.60859676595265,619.4995346040656,7.19333359872968,1.6333070627478266,0.013043478260869565,0.9869565217391304,development_exploratory_not_untouched_final,C_xgboost_current_pm,hourly_forecast_bucket_aware_arrival_time_exposure
od_18,motorbike,motorbike-7,7933.760205359548,19.041024492862917,333,489.5276407761327,488.37259446054935,680.5151814027078,-1.1550463155833768,-0.23595119445187657,0.013232514177693762,0.9867674858223062,development_exploratory_not_untouched_final,C_xgboost_current_pm,hourly_forecast_bucket_aware_arrival_time_exposure
od_18,motorbike,motorbike-8,8688.186354942,20.8516472518608,323,546.4507473709166,537.4603829029514,738.71963174588,-8.99036446796515,-1.645228689176396,0.0,1.0,development_exploratory_not_untouched_final,C_xgboost_current_pm,hourly_forecast_bucket_aware_arrival_time_exposure
od_19,walking,walking-1,4418.02744247005,53.016329309640604,189,1293.19734703441,1301.5073267975924,1900.2739309497003,8.309979763182355,0.6425917731921575,1.0,0.0,development_exploratory_not_untouched_final,C_xgboost_current_pm,hourly_forecast_bucket_aware_arrival_time_exposure
od_19,walking,walking-2,4669.099392270077,56.02919270724093,200,1372.4961782514254,1381.7742004274362,2007.5775572877799,9.278022176010836,0.6759962120864434,0.04289544235924933,0.9571045576407506,development_exploratory_not_untouched_final,C_xgboost_current_pm,hourly_forecast_bucket_aware_arrival_time_exposure
od_19,walking,walking-3,4794.828675782964,57.53794410939557,214,1418.576339631757,1428.2687179762254,2067.505438983548,9.692378344468352,0.6832468633294956,0.017676767676767676,0.9823232323232324,development_exploratory_not_untouched_final,C_xgboost_current_pm,hourly_forecast_bucket_aware_arrival_time_exposure
od_19,walking,walking-4,4983.018894738077,59.79622673685692,199,1453.8263497738942,1466.1104083443254,2137.2708475588925,12.28405857043117,0.8449467553220262,0.029177718832891247,0.9708222811671088,development_exploratory_not_untouched_final,C_xgboost_current_pm,hourly_forecast_bucket_aware_arrival_time_exposure
od_19,walking,walking-5,5519.494188661551,66.23393026393862,225,1623.6083607775097,1644.9304809148932,2338.097798023883,21.322120137383536,1.313255132978796,0.0072992700729927005,0.9927007299270073,development_exploratory_not_untouched_final,C_xgboost_current_pm,hourly_forecast_bucket_aware_arrival_time_exposure
od_19,walking,walking-6,4419.070388169506,53.02884465803408,189,1293.4806534469049,1301.8141168741643,1900.6811172783564,8.333463427259403,0.6442665690477973,0.9790575916230366,0.020942408376963373,development_exploratory_not_untouched_final,C_xgboost_current_pm,hourly_forecast_bucket_aware_arrival_time_exposure
od_19,walking,walking-7,4419.312988553481,53.031755862641766,190,1293.5920856501618,1301.883993553308,1900.8747211027435,8.291907903146239,0.6409986575465719,0.9739583333333334,0.02604166666666663,development_exploratory_not_untouched_final,C_xgboost_current_pm,hourly_forecast_bucket_aware_arrival_time_exposure
od_19,walking,walking-8,4420.03263678007,53.04039164136084,188,1293.7872594506898,1302.091491902925,1901.1430910247902,8.304232452235283,0.6418545546476516,0.9040404040404041,0.09595959595959591,development_exploratory_not_untouched_final,C_xgboost_current_pm,hourly_forecast_bucket_aware_arrival_time_exposure
od_19,motorbike,motorbike-1,4452.229550030954,10.685350920074288,188,260.62046107648234,262.30139398963075,382.96639879908736,1.6809329131484105,0.6449735013917881,1.0,0.0,development_exploratory_not_untouched_final,C_xgboost_current_pm,hourly_forecast_bucket_aware_arrival_time_exposure
od_19,motorbike,motorbike-2,4754.873068349656,11.411695364039174,204,279.9694608100832,281.54155592692956,409.57439184241707,1.5720951168463557,0.5615237863078159,0.03430079155672823,0.9656992084432717,development_exploratory_not_untouched_final,C_xgboost_current_pm,hourly_forecast_bucket_aware_arrival_time_exposure
od_19,motorbike,motorbike-3,4874.50019299605,11.698800463190517,224,288.1206381480423,290.22158042869836,420.027791745758,2.1009422806560565,0.7291884032189839,0.03,0.97,development_exploratory_not_untouched_final,C_xgboost_current_pm,hourly_forecast_bucket_aware_arrival_time_exposure
od_19,motorbike,motorbike-4,5145.295096555073,12.348708231732173,202,300.00929218180886,302.6696377051728,440.9909321984564,2.660345523363958,0.8867543748450831,0.0893854748603352,0.9106145251396648,development_exploratory_not_untouched_final,C_xgboost_current_pm,hourly_forecast_bucket_aware_arrival_time_exposure
od_19,motorbike,motorbike-5,6605.204278532614,15.852490268478272,248,383.6455146314494,384.90994106764106,567.9545392904059,1.264426436191684,0.32958196771995635,0.0022988505747126436,0.9977011494252873,development_exploratory_not_untouched_final,C_xgboost_current_pm,hourly_forecast_bucket_aware_arrival_time_exposure
od_19,motorbike,motorbike-6,5903.006512813113,14.16721563075147,246,350.5889304810001,353.5397468871652,509.478794908203,2.9508164061651314,0.841674151581648,0.01639344262295082,0.9836065573770492,development_exploratory_not_untouched_final,C_xgboost_current_pm,hourly_forecast_bucket_aware_arrival_time_exposure
od_19,motorbike,motorbike-7,6287.954321782368,15.091090372277684,233,374.51498762594116,375.5890930465156,545.375329921651,1.0741054205744263,0.2867990483860751,0.01201923076923077,0.9879807692307693,development_exploratory_not_untouched_final,C_xgboost_current_pm,hourly_forecast_bucket_aware_arrival_time_exposure
od_19,motorbike,motorbike-8,8408.646974442783,20.18075273866268,306,500.5373232296726,506.81871543996806,723.413260883464,6.281392210295451,1.2549298361539407,0.010224948875255624,0.9897750511247444,development_exploratory_not_untouched_final,C_xgboost_current_pm,hourly_forecast_bucket_aware_arrival_time_exposure
od_20,walking,walking-1,3870.689305537254,46.44827166644704,130,923.7461685000703,1003.7194875137616,1207.5716029709924,79.97331901369125,8.657499401978322,1.0,0.0,development_exploratory_not_untouched_final,C_xgboost_current_pm,hourly_forecast_bucket_aware_arrival_time_exposure
od_20,walking,walking-2,3950.8530504774094,47.41023660572891,187,994.4555874430521,1062.7698545990186,1307.3458268571237,68.31426715596649,6.869514136032599,0.12411347517730496,0.875886524822695,development_exploratory_not_untouched_final,C_xgboost_current_pm,hourly_forecast_bucket_aware_arrival_time_exposure
od_20,walking,walking-3,4345.859001048228,52.15030801257873,109,1016.4048601274734,1111.5962440164444,1325.5805436411565,95.19138388897102,9.365498692817397,0.06222222222222222,0.9377777777777778,development_exploratory_not_untouched_final,C_xgboost_current_pm,hourly_forecast_bucket_aware_arrival_time_exposure
od_20,walking,walking-4,4882.235947122253,58.58683136546703,155,1201.9592814912437,1293.4503878578798,1579.7896706957192,91.49110636663613,7.611830764610027,0.05166051660516605,0.948339483394834,development_exploratory_not_untouched_final,C_xgboost_current_pm,hourly_forecast_bucket_aware_arrival_time_exposure
od_20,walking,walking-5,4964.158644154792,59.5699037298575,207,1248.0674536444187,1334.265599947694,1637.6164369592432,86.19814630327528,6.906529454924286,0.06645569620253164,0.9335443037974683,development_exploratory_not_untouched_final,C_xgboost_current_pm,hourly_forecast_bucket_aware_arrival_time_exposure
od_20,walking,walking-6,3870.8050386370564,46.449660463644676,131,923.7642826086699,1003.7423114655935,1207.5930321547921,79.97802885692363,8.657839490293906,0.9191176470588235,0.08088235294117652,development_exploratory_not_untouched_final,C_xgboost_current_pm,hourly_forecast_bucket_aware_arrival_time_exposure
od_20,walking,walking-7,3871.0823487840876,46.452988185409055,131,923.8397887363035,1003.821019356262,1207.6912248305475,79.98123061995852,8.657478449738864,0.9333333333333333,0.06666666666666665,development_exploratory_not_untouched_final,C_xgboost_current_pm,hourly_forecast_bucket_aware_arrival_time_exposure
od_20,walking,walking-8,3872.345590797201,46.468147089566415,131,924.1856093177935,1004.1809510419125,1208.1408858012253,79.99534172411904,8.65576578098519,0.9624060150375939,0.03759398496240607,development_exploratory_not_untouched_final,C_xgboost_current_pm,hourly_forecast_bucket_aware_arrival_time_exposure
od_20,motorbike,motorbike-1,3654.3931123001908,8.770543469520456,116,174.47743096973738,189.52276487525018,227.6800432169028,15.045333905512791,8.623083124213561,1.0,0.0,development_exploratory_not_untouched_final,C_xgboost_current_pm,hourly_forecast_bucket_aware_arrival_time_exposure
od_20,motorbike,motorbike-2,3919.5657818392115,9.406957876414108,140,188.8483559742304,204.53531819537383,246.7223303673815,15.686962221143432,8.306644842216164,0.3544973544973545,0.6455026455026456,development_exploratory_not_untouched_final,C_xgboost_current_pm,hourly_forecast_bucket_aware_arrival_time_exposure
od_20,motorbike,motorbike-3,4201.855861486638,10.08445406756793,131,198.79500335637255,216.61314879524994,259.4453246548505,17.818145438877394,8.963075096477882,0.235,0.765,development_exploratory_not_untouched_final,C_xgboost_current_pm,hourly_forecast_bucket_aware_arrival_time_exposure
od_20,motorbike,motorbike-4,4941.221431558331,11.858931435739994,218,248.37133463799657,265.5014183737449,326.6855805900265,17.130083735748343,6.8969648855475185,0.05362776025236593,0.9463722397476341,development_exploratory_not_untouched_final,C_xgboost_current_pm,hourly_forecast_bucket_aware_arrival_time_exposure
od_20,motorbike,motorbike-5,5457.211260147203,13.097307024353286,244,289.6088267544236,304.6601341896885,381.84999316569656,15.051307435264903,5.197116263320177,0.01694915254237288,0.9830508474576272,development_exploratory_not_untouched_final,C_xgboost_current_pm,hourly_forecast_bucket_aware_arrival_time_exposure
od_20,motorbike,motorbike-6,6581.540642478123,15.795697541947495,278,342.06705268786897,362.05598034061956,449.5133560204901,19.98892765275059,5.843569994737314,0.023376623376623377,0.9766233766233766,development_exploratory_not_untouched_final,C_xgboost_current_pm,hourly_forecast_bucket_aware_arrival_time_exposure
od_20,motorbike,motorbike-7,7460.396092847425,17.90495062283382,316,400.44862760492146,421.3926401741218,536.9511333602213,20.944012569200368,5.230137182506096,0.023696682464454975,0.976303317535545,development_exploratory_not_untouched_final,C_xgboost_current_pm,hourly_forecast_bucket_aware_arrival_time_exposure
od_20,motorbike,motorbike-8,7893.002443534943,18.94320586448386,322,432.4167470961959,451.47429439791983,573.2004900535634,19.057547301723957,4.407217673621784,0.011547344110854504,0.9884526558891455,development_exploratory_not_untouched_final,C_xgboost_current_pm,hourly_forecast_bucket_aware_arrival_time_exposure
od_21,walking,walking-1,3656.554209845969,43.87865051815163,198,1010.3754367831997,1056.0156986285226,1375.4909353744786,45.640261845322925,4.517158690103444,1.0,0.0,development_exploratory_not_untouched_final,C_xgboost_current_pm,hourly_forecast_bucket_aware_arrival_time_exposure
od_21,walking,walking-2,3703.4208469341515,44.44105016320982,153,1041.5680779232111,1081.4259112026054,1416.7603198005493,39.8578332793943,3.826714174926239,0.06363636363636363,0.9363636363636364,development_exploratory_not_untouched_final,C_xgboost_current_pm,hourly_forecast_bucket_aware_arrival_time_exposure
od_21,walking,walking-3,3775.065186328442,45.300782235941305,157,1077.4888431620964,1111.4114119620654,1462.8649734599246,33.922568799968985,3.14829884460026,0.03498542274052478,0.9650145772594753,development_exploratory_not_untouched_final,C_xgboost_current_pm,hourly_forecast_bucket_aware_arrival_time_exposure
od_21,walking,walking-4,4127.407665016449,49.52889198019739,170,1195.5371593326886,1223.607772297099,1619.8311059294626,28.07061296441043,2.3479498521048536,0.013774104683195593,0.9862258953168044,development_exploratory_not_untouched_final,C_xgboost_current_pm,hourly_forecast_bucket_aware_arrival_time_exposure
od_21,walking,walking-5,4231.384507489439,50.77661408987327,209,1175.3386385975662,1228.2549760873455,1603.5475036382252,52.91633748977938,4.5022205304949425,0.007425742574257425,0.9925742574257426,development_exploratory_not_untouched_final,C_xgboost_current_pm,hourly_forecast_bucket_aware_arrival_time_exposure
od_21,walking,walking-6,4736.583304188543,56.838999650262515,231,1369.1403544430843,1404.294122273805,1855.8240235993435,35.15376783072065,2.567579555787756,0.00468384074941452,0.9953161592505855,development_exploratory_not_untouched_final,C_xgboost_current_pm,hourly_forecast_bucket_aware_arrival_time_exposure
od_21,walking,walking-7,4840.254960892578,58.08305953071094,256,1352.5351387735554,1408.2403987439345,1841.419772053761,55.705259970379075,4.118581349456931,0.12098765432098765,0.8790123456790123,development_exploratory_not_untouched_final,C_xgboost_current_pm,hourly_forecast_bucket_aware_arrival_time_exposure
od_21,walking,walking-8,4738.2173129590965,56.85860775550916,191,1336.715591455449,1386.516072213138,1816.1481436563852,49.800480757689,3.725585388247399,0.02368421052631579,0.9763157894736842,development_exploratory_not_untouched_final,C_xgboost_current_pm,hourly_forecast_bucket_aware_arrival_time_exposure
od_21,motorbike,motorbike-1,3770.566646302767,9.04935995112664,154,215.29221496537298,222.01980535406884,292.2415064729302,6.727590388695859,3.124864682068465,1.0,0.0,development_exploratory_not_untouched_final,C_xgboost_current_pm,hourly_forecast_bucket_aware_arrival_time_exposure
od_21,motorbike,motorbike-2,3880.3113618434136,9.312747268424193,202,215.1849062716784,224.5974087122195,293.06825206506056,9.412502440541118,4.374146218535192,0.09538461538461539,0.9046153846153846,development_exploratory_not_untouched_final,C_xgboost_current_pm,hourly_forecast_bucket_aware_arrival_time_exposure
od_21,motorbike,motorbike-3,4009.0199907207616,9.621647977729827,176,222.51123120092728,232.57470872249803,303.63579954403684,10.063477521570746,4.522682952791467,0.03125,0.96875,development_exploratory_not_untouched_final,C_xgboost_current_pm,hourly_forecast_bucket_aware_arrival_time_exposure
od_21,motorbike,motorbike-4,4351.407359613082,10.443377663071397,197,250.18234448713258,256.9749947122522,339.12793899231235,6.792650225119644,2.715079770734583,0.014450867052023121,0.9855491329479769,development_exploratory_not_untouched_final,C_xgboost_current_pm,hourly_forecast_bucket_aware_arrival_time_exposure
od_21,motorbike,motorbike-5,4780.991840857919,11.474380418059006,236,256.229475960165,271.2980890278065,349.8009277494817,15.06861306764148,5.88090539200265,0.005154639175257732,0.9948453608247423,development_exploratory_not_untouched_final,C_xgboost_current_pm,hourly_forecast_bucket_aware_arrival_time_exposure
od_21,motorbike,motorbike-6,5023.670349757082,12.056808839416995,227,281.4304941139495,292.79865259035205,382.9931204030135,11.368158476402527,4.039419577538612,0.005277044854881266,0.9947229551451188,development_exploratory_not_untouched_final,C_xgboost_current_pm,hourly_forecast_bucket_aware_arrival_time_exposure
od_21,motorbike,motorbike-7,6111.949874884903,14.668679699723764,290,362.9889181525382,367.3754829905728,488.2434130595545,4.386564838034587,1.2084569579590385,0.004524886877828055,0.995475113122172,development_exploratory_not_untouched_final,C_xgboost_current_pm,hourly_forecast_bucket_aware_arrival_time_exposure
od_21,motorbike,motorbike-8,6565.283984766543,15.756681563439704,324,343.1696309939363,367.8108203312145,469.8491298160461,24.64118933727815,7.180469106753082,0.004201680672268907,0.9957983193277311,development_exploratory_not_untouched_final,C_xgboost_current_pm,hourly_forecast_bucket_aware_arrival_time_exposure
od_22,walking,walking-1,2923.0830049804026,35.07699605976483,139,873.8989996601254,854.4942361549785,1306.4046287140293,-19.40476350514689,-2.2204812584399045,1.0,0.0,development_exploratory_not_untouched_final,C_xgboost_current_pm,hourly_forecast_bucket_aware_arrival_time_exposure
od_22,walking,walking-2,3130.359741676711,37.56431690012053,141,933.7516332237051,913.5170458025506,1396.9320644312616,-20.234587421154515,-2.1670202976027118,0.08108108108108109,0.9189189189189189,development_exploratory_not_untouched_final,C_xgboost_current_pm,hourly_forecast_bucket_aware_arrival_time_exposure
od_22,walking,walking-3,3298.849895487439,39.58619874584927,128,979.8491350357709,960.4828673527517,1465.3666963151106,-19.36626768301926,-1.9764540264978918,0.007547169811320755,0.9924528301886792,development_exploratory_not_untouched_final,C_xgboost_current_pm,hourly_forecast_bucket_aware_arrival_time_exposure
od_22,walking,walking-4,3634.672604218706,43.61607125062448,178,1092.3331906693402,1065.9623315324116,1630.9849047093821,-26.37085913692863,-2.4141772274418916,0.03257328990228013,0.9674267100977199,development_exploratory_not_untouched_final,C_xgboost_current_pm,hourly_forecast_bucket_aware_arrival_time_exposure
od_22,walking,walking-5,3937.3476272481485,47.248171526977785,194,1167.57615780803,1144.3512865602504,1748.3621868878065,-23.224871247779674,-1.9891525783963677,0.0030120481927710845,0.9969879518072289,development_exploratory_not_untouched_final,C_xgboost_current_pm,hourly_forecast_bucket_aware_arrival_time_exposure
od_22,walking,walking-6,4028.9128229267358,48.34695387512083,213,1200.7324772401996,1175.1376804701508,1796.7840111341802,-25.594796770048788,-2.131598607949429,0.011494252873563218,0.9885057471264368,development_exploratory_not_untouched_final,C_xgboost_current_pm,hourly_forecast_bucket_aware_arrival_time_exposure
od_22,walking,walking-7,3966.091453703494,47.59309744444193,223,1189.4797606884758,1161.164856235882,1778.6407033607527,-28.314904452593737,-2.3804444084197742,0.13125,0.86875,development_exploratory_not_untouched_final,C_xgboost_current_pm,hourly_forecast_bucket_aware_arrival_time_exposure
od_22,walking,walking-8,3906.1922019945778,46.87430642393494,186,1161.8407661778353,1138.2727367612533,1737.249833639814,-23.56802941658202,-2.0285077011125137,0.05177993527508091,0.948220064724919,development_exploratory_not_untouched_final,C_xgboost_current_pm,hourly_forecast_bucket_aware_arrival_time_exposure
od_22,motorbike,motorbike-1,2923.0830049804026,7.015399211952966,139,174.77979993202518,170.89884723099578,261.28092574280583,-3.8809527010294005,-2.220481258439916,1.0,0.0,development_exploratory_not_untouched_final,C_xgboost_current_pm,hourly_forecast_bucket_aware_arrival_time_exposure
od_22,motorbike,motorbike-2,3253.4797045440173,7.80835129090564,151,193.55838673770813,189.64476412065375,289.36654503771126,-3.9136226170543864,-2.0219338893115255,0.006944444444444444,0.9930555555555556,development_exploratory_not_untouched_final,C_xgboost_current_pm,hourly_forecast_bucket_aware_arrival_time_exposure
od_22,motorbike,motorbike-3,3246.293405767103,7.791104173841047,155,193.88731544919332,189.70676369942305,289.8106397048117,-4.180551749770274,-2.156175993300477,0.1484375,0.8515625,development_exploratory_not_untouched_final,C_xgboost_current_pm,hourly_forecast_bucket_aware_arrival_time_exposure
od_22,motorbike,motorbike-4,3447.2453151415484,8.273388756339717,165,204.18464720880442,200.5233051764344,304.89695824136214,-3.6613420323700154,-1.7931524639195002,0.006622516556291391,0.9933774834437086,development_exploratory_not_untouched_final,C_xgboost_current_pm,hourly_forecast_bucket_aware_arrival_time_exposure
od_22,motorbike,motorbike-5,3792.1061157127183,9.101054677710524,198,227.7303381597079,222.47859480999472,339.6420034101952,-5.251743349713195,-2.3061237216580834,0.03058103975535168,0.9694189602446484,development_exploratory_not_untouched_final,C_xgboost_current_pm,hourly_forecast_bucket_aware_arrival_time_exposure
od_22,motorbike,motorbike-6,5150.575893512994,12.361382144431188,235,311.8548297386503,303.2881422283201,465.9575920541794,-8.566687510330212,-2.7470113313651474,0.008086253369272238,0.9919137466307277,development_exploratory_not_untouched_final,C_xgboost_current_pm,hourly_forecast_bucket_aware_arrival_time_exposure
od_22,motorbike,motorbike-7,4930.396361172614,11.832951266814272,245,294.9424991873048,286.86845510170775,445.28856094345684,-8.074044085597052,-2.7374976844112204,0.029490616621983913,0.9705093833780161,development_exploratory_not_untouched_final,C_xgboost_current_pm,hourly_forecast_bucket_aware_arrival_time_exposure
od_22,motorbike,motorbike-8,7206.146067977132,17.294750563145115,287,439.01159896347895,423.96200674312155,661.6781646313849,-15.049592220357397,-3.428062551397272,0.002352941176470588,0.9976470588235294,development_exploratory_not_untouched_final,C_xgboost_current_pm,hourly_forecast_bucket_aware_arrival_time_exposure
od_23,walking,walking-1,4221.266579474209,50.65519895369051,125,1245.349905820636,1286.9051611701932,1750.8848926497394,41.55525534955723,3.3368337007400317,1.0,0.0,development_exploratory_not_untouched_final,C_xgboost_current_pm,hourly_forecast_bucket_aware_arrival_time_exposure
od_23,walking,walking-2,4277.290032966221,51.327480395594655,135,1261.814174613094,1303.8156835559148,1774.107541306308,42.00150894282069,3.328660415128042,0.1872146118721461,0.812785388127854,development_exploratory_not_untouched_final,C_xgboost_current_pm,hourly_forecast_bucket_aware_arrival_time_exposure
od_23,walking,walking-3,5021.308970105159,60.2557076412619,175,1476.3903247060684,1532.1076688263715,2077.311482629736,55.717344120303096,3.773889816800022,0.010101010101010102,0.98989898989899,development_exploratory_not_untouched_final,C_xgboost_current_pm,hourly_forecast_bucket_aware_arrival_time_exposure
od_23,walking,walking-4,5288.480351008413,63.46176421210096,202,1545.6697937008166,1606.9808944740582,2146.1851456512413,61.311100773241606,3.966636407278405,0.0,1.0,development_exploratory_not_untouched_final,C_xgboost_current_pm,hourly_forecast_bucket_aware_arrival_time_exposure
od_23,walking,walking-5,5373.048826836592,64.4765859220391,234,1561.6586955454736,1628.7130929432267,2163.885341201034,67.05439739775306,4.293793361444547,0.0169971671388102,0.9830028328611898,development_exploratory_not_untouched_final,C_xgboost_current_pm,hourly_forecast_bucket_aware_arrival_time_exposure
od_23,walking,walking-6,4221.918341608979,50.66302009930776,125,1245.5221192497684,1287.116620752952,1751.1506001221032,41.594501503183665,3.3395233099704265,0.968503937007874,0.03149606299212604,development_exploratory_not_untouched_final,C_xgboost_current_pm,hourly_forecast_bucket_aware_arrival_time_exposure
od_23,walking,walking-7,4223.545173895734,50.682542086748796,124,1245.9815162905923,1287.5657376765785,1751.7777337415316,41.58422138598621,3.3374669561540906,0.9606299212598425,0.03937007874015752,development_exploratory_not_untouched_final,C_xgboost_current_pm,hourly_forecast_bucket_aware_arrival_time_exposure
od_23,walking,walking-8,4225.394324659734,50.7047318959168,125,1246.4760315926333,1288.1488180477306,1752.5244915237936,41.672786455097366,3.343248117001631,0.968503937007874,0.03149606299212604,development_exploratory_not_untouched_final,C_xgboost_current_pm,hourly_forecast_bucket_aware_arrival_time_exposure
od_23,motorbike,motorbike-1,4397.937440340368,10.555049856816883,142,258.99801510111917,267.9549404210158,364.37261216116593,8.95692531989664,3.4582988276568982,1.0,0.0,development_exploratory_not_untouched_final,C_xgboost_current_pm,hourly_forecast_bucket_aware_arrival_time_exposure
od_23,motorbike,motorbike-2,4618.640272626199,11.084736654302876,144,272.4654393201398,281.4794966155494,382.98178540031495,9.0140572954096,3.3083305236442544,0.1532258064516129,0.8467741935483871,development_exploratory_not_untouched_final,C_xgboost_current_pm,hourly_forecast_bucket_aware_arrival_time_exposure
od_23,motorbike,motorbike-3,4979.400370424192,11.95056088901806,171,290.10611412188456,302.1177764260173,408.0222317217904,12.011662304132756,4.140437488017299,0.10211267605633803,0.897887323943662,development_exploratory_not_untouched_final,C_xgboost_current_pm,hourly_forecast_bucket_aware_arrival_time_exposure
od_23,motorbike,motorbike-4,5334.869162264364,12.803685989434474,205,309.9667938377302,322.804394466425,434.3034670080077,12.837600628694759,4.14160512800456,0.026627218934911243,0.9733727810650887,development_exploratory_not_untouched_final,C_xgboost_current_pm,hourly_forecast_bucket_aware_arrival_time_exposure
od_23,motorbike,motorbike-5,6846.717874696213,16.43212289927091,228,408.5486194300189,417.2830877732226,572.0048715370916,8.734468343203673,2.1379262902392004,0.0335195530726257,0.9664804469273743,development_exploratory_not_untouched_final,C_xgboost_current_pm,hourly_forecast_bucket_aware_arrival_time_exposure
od_23,motorbike,motorbike-6,8374.061852065422,20.097748444957013,289,496.74506980208355,507.18540325259426,685.4135302228963,10.440333450510707,2.1017487812552247,0.007009345794392523,0.9929906542056075,development_exploratory_not_untouched_final,C_xgboost_current_pm,hourly_forecast_bucket_aware_arrival_time_exposure
od_23,motorbike,motorbike-7,7900.239487965283,18.96057477111668,304,500.36805997303264,493.51481326173786,692.6247753385896,-6.853246711294787,-1.3696411221100209,0.032407407407407406,0.9675925925925926,development_exploratory_not_untouched_final,C_xgboost_current_pm,hourly_forecast_bucket_aware_arrival_time_exposure
od_23,motorbike,motorbike-8,8731.427376937661,20.955425704650388,344,502.92665035289633,519.4924306016918,696.7492911650953,16.565780248795477,3.293876003025791,0.018867924528301886,0.9811320754716981,development_exploratory_not_untouched_final,C_xgboost_current_pm,hourly_forecast_bucket_aware_arrival_time_exposure
od_24,walking,walking-1,3217.1952186069393,38.60634262328327,169,967.0541910704341,969.9672214571546,1279.6115648979865,2.913030386720493,0.30122721287170623,1.0,0.0,development_exploratory_not_untouched_final,C_xgboost_current_pm,hourly_forecast_bucket_aware_arrival_time_exposure
od_24,walking,walking-2,3376.4768292075096,40.51772195049011,162,1016.2661971479733,1019.0629185601209,1341.708542062091,2.7967214121475763,0.27519575284470077,0.1863799283154122,0.8136200716845878,development_exploratory_not_untouched_final,C_xgboost_current_pm,hourly_forecast_bucket_aware_arrival_time_exposure
od_24,walking,walking-3,3455.2813170415407,41.46337580449848,120,1026.6178894129478,1035.2356268386966,1375.4872575303411,8.617737425748828,0.8394298905775663,0.17479674796747968,0.8252032520325203,development_exploratory_not_untouched_final,C_xgboost_current_pm,hourly_forecast_bucket_aware_arrival_time_exposure
od_24,walking,walking-4,3697.2235177952957,44.36668221354355,153,1098.160920671747,1107.7338171833683,1472.644220870765,9.572896511621366,0.871720740687586,0.15412186379928317,0.8458781362007168,development_exploratory_not_untouched_final,C_xgboost_current_pm,hourly_forecast_bucket_aware_arrival_time_exposure
od_24,walking,walking-5,4167.745900027202,50.01295080032642,210,1255.6171562945954,1258.3151237796485,1659.692225405363,2.697967485053141,0.2148718239096869,0.08595988538681948,0.9140401146131805,development_exploratory_not_untouched_final,C_xgboost_current_pm,hourly_forecast_bucket_aware_arrival_time_exposure
od_24,walking,walking-6,4158.3684544541575,49.900421453449894,222,1247.3140496803755,1252.3429790616217,1649.6291798347622,5.028929381246144,0.4031806891403819,0.15,0.85,development_exploratory_not_untouched_final,C_xgboost_current_pm,hourly_forecast_bucket_aware_arrival_time_exposure
od_24,walking,walking-7,4325.690506521784,51.90828607826142,223,1302.164343691938,1305.7328401997509,1719.1837568959938,3.5684965078128243,0.2740434819229736,0.08287292817679558,0.9171270718232044,development_exploratory_not_untouched_final,C_xgboost_current_pm,hourly_forecast_bucket_aware_arrival_time_exposure
od_24,walking,walking-8,4429.411243953382,53.15293492744058,226,1329.1462812180407,1334.3008100877657,1757.7090010321115,5.154528869725027,0.387807492866878,0.25396825396825395,0.746031746031746,development_exploratory_not_untouched_final,C_xgboost_current_pm,hourly_forecast_bucket_aware_arrival_time_exposure
od_24,motorbike,motorbike-1,3533.6228842866053,8.480694922287851,145,212.22717832829295,213.02822303573407,280.38263208528446,0.8010447074411218,0.3774468066488593,1.0,0.0,development_exploratory_not_untouched_final,C_xgboost_current_pm,hourly_forecast_bucket_aware_arrival_time_exposure
od_24,motorbike,motorbike-2,3630.0838233931054,8.712201176143452,138,217.5145716527343,218.51651655840934,287.7311898188481,1.0019449056750318,0.4606334638006017,0.18907563025210083,0.8109243697478992,development_exploratory_not_untouched_final,C_xgboost_current_pm,hourly_forecast_bucket_aware_arrival_time_exposure
od_24,motorbike,motorbike-3,4208.9241180908175,10.10141788341796,167,248.29453121006742,251.28762076595427,332.9542981738018,2.993089555886854,1.2054593153139475,0.0684931506849315,0.9315068493150684,development_exploratory_not_untouched_final,C_xgboost_current_pm,hourly_forecast_bucket_aware_arrival_time_exposure
od_24,motorbike,motorbike-4,4565.795915007203,10.957910196017286,177,275.6769450281063,276.2891984649011,362.80773664061036,0.6122534367948447,0.22209091033434922,0.11805555555555555,0.8819444444444444,development_exploratory_not_untouched_final,C_xgboost_current_pm,hourly_forecast_bucket_aware_arrival_time_exposure
od_24,motorbike,motorbike-5,4700.748857607914,11.281797258258994,232,280.9760541125666,282.6388706008295,373.32092970856047,1.6628164882628766,0.5918000711892364,0.1023391812865497,0.8976608187134503,development_exploratory_not_untouched_final,C_xgboost_current_pm,hourly_forecast_bucket_aware_arrival_time_exposure
od_24,motorbike,motorbike-6,5161.740202140574,12.388176485137377,211,304.39617886034534,308.2215357573976,409.1879029059869,3.825356897052245,1.2567033237323553,0.04398826979472141,0.9560117302052786,development_exploratory_not_untouched_final,C_xgboost_current_pm,hourly_forecast_bucket_aware_arrival_time_exposure
od_24,motorbike,motorbike-7,5020.245201313301,12.04858848315192,196,299.9412899973755,301.6215483438109,397.506991379708,1.6802583464353802,0.5601957457908121,0.1291390728476821,0.8708609271523179,development_exploratory_not_untouched_final,C_xgboost_current_pm,hourly_forecast_bucket_aware_arrival_time_exposure
od_24,motorbike,motorbike-8,6984.4440615726935,16.762665747774466,326,405.49296648455487,413.26580106152596,544.5757991846758,7.772834576971093,1.916885179133473,0.03289473684210526,0.9671052631578947,development_exploratory_not_untouched_final,C_xgboost_current_pm,hourly_forecast_bucket_aware_arrival_time_exposure
od_25,walking,walking-1,4470.538515459889,53.64646218551867,183,1474.0979175467544,1414.5112760132442,2010.5525591060284,-59.58664153351015,-4.042244468581594,1.0,0.0,development_exploratory_not_untouched_final,C_xgboost_current_pm,hourly_forecast_bucket_aware_arrival_time_exposure
od_25,walking,walking-2,4607.483581433419,55.28980297720103,178,1531.4699947303113,1463.9504556647487,2084.9751792943375,-67.51953906556264,-4.408805872651308,0.13166144200626959,0.8683385579937304,development_exploratory_not_untouched_final,C_xgboost_current_pm,hourly_forecast_bucket_aware_arrival_time_exposure
od_25,walking,walking-3,4895.412353447138,58.74494824136566,185,1689.329808910463,1585.8719407918716,2281.4106907871364,-103.45786811859148,-6.124195972444057,0.03081232492997199,0.969187675070028,development_exploratory_not_untouched_final,C_xgboost_current_pm,hourly_forecast_bucket_aware_arrival_time_exposure
od_25,walking,walking-4,4734.231662335523,56.81077994802627,192,1513.8812603688061,1475.6874510604453,2084.3375814369565,-38.19380930836087,-2.522906538856042,0.09329446064139942,0.9067055393586005,development_exploratory_not_untouched_final,C_xgboost_current_pm,hourly_forecast_bucket_aware_arrival_time_exposure
od_25,walking,walking-5,5337.013678056967,64.0441641366836,196,1867.4475975363819,1743.9481826327008,2500.6952800187814,-123.4994149036811,-6.613273382696623,0.0326975476839237,0.9673024523160763,development_exploratory_not_untouched_final,C_xgboost_current_pm,hourly_forecast_bucket_aware_arrival_time_exposure
od_25,walking,walking-6,5196.567199682312,62.358806396187745,194,1774.9345095613758,1676.4882593554807,2391.486332737405,-98.44625020589501,-5.546472259994719,0.04722222222222222,0.9527777777777777,development_exploratory_not_untouched_final,C_xgboost_current_pm,hourly_forecast_bucket_aware_arrival_time_exposure
od_25,walking,walking-7,5713.187947409113,68.55825536890936,181,1912.3511984685424,1827.4865542393763,2562.3972641892715,-84.86464422916606,-4.437712293491265,0.09969788519637462,0.9003021148036254,development_exploratory_not_untouched_final,C_xgboost_current_pm,hourly_forecast_bucket_aware_arrival_time_exposure
od_25,walking,walking-8,5465.027062490462,65.58032474988555,210,1837.9773461825155,1750.4283593930181,2473.8331211412305,-87.54898678949735,-4.763333289789282,0.10393258426966293,0.8960674157303371,development_exploratory_not_untouched_final,C_xgboost_current_pm,hourly_forecast_bucket_aware_arrival_time_exposure
od_25,motorbike,motorbike-1,5074.162420415552,12.177989808997324,195,334.77027188488097,321.24806243360854,455.5992328519773,-13.522209451272431,-4.039250371646613,1.0,0.0,development_exploratory_not_untouched_final,C_xgboost_current_pm,hourly_forecast_bucket_aware_arrival_time_exposure
od_25,motorbike,motorbike-2,5095.070126138192,12.22816830273166,212,331.4970718944602,320.33990073327766,453.06463240250616,-11.157171161182532,-3.3656922208756876,0.12742382271468145,0.8725761772853186,development_exploratory_not_untouched_final,C_xgboost_current_pm,hourly_forecast_bucket_aware_arrival_time_exposure
od_25,motorbike,motorbike-3,5589.160331046289,13.413984794511094,185,385.90056307950096,362.35984460454165,520.029126228372,-23.540718474959306,-6.10020319408282,0.0584958217270195,0.9415041782729805,development_exploratory_not_untouched_final,C_xgboost_current_pm,hourly_forecast_bucket_aware_arrival_time_exposure
od_25,motorbike,motorbike-4,5670.159232882905,13.608382158918971,201,364.6504319215424,354.5374995337788,500.16149709557357,-10.112932387763578,-2.7733224761240542,0.08791208791208792,0.9120879120879121,development_exploratory_not_untouched_final,C_xgboost_current_pm,hourly_forecast_bucket_aware_arrival_time_exposure
od_25,motorbike,motorbike-5,7792.868426528579,18.70288422366859,329,484.398217521462,479.31975805388566,668.2048628444896,-5.0784594675763515,-1.0484058949600372,0.03762376237623762,0.9623762376237623,development_exploratory_not_untouched_final,C_xgboost_current_pm,hourly_forecast_bucket_aware_arrival_time_exposure
od_25,motorbike,motorbike-6,8778.593070021463,21.068623368051515,310,569.1833609804826,551.1629898021016,775.0142391255736,-18.02037117838097,-3.1660045626314246,0.02434077079107505,0.975659229208925,development_exploratory_not_untouched_final,C_xgboost_current_pm,hourly_forecast_bucket_aware_arrival_time_exposure
od_25,motorbike,motorbike-7,7958.908879463801,19.101381310713123,256,559.397690269467,521.3408143885946,750.0891234899402,-38.05687588087244,-6.803187882763708,0.04883720930232558,0.9511627906976744,development_exploratory_not_untouched_final,C_xgboost_current_pm,hourly_forecast_bucket_aware_arrival_time_exposure
od_25,motorbike,motorbike-8,7918.284047414298,19.003881713794314,254,528.5611222455161,504.7069930289257,716.2526935097771,-23.854129216590422,-4.513031362437248,0.07416267942583732,0.9258373205741627,development_exploratory_not_untouched_final,C_xgboost_current_pm,hourly_forecast_bucket_aware_arrival_time_exposure
od_26,walking,walking-1,2896.3240824541845,34.75588898945021,127,868.1575750936861,840.3042083977168,1318.040343034466,-27.85336669596927,-3.208330779462877,1.0,0.0,development_exploratory_not_untouched_final,C_xgboost_current_pm,hourly_forecast_bucket_aware_arrival_time_exposure
od_26,walking,walking-2,2980.864070874784,35.77036885049741,112,889.4752366451157,862.714221053316,1348.9554567117855,-26.76101559179972,-3.0086296379352575,0.06222222222222222,0.9377777777777778,development_exploratory_not_untouched_final,C_xgboost_current_pm,hourly_forecast_bucket_aware_arrival_time_exposure
od_26,walking,walking-3,3108.560616540251,37.302727398483015,109,933.7207722109099,902.9006998617884,1418.3961816027356,-30.82007234912146,-3.300780411701046,0.021645021645021644,0.9783549783549783,development_exploratory_not_untouched_final,C_xgboost_current_pm,hourly_forecast_bucket_aware_arrival_time_exposure
od_26,walking,walking-4,2986.2787647878768,35.83534517745452,145,893.9839669863316,865.5448716789392,1357.7376249605074,-28.439095307392336,-3.1811639087065586,0.11934156378600823,0.8806584362139918,development_exploratory_not_untouched_final,C_xgboost_current_pm,hourly_forecast_bucket_aware_arrival_time_exposure
od_26,walking,walking-5,3746.6340630359787,44.95960875643174,154,1120.2262879267291,1084.5751976539484,1703.4481763162232,-35.65109027278072,-3.1824900608931754,0.01079136690647482,0.9892086330935251,development_exploratory_not_untouched_final,C_xgboost_current_pm,hourly_forecast_bucket_aware_arrival_time_exposure
od_26,walking,walking-6,4134.677900527131,49.616134806325576,188,1236.5884345567256,1201.2925448171482,1866.3021310313975,-35.29588973957743,-2.854295637354056,0.13309352517985612,0.8669064748201438,development_exploratory_not_untouched_final,C_xgboost_current_pm,hourly_forecast_bucket_aware_arrival_time_exposure
od_26,walking,walking-7,3987.7784372090564,47.85334124650868,165,1189.290513448651,1153.2948954121173,1805.19033120449,-35.99561803653364,-3.0266463601189564,0.003436426116838488,0.9965635738831615,development_exploratory_not_untouched_final,C_xgboost_current_pm,hourly_forecast_bucket_aware_arrival_time_exposure
od_26,walking,walking-8,3411.853954168932,40.94224745002718,173,1020.4844428637273,989.6364467560419,1545.5955153255447,-30.84799610768539,-3.022877646338088,0.12359550561797752,0.8764044943820225,development_exploratory_not_untouched_final,C_xgboost_current_pm,hourly_forecast_bucket_aware_arrival_time_exposure
od_26,motorbike,motorbike-1,2937.338739477396,7.0496129747457505,112,176.44679831628838,170.52285689370984,268.2784348975656,-5.923941422578537,-3.357352742643491,1.0,0.0,development_exploratory_not_untouched_final,C_xgboost_current_pm,hourly_forecast_bucket_aware_arrival_time_exposure
od_26,motorbike,motorbike-2,2984.8899456370473,7.163735869528913,115,178.46384398129408,172.9415704966428,270.7816146112487,-5.522273484651265,-3.0943374083268593,0.1073170731707317,0.8926829268292683,development_exploratory_not_untouched_final,C_xgboost_current_pm,hourly_forecast_bucket_aware_arrival_time_exposure
od_26,motorbike,motorbike-3,3258.678841448659,7.8208292194767814,165,195.63730511223454,189.02826295582042,297.66606916540843,-6.6090421564141195,-3.378211610828824,0.2096069868995633,0.7903930131004366,development_exploratory_not_untouched_final,C_xgboost_current_pm,hourly_forecast_bucket_aware_arrival_time_exposure
od_26,motorbike,motorbike-4,3649.860252873173,8.759664606895615,121,217.8563321421784,210.97162873334992,331.4678148414108,-6.8847034088284715,-3.1602034887539303,0.004310344827586207,0.9956896551724138,development_exploratory_not_untouched_final,C_xgboost_current_pm,hourly_forecast_bucket_aware_arrival_time_exposure
od_26,motorbike,motorbike-5,4538.665524224427,10.892797258138623,191,273.8100999046459,263.61125274118973,418.6416067376918,-10.19884716345615,-3.7247885183957385,0.016778523489932886,0.9832214765100671,development_exploratory_not_untouched_final,C_xgboost_current_pm,hourly_forecast_bucket_aware_arrival_time_exposure
od_26,motorbike,motorbike-6,4792.008542306752,11.500820501536205,231,287.24550234722915,277.5208187433979,437.5923357112102,-9.724683603831238,-3.3854955166802965,0.02694610778443114,0.9730538922155688,development_exploratory_not_untouched_final,C_xgboost_current_pm,hourly_forecast_bucket_aware_arrival_time_exposure
od_26,motorbike,motorbike-7,5637.919340989541,13.531006418374895,268,342.03382651414677,329.2416522512986,520.1616452323293,-12.792174262848164,-3.740031912404743,0.005291005291005291,0.9947089947089947,development_exploratory_not_untouched_final,C_xgboost_current_pm,hourly_forecast_bucket_aware_arrival_time_exposure
od_26,motorbike,motorbike-8,9144.710064192806,21.947304154062735,329,556.5340998667663,533.3016628221649,853.7399923061292,-23.232437044601397,-4.174485813207712,0.0022727272727272726,0.9977272727272727,development_exploratory_not_untouched_final,C_xgboost_current_pm,hourly_forecast_bucket_aware_arrival_time_exposure
od_27,walking,walking-1,3464.3506661395845,41.572207993675015,112,915.7586537359032,982.9854454802701,1278.2553004282013,67.22679174436689,7.341103627043039,1.0,0.0,development_exploratory_not_untouched_final,C_xgboost_current_pm,hourly_forecast_bucket_aware_arrival_time_exposure
od_27,walking,walking-2,3535.842562360606,42.43011074832727,135,904.676940563238,975.7079936099054,1247.938359446319,71.03105304666747,7.85153792053599,0.17061611374407584,0.8293838862559242,development_exploratory_not_untouched_final,C_xgboost_current_pm,hourly_forecast_bucket_aware_arrival_time_exposure
od_27,walking,walking-3,3869.557886931462,46.434694643177544,139,1024.1159090654564,1109.0814163305852,1447.6499664175717,84.96550726512874,8.29647372070051,0.012096774193548387,0.9879032258064516,development_exploratory_not_untouched_final,C_xgboost_current_pm,hourly_forecast_bucket_aware_arrival_time_exposure
od_27,walking,walking-4,3848.3424962212457,46.18010995465495,155,1014.513026640134,1096.6705192146526,1425.2594633920287,82.15749257451864,8.098219580936084,0.10330578512396695,0.8966942148760331,development_exploratory_not_untouched_final,C_xgboost_current_pm,hourly_forecast_bucket_aware_arrival_time_exposure
od_27,walking,walking-5,4640.402220056612,55.68482664067935,163,1233.3102827739299,1335.1296426721035,1748.3283976097814,101.81935989817362,8.255778073070477,0.007326007326007326,0.9926739926739927,development_exploratory_not_untouched_final,C_xgboost_current_pm,hourly_forecast_bucket_aware_arrival_time_exposure
od_27,walking,walking-6,4565.968522067712,54.791622264812545,182,1208.0796708007445,1307.5266418542758,1701.5766833919238,99.44697105353134,8.231822242949878,0.16666666666666666,0.8333333333333334,development_exploratory_not_untouched_final,C_xgboost_current_pm,hourly_forecast_bucket_aware_arrival_time_exposure
od_27,walking,walking-7,3468.6783622341645,41.62414034680998,111,916.8049692248585,984.121302951386,1279.6800965653883,67.31633372652755,7.342492240573505,0.8739495798319328,0.12605042016806722,development_exploratory_not_untouched_final,C_xgboost_current_pm,hourly_forecast_bucket_aware_arrival_time_exposure
od_27,walking,walking-8,3469.479999896061,41.63375999875273,112,916.9302265245101,984.2588617817632,1279.7134122844343,67.32863525725315,7.342830818485775,0.8064516129032258,0.19354838709677424,development_exploratory_not_untouched_final,C_xgboost_current_pm,hourly_forecast_bucket_aware_arrival_time_exposure
od_27,motorbike,motorbike-1,3470.9311321175137,8.330234717082032,124,183.34602001441692,196.61946324669762,255.52671524385192,13.273443232280698,7.239558966830573,1.0,0.0,development_exploratory_not_untouched_final,C_xgboost_current_pm,hourly_forecast_bucket_aware_arrival_time_exposure
od_27,motorbike,motorbike-2,3605.9840264691393,8.654361663525934,131,190.43420583097154,205.7979710877308,267.66998744965366,15.363765256759251,8.06775504942429,0.16972477064220184,0.8302752293577982,development_exploratory_not_untouched_final,C_xgboost_current_pm,hourly_forecast_bucket_aware_arrival_time_exposure
od_27,motorbike,motorbike-3,3937.277758173279,9.449466619615869,140,208.7209933457147,225.9898971832078,295.14144645445,17.2689038374931,8.273678445411466,0.043478260869565216,0.9565217391304348,development_exploratory_not_untouched_final,C_xgboost_current_pm,hourly_forecast_bucket_aware_arrival_time_exposure
od_27,motorbike,motorbike-4,3898.0488850884126,9.35531732421219,180,196.70848085893883,213.0755220566557,270.8410043288448,16.367041197716873,8.320455288073626,0.08960573476702509,0.910394265232975,development_exploratory_not_untouched_final,C_xgboost_current_pm,hourly_forecast_bucket_aware_arrival_time_exposure
od_27,motorbike,motorbike-5,4586.669331161132,11.008006394786715,157,244.12665450607398,264.3989688038208,346.27633183610686,20.272314297746846,8.304015118202695,0.007168458781362007,0.992831541218638,development_exploratory_not_untouched_final,C_xgboost_current_pm,hourly_forecast_bucket_aware_arrival_time_exposure
od_27,motorbike,motorbike-6,5158.036814181108,12.379288354034658,263,258.2656104426946,278.816130418485,352.1378900546513,20.550519975790394,7.957125976069608,0.005194805194805195,0.9948051948051948,development_exploratory_not_untouched_final,C_xgboost_current_pm,hourly_forecast_bucket_aware_arrival_time_exposure
od_27,motorbike,motorbike-7,5527.038154061122,13.264891569746693,251,284.2239195823891,304.22132007384886,388.15358285319945,19.997400491459757,7.03579083732361,0.03591160220994475,0.9640883977900553,development_exploratory_not_untouched_final,C_xgboost_current_pm,hourly_forecast_bucket_aware_arrival_time_exposure
od_27,motorbike,motorbike-8,6556.612732062874,15.735870556950895,287,320.8037939080947,352.5294042990891,442.6685763847701,31.725610390994404,9.889412467510688,0.007352941176470588,0.9926470588235294,development_exploratory_not_untouched_final,C_xgboost_current_pm,hourly_forecast_bucket_aware_arrival_time_exposure
od_28,walking,walking-1,3337.8457045526998,40.0541484546324,111,990.5807264356226,1005.54317080022,1356.4641888323986,14.962444364597332,1.5104719853006077,1.0,0.0,development_exploratory_not_untouched_final,C_xgboost_current_pm,hourly_forecast_bucket_aware_arrival_time_exposure
od_28,walking,walking-2,3441.8791777277775,41.30255013273333,141,1020.7522328765344,1036.6226677540922,1397.9605951379979,15.870434877557727,1.5547783650527995,0.16666666666666666,0.8333333333333334,development_exploratory_not_untouched_final,C_xgboost_current_pm,hourly_forecast_bucket_aware_arrival_time_exposure
od_28,walking,walking-3,3877.4038999370327,46.5288467992444,168,1144.2209386362779,1165.142094529423,1570.118224542272,20.92115589314517,1.828419249002708,0.025735294117647058,0.9742647058823529,development_exploratory_not_untouched_final,C_xgboost_current_pm,hourly_forecast_bucket_aware_arrival_time_exposure
od_28,walking,walking-4,3905.403995968121,46.86484795161745,153,1171.4133008756125,1181.693787262725,1600.2414034621527,10.280486387112433,0.8776139368938303,0.056,0.944,development_exploratory_not_untouched_final,C_xgboost_current_pm,hourly_forecast_bucket_aware_arrival_time_exposure
od_28,walking,walking-5,4163.759453961655,49.96511344753987,208,1203.5095797762706,1240.8294384347998,1661.922253160294,37.319858658529256,3.1009191190207996,0.02572347266881029,0.9742765273311897,development_exploratory_not_untouched_final,C_xgboost_current_pm,hourly_forecast_bucket_aware_arrival_time_exposure
od_28,walking,walking-6,4492.620440211811,53.911445282541735,199,1313.6626376214472,1345.6545140403439,1807.3136043349966,31.99187641889671,2.4353190463589693,0.05802047781569966,0.9419795221843004,development_exploratory_not_untouched_final,C_xgboost_current_pm,hourly_forecast_bucket_aware_arrival_time_exposure
od_28,walking,walking-7,3995.186008508664,47.94223210210397,145,1196.4119174325615,1208.3981475708965,1635.712711496427,11.986230138335031,1.0018481062991136,0.11790393013100436,0.8820960698689957,development_exploratory_not_untouched_final,C_xgboost_current_pm,hourly_forecast_bucket_aware_arrival_time_exposure
od_28,walking,walking-8,3338.022955668135,40.056275468017624,110,990.6433630890165,1005.6021194971279,1356.5477708847304,14.958756408111412,1.5100042018620237,0.9557522123893806,0.04424778761061943,development_exploratory_not_untouched_final,C_xgboost_current_pm,hourly_forecast_bucket_aware_arrival_time_exposure
od_28,motorbike,motorbike-1,3389.785610177372,8.135485464425692,123,201.24377097782184,204.2681385963781,275.61725379780523,3.024367618556255,1.5028378785893237,1.0,0.0,development_exploratory_not_untouched_final,C_xgboost_current_pm,hourly_forecast_bucket_aware_arrival_time_exposure
od_28,motorbike,motorbike-2,3622.982621352327,8.695158291245583,149,213.7304368112729,217.62747431502925,293.0573797688949,3.897037503756337,1.8233423193709553,0.2088888888888889,0.7911111111111111,development_exploratory_not_untouched_final,C_xgboost_current_pm,hourly_forecast_bucket_aware_arrival_time_exposure
od_28,motorbike,motorbike-3,3884.876431604947,9.323703435851872,163,233.10341263621712,235.2032276593119,318.83440037358275,2.099815023094777,0.900808357693057,0.1721311475409836,0.8278688524590164,development_exploratory_not_untouched_final,C_xgboost_current_pm,hourly_forecast_bucket_aware_arrival_time_exposure
od_28,motorbike,motorbike-4,4264.353384699511,10.234448123278826,216,246.842925392885,254.25583333230503,340.63676442869934,7.412907939420023,3.0030870553090976,0.02727272727272727,0.9727272727272728,development_exploratory_not_untouched_final,C_xgboost_current_pm,hourly_forecast_bucket_aware_arrival_time_exposure
od_28,motorbike,motorbike-5,5353.296638577329,12.847911932585589,211,303.23751682504417,316.1359819572973,420.1411098495025,12.898465132253136,4.253584868819194,0.024539877300613498,0.9754601226993865,development_exploratory_not_untouched_final,C_xgboost_current_pm,hourly_forecast_bucket_aware_arrival_time_exposure
od_28,motorbike,motorbike-6,5442.02633130595,13.060863195134282,217,314.5636573660732,325.620521949691,436.9676049799411,11.056864583617823,3.5149847494144586,0.03343465045592705,0.9665653495440729,development_exploratory_not_untouched_final,C_xgboost_current_pm,hourly_forecast_bucket_aware_arrival_time_exposure
od_28,motorbike,motorbike-7,5915.756843480607,14.197816424353455,216,337.6344808655809,350.69812101356047,466.5363180201483,13.063640147979584,3.8691664768624396,0.03353658536585366,0.9664634146341463,development_exploratory_not_untouched_final,C_xgboost_current_pm,hourly_forecast_bucket_aware_arrival_time_exposure
od_28,motorbike,motorbike-8,7965.851166958149,19.11804280069956,270,492.68928402819506,488.4228910439169,663.788243483461,-4.266392984278184,-0.8659398778468321,0.018134715025906734,0.9818652849740933,development_exploratory_not_untouched_final,C_xgboost_current_pm,hourly_forecast_bucket_aware_arrival_time_exposure
od_29,walking,walking-1,5079.132038692887,60.949584464314654,161,1465.453835732535,1495.1896186980075,1974.4362345522725,29.73578296547248,2.0291176863042213,1.0,0.0,development_exploratory_not_untouched_final,C_xgboost_current_pm,hourly_forecast_bucket_aware_arrival_time_exposure
od_29,walking,walking-2,5161.661432530971,61.93993719037166,162,1503.2680105625855,1529.4468427392796,2017.8461409071408,26.178832176694186,1.7414614022749662,0.045307443365695796,0.9546925566343042,development_exploratory_not_untouched_final,C_xgboost_current_pm,hourly_forecast_bucket_aware_arrival_time_exposure
od_29,walking,walking-3,5462.205900886824,65.54647081064189,208,1570.647409493232,1612.2707507729845,2111.7352568023407,41.62334127975237,2.6500754420231143,0.00819672131147541,0.9918032786885246,development_exploratory_not_untouched_final,C_xgboost_current_pm,hourly_forecast_bucket_aware_arrival_time_exposure
od_29,walking,walking-4,5856.208691849777,70.27450430219733,220,1677.4822994881754,1726.1296800747486,2239.780462786889,48.64738058657326,2.900023481703282,0.010610079575596816,0.9893899204244032,development_exploratory_not_untouched_final,C_xgboost_current_pm,hourly_forecast_bucket_aware_arrival_time_exposure
od_29,walking,walking-5,6084.160506353648,73.00992607624379,208,1774.6815494665557,1813.2723488069691,2345.9082004343327,38.59079934041347,2.174519668163188,0.005449591280653951,0.9945504087193461,development_exploratory_not_untouched_final,C_xgboost_current_pm,hourly_forecast_bucket_aware_arrival_time_exposure
od_29,walking,walking-6,5079.34298264047,60.952115791685635,161,1465.7650077380845,1495.3660667920426,1974.7752197157258,29.601059053958124,2.019495546536304,0.9754601226993865,0.024539877300613466,development_exploratory_not_untouched_final,C_xgboost_current_pm,hourly_forecast_bucket_aware_arrival_time_exposure
od_29,walking,walking-7,5079.71013679666,60.95652164155992,161,1465.3863718669604,1495.255006798911,1974.429303608059,29.86863493195051,2.0382771059824094,0.9754601226993865,0.024539877300613466,development_exploratory_not_untouched_final,C_xgboost_current_pm,hourly_forecast_bucket_aware_arrival_time_exposure
od_29,walking,walking-8,5079.921080744242,60.959052968930905,161,1465.6975438725099,1495.431454892946,1974.7682887715125,29.733911020436153,2.0286525787493908,0.9515151515151515,0.048484848484848464,development_exploratory_not_untouched_final,C_xgboost_current_pm,hourly_forecast_bucket_aware_arrival_time_exposure
od_29,motorbike,motorbike-1,5050.844486464221,12.12202676751413,138,293.88875277874956,298.73325819322844,395.66678271602444,4.844505414478874,1.6484147040924697,1.0,0.0,development_exploratory_not_untouched_final,C_xgboost_current_pm,hourly_forecast_bucket_aware_arrival_time_exposure
od_29,motorbike,motorbike-2,5206.6809567022565,12.496034296085416,185,300.08109127919636,306.2237696767391,405.3029771027156,6.142678397542738,2.0470061513564586,0.07666666666666666,0.9233333333333333,development_exploratory_not_untouched_final,C_xgboost_current_pm,hourly_forecast_bucket_aware_arrival_time_exposure
od_29,motorbike,motorbike-3,5669.304232967304,13.60633015912153,252,324.5814396017309,332.77719134349917,440.70447139444957,8.195751741768277,2.525021686953098,0.029023746701846966,0.9709762532981531,development_exploratory_not_untouched_final,C_xgboost_current_pm,hourly_forecast_bucket_aware_arrival_time_exposure
od_29,motorbike,motorbike-4,6168.868846153235,14.805285230767764,285,339.543977307298,354.0019413854036,463.7564472355129,14.45796407810559,4.258053461222396,0.0,1.0,development_exploratory_not_untouched_final,C_xgboost_current_pm,hourly_forecast_bucket_aware_arrival_time_exposure
od_29,motorbike,motorbike-5,7086.2660565245305,17.007038535658875,311,382.95443174408643,402.4220003328757,523.1979984693241,19.467568588789277,5.083520903551965,0.02511415525114155,0.9748858447488584,development_exploratory_not_untouched_final,C_xgboost_current_pm,hourly_forecast_bucket_aware_arrival_time_exposure
od_29,motorbike,motorbike-6,8524.917271326063,20.459801451182553,296,514.2873602993271,514.2991224754091,685.0151765483301,0.011762176082015685,0.002287082473730217,0.0023094688221709007,0.9976905311778291,development_exploratory_not_untouched_final,C_xgboost_current_pm,hourly_forecast_bucket_aware_arrival_time_exposure
od_29,motorbike,motorbike-7,8941.478017489768,21.459547241975443,341,492.5818999577986,513.6315815746234,673.1919049836657,21.049681616824785,4.273336397181502,0.0,1.0,development_exploratory_not_untouched_final,C_xgboost_current_pm,hourly_forecast_bucket_aware_arrival_time_exposure
od_29,motorbike,motorbike-8,10821.455984145145,25.97149436194835,440,628.8673001230909,641.5157520318146,853.0368517643597,12.6484519087237,2.0113069810193602,0.0017331022530329288,0.9982668977469671,development_exploratory_not_untouched_final,C_xgboost_current_pm,hourly_forecast_bucket_aware_arrival_time_exposure
od_30,walking,walking-1,4593.91625322452,55.12699503869423,188,1403.3460867227889,1400.710181852835,1961.0386525045217,-2.635904869953947,-0.18782999396175554,1.0,0.0,development_exploratory_not_untouched_final,C_xgboost_current_pm,hourly_forecast_bucket_aware_arrival_time_exposure
od_30,walking,walking-2,4720.889976741293,56.65067972089552,211,1440.4342487804058,1438.9697501326766,2013.2687378548274,-1.464498647729215,-0.10167063501643231,0.3951048951048951,0.6048951048951049,development_exploratory_not_untouched_final,C_xgboost_current_pm,hourly_forecast_bucket_aware_arrival_time_exposure
od_30,walking,walking-3,5302.356708761759,63.62828050514111,270,1579.7971488796754,1605.2028056329243,2204.178326625629,25.405656753248877,1.608159425484815,0.026905829596412557,0.9730941704035875,development_exploratory_not_untouched_final,C_xgboost_current_pm,hourly_forecast_bucket_aware_arrival_time_exposure
od_30,walking,walking-4,5705.196758152187,68.46236109782625,267,1749.6158930880126,1748.7506697875272,2386.2012715066367,-0.8652233004854679,-0.04945218569993544,0.015625,0.984375,development_exploratory_not_untouched_final,C_xgboost_current_pm,hourly_forecast_bucket_aware_arrival_time_exposure
od_30,walking,walking-5,5695.941411156685,68.3512969338802,271,1673.0698529152082,1720.7970508752203,2315.997751730343,47.72719796001206,2.85267216290167,0.017738359201773836,0.9822616407982262,development_exploratory_not_untouched_final,C_xgboost_current_pm,hourly_forecast_bucket_aware_arrival_time_exposure
od_30,walking,walking-6,4594.01082475317,55.12812989703804,187,1403.378222382642,1400.7401888110153,1961.0801596087535,-2.6380335716266927,-0.1879773769859322,0.9736842105263158,0.02631578947368418,development_exploratory_not_untouched_final,C_xgboost_current_pm,hourly_forecast_bucket_aware_arrival_time_exposure
od_30,walking,walking-7,4594.165186918211,55.129982243018524,188,1403.443779406824,1400.7937848169588,1961.1670218984248,-2.649994589865173,-0.18882085828797596,0.9789473684210527,0.021052631578947323,development_exploratory_not_untouched_final,C_xgboost_current_pm,hourly_forecast_bucket_aware_arrival_time_exposure
od_30,walking,walking-8,4594.259758446861,55.13111710136233,187,1403.475915066677,1400.8237917751392,1961.2085290026569,-2.6521232915379187,-0.18896820836515177,0.953125,0.046875,development_exploratory_not_untouched_final,C_xgboost_current_pm,hourly_forecast_bucket_aware_arrival_time_exposure
od_30,motorbike,motorbike-1,4838.482538571107,11.612358092570656,235,293.5901989691698,294.39707666129175,410.93169900154453,0.8068776921219296,0.27483127670984026,1.0,0.0,development_exploratory_not_untouched_final,C_xgboost_current_pm,hourly_forecast_bucket_aware_arrival_time_exposure
od_30,motorbike,motorbike-2,5024.3916783357845,12.058540028005883,189,307.6708759122178,306.721864816336,429.04877192254037,-0.949011095881815,-0.30845009072375745,0.2619047619047619,0.7380952380952381,development_exploratory_not_untouched_final,C_xgboost_current_pm,hourly_forecast_bucket_aware_arrival_time_exposure
od_30,motorbike,motorbike-3,5358.238208967597,12.859771701522229,274,319.1979926148522,323.8076896231288,450.5423010001669,4.609697008276612,1.444149748723114,0.10652173913043478,0.8934782608695653,development_exploratory_not_untouched_final,C_xgboost_current_pm,hourly_forecast_bucket_aware_arrival_time_exposure
od_30,motorbike,motorbike-4,5707.894042702269,13.698945702485446,275,335.3127691297903,343.5736083445382,475.97348932291743,8.260839214747875,2.4636220195808685,0.030303030303030304,0.9696969696969697,development_exploratory_not_untouched_final,C_xgboost_current_pm,hourly_forecast_bucket_aware_arrival_time_exposure
od_30,motorbike,motorbike-5,6023.788039967166,14.457091295921199,249,374.4488400296786,369.8112670317044,520.8978396282748,-4.637572997974189,-1.2385064399202352,0.014675052410901468,0.9853249475890985,development_exploratory_not_untouched_final,C_xgboost_current_pm,hourly_forecast_bucket_aware_arrival_time_exposure
od_30,motorbike,motorbike-6,7065.537407407111,16.957289777777067,261,450.87448032496496,438.63616387005357,622.8607314196399,-12.238316454911399,-2.71435110855924,0.014314928425357873,0.9856850715746421,development_exploratory_not_untouched_final,C_xgboost_current_pm,hourly_forecast_bucket_aware_arrival_time_exposure
od_30,motorbike,motorbike-7,6895.296589894337,16.548711815746408,331,408.05620475488985,414.80886058851166,578.8099027731633,6.752655833621816,1.6548347396599408,0.01981981981981982,0.9801801801801802,development_exploratory_not_untouched_final,C_xgboost_current_pm,hourly_forecast_bucket_aware_arrival_time_exposure
od_30,motorbike,motorbike-8,8296.947894816516,19.91267494755964,391,483.7682921182586,496.37235338260905,689.6828511279106,12.604061264350435,2.6053921825181,0.011308562197092083,0.9886914378029079,development_exploratory_not_untouched_final,C_xgboost_current_pm,hourly_forecast_bucket_aware_arrival_time_exposure
