route_id,segment_id,segment_index,mode,latitude,longitude,segment_geometry,segment_duration_seconds,route_departure_time,segment_entry_time,requested_target_time,supported_target_time,segment_endpoint_arrival_time,forecasting_origin_time,forecast_horizon_hours,target_time_mapping_method,target_time_is_exact,mapping_offset_seconds,station_values_target_time,station_value_source,station_values_used,predicted_pm25,spatial_method,spatial_power,nearest_station_id,nearest_station_distance_km,second_nearest_station_distance_km,contributing_station_count,maximum_idw_weight,idw_weight_concentration,effective_station_count,reliability_status
walking-1,242307850:0:f,1,walking,10.780842700000001,106.66004285,"[[10.7802867,106.6595074],[10.7813987,106.6605783]]",122.55383185446013,2022-02-28T06:00:00,2022-02-28T06:00:00,2022-02-28T06:01:01.276915927,2022-02-28T07:00:00,2022-02-28T06:02:02.553831854,2022-02-28T06:00:00,1,ceiling_to_next_hour_no_interpolation,False,3538.723084,2022-02-28T07:00:00,oracle_observed,"{""1"":25.08333333,""2"":50.37666667,""3"":52.32333333,""4"":35.202,""5"":13.78333333,""6"":33.305}",33.258038435330874,idw,1.0,6,0.07606002512771362,3.073606695230781,6,0.939752963555569,0.8840584254440285,1.131146959543696,supported
walking-1,242307850:1:f,2,walking,10.781085050000002,106.66065485,"[[10.7813987,106.6605783],[10.7807714,106.6607314]]",51.64518500951226,2022-02-28T06:00:00,2022-02-28T06:02:02.553831854,2022-02-28T06:02:28.376424359,2022-02-28T07:00:00,2022-02-28T06:02:54.199016864,2022-02-28T06:00:00,1,ceiling_to_next_hour_no_interpolation,False,3451.623575,2022-02-28T07:00:00,oracle_observed,"{""1"":25.08333333,""2"":50.37666667,""3"":52.32333333,""4"":35.202,""5"":13.78333333,""6"":33.305}",33.196143939341084,idw,1.0,6,0.1474685715736376,3.0122339605116593,6,0.8887850754056424,0.7931093151585986,1.2608602381627927,supported
walking-1,1277704606:0:r,3,walking,10.7809155,106.66111355000001,"[[10.7807714,106.6607314],[10.7810596,106.6614957]]",64.38646018927858,2022-02-28T06:00:00,2022-02-28T06:02:54.199016864,2022-02-28T06:03:26.392246959,2022-02-28T07:00:00,2022-02-28T06:03:58.585477053,2022-02-28T06:00:00,1,ceiling_to_next_hour_no_interpolation,False,3393.607753,2022-02-28T07:00:00,oracle_observed,"{""1"":25.08333333,""2"":50.37666667,""3"":52.32333333,""4"":35.202,""5"":13.78333333,""6"":33.305}",33.14626218818865,idw,1.0,6,0.18746480435941523,2.9596277418385912,6,0.8621173798390558,0.7481576547012949,1.3366166792736407,supported
walking-1,520723335:2:r,4,walking,10.78122965,106.66193150000001,"[[10.7810596,106.6614957],[10.7813997,106.6623673]]",73.75876521296139,2022-02-28T06:00:00,2022-02-28T06:03:58.585477053,2022-02-28T06:04:35.464859660,2022-02-28T07:00:00,2022-02-28T06:05:12.344242266,2022-02-28T06:00:00,1,ceiling_to_next_hour_no_interpolation,False,3324.53514,2022-02-28T07:00:00,oracle_observed,"{""1"":25.08333333,""2"":50.37666667,""3"":52.32333333,""4"":35.202,""5"":13.78333333,""6"":33.305}",33.02571168798973,idw,1.0,6,0.28303910455213144,2.8779933987546675,6,0.8039601192069143,0.6564014166847133,1.5234580160577655,supported
walking-1,520723335:1:r,5,walking,10.7815737,106.66281325,"[[10.7813997,106.6623673],[10.7817477,106.6632592]]",75.47594564187467,2022-02-28T06:00:00,2022-02-28T06:05:12.344242266,2022-02-28T06:05:50.082215087,2022-02-28T07:00:00,2022-02-28T06:06:27.820187908,2022-02-28T06:00:00,1,ceiling_to_next_hour_no_interpolation,False,3249.917784,2022-02-28T07:00:00,oracle_observed,"{""1"":25.08333333,""2"":50.37666667,""3"":52.32333333,""4"":35.202,""5"":13.78333333,""6"":33.305}",32.87123887658913,idw,1.0,6,0.38645693288067984,2.791135301146874,6,0.7481373633234457,0.5765289084004281,1.7345184004293677,supported
walking-1,520723335:0:r,6,walking,10.782001950000002,106.6639174,"[[10.7817477,106.6632592],[10.7822562,106.6645756]]",111.24762763960305,2022-02-28T06:00:00,2022-02-28T06:06:27.820187908,2022-02-28T06:07:23.444001728,2022-02-28T07:00:00,2022-02-28T06:08:19.067815548,2022-02-28T06:00:00,1,ceiling_to_next_hour_no_interpolation,False,3156.555998,2022-02-28T07:00:00,oracle_observed,"{""1"":25.08333333,""2"":50.37666667,""3"":52.32333333,""4"":35.202,""5"":13.78333333,""6"":33.305}",32.64738656717125,idw,1.0,6,0.5159876186847594,2.683982416387248,6,0.6867344355868193,0.4981101137716461,2.00758822668363,supported
walking-1,32579174:7:f,7,walking,10.78206985,106.6648898,"[[10.7822562,106.6645756],[10.7818835,106.665204]]",57.73087078415001,2022-02-28T06:00:00,2022-02-28T06:08:19.067815548,2022-02-28T06:08:47.933250940,2022-02-28T07:00:00,2022-02-28T06:09:16.798686332,2022-02-28T06:00:00,1,ceiling_to_next_hour_no_interpolation,False,3072.066749,2022-02-28T07:00:00,oracle_observed,"{""1"":25.08333333,""2"":50.37666667,""3"":52.32333333,""4"":35.202,""5"":13.78333333,""6"":33.305}",32.42499013300293,idw,1.0,6,0.6193815616989251,2.582662681000816,6,0.6428277277319017,0.4483581560910634,2.230359783612135,supported
walking-1,32579174:8:f,8,walking,10.7817328,106.66549175,"[[10.7818835,106.665204],[10.7815821,106.6657795]]",51.29195726692396,2022-02-28T06:00:00,2022-02-28T06:09:16.798686332,2022-02-28T06:09:42.444664965,2022-02-28T07:00:00,2022-02-28T06:10:08.090643599,2022-02-28T06:00:00,1,ceiling_to_next_hour_no_interpolation,False,3017.555335,2022-02-28T07:00:00,oracle_observed,"{""1"":25.08333333,""2"":50.37666667,""3"":52.32333333,""4"":35.202,""5"":13.78333333,""6"":33.305}",32.26970423287967,idw,1.0,6,0.6738457324403557,2.5098021883631327,6,0.6207469231173894,0.42554847094386067,2.349908572769663,supported
walking-1,32579174:9:f,9,walking,10.78152495,106.66587895,"[[10.7815821,106.6657795],[10.7814678,106.6659784]]",18.122923604608644,2022-02-28T06:00:00,2022-02-28T06:10:08.090643599,2022-02-28T06:10:17.152105401,2022-02-28T07:00:00,2022-02-28T06:10:26.213567203,2022-02-28T06:00:00,1,ceiling_to_next_hour_no_interpolation,False,2982.847894,2022-02-28T07:00:00,oracle_observed,"{""1"":25.08333333,""2"":50.37666667,""3"":52.32333333,""4"":35.202,""5"":13.78333333,""6"":33.305}",32.16212968519093,idw,1.0,6,0.7110987702609476,2.463256783424434,6,0.6062920670642792,0.4113826917407696,2.4308266246411363,supported
walking-1,289494377:7:r,10,walking,10.7815411,106.66606575,"[[10.7814678,106.6659784],[10.7816144,106.6661531]]",18.07020624647736,2022-02-28T06:00:00,2022-02-28T06:10:26.213567203,2022-02-28T06:10:35.248670327,2022-02-28T07:00:00,2022-02-28T06:10:44.283773450,2022-02-28T06:00:00,1,ceiling_to_next_hour_no_interpolation,False,2964.751329,2022-02-28T07:00:00,oracle_observed,"{""1"":25.08333333,""2"":50.37666667,""3"":52.32333333,""4"":35.202,""5"":13.78333333,""6"":33.305}",32.110758244424154,idw,1.0,6,0.7315221962927604,2.4438398136677795,6,0.5987381955191614,0.40416974618122864,2.4742079521004094,supported
walking-1,289494377:6:r,11,walking,10.781634100000002,106.66617655,"[[10.7816144,106.6661531],[10.7816538,106.6662]]",4.853405452161755,2022-02-28T06:00:00,2022-02-28T06:10:44.283773450,2022-02-28T06:10:46.710476176,2022-02-28T07:00:00,2022-02-28T06:10:49.137178902,2022-02-28T06:00:00,1,ceiling_to_next_hour_no_interpolation,False,2953.289523,2022-02-28T07:00:00,oracle_observed,"{""1"":25.08333333,""2"":50.37666667,""3"":52.32333333,""4"":35.202,""5"":13.78333333,""6"":33.305}",32.081782866255836,idw,1.0,6,0.745190662042047,2.4345458489388148,6,0.5938740730893891,0.39957343169794346,2.502668898056134,supported
walking-1,289494377:5:r,12,walking,10.781708850000001,106.6662656,"[[10.7816538,106.6662],[10.7817639,106.6663312]]",13.570915259319548,2022-02-28T06:00:00,2022-02-28T06:10:49.137178902,2022-02-28T06:10:55.922636532,2022-02-28T07:00:00,2022-02-28T06:11:02.708094161,2022-02-28T06:00:00,1,ceiling_to_next_hour_no_interpolation,False,2944.077363,2022-02-28T07:00:00,oracle_observed,"{""1"":25.08333333,""2"":50.37666667,""3"":52.32333333,""4"":35.202,""5"":13.78333333,""6"":33.305}",32.05836071240131,idw,1.0,6,0.7562399556169751,2.4271263364833953,6,0.5899900351224233,0.3959505142975196,2.5255681300835335,supported
walking-1,289494377:4:r,13,walking,10.781766600000001,106.6663359,"[[10.7817639,106.6663312],[10.7817693,106.6663406]]",0.8564144222165885,2022-02-28T06:00:00,2022-02-28T06:11:02.708094161,2022-02-28T06:11:03.136301372,2022-02-28T07:00:00,2022-02-28T06:11:03.564508584,2022-02-28T06:00:00,1,ceiling_to_next_hour_no_interpolation,False,2936.863698,2022-02-28T07:00:00,oracle_observed,"{""1"":25.08333333,""2"":50.37666667,""3"":52.32333333,""4"":35.202,""5"":13.78333333,""6"":33.305}",32.039760983167476,idw,1.0,6,0.7649747752311411,2.4212659728122725,6,0.5869477350304177,0.393142729453156,2.5436054773058006,supported
walking-1,289494377:3:r,14,walking,10.78176975,106.66634605,"[[10.7817693,106.6663406],[10.7817702,106.6663515]]",0.8602766362044205,2022-02-28T06:00:00,2022-02-28T06:11:03.564508584,2022-02-28T06:11:03.994646902,2022-02-28T07:00:00,2022-02-28T06:11:04.424785220,2022-02-28T06:00:00,1,ceiling_to_next_hour_no_interpolation,False,2936.005353,2022-02-28T07:00:00,oracle_observed,"{""1"":25.08333333,""2"":50.37666667,""3"":52.32333333,""4"":35.202,""5"":13.78333333,""6"":33.305}",32.03695009019547,idw,1.0,6,0.7661296045159633,2.4202788332228367,6,0.5865402677018076,0.3927711543784976,2.546011815919508,supported
walking-1,289494377:2:r,15,walking,10.7817683,106.66635665000001,"[[10.7817702,106.6663515],[10.7817664,106.6663618]]",0.8653102680407531,2022-02-28T06:00:00,2022-02-28T06:11:04.424785220,2022-02-28T06:11:04.857440354,2022-02-28T07:00:00,2022-02-28T06:11:05.290095488,2022-02-28T06:00:00,1,ceiling_to_next_hour_no_interpolation,False,2935.142559,2022-02-28T07:00:00,oracle_observed,"{""1"":25.08333333,""2"":50.37666667,""3"":52.32333333,""4"":35.202,""5"":13.78333333,""6"":33.305}",32.0339024079406,idw,1.0,6,0.7672364480723299,2.4191171924566457,6,0.5861429205537727,0.39241175418243435,2.548343645015013,supported
walking-1,289494377:1:r,16,walking,10.7817625,106.6663657,"[[10.7817664,106.6663618],[10.7817586,106.6663696]]",0.8753758019212898,2022-02-28T06:00:00,2022-02-28T06:11:05.290095488,2022-02-28T06:11:05.727783389,2022-02-28T07:00:00,2022-02-28T06:11:06.165471290,2022-02-28T06:00:00,1,ceiling_to_next_hour_no_interpolation,False,2934.272216,2022-02-28T07:00:00,oracle_observed,"{""1"":25.08333333,""2"":50.37666667,""3"":52.32333333,""4"":35.202,""5"":13.78333333,""6"":33.305}",32.031191368432324,idw,1.0,6,0.7680866331656101,2.417999501740988,6,0.5858304268720296,0.39213199084178757,2.5501617398093575,supported
walking-1,289494377:0:r,17,walking,10.7816507,106.66645535,"[[10.7817586,106.6663696],[10.7815428,106.6665411]]",21.91853549655546,2022-02-28T06:00:00,2022-02-28T06:11:06.165471290,2022-02-28T06:11:17.124739038,2022-02-28T07:00:00,2022-02-28T06:11:28.084006786,2022-02-28T06:00:00,1,ceiling_to_next_hour_no_interpolation,False,2922.87526,2022-02-28T07:00:00,oracle_observed,"{""1"":25.08333333,""2"":50.37666667,""3"":52.32333333,""4"":35.202,""5"":13.78333333,""6"":33.305}",32.00279871783759,idw,1.0,6,0.7755108958879162,2.4054476773382607,6,0.5830164595802639,0.38965854906646724,2.566349442084028,supported
walking-1,694637565:0:f,18,walking,10.7815084,106.6665679,"[[10.7815428,106.6665411],[10.781474,106.6665947]]",6.936150109063491,2022-02-28T06:00:00,2022-02-28T06:11:28.084006786,2022-02-28T06:11:31.552081841,2022-02-28T07:00:00,2022-02-28T06:11:35.020156895,2022-02-28T06:00:00,1,ceiling_to_next_hour_no_interpolation,False,2908.447918,2022-02-28T07:00:00,oracle_observed,"{""1"":25.08333333,""2"":50.37666667,""3"":52.32333333,""4"":35.202,""5"":13.78333333,""6"":33.305}",31.96639400431033,idw,1.0,6,0.7851521400251332,2.389692994640398,6,0.5794019956228301,0.38651561962274134,2.5872175643924824,supported
walking-1,410150107:0:f,19,walking,10.781590999999999,106.66672395,"[[10.781474,106.6665947],[10.781708,106.6668532]]",27.645781520675644,2022-02-28T06:00:00,2022-02-28T06:11:35.020156895,2022-02-28T06:11:48.843047656,2022-02-28T07:00:00,2022-02-28T06:12:02.665938416,2022-02-28T06:00:00,1,ceiling_to_next_hour_no_interpolation,False,2891.156952,2022-02-28T07:00:00,oracle_observed,"{""1"":25.08333333,""2"":50.37666667,""3"":52.32333333,""4"":35.202,""5"":13.78333333,""6"":33.305}",31.922788165862805,idw,1.0,6,0.8033885610248012,2.375375244285393,6,0.5731539553241942,0.3810020277666441,2.624657946997803,supported
walking-1,520723263:0:f,20,walking,10.7817453,106.66689400000001,"[[10.781708,106.6668532],[10.7817826,106.6669348]]",8.766787040109001,2022-02-28T06:00:00,2022-02-28T06:12:02.665938416,2022-02-28T06:12:07.049331936,2022-02-28T07:00:00,2022-02-28T06:12:11.432725456,2022-02-28T06:00:00,1,ceiling_to_next_hour_no_interpolation,False,2872.950668,2022-02-28T07:00:00,oracle_observed,"{""1"":25.08333333,""2"":50.37666667,""3"":52.32333333,""4"":35.202,""5"":13.78333333,""6"":33.305}",31.876677820672025,idw,1.0,6,0.8245173267880993,2.361655158997175,6,0.5661374875757679,0.3749098347212092,2.6673079961842583,supported
walking-1,520723263:1:f,21,walking,10.78183405,106.66700875000001,"[[10.7817826,106.6669348],[10.7818855,106.6670827]]",14.253757154967932,2022-02-28T06:00:00,2022-02-28T06:12:11.432725456,2022-02-28T06:12:18.559604034,2022-02-28T07:00:00,2022-02-28T06:12:25.686482611,2022-02-28T06:00:00,1,ceiling_to_next_hour_no_interpolation,False,2861.440395,2022-02-28T07:00:00,oracle_observed,"{""1"":25.08333333,""2"":50.37666667,""3"":52.32333333,""4"":35.202,""5"":13.78333333,""6"":33.305}",31.84492066087182,idw,1.0,6,0.8385945909313508,2.3520628392923646,6,0.5615199025628802,0.3709849956296749,2.6955268050738668,supported
walking-1,520723263:2:f,22,walking,10.781874949999999,106.6671289,"[[10.7818855,106.6670827],[10.7818644,106.6671751]]",7.460753130743864,2022-02-28T06:00:00,2022-02-28T06:12:25.686482611,2022-02-28T06:12:29.416859176,2022-02-28T07:00:00,2022-02-28T06:12:33.147235742,2022-02-28T06:00:00,1,ceiling_to_next_hour_no_interpolation,False,2850.58314,2022-02-28T07:00:00,oracle_observed,"{""1"":25.08333333,""2"":50.37666667,""3"":52.32333333,""4"":35.202,""5"":13.78333333,""6"":33.305}",31.809910756849746,idw,1.0,6,0.8523270473690412,2.3405729864011033,6,0.5569916433764719,0.36722719460676023,2.723109874993967,supported
walking-1,520723263:3:f,23,walking,10.781813249999999,106.66722095,"[[10.7818644,106.6671751],[10.7817621,106.6672668]]",10.912892630563881,2022-02-28T06:00:00,2022-02-28T06:12:33.147235742,2022-02-28T06:12:38.603682057,2022-02-28T07:00:00,2022-02-28T06:12:44.060128372,2022-02-28T06:00:00,1,ceiling_to_next_hour_no_interpolation,False,2841.396317,2022-02-28T07:00:00,oracle_observed,"{""1"":25.08333333,""2"":50.37666667,""3"":52.32333333,""4"":35.202,""5"":13.78333333,""6"":33.305}",31.779952056845303,idw,1.0,6,0.8609987859630291,2.329076639221139,6,0.5540011657955439,0.3648401220887398,2.740926612662329,supported
walking-1,520723263:4:f,24,walking,10.7815847,106.66742585,"[[10.7817621,106.6672668],[10.7814073,106.6675849]]",37.85172910894005,2022-02-28T06:00:00,2022-02-28T06:12:44.060128372,2022-02-28T06:13:02.985992927,2022-02-28T07:00:00,2022-02-28T06:13:21.911857481,2022-02-28T06:00:00,1,ceiling_to_next_hour_no_interpolation,False,2817.014007,2022-02-28T07:00:00,oracle_observed,"{""1"":25.08333333,""2"":50.37666667,""3"":52.32333333,""4"":35.202,""5"":13.78333333,""6"":33.305}",31.708788400344716,idw,1.0,6,0.8791143883797202,2.3009328171977685,6,0.54765580306452,0.3599356167478312,2.778274650992914,supported
walking-1,520723263:5:f,25,walking,10.78138955,106.6676008,"[[10.7814073,106.6675849],[10.7813718,106.6676167]]",3.7858561431603572,2022-02-28T06:00:00,2022-02-28T06:13:21.911857481,2022-02-28T06:13:23.804785553,2022-02-28T07:00:00,2022-02-28T06:13:25.697713624,2022-02-28T06:00:00,1,ceiling_to_next_hour_no_interpolation,False,2796.195214,2022-02-28T07:00:00,oracle_observed,"{""1"":25.08333333,""2"":50.37666667,""3"":52.32333333,""4"":35.202,""5"":13.78333333,""6"":33.305}",31.64620773572427,idw,1.0,6,0.895305925250708,2.2770258273918964,6,0.5420919544800167,0.35573813754098976,2.8110564892266448,supported
walking-1,520723263:6:f,26,walking,10.7812342,106.66773975,"[[10.7813718,106.6676167],[10.7810966,106.6678628]]",29.326725459023578,2022-02-28T06:00:00,2022-02-28T06:13:25.697713624,2022-02-28T06:13:40.361076354,2022-02-28T07:00:00,2022-02-28T06:13:55.024439084,2022-02-28T06:00:00,1,ceiling_to_next_hour_no_interpolation,False,2779.638923,2022-02-28T07:00:00,oracle_observed,"{""1"":25.08333333,""2"":50.37666667,""3"":52.32333333,""4"":35.202,""5"":13.78333333,""6"":33.305}",31.59531403358972,idw,1.0,6,0.9086121538782388,2.258112202699134,6,0.5375902131555544,0.35241369602110284,2.8375741672086408,supported
walking-1,410150095:5:f,27,walking,10.78108005,106.66789275,"[[10.7810966,106.6678628],[10.7810635,106.6679227]]",5.405162770737246,2022-02-28T06:00:00,2022-02-28T06:13:55.024439084,2022-02-28T06:13:57.727020469,2022-02-28T07:00:00,2022-02-28T06:14:00.429601854,2022-02-28T06:00:00,1,ceiling_to_next_hour_no_interpolation,False,2762.272979,2022-02-28T07:00:00,oracle_observed,"{""1"":25.08333333,""2"":50.37666667,""3"":52.32333333,""4"":35.202,""5"":13.78333333,""6"":33.305}",31.5388066850855,idw,1.0,6,0.9238401799642689,2.237814110961368,6,0.5325361103259053,0.34874798813443453,2.867400053973996,supported
walking-1,410150095:6:f,28,walking,10.78100225,106.66803335,"[[10.7810635,106.6679227],[10.780941,106.668144]]",19.977668831805644,2022-02-28T06:00:00,2022-02-28T06:14:00.429601854,2022-02-28T06:14:10.418436270,2022-02-28T07:00:00,2022-02-28T06:14:20.407270686,2022-02-28T06:00:00,1,ceiling_to_next_hour_no_interpolation,False,2749.581563,2022-02-28T07:00:00,oracle_observed,"{""1"":25.08333333,""2"":50.37666667,""3"":52.32333333,""4"":35.202,""5"":13.78333333,""6"":33.305}",31.48869727678809,idw,1.0,6,0.9385743065911665,2.2208623264322154,6,0.5277933077148635,0.3453453350251446,2.895652260445881,supported
walking-1,410150095:7:f,29,walking,10.7808711,106.66826445000001,"[[10.780941,106.668144],[10.7808012,106.6683849]]",22.005173165028964,2022-02-28T06:00:00,2022-02-28T06:14:20.407270686,2022-02-28T06:14:31.409857269,2022-02-28T07:00:00,2022-02-28T06:14:42.412443851,2022-02-28T06:00:00,1,ceiling_to_next_hour_no_interpolation,False,2728.590142,2022-02-28T07:00:00,oracle_observed,"{""1"":25.08333333,""2"":50.37666667,""3"":52.32333333,""4"":35.202,""5"":13.78333333,""6"":33.305}",31.40458812361985,idw,1.0,6,0.9629867498385248,2.1929391650390695,6,0.5200430399952561,0.3399518513354177,2.9415930405195456,supported
walking-1,410150095:0:r,30,walking,10.7808737,106.66848465000001,"[[10.7808012,106.6683849],[10.7809462,106.6685844]]",19.517793840779778,2022-02-28T06:00:00,2022-02-28T06:14:42.412443851,2022-02-28T06:14:52.171340771,2022-02-28T07:00:00,2022-02-28T06:15:01.930237692,2022-02-28T06:00:00,1,ceiling_to_next_hour_no_interpolation,False,2707.828659,2022-02-28T07:00:00,oracle_observed,"{""1"":25.08333333,""2"":50.37666667,""3"":52.32333333,""4"":35.202,""5"":13.78333333,""6"":33.305}",31.328870959325172,idw,1.0,6,0.987027824132937,2.169595671166517,6,0.512688231643253,0.3349464983834144,2.9855514382935766,supported
walking-1,410149784:1:r,31,walking,10.78092925,106.66859665,"[[10.7809462,106.6685844],[10.7809123,106.6686089]]",3.3284914141052027,2022-02-28T06:00:00,2022-02-28T06:15:01.930237692,2022-02-28T06:15:03.594483399,2022-02-28T07:00:00,2022-02-28T06:15:05.258729106,2022-02-28T06:00:00,1,ceiling_to_next_hour_no_interpolation,False,2696.405516,2022-02-28T07:00:00,oracle_observed,"{""1"":25.08333333,""2"":50.37666667,""3"":52.32333333,""4"":35.202,""5"":13.78333333,""6"":33.305}",31.29259814602751,idw,1.0,6,0.9995447851179416,2.1591373693543847,6,0.5089728740501502,0.3324526489358142,3.0079471563875777,supported
walking-1,410149784:0:r,32,walking,10.78070965,106.66876115,"[[10.7809123,106.6686089],[10.780507,106.6689134]]",40.328881267721414,2022-02-28T06:00:00,2022-02-28T06:15:05.258729106,2022-02-28T06:15:25.423169740,2022-02-28T07:00:00,2022-02-28T06:15:45.587610374,2022-02-28T06:00:00,1,ceiling_to_next_hour_no_interpolation,False,2674.57683,2022-02-28T07:00:00,oracle_observed,"{""1"":25.08333333,""2"":50.37666667,""3"":52.32333333,""4"":35.202,""5"":13.78333333,""6"":33.305}",31.223385018305343,idw,1.0,6,1.0165624234713,2.1360232313547867,6,0.5036254227345298,0.3291430910314025,3.038192285508412,moderate reliability
walking-1,716044137:15:r,33,walking,10.78053735,106.66895505,"[[10.780507,106.6689134],[10.7805677,106.6689967]]",8.156982173967327,2022-02-28T06:00:00,2022-02-28T06:15:45.587610374,2022-02-28T06:15:49.666101461,2022-02-28T07:00:00,2022-02-28T06:15:53.744592548,2022-02-28T06:00:00,1,ceiling_to_next_hour_no_interpolation,False,2650.333898,2022-02-28T07:00:00,oracle_observed,"{""1"":25.08333333,""2"":50.37666667,""3"":52.32333333,""4"":35.202,""5"":13.78333333,""6"":33.305}",31.144591944449385,idw,1.0,6,1.0374240588892822,2.1111055474342444,6,0.4972790848483231,0.32528914090128536,3.0741880814996754,supported
walking-1,716044137:14:r,34,walking,10.7807194,106.6692011,"[[10.7805677,106.6689967],[10.7808711,106.6694055]]",40.29530387682751,2022-02-28T06:00:00,2022-02-28T06:15:53.744592548,2022-02-28T06:16:13.892244486,2022-02-28T07:00:00,2022-02-28T06:16:34.039896424,2022-02-28T06:00:00,1,ceiling_to_next_hour_no_interpolation,False,2626.107755,2022-02-28T07:00:00,oracle_observed,"{""1"":25.08333333,""2"":50.37666667,""3"":52.32333333,""4"":35.202,""5"":13.78333333,""6"":33.305}",31.06488575808039,idw,1.0,6,1.0646312209885052,2.0894897705465736,6,0.4895477584075725,0.32053881634040043,3.11974696673877,supported
walking-1,716044137:13:r,35,walking,10.7808805,106.6694182,"[[10.7808711,106.6694055],[10.7808899,106.6694309]]",2.5012025933203543,2022-02-28T06:00:00,2022-02-28T06:16:34.039896424,2022-02-28T06:16:35.290497721,2022-02-28T07:00:00,2022-02-28T06:16:36.541099018,2022-02-28T06:00:00,1,ceiling_to_next_hour_no_interpolation,False,2604.709502,2022-02-28T07:00:00,oracle_observed,"{""1"":25.08333333,""2"":50.37666667,""3"":52.32333333,""4"":35.202,""5"":13.78333333,""6"":33.305}",30.99398080854519,idw,1.0,6,1.088938281432361,2.070696646207952,6,0.4827943546345964,0.3165457690546007,3.159100824460904,supported
walking-1,716044137:12:r,36,walking,10.7808975,106.66944129999999,"[[10.7808899,106.6694309],[10.7809051,106.6694517]]",2.03885914762541,2022-02-28T06:00:00,2022-02-28T06:16:36.541099018,2022-02-28T06:16:37.560528592,2022-02-28T07:00:00,2022-02-28T06:16:38.579958165,2022-02-28T06:00:00,1,ceiling_to_next_hour_no_interpolation,False,2602.439471,2022-02-28T07:00:00,oracle_observed,"{""1"":25.08333333,""2"":50.37666667,""3"":52.32333333,""4"":35.202,""5"":13.78333333,""6"":33.305}",30.986398028663327,idw,1.0,6,1.091539701415666,2.0687082631016733,6,0.48207978811140545,0.31613197661926556,3.163235844390246,supported
walking-1,716044137:11:r,37,walking,10.781007899999999,106.66959184999999,"[[10.7809051,106.6694517],[10.7811107,106.669732]]",27.51219888450912,2022-02-28T06:00:00,2022-02-28T06:16:38.579958165,2022-02-28T06:16:52.336057608,2022-02-28T07:00:00,2022-02-28T06:17:06.092157050,2022-02-28T06:00:00,1,ceiling_to_next_hour_no_interpolation,False,2587.663942,2022-02-28T07:00:00,oracle_observed,"{""1"":25.08333333,""2"":50.37666667,""3"":52.32333333,""4"":35.202,""5"":13.78333333,""6"":33.305}",30.936823915696376,idw,1.0,6,1.1085617246085142,2.055809675257935,6,0.47744281341774913,0.31348731177715033,3.189921768543133,supported
walking-1,716044137:10:r,38,walking,10.7811385,106.6697682,"[[10.7811107,106.669732],[10.7811663,106.6698044]]",7.2275162089596074,2022-02-28T06:00:00,2022-02-28T06:17:06.092157050,2022-02-28T06:17:09.705915154,2022-02-28T07:00:00,2022-02-28T06:17:13.319673259,2022-02-28T06:00:00,1,ceiling_to_next_hour_no_interpolation,False,2570.294084,2022-02-28T07:00:00,oracle_observed,"{""1"":25.08333333,""2"":50.37666667,""3"":52.32333333,""4"":35.202,""5"":13.78333333,""6"":33.305}",30.878566943343813,idw,1.0,6,1.1286582215662586,2.0408964266961833,6,0.472056607649381,0.3105019870150627,3.2205913063979494,supported
walking-1,716044137:9:r,39,walking,10.78138895,106.67009465000001,"[[10.7811663,106.6698044],[10.7816116,106.6703849]]",57.92531156076102,2022-02-28T06:00:00,2022-02-28T06:17:13.319673259,2022-02-28T06:17:42.282329039,2022-02-28T07:00:00,2022-02-28T06:18:11.244984820,2022-02-28T06:00:00,1,ceiling_to_next_hour_no_interpolation,False,2537.71767,2022-02-28T07:00:00,oracle_observed,"{""1"":25.08333333,""2"":50.37666667,""3"":52.32333333,""4"":35.202,""5"":13.78333333,""6"":33.305}",30.77068301922982,idw,1.0,6,1.166346908122978,2.014028800711735,6,0.46221719479665657,0.30528433296187457,3.275634849315654,supported
walking-1,716044137:8:r,40,walking,10.78173405,106.67054455,"[[10.7816116,106.6703849],[10.7818565,106.6707042]]",31.859709290272065,2022-02-28T06:00:00,2022-02-28T06:18:11.244984820,2022-02-28T06:18:27.174839465,2022-02-28T07:00:00,2022-02-28T06:18:43.104694110,2022-02-28T06:00:00,1,ceiling_to_next_hour_no_interpolation,False,2492.82516,2022-02-28T07:00:00,oracle_observed,"{""1"":25.08333333,""2"":50.37666667,""3"":52.32333333,""4"":35.202,""5"":13.78333333,""6"":33.305}",30.621218733991277,idw,1.0,6,1.2191297143170359,1.9780972339833012,6,0.44896257049556615,0.29875654226473924,3.3472070349303444,supported
walking-1,716044137:7:r,41,walking,10.78201265,106.6709077,"[[10.7818565,106.6707042],[10.7821688,106.6711112]]",40.61702961073166,2022-02-28T06:00:00,2022-02-28T06:18:43.104694110,2022-02-28T06:19:03.413208915,2022-02-28T07:00:00,2022-02-28T06:19:23.721723721,2022-02-28T06:00:00,1,ceiling_to_next_hour_no_interpolation,False,2456.586791,2022-02-28T07:00:00,oracle_observed,"{""1"":25.08333333,""2"":50.37666667,""3"":52.32333333,""4"":35.202,""5"":13.78333333,""6"":33.305}",30.500348053395843,idw,1.0,6,1.2623720945613686,1.9500670181058082,6,0.43854086216263377,0.29403114159221316,3.4010002974000733,supported
walking-1,716044137:6:r,42,walking,10.7821948,106.67114509999999,"[[10.7821688,106.6711112],[10.7822208,106.671179]]",6.764972400637592,2022-02-28T06:00:00,2022-02-28T06:19:23.721723721,2022-02-28T06:19:27.104209921,2022-02-28T07:00:00,2022-02-28T06:19:30.486696121,2022-02-28T06:00:00,1,ceiling_to_next_hour_no_interpolation,False,2432.89579,2022-02-28T07:00:00,oracle_observed,"{""1"":25.08333333,""2"":50.37666667,""3"":52.32333333,""4"":35.202,""5"":13.78333333,""6"":33.305}",30.42141572855875,idw,1.0,6,1.2909188015577775,1.9322327942315185,6,0.43186835881471247,0.2911951896617656,3.4341226624022823,supported
walking-1,716044137:5:r,43,walking,10.7822564,106.67122605,"[[10.7822208,106.671179],[10.782292,106.6712731]]",9.341498243507912,2022-02-28T06:00:00,2022-02-28T06:19:30.486696121,2022-02-28T06:19:35.157445243,2022-02-28T07:00:00,2022-02-28T06:19:39.828194365,2022-02-28T06:00:00,1,ceiling_to_next_hour_no_interpolation,False,2424.842554,2022-02-28T07:00:00,oracle_observed,"{""1"":25.08333333,""2"":50.37666667,""3"":52.32333333,""4"":35.202,""5"":13.78333333,""6"":33.305}",30.394494853708817,idw,1.0,6,1.3006912190497302,1.9262230415368453,6,0.4296197835670213,0.29027372244981714,3.445024205292579,supported
walking-1,716044137:4:r,44,walking,10.7823189,106.67130864999999,"[[10.782292,106.6712731],[10.7823458,106.6713442]]",7.058375565838252,2022-02-28T06:00:00,2022-02-28T06:19:39.828194365,2022-02-28T06:19:43.357382148,2022-02-28T07:00:00,2022-02-28T06:19:46.886569931,2022-02-28T06:00:00,1,ceiling_to_next_hour_no_interpolation,False,2416.642617,2022-02-28T07:00:00,oracle_observed,"{""1"":25.08333333,""2"":50.37666667,""3"":52.32333333,""4"":35.202,""5"":13.78333333,""6"":33.305}",30.367019297435302,idw,1.0,6,1.3106799095268997,1.9201249379982845,6,0.42733964651535733,0.28935716641371034,3.4559365243791587,supported
walking-1,716044137:3:r,45,walking,10.782421150000001,106.67144205,"[[10.7823458,106.6713442],[10.7824965,106.6715399]]",19.556489624045543,2022-02-28T06:00:00,2022-02-28T06:19:46.886569931,2022-02-28T06:19:56.664814743,2022-02-28T07:00:00,2022-02-28T06:20:06.443059555,2022-02-28T06:00:00,1,ceiling_to_next_hour_no_interpolation,False,2403.335185,2022-02-28T07:00:00,oracle_observed,"{""1"":25.08333333,""2"":50.37666667,""3"":52.32333333,""4"":35.202,""5"":13.78333333,""6"":33.305}",30.32282574693526,idw,1.0,6,1.3268832119811822,1.9104301000957895,6,0.4236852386672497,0.28792247428733825,3.4731571492471587,supported
walking-1,716044137:2:r,46,walking,10.78253235,106.67158885,"[[10.7824965,106.6715399],[10.7825682,106.6716378]]",9.603868227829262,2022-02-28T06:00:00,2022-02-28T06:20:06.443059555,2022-02-28T06:20:11.244993669,2022-02-28T07:00:00,2022-02-28T06:20:16.046927783,2022-02-28T06:00:00,1,ceiling_to_next_hour_no_interpolation,False,2388.755006,2022-02-28T07:00:00,oracle_observed,"{""1"":25.08333333,""2"":50.37666667,""3"":52.32333333,""4"":35.202,""5"":13.78333333,""6"":33.305}",30.274186169304983,idw,1.0,6,1.3447570288804678,1.8998590460201634,6,0.4197082037437873,0.2864141662856937,3.4914474132627764,supported
walking-1,716044137:1:r,47,walking,10.78258275,106.671657,"[[10.7825682,106.6716378],[10.7825973,106.6716762]]",3.814240604446116,2022-02-28T06:00:00,2022-02-28T06:20:16.046927783,2022-02-28T06:20:17.954048085,2022-02-28T07:00:00,2022-02-28T06:20:19.861168387,2022-02-28T06:00:00,1,ceiling_to_next_hour_no_interpolation,False,2382.045951,2022-02-28T07:00:00,oracle_observed,"{""1"":25.08333333,""2"":50.37666667,""3"":52.32333333,""4"":35.202,""5"":13.78333333,""6"":33.305}",30.251535483689704,idw,1.0,6,1.3530538570727724,1.8949554571137612,6,0.41787885075657866,0.2857403562526885,3.4996806650428858,supported
walking-1,716044137:0:r,48,walking,10.78275755,106.6718879,"[[10.7825973,106.6716762],[10.7829178,106.6720996]]",42.038469107322456,2022-02-28T06:00:00,2022-02-28T06:20:19.861168387,2022-02-28T06:20:40.880402941,2022-02-28T07:00:00,2022-02-28T06:21:01.899637494,2022-02-28T06:00:00,1,ceiling_to_next_hour_no_interpolation,False,2359.119597,2022-02-28T07:00:00,oracle_observed,"{""1"":25.08333333,""2"":50.37666667,""3"":52.32333333,""4"":35.202,""5"":13.78333333,""6"":33.305}",30.175419764634004,idw,1.0,6,1.381343806411169,1.878759826522024,6,0.41174846687253525,0.2835577095685094,3.5266189782732513,supported
walking-1,495852561:4:r,49,walking,10.7828293,106.6722666,"[[10.7829178,106.6720996],[10.7827408,106.6724336]]",29.846595624398258,2022-02-28T06:00:00,2022-02-28T06:21:01.899637494,2022-02-28T06:21:16.822935306,2022-02-28T07:00:00,2022-02-28T06:21:31.746233119,2022-02-28T06:00:00,1,ceiling_to_next_hour_no_interpolation,False,2323.177064,2022-02-28T07:00:00,oracle_observed,"{""1"":25.08333333,""2"":50.37666667,""3"":52.32333333,""4"":35.202,""5"":13.78333333,""6"":33.305}",30.028405189748163,idw,1.0,6,1.4234716145552788,1.8436289020346133,6,0.4021838846699623,0.2808372766186126,3.5607808622857324,supported
walking-1,495852561:3:r,50,walking,10.7827327,106.67244885,"[[10.7827408,106.6724336],[10.7827246,106.6724641]]",2.7269142096456354,2022-02-28T06:00:00,2022-02-28T06:21:31.746233119,2022-02-28T06:21:33.109690224,2022-02-28T07:00:00,2022-02-28T06:21:34.473147328,2022-02-28T06:00:00,1,ceiling_to_next_hour_no_interpolation,False,2306.890309,2022-02-28T07:00:00,oracle_observed,"{""1"":25.08333333,""2"":50.37666667,""3"":52.32333333,""4"":35.202,""5"":13.78333333,""6"":33.305}",29.942311221717393,idw,1.0,6,1.4411308132595582,1.8211103562848472,6,0.39777073658134254,0.2799888747433158,3.5715704808513045,supported
walking-1,495852561:2:r,51,walking,10.78264635,106.67261165,"[[10.7827246,106.6724641],[10.7825681,106.6727592]]",26.37482266197882,2022-02-28T06:00:00,2022-02-28T06:21:34.473147328,2022-02-28T06:21:47.660558659,2022-02-28T07:00:00,2022-02-28T06:22:00.847969990,2022-02-28T06:00:00,1,ceiling_to_next_hour_no_interpolation,False,2292.339441,2022-02-28T07:00:00,oracle_observed,"{""1"":25.08333333,""2"":50.37666667,""3"":52.32333333,""4"":35.202,""5"":13.78333333,""6"":33.305}",29.864174216209783,idw,1.0,6,1.4570202987979042,1.8009946223130595,6,0.3938290832274327,0.2793152181558513,3.5801844475299,supported
walking-1,495852561:1:r,52,walking,10.782527550000001,106.6728344,"[[10.7825681,106.6727592],[10.782487,106.6729096]]",13.493375829992404,2022-02-28T06:00:00,2022-02-28T06:22:00.847969990,2022-02-28T06:22:07.594657905,2022-02-28T07:00:00,2022-02-28T06:22:14.341345820,2022-02-28T06:00:00,1,ceiling_to_next_hour_no_interpolation,False,2272.405342,2022-02-28T07:00:00,oracle_observed,"{""1"":25.08333333,""2"":50.37666667,""3"":52.32333333,""4"":35.202,""5"":13.78333333,""6"":33.305}",29.75529182571822,idw,1.0,6,1.478920640778731,1.773446835498425,6,0.3884378199640347,0.27852604036077844,3.590328569295305,supported
walking-1,495852561:0:r,53,walking,10.78246965,106.67294179999999,"[[10.782487,106.6729096],[10.7824523,106.672974]]",5.776735503007723,2022-02-28T06:00:00,2022-02-28T06:22:14.341345820,2022-02-28T06:22:17.229713572,2022-02-28T07:00:00,2022-02-28T06:22:20.118081323,2022-02-28T06:00:00,1,ceiling_to_next_hour_no_interpolation,False,2262.770286,2022-02-28T07:00:00,oracle_observed,"{""1"":25.08333333,""2"":50.37666667,""3"":52.32333333,""4"":35.202,""5"":13.78333333,""6"":33.305}",29.70192670047584,idw,1.0,6,1.4895385446715221,1.760139500354308,6,0.3858393434768046,0.27820192917345593,3.5945113787349428,supported
walking-1,500897933:9:r,54,walking,10.78236645,106.67313089999999,"[[10.7824523,106.672974],[10.7822806,106.6732878]]",28.249546361288505,2022-02-28T06:00:00,2022-02-28T06:22:20.118081323,2022-02-28T06:22:34.242854504,2022-02-28T07:00:00,2022-02-28T06:22:48.367627685,2022-02-28T06:00:00,1,ceiling_to_next_hour_no_interpolation,False,2245.757145,2022-02-28T07:00:00,oracle_observed,"{""1"":25.08333333,""2"":50.37666667,""3"":52.32333333,""4"":35.202,""5"":13.78333333,""6"":33.305}",29.6065378360759,idw,1.0,6,1.5083209799272488,1.7366583404466422,6,0.3812654566477705,0.27772255009938956,3.6007158930455105,supported
walking-1,500897933:8:r,55,walking,10.7822251,106.67339129999999,"[[10.7822806,106.6732878],[10.7821696,106.6734948]]",18.54750207466979,2022-02-28T06:00:00,2022-02-28T06:22:48.367627685,2022-02-28T06:22:57.641378722,2022-02-28T07:00:00,2022-02-28T06:23:06.915129759,2022-02-28T06:00:00,1,ceiling_to_next_hour_no_interpolation,False,2222.358621,2022-02-28T07:00:00,oracle_observed,"{""1"":25.08333333,""2"":50.37666667,""3"":52.32333333,""4"":35.202,""5"":13.78333333,""6"":33.305}",29.472570587122487,idw,1.0,6,1.5344153755200454,1.7043626785912622,6,0.37497054682013203,0.2772492362651794,3.60686295648993,supported
walking-1,500897933:7:r,56,walking,10.78206815,106.67369260000001,"[[10.7821696,106.6734948],[10.7819667,106.6738904]]",35.09816307799212,2022-02-28T06:00:00,2022-02-28T06:23:06.915129759,2022-02-28T06:23:24.464211298,2022-02-28T07:00:00,2022-02-28T06:23:42.013292837,2022-02-28T06:00:00,1,ceiling_to_next_hour_no_interpolation,False,2195.535788,2022-02-28T07:00:00,oracle_observed,"{""1"":25.08333333,""2"":50.37666667,""3"":52.32333333,""4"":35.202,""5"":13.78333333,""6"":33.305}",29.314459580552793,idw,1.0,6,1.564990645743177,1.6672832282431171,6,0.3676994940100863,0.276966435707427,3.610545795723595,supported
walking-1,500897933:6:r,57,walking,10.78187005,106.67406405,"[[10.7819667,106.6738904],[10.7817734,106.6742377]]",31.39361698611284,2022-02-28T06:00:00,2022-02-28T06:23:42.013292837,2022-02-28T06:23:57.710101330,2022-02-28T07:00:00,2022-02-28T06:24:13.406909823,2022-02-28T06:00:00,1,ceiling_to_next_hour_no_interpolation,False,2162.289898,2022-02-28T07:00:00,oracle_observed,"{""1"":25.08333333,""2"":50.37666667,""3"":52.32333333,""4"":35.202,""5"":13.78333333,""6"":33.305}",29.112977755486906,idw,1.0,6,1.603023754460425,1.6213881931903347,6,0.35874786191706326,0.2770524971379533,3.609424243890023,supported
walking-1,500897933:5:r,58,walking,10.78173765,106.6743042,"[[10.7817734,106.6742377],[10.7817019,106.6743707]]",11.923964944699646,2022-02-28T06:00:00,2022-02-28T06:24:13.406909823,2022-02-28T06:24:19.368892296,2022-02-28T07:00:00,2022-02-28T06:24:25.330874768,2022-02-28T06:00:00,1,ceiling_to_next_hour_no_interpolation,False,2140.631107,2022-02-28T07:00:00,oracle_observed,"{""1"":25.08333333,""2"":50.37666667,""3"":52.32333333,""4"":35.202,""5"":13.78333333,""6"":33.305}",28.978497789708335,idw,1.0,5,1.591543999204017,1.6277953039491322,6,0.36100271429256664,0.2773754799806107,3.6052213413741647,supported
walking-1,500897933:4:r,59,walking,10.781638749999999,106.67448830000001,"[[10.7817019,106.6743707],[10.7815756,106.6746059]]",21.08113659032649,2022-02-28T06:00:00,2022-02-28T06:24:25.330874768,2022-02-28T06:24:35.871443063,2022-02-28T07:00:00,2022-02-28T06:24:46.412011358,2022-02-28T06:00:00,1,ceiling_to_next_hour_no_interpolation,False,2124.128556,2022-02-28T07:00:00,oracle_observed,"{""1"":25.08333333,""2"":50.37666667,""3"":52.32333333,""4"":35.202,""5"":13.78333333,""6"":33.305}",28.873808976980243,idw,1.0,5,1.5687793819702671,1.6469277797006243,6,0.36589888586732056,0.27775747982956045,3.600263080632886,supported
walking-1,500897933:3:r,60,walking,10.78151695,106.67473115,"[[10.7815756,106.6746059],[10.7814583,106.6748564]]",21.82491459470385,2022-02-28T06:00:00,2022-02-28T06:24:46.412011358,2022-02-28T06:24:57.324468656,2022-02-28T07:00:00,2022-02-28T06:25:08.236925953,2022-02-28T06:00:00,1,ceiling_to_next_hour_no_interpolation,False,2102.675531,2022-02-28T07:00:00,oracle_observed,"{""1"":25.08333333,""2"":50.37666667,""3"":52.32333333,""4"":35.202,""5"":13.78333333,""6"":33.305}",28.734378921826774,idw,1.0,5,1.5391152743969847,1.672378165920972,6,0.37239479757360383,0.27842953631224315,3.5915729819646574,supported
walking-1,500897933:2:r,61,walking,10.781369600000001,106.67500824999999,"[[10.7814583,106.6748564],[10.7812809,106.6751601]]",27.788821632502835,2022-02-28T06:00:00,2022-02-28T06:25:08.236925953,2022-02-28T06:25:22.131336768,2022-02-28T07:00:00,2022-02-28T06:25:36.025747586,2022-02-28T06:00:00,1,ceiling_to_next_hour_no_interpolation,False,2077.868663,2022-02-28T07:00:00,oracle_observed,"{""1"":25.08333333,""2"":50.37666667,""3"":52.32333333,""4"":35.202,""5"":13.78333333,""6"":33.305}",28.570306678658028,idw,1.0,5,1.5049289294686736,1.7015349346666406,6,0.3799851604345402,0.27948744011480037,3.577978314836784,supported
walking-1,500897933:1:r,62,walking,10.7812525,106.67520855000001,"[[10.7812809,106.6751601],[10.7812241,106.675257]]",8.87454713276529,2022-02-28T06:00:00,2022-02-28T06:25:36.025747586,2022-02-28T06:25:40.463021152,2022-02-28T07:00:00,2022-02-28T06:25:44.900294718,2022-02-28T06:00:00,1,ceiling_to_next_hour_no_interpolation,False,2059.536978,2022-02-28T07:00:00,oracle_observed,"{""1"":25.08333333,""2"":50.37666667,""3"":52.32333333,""4"":35.202,""5"":13.78333333,""6"":33.305}",28.447466491545796,idw,1.0,5,1.4797915194600555,1.7226719328430842,6,0.38562954871920396,0.28046630511918974,3.565490690851545,supported
walking-1,500897933:0:r,63,walking,10.781136799999999,106.6754239,"[[10.7812241,106.675257],[10.7810495,106.6755908]]",29.742094242832376,2022-02-28T06:00:00,2022-02-28T06:25:44.900294718,2022-02-28T06:25:59.771341840,2022-02-28T07:00:00,2022-02-28T06:26:14.642388961,2022-02-28T06:00:00,1,ceiling_to_next_hour_no_interpolation,False,2040.228658,2022-02-28T07:00:00,oracle_observed,"{""1"":25.08333333,""2"":50.37666667,""3"":52.32333333,""4"":35.202,""5"":13.78333333,""6"":33.305}",28.314563908613167,idw,1.0,5,1.4531914643546122,1.7455735434506334,6,0.3917165975571013,0.2816676336034243,3.5502836701782936,supported
walking-1,1255192198:0:r,64,walking,10.7810068,106.6756698,"[[10.7810495,106.6755908],[10.7809641,106.6757488]]",14.183060662456333,2022-02-28T06:00:00,2022-02-28T06:26:14.642388961,2022-02-28T06:26:21.733919292,2022-02-28T07:00:00,2022-02-28T06:26:28.825449624,2022-02-28T06:00:00,1,ceiling_to_next_hour_no_interpolation,False,2018.26608,2022-02-28T07:00:00,oracle_observed,"{""1"":25.08333333,""2"":50.37666667,""3"":52.32333333,""4"":35.202,""5"":13.78333333,""6"":33.305}",28.16001519413519,idw,1.0,5,1.4229127655255125,1.7718660694469763,6,0.39876174778866635,0.2832620565222977,3.5302998653520063,supported
walking-1,496279185:1:r,65,walking,10.78092235,106.67582684999999,"[[10.7809641,106.6757488],[10.7808806,106.6759049]]",13.978947673972476,2022-02-28T06:00:00,2022-02-28T06:26:28.825449624,2022-02-28T06:26:35.814923461,2022-02-28T07:00:00,2022-02-28T06:26:42.804397298,2022-02-28T06:00:00,1,ceiling_to_next_hour_no_interpolation,False,2004.185076,2022-02-28T07:00:00,oracle_observed,"{""1"":25.08333333,""2"":50.37666667,""3"":52.32333333,""4"":35.202,""5"":13.78333333,""6"":33.305}",28.05928131149599,idw,1.0,5,1.4035225193607728,1.788723966675283,6,0.4033335987662544,0.28441557561823455,3.515981843913782,supported
walking-1,496279185:0:r,66,walking,10.78086665,106.67593085,"[[10.7808806,106.6759049],[10.7808527,106.6759568]]",4.653002962790118,2022-02-28T06:00:00,2022-02-28T06:26:42.804397298,2022-02-28T06:26:45.130898779,2022-02-28T07:00:00,2022-02-28T06:26:47.457400260,2022-02-28T06:00:00,1,ceiling_to_next_hour_no_interpolation,False,1994.869101,2022-02-28T07:00:00,oracle_observed,"{""1"":25.08333333,""2"":50.37666667,""3"":52.32333333,""4"":35.202,""5"":13.78333333,""6"":33.305}",27.991831383343314,idw,1.0,5,1.390693625895206,1.7999180901939884,6,0.40638685928220514,0.28523594067134217,3.5058695536276456,supported
walking-1,1097215585:2:r,67,walking,10.78079275,106.67606785,"[[10.7808527,106.6759568],[10.7807328,106.6761789]]",19.931435684471452,2022-02-28T06:00:00,2022-02-28T06:26:47.457400260,2022-02-28T06:26:57.423118103,2022-02-28T07:00:00,2022-02-28T06:27:07.388835945,2022-02-28T06:00:00,1,ceiling_to_next_hour_no_interpolation,False,1982.576881,2022-02-28T07:00:00,oracle_observed,"{""1"":25.08333333,""2"":50.37666667,""3"":52.32333333,""4"":35.202,""5"":13.78333333,""6"":33.305}",27.90192392264043,idw,1.0,5,1.3737762150447286,1.814698465911891,6,0.4104465887506945,0.28638909396123524,3.491753076796133,supported
walking-1,1097215585:1:r,68,walking,10.7806839,106.67626845,"[[10.7807328,106.6761789],[10.780635,106.676358]]",16.11570568053628,2022-02-28T06:00:00,2022-02-28T06:27:07.388835945,2022-02-28T06:27:15.446688785,2022-02-28T07:00:00,2022-02-28T06:27:23.504541625,2022-02-28T06:00:00,1,ceiling_to_next_hour_no_interpolation,False,1964.553311,2022-02-28T07:00:00,oracle_observed,"{""1"":25.08333333,""2"":50.37666667,""3"":52.32333333,""4"":35.202,""5"":13.78333333,""6"":33.305}",27.768154749812616,idw,1.0,5,1.3489867639884912,1.8364112116360858,6,0.4164665317035508,0.28822758384657327,3.4694805634297343,supported
walking-1,1097215585:0:r,69,walking,10.78056155,106.6765067,"[[10.780635,106.676358],[10.7804881,106.6766554]]",26.180122940572904,2022-02-28T06:00:00,2022-02-28T06:27:23.504541625,2022-02-28T06:27:36.594603096,2022-02-28T07:00:00,2022-02-28T06:27:49.684664566,2022-02-28T06:00:00,1,ceiling_to_next_hour_no_interpolation,False,1943.405396,2022-02-28T07:00:00,oracle_observed,"{""1"":25.08333333,""2"":50.37666667,""3"":52.32333333,""4"":35.202,""5"":13.78333333,""6"":33.305}",27.607394383433594,idw,1.0,5,1.319828725540325,1.8623113972343133,6,0.42367417708518956,0.29061761956336163,3.4409475980928126,supported
walking-1,1097215590:3:r,70,walking,10.78048665,106.67666865000001,"[[10.7804881,106.6766554],[10.7804852,106.6766819]]",2.097050295574779,2022-02-28T06:00:00,2022-02-28T06:27:49.684664566,2022-02-28T06:27:50.733189714,2022-02-28T07:00:00,2022-02-28T06:27:51.781714862,2022-02-28T06:00:00,1,ceiling_to_next_hour_no_interpolation,False,1929.26681,2022-02-28T07:00:00,oracle_observed,"{""1"":25.08333333,""2"":50.37666667,""3"":52.32333333,""4"":35.202,""5"":13.78333333,""6"":33.305}",27.497705901160128,idw,1.0,5,1.3003375548538985,1.879975749429059,6,0.4285772533493728,0.29235510519108093,3.4204978200959006,supported
walking-1,1097215590:2:r,71,walking,10.78042365,106.67679810000001,"[[10.7804852,106.6766819],[10.7803621,106.6769143]]",20.765432626888177,2022-02-28T06:00:00,2022-02-28T06:27:51.781714862,2022-02-28T06:28:02.164431175,2022-02-28T07:00:00,2022-02-28T06:28:12.547147488,2022-02-28T06:00:00,1,ceiling_to_next_hour_no_interpolation,False,1917.835568,2022-02-28T07:00:00,oracle_observed,"{""1"":25.08333333,""2"":50.37666667,""3"":52.32333333,""4"":35.202,""5"":13.78333333,""6"":33.305}",27.408302661517805,idw,1.0,5,1.284636893161523,1.8941228798905367,6,0.43256129033785423,0.293842246157421,3.403186618251846,supported
walking-1,1097215590:1:r,72,walking,10.780356900000001,106.67692410000001,"[[10.7803621,106.6769143],[10.7803517,106.6769339]]",1.7519890086030239,2022-02-28T06:00:00,2022-02-28T06:28:12.547147488,2022-02-28T06:28:13.423141993,2022-02-28T07:00:00,2022-02-28T06:28:14.299136497,2022-02-28T06:00:00,1,ceiling_to_next_hour_no_interpolation,False,1906.576858,2022-02-28T07:00:00,oracle_observed,"{""1"":25.08333333,""2"":50.37666667,""3"":52.32333333,""4"":35.202,""5"":13.78333333,""6"":33.305}",27.31923851371063,idw,1.0,5,1.2691453747314942,1.9079215391048325,6,0.436518748680782,0.2953880697478631,3.3853770765135454,supported
walking-1,1097215590:0:r,73,walking,10.78034085,106.67694230000001,"[[10.7803517,106.6769339],[10.78033,106.6769507]]",2.182665512959513,2022-02-28T06:00:00,2022-02-28T06:28:14.299136497,2022-02-28T06:28:15.390469254,2022-02-28T07:00:00,2022-02-28T06:28:16.481802010,2022-02-28T06:00:00,1,ceiling_to_next_hour_no_interpolation,False,1904.60953,2022-02-28T07:00:00,oracle_observed,"{""1"":25.08333333,""2"":50.37666667,""3"":52.32333333,""4"":35.202,""5"":13.78333333,""6"":33.305}",27.305049595771177,idw,1.0,5,1.2666592061037938,1.9099223341534082,6,0.4371458996387895,0.29564558439417354,3.382428329004692,supported
walking-1,1097215589:1:r,74,walking,10.7802972,106.67701220000001,"[[10.78033,106.6769507],[10.7802644,106.6770737]]",11.00738645737114,2022-02-28T06:00:00,2022-02-28T06:28:16.481802010,2022-02-28T06:28:21.985495239,2022-02-28T07:00:00,2022-02-28T06:28:27.489188467,2022-02-28T06:00:00,1,ceiling_to_next_hour_no_interpolation,False,1898.014504,2022-02-28T07:00:00,oracle_observed,"{""1"":25.08333333,""2"":50.37666667,""3"":52.32333333,""4"":35.202,""5"":13.78333333,""6"":33.305}",27.25382209026792,idw,1.0,5,1.2578115984915672,1.917600564280996,6,0.4394149550112363,0.2965720025175925,3.371862453336877,supported
walking-1,1097215589:0:r,75,walking,10.7802528,106.67709479999999,"[[10.7802644,106.6770737],[10.7802412,106.6771159]]",3.8033161189241897,2022-02-28T06:00:00,2022-02-28T06:28:27.489188467,2022-02-28T06:28:29.390846527,2022-02-28T07:00:00,2022-02-28T06:28:31.292504586,2022-02-28T06:00:00,1,ceiling_to_next_hour_no_interpolation,False,1890.609153,2022-02-28T07:00:00,oracle_observed,"{""1"":25.08333333,""2"":50.37666667,""3"":52.32333333,""4"":35.202,""5"":13.78333333,""6"":33.305}",27.194264703533193,idw,1.0,5,1.2476365264202296,1.926678890248415,6,0.442052186211995,0.2976662609842356,3.3594670645356075,supported
walking-1,225192895:0:f,76,walking,10.78022685,106.67712225,"[[10.7802412,106.6771159],[10.7802125,106.6771286]]",2.5054412089685383,2022-02-28T06:00:00,2022-02-28T06:28:31.292504586,2022-02-28T06:28:32.545225191,2022-02-28T07:00:00,2022-02-28T06:28:33.797945795,2022-02-28T06:00:00,1,ceiling_to_next_hour_no_interpolation,False,1887.454774,2022-02-28T07:00:00,oracle_observed,"{""1"":25.08333333,""2"":50.37666667,""3"":52.32333333,""4"":35.202,""5"":13.78333333,""6"":33.305}",27.17217494686368,idw,1.0,5,1.2438253403286466,1.9297157134827503,6,0.44302540949283836,0.2980882648459861,3.3547110635726374,supported
walking-1,225192895:1:f,77,walking,10.78016795,106.67722380000001,"[[10.7802125,106.6771286],[10.7801234,106.677319]]",16.586762527197596,2022-02-28T06:00:00,2022-02-28T06:28:33.797945795,2022-02-28T06:28:42.091327059,2022-02-28T07:00:00,2022-02-28T06:28:50.384708323,2022-02-28T06:00:00,1,ceiling_to_next_hour_no_interpolation,False,1877.908672,2022-02-28T07:00:00,oracle_observed,"{""1"":25.08333333,""2"":50.37666667,""3"":52.32333333,""4"":35.202,""5"":13.78333333,""6"":33.305}",27.097279553306745,idw,1.0,5,1.2311561511416722,1.9409102798831814,6,0.44633357783949296,0.29951507325604504,3.3387301317724827,supported
walking-1,225192895:2:f,78,walking,10.780083000000001,106.67739664999999,"[[10.7801234,106.677319],[10.7800426,106.6774743]]",13.821270019908438,2022-02-28T06:00:00,2022-02-28T06:28:50.384708323,2022-02-28T06:28:57.295343332,2022-02-28T07:00:00,2022-02-28T06:29:04.205978342,2022-02-28T06:00:00,1,ceiling_to_next_hour_no_interpolation,False,1862.7046559999999,2022-02-28T07:00:00,oracle_observed,"{""1"":25.08333333,""2"":50.37666667,""3"":52.32333333,""4"":35.202,""5"":13.78333333,""6"":33.305}",26.97125480079776,idw,1.0,5,1.2101821391979848,1.959974104956523,6,0.45189237686317824,0.301991425157902,3.3113522990830977,supported
walking-1,225192895:3:f,79,walking,10.77988375,106.6777793,"[[10.7800426,106.6774743],[10.7797249,106.6780843]]",54.30060371414708,2022-02-28T06:00:00,2022-02-28T06:29:04.205978342,2022-02-28T06:29:31.356280199,2022-02-28T07:00:00,2022-02-28T06:29:58.506582057,2022-02-28T06:00:00,1,ceiling_to_next_hour_no_interpolation,False,1828.643719,2022-02-28T07:00:00,oracle_observed,"{""1"":25.08333333,""2"":50.37666667,""3"":52.32333333,""4"":35.202,""5"":13.78333333,""6"":33.305}",26.68283513692262,idw,1.0,5,1.1633493078456,2.0023635138558484,6,0.4645525528726919,0.30807454059778766,3.245967674120687,supported
walking-1,225192895:4:f,80,walking,10.77970455,106.6781224,"[[10.7797249,106.6780843],[10.7796842,106.6781605]]",6.821513783197145,2022-02-28T06:00:00,2022-02-28T06:29:58.506582057,2022-02-28T06:30:01.917338948,2022-02-28T07:00:00,2022-02-28T06:30:05.328095840,2022-02-28T06:00:00,1,ceiling_to_next_hour_no_interpolation,False,1798.082661,2022-02-28T07:00:00,oracle_observed,"{""1"":25.08333333,""2"":50.37666667,""3"":52.32333333,""4"":35.202,""5"":13.78333333,""6"":33.305}",26.41536683076178,idw,1.0,5,1.1213708097027104,2.040558012227132,6,0.4762264130885455,0.31420315458557,3.182654233115474,supported
walking-1,225192895:5:f,81,walking,10.77965825,106.6782035,"[[10.7796842,106.6781605],[10.7796323,106.6782465]]",7.938061690269861,2022-02-28T06:00:00,2022-02-28T06:30:05.328095840,2022-02-28T06:30:09.297126685,2022-02-28T07:00:00,2022-02-28T06:30:13.266157529,2022-02-28T06:00:00,1,ceiling_to_next_hour_no_interpolation,False,1790.702873,2022-02-28T07:00:00,oracle_observed,"{""1"":25.08333333,""2"":50.37666667,""3"":52.32333333,""4"":35.202,""5"":13.78333333,""6"":33.305}",26.350048038478604,idw,1.0,5,1.1113089071614608,2.0496299620270992,6,0.4790674822119218,0.3157713976229302,3.1668479397685116,supported
walking-1,225192895:6:f,82,walking,10.779581149999999,106.6783358,"[[10.7796323,106.6782465],[10.77953,106.6784251]]",16.25985078148155,2022-02-28T06:00:00,2022-02-28T06:30:13.266157529,2022-02-28T06:30:21.396082921,2022-02-28T07:00:00,2022-02-28T06:30:29.526008312,2022-02-28T06:00:00,1,ceiling_to_next_hour_no_interpolation,False,1778.603917,2022-02-28T07:00:00,oracle_observed,"{""1"":25.08333333,""2"":50.37666667,""3"":52.32333333,""4"":35.202,""5"":13.78333333,""6"":33.305}",26.242083773963707,idw,1.0,5,1.0948450507511536,2.064461167820103,6,0.483755941821478,0.31842238166926456,3.140482759904324,supported
walking-1,1486139602:0:f,83,walking,10.7795217,106.678456,"[[10.77953,106.6784251],[10.7795134,106.6784869]]",5.038851440436647,2022-02-28T06:00:00,2022-02-28T06:30:29.526008312,2022-02-28T06:30:32.045434032,2022-02-28T07:00:00,2022-02-28T06:30:34.564859752,2022-02-28T06:00:00,1,ceiling_to_next_hour_no_interpolation,False,1767.954565,2022-02-28T07:00:00,oracle_observed,"{""1"":25.08333333,""2"":50.37666667,""3"":52.32333333,""4"":35.202,""5"":13.78333333,""6"":33.305}",26.145152320523998,idw,1.0,5,1.0802782134446143,2.077901685070953,6,0.48795950748446654,0.32085681897346924,3.1166549715207617,supported
walking-1,1486139601:0:r,84,walking,10.779471000000001,106.67856245,"[[10.7795134,106.6784869],[10.7794286,106.678638]]",13.68626788230784,2022-02-28T06:00:00,2022-02-28T06:30:34.564859752,2022-02-28T06:30:41.407993693,2022-02-28T07:00:00,2022-02-28T06:30:48.251127634,2022-02-28T06:00:00,1,ceiling_to_next_hour_no_interpolation,False,1758.592006,2022-02-28T07:00:00,oracle_observed,"{""1"":25.08333333,""2"":50.37666667,""3"":52.32333333,""4"":35.202,""5"":13.78333333,""6"":33.305}",26.058835476148495,idw,1.0,5,1.0674508461631649,2.089807311976745,6,0.4916970342969172,0.32307161743337676,3.0952889267848427,supported
walking-1,1158093921:0:f,85,walking,10.77973035,106.67891745,"[[10.7794286,106.678638],[10.7800321,106.6791969]]",65.31943670573489,2022-02-28T06:00:00,2022-02-28T06:30:48.251127634,2022-02-28T06:31:20.910845987,2022-02-28T07:00:00,2022-02-28T06:31:53.570564340,2022-02-28T06:00:00,1,ceiling_to_next_hour_no_interpolation,False,1719.089154,2022-02-28T07:00:00,oracle_observed,"{""1"":25.08333333,""2"":50.37666667,""3"":52.32333333,""4"":35.202,""5"":13.78333333,""6"":33.305}",25.867039810872985,idw,1.0,5,1.0408464510256692,2.1272175134350486,6,0.5000492125751741,0.32790232878635933,3.0496886182578398,moderate reliability
walking-1,1158093921:1:f,86,walking,10.7800555,106.67921855,"[[10.7800321,106.6791969],[10.7800789,106.6792402]]",5.063176379038127,2022-02-28T06:00:00,2022-02-28T06:31:53.570564340,2022-02-28T06:31:56.102152530,2022-02-28T07:00:00,2022-02-28T06:31:58.633740719,2022-02-28T06:00:00,1,ceiling_to_next_hour_no_interpolation,False,1683.897847,2022-02-28T07:00:00,oracle_observed,"{""1"":25.08333333,""2"":50.37666667,""3"":52.32333333,""4"":35.202,""5"":13.78333333,""6"":33.305}",25.73805124788765,idw,1.0,5,1.0241616691157076,2.159004667639343,6,0.5056986098490851,0.33116967009748993,3.0196001937786736,moderate reliability
walking-1,1158093921:2:f,87,walking,10.78021,106.6793616,"[[10.7800789,106.6792402],[10.7803411,106.679483]]",28.37782046798715,2022-02-28T06:00:00,2022-02-28T06:31:58.633740719,2022-02-28T06:32:12.822650953,2022-02-28T07:00:00,2022-02-28T06:32:27.011561187,2022-02-28T06:00:00,1,ceiling_to_next_hour_no_interpolation,False,1667.177349,2022-02-28T07:00:00,oracle_observed,"{""1"":25.08333333,""2"":50.37666667,""3"":52.32333333,""4"":35.202,""5"":13.78333333,""6"":33.305}",25.68058976859964,idw,1.0,5,1.0169634938415346,2.174328573164922,6,0.5082208269266598,0.33264907785305076,3.006170966876254,moderate reliability
walking-1,1158093921:3:f,88,walking,10.7803578,106.67949845000001,"[[10.7803411,106.679483],[10.7803745,106.6795139]]",3.6133488152871673,2022-02-28T06:00:00,2022-02-28T06:32:27.011561187,2022-02-28T06:32:28.818235595,2022-02-28T07:00:00,2022-02-28T06:32:30.624910002,2022-02-28T06:00:00,1,ceiling_to_next_hour_no_interpolation,False,1651.181764,2022-02-28T07:00:00,oracle_observed,"{""1"":25.08333333,""2"":50.37666667,""3"":52.32333333,""4"":35.202,""5"":13.78333333,""6"":33.305}",25.62807592423346,idw,1.0,5,1.0105287342830622,2.1891184859536383,6,0.5105298188538989,0.3340127083682447,2.9938980612004524,moderate reliability
walking-1,1176186457:0:f,89,walking,10.78039075,106.6795299,"[[10.7803745,106.6795139],[10.780407,106.6795459]]",3.6199585965494925,2022-02-28T06:00:00,2022-02-28T06:32:30.624910002,2022-02-28T06:32:32.434889301,2022-02-28T07:00:00,2022-02-28T06:32:34.244868599,2022-02-28T06:00:00,1,ceiling_to_next_hour_no_interpolation,False,1647.56511,2022-02-28T07:00:00,oracle_observed,"{""1"":25.08333333,""2"":50.37666667,""3"":52.32333333,""4"":35.202,""5"":13.78333333,""6"":33.305}",25.616043752427796,idw,1.0,5,1.009063130348533,2.192535584744006,6,0.5110587866110559,0.33432806138256,2.9910740841335923,moderate reliability
walking-1,1176186457:1:f,90,walking,10.7804152,106.679554,"[[10.780407,106.6795459],[10.7804234,106.6795621]]",1.829549221001255,2022-02-28T06:00:00,2022-02-28T06:32:34.244868599,2022-02-28T06:32:35.159643209,2022-02-28T07:00:00,2022-02-28T06:32:36.074417820,2022-02-28T06:00:00,1,ceiling_to_next_hour_no_interpolation,False,1644.840356,2022-02-28T07:00:00,oracle_observed,"{""1"":25.08333333,""2"":50.37666667,""3"":52.32333333,""4"":35.202,""5"":13.78333333,""6"":33.305}",25.60666020603751,idw,1.0,5,1.0079158284227652,2.1951585247080097,6,0.5114709125590557,0.33457552412211256,2.988861790245668,moderate reliability
walking-1,1176186457:2:f,91,walking,10.78047675,106.6796148,"[[10.7804234,106.6795621],[10.7805301,106.6796675]]",11.90329133402572,2022-02-28T06:00:00,2022-02-28T06:32:36.074417820,2022-02-28T06:32:42.026063487,2022-02-28T07:00:00,2022-02-28T06:32:47.977709154,2022-02-28T06:00:00,1,ceiling_to_next_hour_no_interpolation,False,1637.973936,2022-02-28T07:00:00,oracle_observed,"{""1"":25.08333333,""2"":50.37666667,""3"":52.32333333,""4"":35.202,""5"":13.78333333,""6"":33.305}",25.583264032938988,idw,1.0,5,1.0050721688085247,2.2017907481140835,6,0.5124988475752102,0.3351943014200135,2.9833442745405003,moderate reliability
walking-1,1176186457:3:f,92,walking,10.780642,106.6797727,"[[10.7805301,106.6796675],[10.7807539,106.6798779]]",24.38964921600754,2022-02-28T06:00:00,2022-02-28T06:32:47.977709154,2022-02-28T06:33:00.172533762,2022-02-28T07:00:00,2022-02-28T06:33:12.367358370,2022-02-28T06:00:00,1,ceiling_to_next_hour_no_interpolation,False,1619.827466,2022-02-28T07:00:00,oracle_observed,"{""1"":25.08333333,""2"":50.37666667,""3"":52.32333333,""4"":35.202,""5"":13.78333333,""6"":33.305}",25.526487954052186,idw,1.0,5,0.9983608725495315,2.2191187572713,6,0.5150006929521788,0.33669674844132264,2.9700316520112566,supported
walking-1,1177449718:0:f,93,walking,10.780668850000001,106.6800035,"[[10.7807539,106.6798779],[10.7805838,106.6801291]]",23.995132715376197,2022-02-28T06:00:00,2022-02-28T06:33:12.367358370,2022-02-28T06:33:24.364924728,2022-02-28T07:00:00,2022-02-28T06:33:36.362491085,2022-02-28T06:00:00,1,ceiling_to_next_hour_no_interpolation,False,1595.635075,2022-02-28T07:00:00,oracle_observed,"{""1"":25.08333333,""2"":50.37666667,""3"":52.32333333,""4"":35.202,""5"":13.78333333,""6"":33.305}",25.373812679918412,idw,1.0,5,0.9777236787486188,2.2443558137730615,6,0.5215532137698125,0.34115424436049785,2.9312254399018984,supported
walking-1,1177449718:1:f,94,walking,10.78051435,106.6802442,"[[10.7805838,106.6801291],[10.7804449,106.6803593]]",21.247151807407477,2022-02-28T06:00:00,2022-02-28T06:33:36.362491085,2022-02-28T06:33:46.986066989,2022-02-28T07:00:00,2022-02-28T06:33:57.609642893,2022-02-28T06:00:00,1,ceiling_to_next_hour_no_interpolation,False,1573.013933,2022-02-28T07:00:00,oracle_observed,"{""1"":25.08333333,""2"":50.37666667,""3"":52.32333333,""4"":35.202,""5"":13.78333333,""6"":33.305}",25.14737296073643,idw,1.0,5,0.9463900655612151,2.270546502606755,6,0.5311691999981538,0.34815006982572577,2.872324571126963,supported
walking-1,1177449718:2:f,95,walking,10.7803459,106.6805234,"[[10.7804449,106.6803593],[10.7802469,106.6806875]]",30.291089647674255,2022-02-28T06:00:00,2022-02-28T06:33:57.609642893,2022-02-28T06:34:12.755187717,2022-02-28T07:00:00,2022-02-28T06:34:27.900732540,2022-02-28T06:00:00,1,ceiling_to_next_hour_no_interpolation,False,1547.244812,2022-02-28T07:00:00,oracle_observed,"{""1"":25.08333333,""2"":50.37666667,""3"":52.32333333,""4"":35.202,""5"":13.78333333,""6"":33.305}",24.881173660887747,idw,1.0,5,0.910631934357354,2.301082389550474,6,0.5424482395912372,0.3567132325887017,2.8033723132245623,supported
walking-1,1177449718:3:f,96,walking,10.780213199999999,106.68074335,"[[10.7802469,106.6806875],[10.7801795,106.6807992]]",10.309831655801363,2022-02-28T06:00:00,2022-02-28T06:34:27.900732540,2022-02-28T06:34:33.055648368,2022-02-28T07:00:00,2022-02-28T06:34:38.210564196,2022-02-28T06:00:00,1,ceiling_to_next_hour_no_interpolation,False,1526.944351,2022-02-28T07:00:00,oracle_observed,"{""1"":25.08333333,""2"":50.37666667,""3"":52.32333333,""4"":35.202,""5"":13.78333333,""6"":33.305}",24.665736086354723,idw,1.0,5,0.8824641358971231,2.3252437200817044,6,0.5515551553277521,0.36391189433959004,2.747917876701316,supported
walking-1,1177449718:4:f,97,walking,10.78015835,106.6808343,"[[10.7801795,106.6807992],[10.7801372,106.6808694]]",6.476948206882794,2022-02-28T06:00:00,2022-02-28T06:34:38.210564196,2022-02-28T06:34:41.449038300,2022-02-28T07:00:00,2022-02-28T06:34:44.687512403,2022-02-28T06:00:00,1,ceiling_to_next_hour_no_interpolation,False,1518.550961,2022-02-28T07:00:00,oracle_observed,"{""1"":25.08333333,""2"":50.37666667,""3"":52.32333333,""4"":35.202,""5"":13.78333333,""6"":33.305}",24.575140060679452,idw,1.0,5,0.8708183548290728,2.3352609038694667,6,0.5553794032770378,0.3670098331004101,2.7247226363180586,supported
walking-1,319309752:0:f,98,walking,10.7801211,106.68089885,"[[10.7801372,106.6808694],[10.780105,106.6809283]]",5.301358228019439,2022-02-28T06:00:00,2022-02-28T06:34:44.687512403,2022-02-28T06:34:47.338191517,2022-02-28T07:00:00,2022-02-28T06:34:49.988870631,2022-02-28T06:00:00,1,ceiling_to_next_hour_no_interpolation,False,1512.661808,2022-02-28T07:00:00,oracle_observed,"{""1"":25.08333333,""2"":50.37666667,""3"":52.32333333,""4"":35.202,""5"":13.78333333,""6"":33.305}",24.510945618343527,idw,1.0,5,0.862643510618582,2.3423764969858625,6,0.5580876464150195,0.36922936858296507,2.7083436072212175,supported
walking-1,319309752:1:f,99,walking,10.780092549999999,106.6809511,"[[10.780105,106.6809283],[10.7800801,106.6809739]]",4.103147858439347,2022-02-28T06:00:00,2022-02-28T06:34:49.988870631,2022-02-28T06:34:52.040444560,2022-02-28T07:00:00,2022-02-28T06:34:54.092018489,2022-02-28T06:00:00,1,ceiling_to_next_hour_no_interpolation,False,1507.959555,2022-02-28T07:00:00,oracle_observed,"{""1"":25.08333333,""2"":50.37666667,""3"":52.32333333,""4"":35.202,""5"":13.78333333,""6"":33.305}",24.45928171403614,idw,1.0,5,0.8561126224516369,2.3481380697546146,6,0.5602664376659445,0.37103005243226406,2.6951994681955362,supported
walking-1,319309752:2:f,100,walking,10.7799453,106.68122075,"[[10.7800801,106.6809739],[10.7798105,106.6814676]]",44.424328090335464,2022-02-28T06:00:00,2022-02-28T06:34:54.092018489,2022-02-28T06:35:16.304182535,2022-02-28T07:00:00,2022-02-28T06:35:38.516346580,2022-02-28T06:00:00,1,ceiling_to_next_hour_no_interpolation,False,1483.695817,2022-02-28T07:00:00,oracle_observed,"{""1"":25.08333333,""2"":50.37666667,""3"":52.32333333,""4"":35.202,""5"":13.78333333,""6"":33.305}",24.188033668579276,idw,1.0,5,0.822413071977554,2.377935190122828,6,0.5716894258316291,0.3807036843196776,2.6267147947018503,supported
walking-1,319309752:3:f,101,walking,10.7796178,106.6818114,"[[10.7798105,106.6814676],[10.7794251,106.6821552]]",62.26151857033467,2022-02-28T06:00:00,2022-02-28T06:35:38.516346580,2022-02-28T06:36:09.647105865,2022-02-28T07:00:00,2022-02-28T06:36:40.777865150,2022-02-28T06:00:00,1,ceiling_to_next_hour_no_interpolation,False,1430.352894,2022-02-28T07:00:00,oracle_observed,"{""1"":25.08333333,""2"":50.37666667,""3"":52.32333333,""4"":35.202,""5"":13.78333333,""6"":33.305}",23.563101653600953,idw,1.0,5,0.7483299051326388,2.4435796037388173,6,0.5979113177814668,0.4043709730365254,2.4729767136615752,supported
walking-1,1177449289:0:f,102,walking,10.77940095,106.68219719999999,"[[10.7794251,106.6821552],[10.7793768,106.6822392]]",7.654916287996721,2022-02-28T06:00:00,2022-02-28T06:36:40.777865150,2022-02-28T06:36:44.605323294,2022-02-28T07:00:00,2022-02-28T06:36:48.432781438,2022-02-28T06:00:00,1,ceiling_to_next_hour_no_interpolation,False,1395.394676,2022-02-28T07:00:00,oracle_observed,"{""1"":25.08333333,""2"":50.37666667,""3"":52.32333333,""4"":35.202,""5"":13.78333333,""6"":33.305}",23.13070393845365,idw,1.0,5,0.6997832982036196,2.486728941844736,6,0.6159857225970266,0.4218461463799387,2.3705325000156408,supported
walking-1,1177449289:1:f,103,walking,10.779181999999999,106.68257775000001,"[[10.7793768,106.6822392],[10.7789872,106.6829163]]",61.71494776592845,2022-02-28T06:00:00,2022-02-28T06:36:48.432781438,2022-02-28T06:37:19.290255321,2022-02-28T07:00:00,2022-02-28T06:37:50.147729204,2022-02-28T06:00:00,1,ceiling_to_next_hour_no_interpolation,False,1360.709744,2022-02-28T07:00:00,oracle_observed,"{""1"":25.08333333,""2"":50.37666667,""3"":52.32333333,""4"":35.202,""5"":13.78333333,""6"":33.305}",22.682554574100383,idw,1.0,5,0.6516281419740806,2.5295148753893275,6,0.6346666327589472,0.44088570211930245,2.268161555689104,supported
walking-1,1177449289:2:f,104,walking,10.778966650000001,106.682952,"[[10.7789872,106.6829163],[10.7789461,106.6829877]]",6.5085065116300616,2022-02-28T06:00:00,2022-02-28T06:37:50.147729204,2022-02-28T06:37:53.401982460,2022-02-28T07:00:00,2022-02-28T06:37:56.656235716,2022-02-28T06:00:00,1,ceiling_to_next_hour_no_interpolation,False,1326.598017,2022-02-28T07:00:00,oracle_observed,"{""1"":25.08333333,""2"":50.37666667,""3"":52.32333333,""4"":35.202,""5"":13.78333333,""6"":33.305}",22.221741387152647,idw,1.0,5,0.6042717039432761,2.571778573223595,6,0.6538268216769888,0.461429145309604,2.1671799672060863,supported
walking-1,1177449289:3:f,105,walking,10.77893975,106.68299875,"[[10.7789461,106.6829877],[10.7789334,106.6830098]]",2.0136710667886644,2022-02-28T06:00:00,2022-02-28T06:37:56.656235716,2022-02-28T06:37:57.663071249,2022-02-28T07:00:00,2022-02-28T06:37:58.669906782,2022-02-28T06:00:00,1,ceiling_to_next_hour_no_interpolation,False,1322.336928,2022-02-28T07:00:00,oracle_observed,"{""1"":25.08333333,""2"":50.37666667,""3"":52.32333333,""4"":35.202,""5"":13.78333333,""6"":33.305}",22.1627140409796,idw,1.0,5,0.5983563756670044,2.5770705022860505,6,0.6562778417577554,0.46413059957394176,2.1545659797435692,supported
walking-1,1177449289:4:f,106,walking,10.778919349999999,106.6830337,"[[10.7789334,106.6830098],[10.7789053,106.6830576]]",4.381095543757483,2022-02-28T06:00:00,2022-02-28T06:37:58.669906782,2022-02-28T06:38:00.860454554,2022-02-28T07:00:00,2022-02-28T06:38:03.051002326,2022-02-28T06:00:00,1,ceiling_to_next_hour_no_interpolation,False,1319.139545,2022-02-28T07:00:00,oracle_observed,"{""1"":25.08333333,""2"":50.37666667,""3"":52.32333333,""4"":35.202,""5"":13.78333333,""6"":33.305}",22.11821919696044,idw,1.0,5,0.5939187501914068,2.581030647395398,6,0.6581249439376109,0.46617747041778707,2.1451058093901505,supported
walking-1,1180975825:0:f,107,walking,10.7788778,106.68310604999999,"[[10.7789053,106.6830576],[10.7788503,106.6831545]]",8.801625990373804,2022-02-28T06:00:00,2022-02-28T06:38:03.051002326,2022-02-28T06:38:07.451815321,2022-02-28T07:00:00,2022-02-28T06:38:11.852628317,2022-02-28T06:00:00,1,ceiling_to_next_hour_no_interpolation,False,1312.548184,2022-02-28T07:00:00,oracle_observed,"{""1"":25.08333333,""2"":50.37666667,""3"":52.32333333,""4"":35.202,""5"":13.78333333,""6"":33.305}",22.025858536118736,idw,1.0,5,0.584768682360476,2.589228321355977,6,0.6619578357282354,0.47045470051975014,2.1256031641201956,supported
walking-1,1180975825:1:f,108,walking,10.77884695,106.68316035000001,"[[10.7788503,106.6831545],[10.7788436,106.6831662]]",1.0651114601759353,2022-02-28T06:00:00,2022-02-28T06:38:11.852628317,2022-02-28T06:38:12.385184047,2022-02-28T07:00:00,2022-02-28T06:38:12.917739777,2022-02-28T06:00:00,1,ceiling_to_next_hour_no_interpolation,False,1307.614815,2022-02-28T07:00:00,oracle_observed,"{""1"":25.08333333,""2"":50.37666667,""3"":52.32333333,""4"":35.202,""5"":13.78333333,""6"":33.305}",21.956178749985934,idw,1.0,5,0.5779192071803123,2.595382441958597,6,0.6648483802123504,0.47370698152990603,2.1110096304056016,supported
walking-1,1180975825:2:f,109,walking,10.7788407,106.6831713,"[[10.7788436,106.6831662],[10.7788378,106.6831764]]",0.9269089299619121,2022-02-28T06:00:00,2022-02-28T06:38:12.917739777,2022-02-28T06:38:13.381194242,2022-02-28T07:00:00,2022-02-28T06:38:13.844648707,2022-02-28T06:00:00,1,ceiling_to_next_hour_no_interpolation,False,1306.618805,2022-02-28T07:00:00,oracle_observed,"{""1"":25.08333333,""2"":50.37666667,""3"":52.32333333,""4"":35.202,""5"":13.78333333,""6"":33.305}",21.94205653105732,idw,1.0,5,0.5765364343596897,2.596624114185416,6,0.6654340997350024,0.4743688057056043,2.1080644173314487,supported
walking-1,1180975825:3:f,110,walking,10.7786122,106.68356985,"[[10.7788378,106.6831764],[10.7783866,106.6839633]]",71.65909438540541,2022-02-28T06:00:00,2022-02-28T06:38:13.844648707,2022-02-28T06:38:49.674195899,2022-02-28T07:00:00,2022-02-28T06:39:25.503743092,2022-02-28T06:00:00,1,ceiling_to_next_hour_no_interpolation,False,1270.325804,2022-02-28T07:00:00,oracle_observed,"{""1"":25.08333333,""2"":50.37666667,""3"":52.32333333,""4"":35.202,""5"":13.78333333,""6"":33.305}",21.41436511424063,idw,1.0,5,0.5261556322391402,2.641922271367819,6,0.6872935581373952,0.49973944475919346,2.0010427643586635,supported
walking-1,700026885:0:f,111,walking,10.77831665,106.6840851,"[[10.7783866,106.6839633],[10.7782467,106.6842069]]",22.19244463154661,2022-02-28T06:00:00,2022-02-28T06:39:25.503743092,2022-02-28T06:39:36.599965408,2022-02-28T07:00:00,2022-02-28T06:39:47.696187724,2022-02-28T06:00:00,1,ceiling_to_next_hour_no_interpolation,False,1223.400034,2022-02-28T07:00:00,oracle_observed,"{""1"":25.08333333,""2"":50.37666667,""3"":52.32333333,""4"":35.202,""5"":13.78333333,""6"":33.305}",20.69191473868145,idw,1.0,5,0.4610237140029993,2.700754070084376,6,0.7171448960100024,0.5364761837138144,1.8640156457224097,supported
walking-1,700026885:1:f,112,walking,10.778183049999999,106.68431765,"[[10.7782467,106.6842069],[10.7781194,106.6844284]]",20.182818836647968,2022-02-28T06:00:00,2022-02-28T06:39:47.696187724,2022-02-28T06:39:57.787597142,2022-02-28T07:00:00,2022-02-28T06:40:07.879006560,2022-02-28T06:00:00,1,ceiling_to_next_hour_no_interpolation,False,1202.212402,2022-02-28T07:00:00,oracle_observed,"{""1"":25.08333333,""2"":50.37666667,""3"":52.32333333,""4"":35.202,""5"":13.78333333,""6"":33.305}",20.349796737692042,idw,1.0,5,0.4316208225716925,2.727403527709994,6,0.7312540208460464,0.5546709218133304,1.8028707845920595,supported
walking-1,700026885:2:f,113,walking,10.77798765,106.6846578,"[[10.7781194,106.6844284],[10.7778559,106.6848872]]",41.79803818015592,2022-02-28T06:00:00,2022-02-28T06:40:07.879006560,2022-02-28T06:40:28.778025650,2022-02-28T07:00:00,2022-02-28T06:40:49.677044741,2022-02-28T06:00:00,1,ceiling_to_next_hour_no_interpolation,False,1171.221974,2022-02-28T07:00:00,oracle_observed,"{""1"":25.08333333,""2"":50.37666667,""3"":52.32333333,""4"":35.202,""5"":13.78333333,""6"":33.305}",19.83027092532341,idw,1.0,5,0.3886207875478572,2.766484859234232,6,0.752650067835952,0.5832715710670021,1.7144672389409616,supported
walking-1,700026885:3:f,114,walking,10.7776384,106.6851427,"[[10.7778559,106.6848872],[10.7774209,106.6853982]]",53.17937560207352,2022-02-28T06:00:00,2022-02-28T06:40:49.677044741,2022-02-28T06:41:16.266732542,2022-02-28T07:00:00,2022-02-28T06:41:42.856420343,2022-02-28T06:00:00,1,ceiling_to_next_hour_no_interpolation,False,1123.733267,2022-02-28T07:00:00,oracle_observed,"{""1"":25.08333333,""2"":50.37666667,""3"":52.32333333,""4"":35.202,""5"":13.78333333,""6"":33.305}",19.001871389174354,idw,1.0,5,0.3238306420603569,2.823263228749582,6,0.7867056568038139,0.6312876159095051,1.584064022164106,supported
walking-1,700026885:4:f,115,walking,10.77710875,106.68577385,"[[10.7774209,106.6853982],[10.7767966,106.6861495]]",77.39267769478117,2022-02-28T06:00:00,2022-02-28T06:41:42.856420343,2022-02-28T06:42:21.552759190,2022-02-28T07:00:00,2022-02-28T06:43:00.249098037,2022-02-28T06:00:00,1,ceiling_to_next_hour_no_interpolation,False,1058.44724,2022-02-28T07:00:00,oracle_observed,"{""1"":25.08333333,""2"":50.37666667,""3"":52.32333333,""4"":35.202,""5"":13.78333333,""6"":33.305}",17.796751918457044,idw,1.0,5,0.2371897530681209,2.8987952862283883,6,0.836135266116057,0.7063548737025107,1.4157189781367052,supported
walking-1,35113721:17:r,116,walking,10.7770799,106.68643055,"[[10.7767966,106.6861495],[10.7773632,106.6867116]]",63.34116408644434,2022-02-28T06:00:00,2022-02-28T06:43:00.249098037,2022-02-28T06:43:31.919680081,2022-02-28T07:00:00,2022-02-28T06:44:03.590262124,2022-02-28T06:00:00,1,ceiling_to_next_hour_no_interpolation,False,988.080319,2022-02-28T07:00:00,oracle_observed,"{""1"":25.08333333,""2"":50.37666667,""3"":52.32333333,""4"":35.202,""5"":13.78333333,""6"":33.305}",16.77834697641879,idw,1.0,5,0.17024972027380011,2.9703495710911842,6,0.8777858199557342,0.7744909288859984,1.2911707067226292,supported
walking-1,35113721:16:r,117,walking,10.7774105,106.68675855000001,"[[10.7773632,106.6867116],[10.7774578,106.6868055]]",10.578304605976967,2022-02-28T06:00:00,2022-02-28T06:44:03.590262124,2022-02-28T06:44:08.879414427,2022-02-28T07:00:00,2022-02-28T06:44:14.168566730,2022-02-28T06:00:00,1,ceiling_to_next_hour_no_interpolation,False,951.120585,2022-02-28T07:00:00,oracle_observed,"{""1"":25.08333333,""2"":50.37666667,""3"":52.32333333,""4"":35.202,""5"":13.78333333,""6"":33.305}",16.662666496263608,idw,1.0,5,0.1632866987140167,3.0014991435166296,6,0.8825008010763924,0.7824719538942706,1.2780010772566581,supported
walking-1,35113721:15:r,118,walking,10.77767845,106.68702445,"[[10.7774578,106.6868055],[10.7778991,106.6872434]]",49.33937512036412,2022-02-28T06:00:00,2022-02-28T06:44:14.168566730,2022-02-28T06:44:38.838254290,2022-02-28T07:00:00,2022-02-28T06:45:03.507941850,2022-02-28T06:00:00,1,ceiling_to_next_hour_no_interpolation,False,921.161745,2022-02-28T07:00:00,oracle_observed,"{""1"":25.08333333,""2"":50.37666667,""3"":52.32333333,""4"":35.202,""5"":13.78333333,""6"":33.305}",16.74883114775234,idw,1.0,5,0.1692509449954644,3.027155438161633,6,0.8789793986616854,0.7764774185088491,1.2878674590697108,supported
walking-1,327048054:15:f,119,walking,10.77772005,106.68743755,"[[10.7778991,106.6872434],[10.777541,106.6876317]]",41.88776774844325,2022-02-28T06:00:00,2022-02-28T06:45:03.507941850,2022-02-28T06:45:24.451825724,2022-02-28T07:00:00,2022-02-28T06:45:45.395709599,2022-02-28T06:00:00,1,ceiling_to_next_hour_no_interpolation,False,875.548174,2022-02-28T07:00:00,oracle_observed,"{""1"":25.08333333,""2"":50.37666667,""3"":52.32333333,""4"":35.202,""5"":13.78333333,""6"":33.305}",16.528511175620253,idw,1.0,5,0.15593357754992687,3.0715805597712555,6,0.8879962796334855,0.7918356153262239,1.2628883832006161,supported
walking-1,327048054:16:f,120,walking,10.7775106,106.68766465,"[[10.777541,106.6876317],[10.7774802,106.6876976]]",7.110339226267737,2022-02-28T06:00:00,2022-02-28T06:45:45.395709599,2022-02-28T06:45:48.950879212,2022-02-28T07:00:00,2022-02-28T06:45:52.506048825,2022-02-28T06:00:00,1,ceiling_to_next_hour_no_interpolation,False,851.04912,2022-02-28T07:00:00,oracle_observed,"{""1"":25.08333333,""2"":50.37666667,""3"":52.32333333,""4"":35.202,""5"":13.78333333,""6"":33.305}",16.078321685264257,idw,1.0,5,0.12823904740958064,3.09865416178647,6,0.9063932945643134,0.8238454966561922,1.213819829153379,supported
walking-1,327048054:17:f,121,walking,10.77729705,106.687896,"[[10.7774802,106.6876976],[10.7771139,106.6880944]]",42.82452663182037,2022-02-28T06:00:00,2022-02-28T06:45:52.506048825,2022-02-28T06:46:13.918312141,2022-02-28T07:00:00,2022-02-28T06:46:35.330575457,2022-02-28T06:00:00,1,ceiling_to_next_hour_no_interpolation,False,826.081687,2022-02-28T07:00:00,oracle_observed,"{""1"":25.08333333,""2"":50.37666667,""3"":52.32333333,""4"":35.202,""5"":13.78333333,""6"":33.305}",15.669956554631236,idw,1.0,5,0.10394617073309052,3.126376447106535,6,0.9230736716461346,0.8536113497045941,1.1714933269643921,supported
motorbike-1,242307850:0:f,1,motorbike,10.780842700000001,106.66004285,"[[10.7802867,106.6595074],[10.7813987,106.6605783]]",24.510766370892025,2022-02-28T06:00:00,2022-02-28T06:00:00,2022-02-28T06:00:12.255383185,2022-02-28T07:00:00,2022-02-28T06:00:24.510766371,2022-02-28T06:00:00,1,ceiling_to_next_hour_no_interpolation,False,3587.744616,2022-02-28T07:00:00,oracle_observed,"{""1"":25.08333333,""2"":50.37666667,""3"":52.32333333,""4"":35.202,""5"":13.78333333,""6"":33.305}",33.258038435330874,idw,1.0,6,0.07606002512771362,3.073606695230781,6,0.939752963555569,0.8840584254440285,1.131146959543696,supported
motorbike-1,242307850:1:f,2,motorbike,10.781085050000002,106.66065485,"[[10.7813987,106.6605783],[10.7807714,106.6607314]]",10.329037001902451,2022-02-28T06:00:00,2022-02-28T06:00:24.510766371,2022-02-28T06:00:29.675284872,2022-02-28T07:00:00,2022-02-28T06:00:34.839803373,2022-02-28T06:00:00,1,ceiling_to_next_hour_no_interpolation,False,3570.324715,2022-02-28T07:00:00,oracle_observed,"{""1"":25.08333333,""2"":50.37666667,""3"":52.32333333,""4"":35.202,""5"":13.78333333,""6"":33.305}",33.196143939341084,idw,1.0,6,0.1474685715736376,3.0122339605116593,6,0.8887850754056424,0.7931093151585986,1.2608602381627927,supported
motorbike-1,1277704606:0:r,3,motorbike,10.7809155,106.66111355000001,"[[10.7807714,106.6607314],[10.7810596,106.6614957]]",12.877292037855717,2022-02-28T06:00:00,2022-02-28T06:00:34.839803373,2022-02-28T06:00:41.278449392,2022-02-28T07:00:00,2022-02-28T06:00:47.717095411,2022-02-28T06:00:00,1,ceiling_to_next_hour_no_interpolation,False,3558.72155,2022-02-28T07:00:00,oracle_observed,"{""1"":25.08333333,""2"":50.37666667,""3"":52.32333333,""4"":35.202,""5"":13.78333333,""6"":33.305}",33.14626218818865,idw,1.0,6,0.18746480435941523,2.9596277418385912,6,0.8621173798390558,0.7481576547012949,1.3366166792736407,supported
motorbike-1,520723335:2:r,4,motorbike,10.78122965,106.66193150000001,"[[10.7810596,106.6614957],[10.7813997,106.6623673]]",14.751753042592275,2022-02-28T06:00:00,2022-02-28T06:00:47.717095411,2022-02-28T06:00:55.092971932,2022-02-28T07:00:00,2022-02-28T06:01:02.468848453,2022-02-28T06:00:00,1,ceiling_to_next_hour_no_interpolation,False,3544.907028,2022-02-28T07:00:00,oracle_observed,"{""1"":25.08333333,""2"":50.37666667,""3"":52.32333333,""4"":35.202,""5"":13.78333333,""6"":33.305}",33.02571168798973,idw,1.0,6,0.28303910455213144,2.8779933987546675,6,0.8039601192069143,0.6564014166847133,1.5234580160577655,supported
motorbike-1,520723335:1:r,5,motorbike,10.7815737,106.66281325,"[[10.7813997,106.6623673],[10.7817477,106.6632592]]",15.095189128374933,2022-02-28T06:00:00,2022-02-28T06:01:02.468848453,2022-02-28T06:01:10.016443017,2022-02-28T07:00:00,2022-02-28T06:01:17.564037582,2022-02-28T06:00:00,1,ceiling_to_next_hour_no_interpolation,False,3529.983556,2022-02-28T07:00:00,oracle_observed,"{""1"":25.08333333,""2"":50.37666667,""3"":52.32333333,""4"":35.202,""5"":13.78333333,""6"":33.305}",32.87123887658913,idw,1.0,6,0.38645693288067984,2.791135301146874,6,0.7481373633234457,0.5765289084004281,1.7345184004293677,supported
motorbike-1,520723335:0:r,6,motorbike,10.782001950000002,106.6639174,"[[10.7817477,106.6632592],[10.7822562,106.6645756]]",22.24952552792061,2022-02-28T06:00:00,2022-02-28T06:01:17.564037582,2022-02-28T06:01:28.688800346,2022-02-28T07:00:00,2022-02-28T06:01:39.813563110,2022-02-28T06:00:00,1,ceiling_to_next_hour_no_interpolation,False,3511.311199,2022-02-28T07:00:00,oracle_observed,"{""1"":25.08333333,""2"":50.37666667,""3"":52.32333333,""4"":35.202,""5"":13.78333333,""6"":33.305}",32.64738656717125,idw,1.0,6,0.5159876186847594,2.683982416387248,6,0.6867344355868193,0.4981101137716461,2.00758822668363,supported
motorbike-1,32579174:7:f,7,motorbike,10.78206985,106.6648898,"[[10.7822562,106.6645756],[10.7818835,106.665204]]",11.54617415683,2022-02-28T06:00:00,2022-02-28T06:01:39.813563110,2022-02-28T06:01:45.586650188,2022-02-28T07:00:00,2022-02-28T06:01:51.359737266,2022-02-28T06:00:00,1,ceiling_to_next_hour_no_interpolation,False,3494.413349,2022-02-28T07:00:00,oracle_observed,"{""1"":25.08333333,""2"":50.37666667,""3"":52.32333333,""4"":35.202,""5"":13.78333333,""6"":33.305}",32.42499013300293,idw,1.0,6,0.6193815616989251,2.582662681000816,6,0.6428277277319017,0.4483581560910634,2.230359783612135,supported
motorbike-1,32579174:8:f,8,motorbike,10.7817328,106.66549175,"[[10.7818835,106.665204],[10.7815821,106.6657795]]",10.25839145338479,2022-02-28T06:00:00,2022-02-28T06:01:51.359737266,2022-02-28T06:01:56.488932993,2022-02-28T07:00:00,2022-02-28T06:02:01.618128720,2022-02-28T06:00:00,1,ceiling_to_next_hour_no_interpolation,False,3483.511067,2022-02-28T07:00:00,oracle_observed,"{""1"":25.08333333,""2"":50.37666667,""3"":52.32333333,""4"":35.202,""5"":13.78333333,""6"":33.305}",32.26970423287967,idw,1.0,6,0.6738457324403557,2.5098021883631327,6,0.6207469231173894,0.42554847094386067,2.349908572769663,supported
motorbike-1,32579174:9:f,9,motorbike,10.78152495,106.66587895,"[[10.7815821,106.6657795],[10.7814678,106.6659784]]",3.624584720921729,2022-02-28T06:00:00,2022-02-28T06:02:01.618128720,2022-02-28T06:02:03.430421080,2022-02-28T07:00:00,2022-02-28T06:02:05.242713441,2022-02-28T06:00:00,1,ceiling_to_next_hour_no_interpolation,False,3476.569578,2022-02-28T07:00:00,oracle_observed,"{""1"":25.08333333,""2"":50.37666667,""3"":52.32333333,""4"":35.202,""5"":13.78333333,""6"":33.305}",32.16212968519093,idw,1.0,6,0.7110987702609476,2.463256783424434,6,0.6062920670642792,0.4113826917407696,2.4308266246411363,supported
motorbike-1,289494377:7:r,10,motorbike,10.7815411,106.66606575,"[[10.7814678,106.6659784],[10.7816144,106.6661531]]",3.6140412492954717,2022-02-28T06:00:00,2022-02-28T06:02:05.242713441,2022-02-28T06:02:07.049734065,2022-02-28T07:00:00,2022-02-28T06:02:08.856754690,2022-02-28T06:00:00,1,ceiling_to_next_hour_no_interpolation,False,3472.950265,2022-02-28T07:00:00,oracle_observed,"{""1"":25.08333333,""2"":50.37666667,""3"":52.32333333,""4"":35.202,""5"":13.78333333,""6"":33.305}",32.110758244424154,idw,1.0,6,0.7315221962927604,2.4438398136677795,6,0.5987381955191614,0.40416974618122864,2.4742079521004094,supported
motorbike-1,289494377:6:r,11,motorbike,10.781634100000002,106.66617655,"[[10.7816144,106.6661531],[10.7816538,106.6662]]",0.9706810904323508,2022-02-28T06:00:00,2022-02-28T06:02:08.856754690,2022-02-28T06:02:09.342095235,2022-02-28T07:00:00,2022-02-28T06:02:09.827435780,2022-02-28T06:00:00,1,ceiling_to_next_hour_no_interpolation,False,3470.657904,2022-02-28T07:00:00,oracle_observed,"{""1"":25.08333333,""2"":50.37666667,""3"":52.32333333,""4"":35.202,""5"":13.78333333,""6"":33.305}",32.081782866255836,idw,1.0,6,0.745190662042047,2.4345458489388148,6,0.5938740730893891,0.39957343169794346,2.502668898056134,supported
motorbike-1,289494377:5:r,12,motorbike,10.781708850000001,106.6662656,"[[10.7816538,106.6662],[10.7817639,106.6663312]]",2.71418305186391,2022-02-28T06:00:00,2022-02-28T06:02:09.827435780,2022-02-28T06:02:11.184527306,2022-02-28T07:00:00,2022-02-28T06:02:12.541618832,2022-02-28T06:00:00,1,ceiling_to_next_hour_no_interpolation,False,3468.815472,2022-02-28T07:00:00,oracle_observed,"{""1"":25.08333333,""2"":50.37666667,""3"":52.32333333,""4"":35.202,""5"":13.78333333,""6"":33.305}",32.05836071240131,idw,1.0,6,0.7562399556169751,2.4271263364833953,6,0.5899900351224233,0.3959505142975196,2.5255681300835335,supported
motorbike-1,289494377:4:r,13,motorbike,10.781766600000001,106.6663359,"[[10.7817639,106.6663312],[10.7817693,106.6663406]]",0.17128288444331768,2022-02-28T06:00:00,2022-02-28T06:02:12.541618832,2022-02-28T06:02:12.627260274,2022-02-28T07:00:00,2022-02-28T06:02:12.712901717,2022-02-28T06:00:00,1,ceiling_to_next_hour_no_interpolation,False,3467.372739,2022-02-28T07:00:00,oracle_observed,"{""1"":25.08333333,""2"":50.37666667,""3"":52.32333333,""4"":35.202,""5"":13.78333333,""6"":33.305}",32.039760983167476,idw,1.0,6,0.7649747752311411,2.4212659728122725,6,0.5869477350304177,0.393142729453156,2.5436054773058006,supported
motorbike-1,289494377:3:r,14,motorbike,10.78176975,106.66634605,"[[10.7817693,106.6663406],[10.7817702,106.6663515]]",0.1720553272408841,2022-02-28T06:00:00,2022-02-28T06:02:12.712901717,2022-02-28T06:02:12.798929380,2022-02-28T07:00:00,2022-02-28T06:02:12.884957044,2022-02-28T06:00:00,1,ceiling_to_next_hour_no_interpolation,False,3467.20107,2022-02-28T07:00:00,oracle_observed,"{""1"":25.08333333,""2"":50.37666667,""3"":52.32333333,""4"":35.202,""5"":13.78333333,""6"":33.305}",32.03695009019547,idw,1.0,6,0.7661296045159633,2.4202788332228367,6,0.5865402677018076,0.3927711543784976,2.546011815919508,supported
motorbike-1,289494377:2:r,15,motorbike,10.7817683,106.66635665000001,"[[10.7817702,106.6663515],[10.7817664,106.6663618]]",0.1730620536081506,2022-02-28T06:00:00,2022-02-28T06:02:12.884957044,2022-02-28T06:02:12.971488071,2022-02-28T07:00:00,2022-02-28T06:02:13.058019098,2022-02-28T06:00:00,1,ceiling_to_next_hour_no_interpolation,False,3467.028511,2022-02-28T07:00:00,oracle_observed,"{""1"":25.08333333,""2"":50.37666667,""3"":52.32333333,""4"":35.202,""5"":13.78333333,""6"":33.305}",32.0339024079406,idw,1.0,6,0.7672364480723299,2.4191171924566457,6,0.5861429205537727,0.39241175418243435,2.548343645015013,supported
motorbike-1,289494377:1:r,16,motorbike,10.7817625,106.6663657,"[[10.7817664,106.6663618],[10.7817586,106.6663696]]",0.17507516038425794,2022-02-28T06:00:00,2022-02-28T06:02:13.058019098,2022-02-28T06:02:13.145556678,2022-02-28T07:00:00,2022-02-28T06:02:13.233094258,2022-02-28T06:00:00,1,ceiling_to_next_hour_no_interpolation,False,3466.854443,2022-02-28T07:00:00,oracle_observed,"{""1"":25.08333333,""2"":50.37666667,""3"":52.32333333,""4"":35.202,""5"":13.78333333,""6"":33.305}",32.031191368432324,idw,1.0,6,0.7680866331656101,2.417999501740988,6,0.5858304268720296,0.39213199084178757,2.5501617398093575,supported
motorbike-1,289494377:0:r,17,motorbike,10.7816507,106.66645535,"[[10.7817586,106.6663696],[10.7815428,106.6665411]]",4.383707099311092,2022-02-28T06:00:00,2022-02-28T06:02:13.233094258,2022-02-28T06:02:15.424947808,2022-02-28T07:00:00,2022-02-28T06:02:17.616801357,2022-02-28T06:00:00,1,ceiling_to_next_hour_no_interpolation,False,3464.575052,2022-02-28T07:00:00,oracle_observed,"{""1"":25.08333333,""2"":50.37666667,""3"":52.32333333,""4"":35.202,""5"":13.78333333,""6"":33.305}",32.00279871783759,idw,1.0,6,0.7755108958879162,2.4054476773382607,6,0.5830164595802639,0.38965854906646724,2.566349442084028,supported
motorbike-1,694637565:0:f,18,motorbike,10.7815084,106.6665679,"[[10.7815428,106.6665411],[10.781474,106.6665947]]",1.387230021812698,2022-02-28T06:00:00,2022-02-28T06:02:17.616801357,2022-02-28T06:02:18.310416368,2022-02-28T07:00:00,2022-02-28T06:02:19.004031379,2022-02-28T06:00:00,1,ceiling_to_next_hour_no_interpolation,False,3461.689583,2022-02-28T07:00:00,oracle_observed,"{""1"":25.08333333,""2"":50.37666667,""3"":52.32333333,""4"":35.202,""5"":13.78333333,""6"":33.305}",31.96639400431033,idw,1.0,6,0.7851521400251332,2.389692994640398,6,0.5794019956228301,0.38651561962274134,2.5872175643924824,supported
motorbike-1,410150107:0:f,19,motorbike,10.781590999999999,106.66672395,"[[10.781474,106.6665947],[10.781708,106.6668532]]",5.529156304135128,2022-02-28T06:00:00,2022-02-28T06:02:19.004031379,2022-02-28T06:02:21.768609531,2022-02-28T07:00:00,2022-02-28T06:02:24.533187682,2022-02-28T06:00:00,1,ceiling_to_next_hour_no_interpolation,False,3458.23139,2022-02-28T07:00:00,oracle_observed,"{""1"":25.08333333,""2"":50.37666667,""3"":52.32333333,""4"":35.202,""5"":13.78333333,""6"":33.305}",31.922788165862805,idw,1.0,6,0.8033885610248012,2.375375244285393,6,0.5731539553241942,0.3810020277666441,2.624657946997803,supported
motorbike-1,520723263:0:f,20,motorbike,10.7817453,106.66689400000001,"[[10.781708,106.6668532],[10.7817826,106.6669348]]",1.7533574080218002,2022-02-28T06:00:00,2022-02-28T06:02:24.533187682,2022-02-28T06:02:25.409866387,2022-02-28T07:00:00,2022-02-28T06:02:26.286545091,2022-02-28T06:00:00,1,ceiling_to_next_hour_no_interpolation,False,3454.590133,2022-02-28T07:00:00,oracle_observed,"{""1"":25.08333333,""2"":50.37666667,""3"":52.32333333,""4"":35.202,""5"":13.78333333,""6"":33.305}",31.876677820672025,idw,1.0,6,0.8245173267880993,2.361655158997175,6,0.5661374875757679,0.3749098347212092,2.6673079961842583,supported
motorbike-1,520723263:1:f,21,motorbike,10.78183405,106.66700875000001,"[[10.7817826,106.6669348],[10.7818855,106.6670827]]",2.850751430993586,2022-02-28T06:00:00,2022-02-28T06:02:26.286545091,2022-02-28T06:02:27.711920807,2022-02-28T07:00:00,2022-02-28T06:02:29.137296522,2022-02-28T06:00:00,1,ceiling_to_next_hour_no_interpolation,False,3452.288079,2022-02-28T07:00:00,oracle_observed,"{""1"":25.08333333,""2"":50.37666667,""3"":52.32333333,""4"":35.202,""5"":13.78333333,""6"":33.305}",31.84492066087182,idw,1.0,6,0.8385945909313508,2.3520628392923646,6,0.5615199025628802,0.3709849956296749,2.6955268050738668,supported
motorbike-1,520723263:2:f,22,motorbike,10.781874949999999,106.6671289,"[[10.7818855,106.6670827],[10.7818644,106.6671751]]",1.4921506261487727,2022-02-28T06:00:00,2022-02-28T06:02:29.137296522,2022-02-28T06:02:29.883371835,2022-02-28T07:00:00,2022-02-28T06:02:30.629447148,2022-02-28T06:00:00,1,ceiling_to_next_hour_no_interpolation,False,3450.116628,2022-02-28T07:00:00,oracle_observed,"{""1"":25.08333333,""2"":50.37666667,""3"":52.32333333,""4"":35.202,""5"":13.78333333,""6"":33.305}",31.809910756849746,idw,1.0,6,0.8523270473690412,2.3405729864011033,6,0.5569916433764719,0.36722719460676023,2.723109874993967,supported
motorbike-1,520723263:3:f,23,motorbike,10.781813249999999,106.66722095,"[[10.7818644,106.6671751],[10.7817621,106.6672668]]",2.182578526112776,2022-02-28T06:00:00,2022-02-28T06:02:30.629447148,2022-02-28T06:02:31.720736411,2022-02-28T07:00:00,2022-02-28T06:02:32.812025674,2022-02-28T06:00:00,1,ceiling_to_next_hour_no_interpolation,False,3448.279263,2022-02-28T07:00:00,oracle_observed,"{""1"":25.08333333,""2"":50.37666667,""3"":52.32333333,""4"":35.202,""5"":13.78333333,""6"":33.305}",31.779952056845303,idw,1.0,6,0.8609987859630291,2.329076639221139,6,0.5540011657955439,0.3648401220887398,2.740926612662329,supported
motorbike-1,520723263:4:f,24,motorbike,10.7815847,106.66742585,"[[10.7817621,106.6672668],[10.7814073,106.6675849]]",7.57034582178801,2022-02-28T06:00:00,2022-02-28T06:02:32.812025674,2022-02-28T06:02:36.597198585,2022-02-28T07:00:00,2022-02-28T06:02:40.382371496,2022-02-28T06:00:00,1,ceiling_to_next_hour_no_interpolation,False,3443.402801,2022-02-28T07:00:00,oracle_observed,"{""1"":25.08333333,""2"":50.37666667,""3"":52.32333333,""4"":35.202,""5"":13.78333333,""6"":33.305}",31.708788400344716,idw,1.0,6,0.8791143883797202,2.3009328171977685,6,0.54765580306452,0.3599356167478312,2.778274650992914,supported
motorbike-1,520723263:5:f,25,motorbike,10.78138955,106.6676008,"[[10.7814073,106.6675849],[10.7813718,106.6676167]]",0.7571712286320714,2022-02-28T06:00:00,2022-02-28T06:02:40.382371496,2022-02-28T06:02:40.760957111,2022-02-28T07:00:00,2022-02-28T06:02:41.139542725,2022-02-28T06:00:00,1,ceiling_to_next_hour_no_interpolation,False,3439.239042,2022-02-28T07:00:00,oracle_observed,"{""1"":25.08333333,""2"":50.37666667,""3"":52.32333333,""4"":35.202,""5"":13.78333333,""6"":33.305}",31.64620773572427,idw,1.0,6,0.895305925250708,2.2770258273918964,6,0.5420919544800167,0.35573813754098976,2.8110564892266448,supported
motorbike-1,520723263:6:f,26,motorbike,10.7812342,106.66773975,"[[10.7813718,106.6676167],[10.7810966,106.6678628]]",5.865345091804715,2022-02-28T06:00:00,2022-02-28T06:02:41.139542725,2022-02-28T06:02:44.072215271,2022-02-28T07:00:00,2022-02-28T06:02:47.004887817,2022-02-28T06:00:00,1,ceiling_to_next_hour_no_interpolation,False,3435.927784,2022-02-28T07:00:00,oracle_observed,"{""1"":25.08333333,""2"":50.37666667,""3"":52.32333333,""4"":35.202,""5"":13.78333333,""6"":33.305}",31.59531403358972,idw,1.0,6,0.9086121538782388,2.258112202699134,6,0.5375902131555544,0.35241369602110284,2.8375741672086408,supported
motorbike-1,410150095:5:f,27,motorbike,10.78108005,106.66789275,"[[10.7810966,106.6678628],[10.7810635,106.6679227]]",1.0810325541474493,2022-02-28T06:00:00,2022-02-28T06:02:47.004887817,2022-02-28T06:02:47.545404094,2022-02-28T07:00:00,2022-02-28T06:02:48.085920371,2022-02-28T06:00:00,1,ceiling_to_next_hour_no_interpolation,False,3432.454595,2022-02-28T07:00:00,oracle_observed,"{""1"":25.08333333,""2"":50.37666667,""3"":52.32333333,""4"":35.202,""5"":13.78333333,""6"":33.305}",31.5388066850855,idw,1.0,6,0.9238401799642689,2.237814110961368,6,0.5325361103259053,0.34874798813443453,2.867400053973996,supported
motorbike-1,410150095:6:f,28,motorbike,10.78100225,106.66803335,"[[10.7810635,106.6679227],[10.780941,106.668144]]",3.9955337663611283,2022-02-28T06:00:00,2022-02-28T06:02:48.085920371,2022-02-28T06:02:50.083687254,2022-02-28T07:00:00,2022-02-28T06:02:52.081454137,2022-02-28T06:00:00,1,ceiling_to_next_hour_no_interpolation,False,3429.916312,2022-02-28T07:00:00,oracle_observed,"{""1"":25.08333333,""2"":50.37666667,""3"":52.32333333,""4"":35.202,""5"":13.78333333,""6"":33.305}",31.48869727678809,idw,1.0,6,0.9385743065911665,2.2208623264322154,6,0.5277933077148635,0.3453453350251446,2.895652260445881,supported
motorbike-1,410150095:7:f,29,motorbike,10.7808711,106.66826445000001,"[[10.780941,106.668144],[10.7808012,106.6683849]]",4.401034633005793,2022-02-28T06:00:00,2022-02-28T06:02:52.081454137,2022-02-28T06:02:54.281971454,2022-02-28T07:00:00,2022-02-28T06:02:56.482488770,2022-02-28T06:00:00,1,ceiling_to_next_hour_no_interpolation,False,3425.718028,2022-02-28T07:00:00,oracle_observed,"{""1"":25.08333333,""2"":50.37666667,""3"":52.32333333,""4"":35.202,""5"":13.78333333,""6"":33.305}",31.40458812361985,idw,1.0,6,0.9629867498385248,2.1929391650390695,6,0.5200430399952561,0.3399518513354177,2.9415930405195456,supported
motorbike-1,410150095:0:r,30,motorbike,10.7808737,106.66848465000001,"[[10.7808012,106.6683849],[10.7809462,106.6685844]]",3.903558768155955,2022-02-28T06:00:00,2022-02-28T06:02:56.482488770,2022-02-28T06:02:58.434268154,2022-02-28T07:00:00,2022-02-28T06:03:00.386047538,2022-02-28T06:00:00,1,ceiling_to_next_hour_no_interpolation,False,3421.565731,2022-02-28T07:00:00,oracle_observed,"{""1"":25.08333333,""2"":50.37666667,""3"":52.32333333,""4"":35.202,""5"":13.78333333,""6"":33.305}",31.328870959325172,idw,1.0,6,0.987027824132937,2.169595671166517,6,0.512688231643253,0.3349464983834144,2.9855514382935766,supported
motorbike-1,410149784:1:r,31,motorbike,10.78092925,106.66859665,"[[10.7809462,106.6685844],[10.7809123,106.6686089]]",0.6656982828210405,2022-02-28T06:00:00,2022-02-28T06:03:00.386047538,2022-02-28T06:03:00.718896680,2022-02-28T07:00:00,2022-02-28T06:03:01.051745821,2022-02-28T06:00:00,1,ceiling_to_next_hour_no_interpolation,False,3419.281103,2022-02-28T07:00:00,oracle_observed,"{""1"":25.08333333,""2"":50.37666667,""3"":52.32333333,""4"":35.202,""5"":13.78333333,""6"":33.305}",31.29259814602751,idw,1.0,6,0.9995447851179416,2.1591373693543847,6,0.5089728740501502,0.3324526489358142,3.0079471563875777,supported
motorbike-1,410149784:0:r,32,motorbike,10.78070965,106.66876115,"[[10.7809123,106.6686089],[10.780507,106.6689134]]",8.065776253544282,2022-02-28T06:00:00,2022-02-28T06:03:01.051745821,2022-02-28T06:03:05.084633948,2022-02-28T07:00:00,2022-02-28T06:03:09.117522075,2022-02-28T06:00:00,1,ceiling_to_next_hour_no_interpolation,False,3414.915366,2022-02-28T07:00:00,oracle_observed,"{""1"":25.08333333,""2"":50.37666667,""3"":52.32333333,""4"":35.202,""5"":13.78333333,""6"":33.305}",31.223385018305343,idw,1.0,6,1.0165624234713,2.1360232313547867,6,0.5036254227345298,0.3291430910314025,3.038192285508412,moderate reliability
motorbike-1,716044137:15:r,33,motorbike,10.78053735,106.66895505,"[[10.780507,106.6689134],[10.7805677,106.6689967]]",1.6313964347934653,2022-02-28T06:00:00,2022-02-28T06:03:09.117522075,2022-02-28T06:03:09.933220292,2022-02-28T07:00:00,2022-02-28T06:03:10.748918510,2022-02-28T06:00:00,1,ceiling_to_next_hour_no_interpolation,False,3410.066779,2022-02-28T07:00:00,oracle_observed,"{""1"":25.08333333,""2"":50.37666667,""3"":52.32333333,""4"":35.202,""5"":13.78333333,""6"":33.305}",31.144591944449385,idw,1.0,6,1.0374240588892822,2.1111055474342444,6,0.4972790848483231,0.32528914090128536,3.0741880814996754,supported
motorbike-1,716044137:14:r,34,motorbike,10.7807194,106.6692011,"[[10.7805677,106.6689967],[10.7808711,106.6694055]]",8.059060775365502,2022-02-28T06:00:00,2022-02-28T06:03:10.748918510,2022-02-28T06:03:14.778448897,2022-02-28T07:00:00,2022-02-28T06:03:18.807979285,2022-02-28T06:00:00,1,ceiling_to_next_hour_no_interpolation,False,3405.221551,2022-02-28T07:00:00,oracle_observed,"{""1"":25.08333333,""2"":50.37666667,""3"":52.32333333,""4"":35.202,""5"":13.78333333,""6"":33.305}",31.06488575808039,idw,1.0,6,1.0646312209885052,2.0894897705465736,6,0.4895477584075725,0.32053881634040043,3.11974696673877,supported
motorbike-1,716044137:13:r,35,motorbike,10.7808805,106.6694182,"[[10.7808711,106.6694055],[10.7808899,106.6694309]]",0.5002405186640708,2022-02-28T06:00:00,2022-02-28T06:03:18.807979285,2022-02-28T06:03:19.058099544,2022-02-28T07:00:00,2022-02-28T06:03:19.308219804,2022-02-28T06:00:00,1,ceiling_to_next_hour_no_interpolation,False,3400.9419,2022-02-28T07:00:00,oracle_observed,"{""1"":25.08333333,""2"":50.37666667,""3"":52.32333333,""4"":35.202,""5"":13.78333333,""6"":33.305}",30.99398080854519,idw,1.0,6,1.088938281432361,2.070696646207952,6,0.4827943546345964,0.3165457690546007,3.159100824460904,supported
motorbike-1,716044137:12:r,36,motorbike,10.7808975,106.66944129999999,"[[10.7808899,106.6694309],[10.7809051,106.6694517]]",0.40777182952508195,2022-02-28T06:00:00,2022-02-28T06:03:19.308219804,2022-02-28T06:03:19.512105718,2022-02-28T07:00:00,2022-02-28T06:03:19.715991633,2022-02-28T06:00:00,1,ceiling_to_next_hour_no_interpolation,False,3400.487894,2022-02-28T07:00:00,oracle_observed,"{""1"":25.08333333,""2"":50.37666667,""3"":52.32333333,""4"":35.202,""5"":13.78333333,""6"":33.305}",30.986398028663327,idw,1.0,6,1.091539701415666,2.0687082631016733,6,0.48207978811140545,0.31613197661926556,3.163235844390246,supported
motorbike-1,716044137:11:r,37,motorbike,10.781007899999999,106.66959184999999,"[[10.7809051,106.6694517],[10.7811107,106.669732]]",5.502439776901824,2022-02-28T06:00:00,2022-02-28T06:03:19.715991633,2022-02-28T06:03:22.467211522,2022-02-28T07:00:00,2022-02-28T06:03:25.218431410,2022-02-28T06:00:00,1,ceiling_to_next_hour_no_interpolation,False,3397.532788,2022-02-28T07:00:00,oracle_observed,"{""1"":25.08333333,""2"":50.37666667,""3"":52.32333333,""4"":35.202,""5"":13.78333333,""6"":33.305}",30.936823915696376,idw,1.0,6,1.1085617246085142,2.055809675257935,6,0.47744281341774913,0.31348731177715033,3.189921768543133,supported
motorbike-1,716044137:10:r,38,motorbike,10.7811385,106.6697682,"[[10.7811107,106.669732],[10.7811663,106.6698044]]",1.4455032417919214,2022-02-28T06:00:00,2022-02-28T06:03:25.218431410,2022-02-28T06:03:25.941183031,2022-02-28T07:00:00,2022-02-28T06:03:26.663934652,2022-02-28T06:00:00,1,ceiling_to_next_hour_no_interpolation,False,3394.058816,2022-02-28T07:00:00,oracle_observed,"{""1"":25.08333333,""2"":50.37666667,""3"":52.32333333,""4"":35.202,""5"":13.78333333,""6"":33.305}",30.878566943343813,idw,1.0,6,1.1286582215662586,2.0408964266961833,6,0.472056607649381,0.3105019870150627,3.2205913063979494,supported
motorbike-1,716044137:9:r,39,motorbike,10.78138895,106.67009465000001,"[[10.7811663,106.6698044],[10.7816116,106.6703849]]",11.585062312152202,2022-02-28T06:00:00,2022-02-28T06:03:26.663934652,2022-02-28T06:03:32.456465808,2022-02-28T07:00:00,2022-02-28T06:03:38.248996964,2022-02-28T06:00:00,1,ceiling_to_next_hour_no_interpolation,False,3387.543534,2022-02-28T07:00:00,oracle_observed,"{""1"":25.08333333,""2"":50.37666667,""3"":52.32333333,""4"":35.202,""5"":13.78333333,""6"":33.305}",30.77068301922982,idw,1.0,6,1.166346908122978,2.014028800711735,6,0.46221719479665657,0.30528433296187457,3.275634849315654,supported
motorbike-1,716044137:8:r,40,motorbike,10.78173405,106.67054455,"[[10.7816116,106.6703849],[10.7818565,106.6707042]]",6.371941858054412,2022-02-28T06:00:00,2022-02-28T06:03:38.248996964,2022-02-28T06:03:41.434967893,2022-02-28T07:00:00,2022-02-28T06:03:44.620938822,2022-02-28T06:00:00,1,ceiling_to_next_hour_no_interpolation,False,3378.565032,2022-02-28T07:00:00,oracle_observed,"{""1"":25.08333333,""2"":50.37666667,""3"":52.32333333,""4"":35.202,""5"":13.78333333,""6"":33.305}",30.621218733991277,idw,1.0,6,1.2191297143170359,1.9780972339833012,6,0.44896257049556615,0.29875654226473924,3.3472070349303444,supported
motorbike-1,716044137:7:r,41,motorbike,10.78201265,106.6709077,"[[10.7818565,106.6707042],[10.7821688,106.6711112]]",8.123405922146333,2022-02-28T06:00:00,2022-02-28T06:03:44.620938822,2022-02-28T06:03:48.682641783,2022-02-28T07:00:00,2022-02-28T06:03:52.744344744,2022-02-28T06:00:00,1,ceiling_to_next_hour_no_interpolation,False,3371.317358,2022-02-28T07:00:00,oracle_observed,"{""1"":25.08333333,""2"":50.37666667,""3"":52.32333333,""4"":35.202,""5"":13.78333333,""6"":33.305}",30.500348053395843,idw,1.0,6,1.2623720945613686,1.9500670181058082,6,0.43854086216263377,0.29403114159221316,3.4010002974000733,supported
motorbike-1,716044137:6:r,42,motorbike,10.7821948,106.67114509999999,"[[10.7821688,106.6711112],[10.7822208,106.671179]]",1.3529944801275182,2022-02-28T06:00:00,2022-02-28T06:03:52.744344744,2022-02-28T06:03:53.420841984,2022-02-28T07:00:00,2022-02-28T06:03:54.097339224,2022-02-28T06:00:00,1,ceiling_to_next_hour_no_interpolation,False,3366.579158,2022-02-28T07:00:00,oracle_observed,"{""1"":25.08333333,""2"":50.37666667,""3"":52.32333333,""4"":35.202,""5"":13.78333333,""6"":33.305}",30.42141572855875,idw,1.0,6,1.2909188015577775,1.9322327942315185,6,0.43186835881471247,0.2911951896617656,3.4341226624022823,supported
motorbike-1,716044137:5:r,43,motorbike,10.7822564,106.67122605,"[[10.7822208,106.671179],[10.782292,106.6712731]]",1.8682996487015824,2022-02-28T06:00:00,2022-02-28T06:03:54.097339224,2022-02-28T06:03:55.031489048,2022-02-28T07:00:00,2022-02-28T06:03:55.965638873,2022-02-28T06:00:00,1,ceiling_to_next_hour_no_interpolation,False,3364.96851,2022-02-28T07:00:00,oracle_observed,"{""1"":25.08333333,""2"":50.37666667,""3"":52.32333333,""4"":35.202,""5"":13.78333333,""6"":33.305}",30.394494853708817,idw,1.0,6,1.3006912190497302,1.9262230415368453,6,0.4296197835670213,0.29027372244981714,3.445024205292579,supported
motorbike-1,716044137:4:r,44,motorbike,10.7823189,106.67130864999999,"[[10.782292,106.6712731],[10.7823458,106.6713442]]",1.4116751131676504,2022-02-28T06:00:00,2022-02-28T06:03:55.965638873,2022-02-28T06:03:56.671476430,2022-02-28T07:00:00,2022-02-28T06:03:57.377313986,2022-02-28T06:00:00,1,ceiling_to_next_hour_no_interpolation,False,3363.328523,2022-02-28T07:00:00,oracle_observed,"{""1"":25.08333333,""2"":50.37666667,""3"":52.32333333,""4"":35.202,""5"":13.78333333,""6"":33.305}",30.367019297435302,idw,1.0,6,1.3106799095268997,1.9201249379982845,6,0.42733964651535733,0.28935716641371034,3.4559365243791587,supported
motorbike-1,716044137:3:r,45,motorbike,10.782421150000001,106.67144205,"[[10.7823458,106.6713442],[10.7824965,106.6715399]]",3.9112979248091087,2022-02-28T06:00:00,2022-02-28T06:03:57.377313986,2022-02-28T06:03:59.332962949,2022-02-28T07:00:00,2022-02-28T06:04:01.288611911,2022-02-28T06:00:00,1,ceiling_to_next_hour_no_interpolation,False,3360.667037,2022-02-28T07:00:00,oracle_observed,"{""1"":25.08333333,""2"":50.37666667,""3"":52.32333333,""4"":35.202,""5"":13.78333333,""6"":33.305}",30.32282574693526,idw,1.0,6,1.3268832119811822,1.9104301000957895,6,0.4236852386672497,0.28792247428733825,3.4731571492471587,supported
motorbike-1,716044137:2:r,46,motorbike,10.78253235,106.67158885,"[[10.7824965,106.6715399],[10.7825682,106.6716378]]",1.9207736455658524,2022-02-28T06:00:00,2022-02-28T06:04:01.288611911,2022-02-28T06:04:02.248998734,2022-02-28T07:00:00,2022-02-28T06:04:03.209385557,2022-02-28T06:00:00,1,ceiling_to_next_hour_no_interpolation,False,3357.751001,2022-02-28T07:00:00,oracle_observed,"{""1"":25.08333333,""2"":50.37666667,""3"":52.32333333,""4"":35.202,""5"":13.78333333,""6"":33.305}",30.274186169304983,idw,1.0,6,1.3447570288804678,1.8998590460201634,6,0.4197082037437873,0.2864141662856937,3.4914474132627764,supported
motorbike-1,716044137:1:r,47,motorbike,10.78258275,106.671657,"[[10.7825682,106.6716378],[10.7825973,106.6716762]]",0.7628481208892232,2022-02-28T06:00:00,2022-02-28T06:04:03.209385557,2022-02-28T06:04:03.590809617,2022-02-28T07:00:00,2022-02-28T06:04:03.972233677,2022-02-28T06:00:00,1,ceiling_to_next_hour_no_interpolation,False,3356.40919,2022-02-28T07:00:00,oracle_observed,"{""1"":25.08333333,""2"":50.37666667,""3"":52.32333333,""4"":35.202,""5"":13.78333333,""6"":33.305}",30.251535483689704,idw,1.0,6,1.3530538570727724,1.8949554571137612,6,0.41787885075657866,0.2857403562526885,3.4996806650428858,supported
motorbike-1,716044137:0:r,48,motorbike,10.78275755,106.6718879,"[[10.7825973,106.6716762],[10.7829178,106.6720996]]",8.407693821464491,2022-02-28T06:00:00,2022-02-28T06:04:03.972233677,2022-02-28T06:04:08.176080588,2022-02-28T07:00:00,2022-02-28T06:04:12.379927499,2022-02-28T06:00:00,1,ceiling_to_next_hour_no_interpolation,False,3351.823919,2022-02-28T07:00:00,oracle_observed,"{""1"":25.08333333,""2"":50.37666667,""3"":52.32333333,""4"":35.202,""5"":13.78333333,""6"":33.305}",30.175419764634004,idw,1.0,6,1.381343806411169,1.878759826522024,6,0.41174846687253525,0.2835577095685094,3.5266189782732513,supported
motorbike-1,495852561:4:r,49,motorbike,10.7828293,106.6722666,"[[10.7829178,106.6720996],[10.7827408,106.6724336]]",5.969319124879651,2022-02-28T06:00:00,2022-02-28T06:04:12.379927499,2022-02-28T06:04:15.364587061,2022-02-28T07:00:00,2022-02-28T06:04:18.349246624,2022-02-28T06:00:00,1,ceiling_to_next_hour_no_interpolation,False,3344.635412,2022-02-28T07:00:00,oracle_observed,"{""1"":25.08333333,""2"":50.37666667,""3"":52.32333333,""4"":35.202,""5"":13.78333333,""6"":33.305}",30.028405189748163,idw,1.0,6,1.4234716145552788,1.8436289020346133,6,0.4021838846699623,0.2808372766186126,3.5607808622857324,supported
motorbike-1,495852561:3:r,50,motorbike,10.7827327,106.67244885,"[[10.7827408,106.6724336],[10.7827246,106.6724641]]",0.545382841929127,2022-02-28T06:00:00,2022-02-28T06:04:18.349246624,2022-02-28T06:04:18.621938045,2022-02-28T07:00:00,2022-02-28T06:04:18.894629466,2022-02-28T06:00:00,1,ceiling_to_next_hour_no_interpolation,False,3341.378061,2022-02-28T07:00:00,oracle_observed,"{""1"":25.08333333,""2"":50.37666667,""3"":52.32333333,""4"":35.202,""5"":13.78333333,""6"":33.305}",29.942311221717393,idw,1.0,6,1.4411308132595582,1.8211103562848472,6,0.39777073658134254,0.2799888747433158,3.5715704808513045,supported
motorbike-1,495852561:2:r,51,motorbike,10.78264635,106.67261165,"[[10.7827246,106.6724641],[10.7825681,106.6727592]]",5.274964532395763,2022-02-28T06:00:00,2022-02-28T06:04:18.894629466,2022-02-28T06:04:21.532111731,2022-02-28T07:00:00,2022-02-28T06:04:24.169593998,2022-02-28T06:00:00,1,ceiling_to_next_hour_no_interpolation,False,3338.467888,2022-02-28T07:00:00,oracle_observed,"{""1"":25.08333333,""2"":50.37666667,""3"":52.32333333,""4"":35.202,""5"":13.78333333,""6"":33.305}",29.864174216209783,idw,1.0,6,1.4570202987979042,1.8009946223130595,6,0.3938290832274327,0.2793152181558513,3.5801844475299,supported
motorbike-1,495852561:1:r,52,motorbike,10.782527550000001,106.6728344,"[[10.7825681,106.6727592],[10.782487,106.6729096]]",2.698675165998481,2022-02-28T06:00:00,2022-02-28T06:04:24.169593998,2022-02-28T06:04:25.518931581,2022-02-28T07:00:00,2022-02-28T06:04:26.868269164,2022-02-28T06:00:00,1,ceiling_to_next_hour_no_interpolation,False,3334.481068,2022-02-28T07:00:00,oracle_observed,"{""1"":25.08333333,""2"":50.37666667,""3"":52.32333333,""4"":35.202,""5"":13.78333333,""6"":33.305}",29.75529182571822,idw,1.0,6,1.478920640778731,1.773446835498425,6,0.3884378199640347,0.27852604036077844,3.590328569295305,supported
motorbike-1,495852561:0:r,53,motorbike,10.78246965,106.67294179999999,"[[10.782487,106.6729096],[10.7824523,106.672974]]",1.1553471006015446,2022-02-28T06:00:00,2022-02-28T06:04:26.868269164,2022-02-28T06:04:27.445942714,2022-02-28T07:00:00,2022-02-28T06:04:28.023616265,2022-02-28T06:00:00,1,ceiling_to_next_hour_no_interpolation,False,3332.554057,2022-02-28T07:00:00,oracle_observed,"{""1"":25.08333333,""2"":50.37666667,""3"":52.32333333,""4"":35.202,""5"":13.78333333,""6"":33.305}",29.70192670047584,idw,1.0,6,1.4895385446715221,1.760139500354308,6,0.3858393434768046,0.27820192917345593,3.5945113787349428,supported
motorbike-1,500897933:9:r,54,motorbike,10.78236645,106.67313089999999,"[[10.7824523,106.672974],[10.7822806,106.6732878]]",5.649909272257701,2022-02-28T06:00:00,2022-02-28T06:04:28.023616265,2022-02-28T06:04:30.848570901,2022-02-28T07:00:00,2022-02-28T06:04:33.673525537,2022-02-28T06:00:00,1,ceiling_to_next_hour_no_interpolation,False,3329.151429,2022-02-28T07:00:00,oracle_observed,"{""1"":25.08333333,""2"":50.37666667,""3"":52.32333333,""4"":35.202,""5"":13.78333333,""6"":33.305}",29.6065378360759,idw,1.0,6,1.5083209799272488,1.7366583404466422,6,0.3812654566477705,0.27772255009938956,3.6007158930455105,supported
motorbike-1,500897933:8:r,55,motorbike,10.7822251,106.67339129999999,"[[10.7822806,106.6732878],[10.7821696,106.6734948]]",3.7095004149339577,2022-02-28T06:00:00,2022-02-28T06:04:33.673525537,2022-02-28T06:04:35.528275744,2022-02-28T07:00:00,2022-02-28T06:04:37.383025952,2022-02-28T06:00:00,1,ceiling_to_next_hour_no_interpolation,False,3324.471724,2022-02-28T07:00:00,oracle_observed,"{""1"":25.08333333,""2"":50.37666667,""3"":52.32333333,""4"":35.202,""5"":13.78333333,""6"":33.305}",29.472570587122487,idw,1.0,6,1.5344153755200454,1.7043626785912622,6,0.37497054682013203,0.2772492362651794,3.60686295648993,supported
motorbike-1,500897933:7:r,56,motorbike,10.78206815,106.67369260000001,"[[10.7821696,106.6734948],[10.7819667,106.6738904]]",7.019632615598423,2022-02-28T06:00:00,2022-02-28T06:04:37.383025952,2022-02-28T06:04:40.892842260,2022-02-28T07:00:00,2022-02-28T06:04:44.402658567,2022-02-28T06:00:00,1,ceiling_to_next_hour_no_interpolation,False,3319.107157,2022-02-28T07:00:00,oracle_observed,"{""1"":25.08333333,""2"":50.37666667,""3"":52.32333333,""4"":35.202,""5"":13.78333333,""6"":33.305}",29.314459580552793,idw,1.0,6,1.564990645743177,1.6672832282431171,6,0.3676994940100863,0.276966435707427,3.610545795723595,supported
motorbike-1,500897933:6:r,57,motorbike,10.78187005,106.67406405,"[[10.7819667,106.6738904],[10.7817734,106.6742377]]",6.278723397222568,2022-02-28T06:00:00,2022-02-28T06:04:44.402658567,2022-02-28T06:04:47.542020266,2022-02-28T07:00:00,2022-02-28T06:04:50.681381965,2022-02-28T06:00:00,1,ceiling_to_next_hour_no_interpolation,False,3312.457979,2022-02-28T07:00:00,oracle_observed,"{""1"":25.08333333,""2"":50.37666667,""3"":52.32333333,""4"":35.202,""5"":13.78333333,""6"":33.305}",29.112977755486906,idw,1.0,6,1.603023754460425,1.6213881931903347,6,0.35874786191706326,0.2770524971379533,3.609424243890023,supported
motorbike-1,500897933:5:r,58,motorbike,10.78173765,106.6743042,"[[10.7817734,106.6742377],[10.7817019,106.6743707]]",2.384792988939929,2022-02-28T06:00:00,2022-02-28T06:04:50.681381965,2022-02-28T06:04:51.873778459,2022-02-28T07:00:00,2022-02-28T06:04:53.066174953,2022-02-28T06:00:00,1,ceiling_to_next_hour_no_interpolation,False,3308.126221,2022-02-28T07:00:00,oracle_observed,"{""1"":25.08333333,""2"":50.37666667,""3"":52.32333333,""4"":35.202,""5"":13.78333333,""6"":33.305}",28.978497789708335,idw,1.0,5,1.591543999204017,1.6277953039491322,6,0.36100271429256664,0.2773754799806107,3.6052213413741647,supported
motorbike-1,500897933:4:r,59,motorbike,10.781638749999999,106.67448830000001,"[[10.7817019,106.6743707],[10.7815756,106.6746059]]",4.2162273180652985,2022-02-28T06:00:00,2022-02-28T06:04:53.066174953,2022-02-28T06:04:55.174288613,2022-02-28T07:00:00,2022-02-28T06:04:57.282402272,2022-02-28T06:00:00,1,ceiling_to_next_hour_no_interpolation,False,3304.825711,2022-02-28T07:00:00,oracle_observed,"{""1"":25.08333333,""2"":50.37666667,""3"":52.32333333,""4"":35.202,""5"":13.78333333,""6"":33.305}",28.873808976980243,idw,1.0,5,1.5687793819702671,1.6469277797006243,6,0.36589888586732056,0.27775747982956045,3.600263080632886,supported
motorbike-1,500897933:3:r,60,motorbike,10.78151695,106.67473115,"[[10.7815756,106.6746059],[10.7814583,106.6748564]]",4.364982918940769,2022-02-28T06:00:00,2022-02-28T06:04:57.282402272,2022-02-28T06:04:59.464893731,2022-02-28T07:00:00,2022-02-28T06:05:01.647385191,2022-02-28T06:00:00,1,ceiling_to_next_hour_no_interpolation,False,3300.535106,2022-02-28T07:00:00,oracle_observed,"{""1"":25.08333333,""2"":50.37666667,""3"":52.32333333,""4"":35.202,""5"":13.78333333,""6"":33.305}",28.734378921826774,idw,1.0,5,1.5391152743969847,1.672378165920972,6,0.37239479757360383,0.27842953631224315,3.5915729819646574,supported
motorbike-1,500897933:2:r,61,motorbike,10.781369600000001,106.67500824999999,"[[10.7814583,106.6748564],[10.7812809,106.6751601]]",5.557764326500566,2022-02-28T06:00:00,2022-02-28T06:05:01.647385191,2022-02-28T06:05:04.426267354,2022-02-28T07:00:00,2022-02-28T06:05:07.205149517,2022-02-28T06:00:00,1,ceiling_to_next_hour_no_interpolation,False,3295.573732,2022-02-28T07:00:00,oracle_observed,"{""1"":25.08333333,""2"":50.37666667,""3"":52.32333333,""4"":35.202,""5"":13.78333333,""6"":33.305}",28.570306678658028,idw,1.0,5,1.5049289294686736,1.7015349346666406,6,0.3799851604345402,0.27948744011480037,3.577978314836784,supported
motorbike-1,500897933:1:r,62,motorbike,10.7812525,106.67520855000001,"[[10.7812809,106.6751601],[10.7812241,106.675257]]",1.7749094265530578,2022-02-28T06:00:00,2022-02-28T06:05:07.205149517,2022-02-28T06:05:08.092604230,2022-02-28T07:00:00,2022-02-28T06:05:08.980058944,2022-02-28T06:00:00,1,ceiling_to_next_hour_no_interpolation,False,3291.907395,2022-02-28T07:00:00,oracle_observed,"{""1"":25.08333333,""2"":50.37666667,""3"":52.32333333,""4"":35.202,""5"":13.78333333,""6"":33.305}",28.447466491545796,idw,1.0,5,1.4797915194600555,1.7226719328430842,6,0.38562954871920396,0.28046630511918974,3.565490690851545,supported
motorbike-1,500897933:0:r,63,motorbike,10.781136799999999,106.6754239,"[[10.7812241,106.675257],[10.7810495,106.6755908]]",5.948418848566475,2022-02-28T06:00:00,2022-02-28T06:05:08.980058944,2022-02-28T06:05:11.954268368,2022-02-28T07:00:00,2022-02-28T06:05:14.928477792,2022-02-28T06:00:00,1,ceiling_to_next_hour_no_interpolation,False,3288.045731,2022-02-28T07:00:00,oracle_observed,"{""1"":25.08333333,""2"":50.37666667,""3"":52.32333333,""4"":35.202,""5"":13.78333333,""6"":33.305}",28.314563908613167,idw,1.0,5,1.4531914643546122,1.7455735434506334,6,0.3917165975571013,0.2816676336034243,3.5502836701782936,supported
motorbike-1,1255192198:0:r,64,motorbike,10.7810068,106.6756698,"[[10.7810495,106.6755908],[10.7809641,106.6757488]]",2.8366121324912665,2022-02-28T06:00:00,2022-02-28T06:05:14.928477792,2022-02-28T06:05:16.346783858,2022-02-28T07:00:00,2022-02-28T06:05:17.765089925,2022-02-28T06:00:00,1,ceiling_to_next_hour_no_interpolation,False,3283.653216,2022-02-28T07:00:00,oracle_observed,"{""1"":25.08333333,""2"":50.37666667,""3"":52.32333333,""4"":35.202,""5"":13.78333333,""6"":33.305}",28.16001519413519,idw,1.0,5,1.4229127655255125,1.7718660694469763,6,0.39876174778866635,0.2832620565222977,3.5302998653520063,supported
motorbike-1,496279185:1:r,65,motorbike,10.78092235,106.67582684999999,"[[10.7809641,106.6757488],[10.7808806,106.6759049]]",2.795789534794495,2022-02-28T06:00:00,2022-02-28T06:05:17.765089925,2022-02-28T06:05:19.162984692,2022-02-28T07:00:00,2022-02-28T06:05:20.560879460,2022-02-28T06:00:00,1,ceiling_to_next_hour_no_interpolation,False,3280.837015,2022-02-28T07:00:00,oracle_observed,"{""1"":25.08333333,""2"":50.37666667,""3"":52.32333333,""4"":35.202,""5"":13.78333333,""6"":33.305}",28.05928131149599,idw,1.0,5,1.4035225193607728,1.788723966675283,6,0.4033335987662544,0.28441557561823455,3.515981843913782,supported
motorbike-1,496279185:0:r,66,motorbike,10.78086665,106.67593085,"[[10.7808806,106.6759049],[10.7808527,106.6759568]]",0.9306005925580235,2022-02-28T06:00:00,2022-02-28T06:05:20.560879460,2022-02-28T06:05:21.026179756,2022-02-28T07:00:00,2022-02-28T06:05:21.491480052,2022-02-28T06:00:00,1,ceiling_to_next_hour_no_interpolation,False,3278.97382,2022-02-28T07:00:00,oracle_observed,"{""1"":25.08333333,""2"":50.37666667,""3"":52.32333333,""4"":35.202,""5"":13.78333333,""6"":33.305}",27.991831383343314,idw,1.0,5,1.390693625895206,1.7999180901939884,6,0.40638685928220514,0.28523594067134217,3.5058695536276456,supported
motorbike-1,1097215585:2:r,67,motorbike,10.78079275,106.67606785,"[[10.7808527,106.6759568],[10.7807328,106.6761789]]",3.9862871368942905,2022-02-28T06:00:00,2022-02-28T06:05:21.491480052,2022-02-28T06:05:23.484623621,2022-02-28T07:00:00,2022-02-28T06:05:25.477767189,2022-02-28T06:00:00,1,ceiling_to_next_hour_no_interpolation,False,3276.515376,2022-02-28T07:00:00,oracle_observed,"{""1"":25.08333333,""2"":50.37666667,""3"":52.32333333,""4"":35.202,""5"":13.78333333,""6"":33.305}",27.90192392264043,idw,1.0,5,1.3737762150447286,1.814698465911891,6,0.4104465887506945,0.28638909396123524,3.491753076796133,supported
motorbike-1,1097215585:1:r,68,motorbike,10.7806839,106.67626845,"[[10.7807328,106.6761789],[10.780635,106.676358]]",3.2231411361072557,2022-02-28T06:00:00,2022-02-28T06:05:25.477767189,2022-02-28T06:05:27.089337757,2022-02-28T07:00:00,2022-02-28T06:05:28.700908325,2022-02-28T06:00:00,1,ceiling_to_next_hour_no_interpolation,False,3272.910662,2022-02-28T07:00:00,oracle_observed,"{""1"":25.08333333,""2"":50.37666667,""3"":52.32333333,""4"":35.202,""5"":13.78333333,""6"":33.305}",27.768154749812616,idw,1.0,5,1.3489867639884912,1.8364112116360858,6,0.4164665317035508,0.28822758384657327,3.4694805634297343,supported
motorbike-1,1097215585:0:r,69,motorbike,10.78056155,106.6765067,"[[10.780635,106.676358],[10.7804881,106.6766554]]",5.236024588114581,2022-02-28T06:00:00,2022-02-28T06:05:28.700908325,2022-02-28T06:05:31.318920619,2022-02-28T07:00:00,2022-02-28T06:05:33.936932913,2022-02-28T06:00:00,1,ceiling_to_next_hour_no_interpolation,False,3268.681079,2022-02-28T07:00:00,oracle_observed,"{""1"":25.08333333,""2"":50.37666667,""3"":52.32333333,""4"":35.202,""5"":13.78333333,""6"":33.305}",27.607394383433594,idw,1.0,5,1.319828725540325,1.8623113972343133,6,0.42367417708518956,0.29061761956336163,3.4409475980928126,supported
motorbike-1,1097215588:0:f,70,motorbike,10.7804729,106.6766609,"[[10.7804881,106.6766554],[10.7804577,106.6766664]]",0.5166044316323298,2022-02-28T06:00:00,2022-02-28T06:05:33.936932913,2022-02-28T06:05:34.195235129,2022-02-28T07:00:00,2022-02-28T06:05:34.453537345,2022-02-28T06:00:00,1,ceiling_to_next_hour_no_interpolation,False,3265.804764,2022-02-28T07:00:00,oracle_observed,"{""1"":25.08333333,""2"":50.37666667,""3"":52.32333333,""4"":35.202,""5"":13.78333333,""6"":33.305}",27.499732235888064,idw,1.0,5,1.300592265881729,1.8791285031289695,6,0.4284790752257214,0.2923396959326872,3.4206781149223584,supported
motorbike-1,1097215588:1:f,71,motorbike,10.78039035,106.67679335,"[[10.7804577,106.6766664],[10.780323,106.6769203]]",4.538910519965493,2022-02-28T06:00:00,2022-02-28T06:05:34.453537345,2022-02-28T06:05:36.722992605,2022-02-28T07:00:00,2022-02-28T06:05:38.992447865,2022-02-28T06:00:00,1,ceiling_to_next_hour_no_interpolation,False,3263.277007,2022-02-28T07:00:00,oracle_observed,"{""1"":25.08333333,""2"":50.37666667,""3"":52.32333333,""4"":35.202,""5"":13.78333333,""6"":33.305}",27.404822928332624,idw,1.0,5,1.283827487993675,1.8936181844744961,6,0.4327012917130488,0.2939357369426082,3.40210418236845,supported
motorbike-1,1097215588:2:f,72,motorbike,10.7803265,106.67693550000001,"[[10.780323,106.6769203],[10.78033,106.6769507]]",0.49113755408011484,2022-02-28T06:00:00,2022-02-28T06:05:38.992447865,2022-02-28T06:05:39.238016642,2022-02-28T07:00:00,2022-02-28T06:05:39.483585419,2022-02-28T06:00:00,1,ceiling_to_next_hour_no_interpolation,False,3260.761983,2022-02-28T07:00:00,oracle_observed,"{""1"":25.08333333,""2"":50.37666667,""3"":52.32333333,""4"":35.202,""5"":13.78333333,""6"":33.305}",27.306425329044952,idw,1.0,5,1.266799786983291,1.9091924400534928,6,0.4370778813520109,0.2956376114295726,3.3825195487287383,supported
motorbike-1,1097215589:1:r,73,motorbike,10.7802972,106.67701220000001,"[[10.78033,106.6769507],[10.7802644,106.6770737]]",2.201477291474228,2022-02-28T06:00:00,2022-02-28T06:05:39.483585419,2022-02-28T06:05:40.584324065,2022-02-28T07:00:00,2022-02-28T06:05:41.685062710,2022-02-28T06:00:00,1,ceiling_to_next_hour_no_interpolation,False,3259.415675,2022-02-28T07:00:00,oracle_observed,"{""1"":25.08333333,""2"":50.37666667,""3"":52.32333333,""4"":35.202,""5"":13.78333333,""6"":33.305}",27.25382209026792,idw,1.0,5,1.2578115984915672,1.917600564280996,6,0.4394149550112363,0.2965720025175925,3.371862453336877,supported
motorbike-1,1097215589:0:r,74,motorbike,10.7802528,106.67709479999999,"[[10.7802644,106.6770737],[10.7802412,106.6771159]]",0.760663223784838,2022-02-28T06:00:00,2022-02-28T06:05:41.685062710,2022-02-28T06:05:42.065394322,2022-02-28T07:00:00,2022-02-28T06:05:42.445725934,2022-02-28T06:00:00,1,ceiling_to_next_hour_no_interpolation,False,3257.934605,2022-02-28T07:00:00,oracle_observed,"{""1"":25.08333333,""2"":50.37666667,""3"":52.32333333,""4"":35.202,""5"":13.78333333,""6"":33.305}",27.194264703533193,idw,1.0,5,1.2476365264202296,1.926678890248415,6,0.442052186211995,0.2976662609842356,3.3594670645356075,supported
motorbike-1,225192895:0:f,75,motorbike,10.78022685,106.67712225,"[[10.7802412,106.6771159],[10.7802125,106.6771286]]",0.5010882417937077,2022-02-28T06:00:00,2022-02-28T06:05:42.445725934,2022-02-28T06:05:42.696270055,2022-02-28T07:00:00,2022-02-28T06:05:42.946814176,2022-02-28T06:00:00,1,ceiling_to_next_hour_no_interpolation,False,3257.303729,2022-02-28T07:00:00,oracle_observed,"{""1"":25.08333333,""2"":50.37666667,""3"":52.32333333,""4"":35.202,""5"":13.78333333,""6"":33.305}",27.17217494686368,idw,1.0,5,1.2438253403286466,1.9297157134827503,6,0.44302540949283836,0.2980882648459861,3.3547110635726374,supported
motorbike-1,225192895:1:f,76,motorbike,10.78016795,106.67722380000001,"[[10.7802125,106.6771286],[10.7801234,106.677319]]",3.317352505439519,2022-02-28T06:00:00,2022-02-28T06:05:42.946814176,2022-02-28T06:05:44.605490429,2022-02-28T07:00:00,2022-02-28T06:05:46.264166681,2022-02-28T06:00:00,1,ceiling_to_next_hour_no_interpolation,False,3255.394509,2022-02-28T07:00:00,oracle_observed,"{""1"":25.08333333,""2"":50.37666667,""3"":52.32333333,""4"":35.202,""5"":13.78333333,""6"":33.305}",27.097279553306745,idw,1.0,5,1.2311561511416722,1.9409102798831814,6,0.44633357783949296,0.29951507325604504,3.3387301317724827,supported
motorbike-1,225192895:2:f,77,motorbike,10.780083000000001,106.67739664999999,"[[10.7801234,106.677319],[10.7800426,106.6774743]]",2.7642540039816876,2022-02-28T06:00:00,2022-02-28T06:05:46.264166681,2022-02-28T06:05:47.646293683,2022-02-28T07:00:00,2022-02-28T06:05:49.028420685,2022-02-28T06:00:00,1,ceiling_to_next_hour_no_interpolation,False,3252.353706,2022-02-28T07:00:00,oracle_observed,"{""1"":25.08333333,""2"":50.37666667,""3"":52.32333333,""4"":35.202,""5"":13.78333333,""6"":33.305}",26.97125480079776,idw,1.0,5,1.2101821391979848,1.959974104956523,6,0.45189237686317824,0.301991425157902,3.3113522990830977,supported
motorbike-1,225192895:3:f,78,motorbike,10.77988375,106.6777793,"[[10.7800426,106.6774743],[10.7797249,106.6780843]]",10.860120742829416,2022-02-28T06:00:00,2022-02-28T06:05:49.028420685,2022-02-28T06:05:54.458481057,2022-02-28T07:00:00,2022-02-28T06:05:59.888541428,2022-02-28T06:00:00,1,ceiling_to_next_hour_no_interpolation,False,3245.541518,2022-02-28T07:00:00,oracle_observed,"{""1"":25.08333333,""2"":50.37666667,""3"":52.32333333,""4"":35.202,""5"":13.78333333,""6"":33.305}",26.68283513692262,idw,1.0,5,1.1633493078456,2.0023635138558484,6,0.4645525528726919,0.30807454059778766,3.245967674120687,supported
motorbike-1,225192895:4:f,79,motorbike,10.77970455,106.6781224,"[[10.7797249,106.6780843],[10.7796842,106.6781605]]",1.3643027566394288,2022-02-28T06:00:00,2022-02-28T06:05:59.888541428,2022-02-28T06:06:00.570692807,2022-02-28T07:00:00,2022-02-28T06:06:01.252844185,2022-02-28T06:00:00,1,ceiling_to_next_hour_no_interpolation,False,3239.429307,2022-02-28T07:00:00,oracle_observed,"{""1"":25.08333333,""2"":50.37666667,""3"":52.32333333,""4"":35.202,""5"":13.78333333,""6"":33.305}",26.41536683076178,idw,1.0,5,1.1213708097027104,2.040558012227132,6,0.4762264130885455,0.31420315458557,3.182654233115474,supported
motorbike-1,225192895:5:f,80,motorbike,10.77965825,106.6782035,"[[10.7796842,106.6781605],[10.7796323,106.6782465]]",1.587612338053972,2022-02-28T06:00:00,2022-02-28T06:06:01.252844185,2022-02-28T06:06:02.046650354,2022-02-28T07:00:00,2022-02-28T06:06:02.840456523,2022-02-28T06:00:00,1,ceiling_to_next_hour_no_interpolation,False,3237.953349,2022-02-28T07:00:00,oracle_observed,"{""1"":25.08333333,""2"":50.37666667,""3"":52.32333333,""4"":35.202,""5"":13.78333333,""6"":33.305}",26.350048038478604,idw,1.0,5,1.1113089071614608,2.0496299620270992,6,0.4790674822119218,0.3157713976229302,3.1668479397685116,supported
motorbike-1,225192895:6:f,81,motorbike,10.779581149999999,106.6783358,"[[10.7796323,106.6782465],[10.77953,106.6784251]]",3.2519701562963097,2022-02-28T06:00:00,2022-02-28T06:06:02.840456523,2022-02-28T06:06:04.466441601,2022-02-28T07:00:00,2022-02-28T06:06:06.092426679,2022-02-28T06:00:00,1,ceiling_to_next_hour_no_interpolation,False,3235.533558,2022-02-28T07:00:00,oracle_observed,"{""1"":25.08333333,""2"":50.37666667,""3"":52.32333333,""4"":35.202,""5"":13.78333333,""6"":33.305}",26.242083773963707,idw,1.0,5,1.0948450507511536,2.064461167820103,6,0.483755941821478,0.31842238166926456,3.140482759904324,supported
motorbike-1,1486139602:0:f,82,motorbike,10.7795217,106.678456,"[[10.77953,106.6784251],[10.7795134,106.6784869]]",1.0077702880873294,2022-02-28T06:00:00,2022-02-28T06:06:06.092426679,2022-02-28T06:06:06.596311823,2022-02-28T07:00:00,2022-02-28T06:06:07.100196967,2022-02-28T06:00:00,1,ceiling_to_next_hour_no_interpolation,False,3233.403688,2022-02-28T07:00:00,oracle_observed,"{""1"":25.08333333,""2"":50.37666667,""3"":52.32333333,""4"":35.202,""5"":13.78333333,""6"":33.305}",26.145152320523998,idw,1.0,5,1.0802782134446143,2.077901685070953,6,0.48795950748446654,0.32085681897346924,3.1166549715207617,supported
motorbike-1,1486139601:0:r,83,motorbike,10.779471000000001,106.67856245,"[[10.7795134,106.6784869],[10.7794286,106.678638]]",2.7372535764615678,2022-02-28T06:00:00,2022-02-28T06:06:07.100196967,2022-02-28T06:06:08.468823755,2022-02-28T07:00:00,2022-02-28T06:06:09.837450544,2022-02-28T06:00:00,1,ceiling_to_next_hour_no_interpolation,False,3231.531176,2022-02-28T07:00:00,oracle_observed,"{""1"":25.08333333,""2"":50.37666667,""3"":52.32333333,""4"":35.202,""5"":13.78333333,""6"":33.305}",26.058835476148495,idw,1.0,5,1.0674508461631649,2.089807311976745,6,0.4916970342969172,0.32307161743337676,3.0952889267848427,supported
motorbike-1,32588532:12:r,84,motorbike,10.7793509,106.67879310000001,"[[10.7794286,106.678638],[10.7792732,106.6789482]]",5.477150236762506,2022-02-28T06:00:00,2022-02-28T06:06:09.837450544,2022-02-28T06:06:12.576025662,2022-02-28T07:00:00,2022-02-28T06:06:15.314600780,2022-02-28T06:00:00,1,ceiling_to_next_hour_no_interpolation,False,3227.423974,2022-02-28T07:00:00,oracle_observed,"{""1"":25.08333333,""2"":50.37666667,""3"":52.32333333,""4"":35.202,""5"":13.78333333,""6"":33.305}",25.866550924904956,idw,1.0,5,1.0393009083525588,2.1157115579497914,6,0.500002064805575,0.3281718112009863,3.04718432805174,moderate reliability
motorbike-1,32588532:11:r,85,motorbike,10.77923475,106.679011,"[[10.7792732,106.6789482],[10.7791963,106.6790738]]",2.3279385221688593,2022-02-28T06:00:00,2022-02-28T06:06:15.314600780,2022-02-28T06:06:16.478570042,2022-02-28T07:00:00,2022-02-28T06:06:17.642539303,2022-02-28T06:00:00,1,ceiling_to_next_hour_no_interpolation,False,3223.521429,2022-02-28T07:00:00,oracle_observed,"{""1"":25.08333333,""2"":50.37666667,""3"":52.32333333,""4"":35.202,""5"":13.78333333,""6"":33.305}",25.680417320933717,idw,1.0,5,1.0126315957201866,2.1402640574782605,6,0.5080170915062516,0.33331675338954575,3.00014922691661,moderate reliability
motorbike-1,32588532:10:r,86,motorbike,10.77910535,106.679231,"[[10.7791963,106.6790738],[10.7790144,106.6793882]]",5.739335896191901,2022-02-28T06:00:00,2022-02-28T06:06:17.642539303,2022-02-28T06:06:20.512207251,2022-02-28T07:00:00,2022-02-28T06:06:23.381875199,2022-02-28T06:00:00,1,ceiling_to_next_hour_no_interpolation,False,3219.487792,2022-02-28T07:00:00,oracle_observed,"{""1"":25.08333333,""2"":50.37666667,""3"":52.32333333,""4"":35.202,""5"":13.78333333,""6"":33.305}",25.485755670444483,idw,1.0,5,0.985310182713703,2.1652086206497563,6,0.5163748491264734,0.3389159002420515,2.9505844939284542,supported
motorbike-1,32588532:9:r,87,motorbike,10.7790049,106.6794067,"[[10.7790144,106.6793882],[10.7789954,106.6794252]]",0.6567137361645851,2022-02-28T06:00:00,2022-02-28T06:06:23.381875199,2022-02-28T06:06:23.710232067,2022-02-28T07:00:00,2022-02-28T06:06:24.038588935,2022-02-28T06:00:00,1,ceiling_to_next_hour_no_interpolation,False,3216.289767,2022-02-28T07:00:00,oracle_observed,"{""1"":25.08333333,""2"":50.37666667,""3"":52.32333333,""4"":35.202,""5"":13.78333333,""6"":33.305}",25.328018907685745,idw,1.0,5,0.9636166000136572,2.1851595684400964,6,0.5231309844482899,0.34360734988374364,2.910298631092556,supported
motorbike-1,32588532:8:r,88,motorbike,10.7789408,106.67953155000001,"[[10.7789954,106.6794252],[10.7788862,106.6796379]]",3.7750367476998847,2022-02-28T06:00:00,2022-02-28T06:06:24.038588935,2022-02-28T06:06:25.926107309,2022-02-28T07:00:00,2022-02-28T06:06:27.813625683,2022-02-28T06:00:00,1,ceiling_to_next_hour_no_interpolation,False,3214.073892,2022-02-28T07:00:00,oracle_observed,"{""1"":25.08333333,""2"":50.37666667,""3"":52.32333333,""4"":35.202,""5"":13.78333333,""6"":33.305}",25.216026352462283,idw,1.0,5,0.9484598170466534,2.19929989921331,6,0.5279194544617177,0.3470183665067811,2.881691854141268,supported
motorbike-1,32588532:7:r,89,motorbike,10.778831199999999,106.67974004999999,"[[10.7788862,106.6796379],[10.7787762,106.6798422]]",3.664588498414887,2022-02-28T06:00:00,2022-02-28T06:06:27.813625683,2022-02-28T06:06:29.645919932,2022-02-28T07:00:00,2022-02-28T06:06:31.478214181,2022-02-28T06:00:00,1,ceiling_to_next_hour_no_interpolation,False,3210.35408,2022-02-28T07:00:00,oracle_observed,"{""1"":25.08333333,""2"":50.37666667,""3"":52.32333333,""4"":35.202,""5"":13.78333333,""6"":33.305}",25.02539376845393,idw,1.0,5,0.92308065288407,2.222974553615966,6,0.5360542667935095,0.35298327261239937,2.832995435163498,supported
motorbike-1,32588532:6:r,90,motorbike,10.778702599999999,106.6799786,"[[10.7787762,106.6798422],[10.778629,106.680115]]",4.8957435981788056,2022-02-28T06:00:00,2022-02-28T06:06:31.478214181,2022-02-28T06:06:33.926085980,2022-02-28T07:00:00,2022-02-28T06:06:36.373957779,2022-02-28T06:00:00,1,ceiling_to_next_hour_no_interpolation,False,3206.073914,2022-02-28T07:00:00,oracle_observed,"{""1"":25.08333333,""2"":50.37666667,""3"":52.32333333,""4"":35.202,""5"":13.78333333,""6"":33.305}",24.801797097169505,idw,1.0,5,0.8939718410133928,2.2501506431397567,6,0.5455714845874707,0.36022980641693725,2.7760057113169028,supported
motorbike-1,32588532:5:r,91,motorbike,10.778577949999999,106.6802124,"[[10.778629,106.680115],[10.7785269,106.6803098]]",3.472973591974128,2022-02-28T06:00:00,2022-02-28T06:06:36.373957779,2022-02-28T06:06:38.110444575,2022-02-28T07:00:00,2022-02-28T06:06:39.846931371,2022-02-28T06:00:00,1,ceiling_to_next_hour_no_interpolation,False,3201.889555,2022-02-28T07:00:00,oracle_observed,"{""1"":25.08333333,""2"":50.37666667,""3"":52.32333333,""4"":35.202,""5"":13.78333333,""6"":33.305}",24.57795630830562,idw,1.0,5,0.8655270481159453,2.276833095132194,6,0.5550745084517016,0.36774778851589596,2.719254965572077,supported
motorbike-1,32588532:4:r,92,motorbike,10.7784668,106.6804233,"[[10.7785269,106.6803098],[10.7784067,106.6805368]]",4.0563052185951705,2022-02-28T06:00:00,2022-02-28T06:06:39.846931371,2022-02-28T06:06:41.875083981,2022-02-28T07:00:00,2022-02-28T06:06:43.903236590,2022-02-28T06:00:00,1,ceiling_to_next_hour_no_interpolation,False,3198.124916,2022-02-28T07:00:00,oracle_observed,"{""1"":25.08333333,""2"":50.37666667,""3"":52.32333333,""4"":35.202,""5"":13.78333333,""6"":33.305}",24.371975444050094,idw,1.0,5,0.8399442174282462,2.3009375407783725,6,0.5637988367680801,0.37489495464033074,2.6674138651969503,supported
motorbike-1,32588532:3:r,93,motorbike,10.77834985,106.68064849999999,"[[10.7784067,106.6805368],[10.778293,106.6807602]]",3.9576061375485585,2022-02-28T06:00:00,2022-02-28T06:06:43.903236590,2022-02-28T06:06:45.882039659,2022-02-28T07:00:00,2022-02-28T06:06:47.860842727,2022-02-28T06:00:00,1,ceiling_to_next_hour_no_interpolation,False,3194.11796,2022-02-28T07:00:00,oracle_observed,"{""1"":25.08333333,""2"":50.37666667,""3"":52.32333333,""4"":35.202,""5"":13.78333333,""6"":33.305}",24.147756926291173,idw,1.0,5,0.8127185045933961,2.32670541283232,6,0.5732745932182033,0.3829204399028242,2.6115085427504874,supported
motorbike-1,32588532:2:r,94,motorbike,10.77818945,106.6809685,"[[10.778293,106.6807602],[10.7780859,106.6811768]]",7.34423562342613,2022-02-28T06:00:00,2022-02-28T06:06:47.860842727,2022-02-28T06:06:51.532960538,2022-02-28T07:00:00,2022-02-28T06:06:55.205078351,2022-02-28T06:00:00,1,ceiling_to_next_hour_no_interpolation,False,3188.467039,2022-02-28T07:00:00,oracle_observed,"{""1"":25.08333333,""2"":50.37666667,""3"":52.32333333,""4"":35.202,""5"":13.78333333,""6"":33.305}",23.822002004585705,idw,1.0,5,0.7742732560069462,2.3633316444769608,6,0.5870046403766526,0.3950277185866061,2.531467927308902,supported
motorbike-1,32588532:1:r,95,motorbike,10.7780725,106.68120379999999,"[[10.7780859,106.6811768],[10.7780591,106.6812308]]",0.9516443535935579,2022-02-28T06:00:00,2022-02-28T06:06:55.205078351,2022-02-28T06:06:55.680900528,2022-02-28T07:00:00,2022-02-28T06:06:56.156722704,2022-02-28T06:00:00,1,ceiling_to_next_hour_no_interpolation,False,3184.319099,2022-02-28T07:00:00,oracle_observed,"{""1"":25.08333333,""2"":50.37666667,""3"":52.32333333,""4"":35.202,""5"":13.78333333,""6"":33.305}",23.57611794746197,idw,1.0,5,0.7460850114099555,2.3903040197636254,6,0.5973416485731744,0.4045131384918127,2.4721075901969494,supported
motorbike-1,32588532:0:r,96,motorbike,10.77800455,106.6813405,"[[10.7780591,106.6812308],[10.77795,106.6814502]]",3.868032637363131,2022-02-28T06:00:00,2022-02-28T06:06:56.156722704,2022-02-28T06:06:58.090739023,2022-02-28T07:00:00,2022-02-28T06:07:00.024755342,2022-02-28T06:00:00,1,ceiling_to_next_hour_no_interpolation,False,3181.90926,2022-02-28T07:00:00,oracle_observed,"{""1"":25.08333333,""2"":50.37666667,""3"":52.32333333,""4"":35.202,""5"":13.78333333,""6"":33.305}",23.430634045425656,idw,1.0,5,0.7297306903641856,2.4059935088719318,6,0.6034477742632287,0.4102640898786666,2.437454373098422,supported
motorbike-1,1265743179:0:f,97,motorbike,10.777926350000001,106.68143905,"[[10.77795,106.6814502],[10.7779027,106.6814279]]",0.8346570135598238,2022-02-28T06:00:00,2022-02-28T06:07:00.024755342,2022-02-28T06:07:00.442083849,2022-02-28T07:00:00,2022-02-28T06:07:00.859412355,2022-02-28T06:00:00,1,ceiling_to_next_hour_no_interpolation,False,3179.557916,2022-02-28T07:00:00,oracle_observed,"{""1"":25.08333333,""2"":50.37666667,""3"":52.32333333,""4"":35.202,""5"":13.78333333,""6"":33.305}",23.317403638006212,idw,1.0,5,0.717158673764144,2.417691334475982,6,0.6081989310581405,0.41482056457718836,2.4106808711840597,supported
motorbike-1,1265743179:1:f,98,motorbike,10.77787695,106.68142135,"[[10.7779027,106.6814279],[10.7778512,106.6814148]]",0.8499779929181599,2022-02-28T06:00:00,2022-02-28T06:07:00.859412355,2022-02-28T06:07:01.284401352,2022-02-28T07:00:00,2022-02-28T06:07:01.709390348,2022-02-28T06:00:00,1,ceiling_to_next_hour_no_interpolation,False,3178.7155979999998,2022-02-28T07:00:00,oracle_observed,"{""1"":25.08333333,""2"":50.37666667,""3"":52.32333333,""4"":35.202,""5"":13.78333333,""6"":33.305}",23.322639947330757,idw,1.0,5,0.7177293207029777,2.4164211097645576,6,0.607987153350273,0.414628517247716,2.4117974485642026,supported
motorbike-1,1174211369:0:f,99,motorbike,10.77780965,106.6814148,"[[10.7778512,106.6814148],[10.7777681,106.6814148]]",1.3306048081324344,2022-02-28T06:00:00,2022-02-28T06:07:01.709390348,2022-02-28T06:07:02.374692752,2022-02-28T07:00:00,2022-02-28T06:07:03.039995156,2022-02-28T06:00:00,1,ceiling_to_next_hour_no_interpolation,False,3177.625307,2022-02-28T07:00:00,oracle_observed,"{""1"":25.08333333,""2"":50.37666667,""3"":52.32333333,""4"":35.202,""5"":13.78333333,""6"":33.305}",23.31341561672165,idw,1.0,5,0.716712026300517,2.416616209076449,6,0.6083838056270456,0.41502506435779984,2.409493030372459,supported
motorbike-1,1174211369:1:f,100,motorbike,10.7777284,106.6814272,"[[10.7777681,106.6814148],[10.7776887,106.6814396]]",1.3298611062110497,2022-02-28T06:00:00,2022-02-28T06:07:03.039995156,2022-02-28T06:07:03.704925710,2022-02-28T07:00:00,2022-02-28T06:07:04.369856263,2022-02-28T06:00:00,1,ceiling_to_next_hour_no_interpolation,False,3176.295074,2022-02-28T07:00:00,oracle_observed,"{""1"":25.08333333,""2"":50.37666667,""3"":52.32333333,""4"":35.202,""5"":13.78333333,""6"":33.305}",23.283382984204966,idw,1.0,5,0.7134193123037852,2.419083432879778,6,0.6096541113663632,0.41626690125580007,2.4023048601346524,supported
motorbike-1,1174211369:2:f,101,motorbike,10.77765435,106.6814633,"[[10.7776887,106.6814396],[10.77762,106.681487]]",1.3288960009831357,2022-02-28T06:00:00,2022-02-28T06:07:04.369856263,2022-02-28T06:07:05.034304263,2022-02-28T07:00:00,2022-02-28T06:07:05.698752264,2022-02-28T06:00:00,1,ceiling_to_next_hour_no_interpolation,False,3174.965695,2022-02-28T07:00:00,oracle_observed,"{""1"":25.08333333,""2"":50.37666667,""3"":52.32333333,""4"":35.202,""5"":13.78333333,""6"":33.305}",23.23242129093342,idw,1.0,5,0.7078543709114219,2.4240459676441475,6,0.6117988621187074,0.4183599570981757,2.3902861233091963,supported
motorbike-1,1265471315:0:f,102,motorbike,10.77759615,106.68151625,"[[10.77762,106.681487],[10.7775723,106.6815455]]",1.195865382923049,2022-02-28T06:00:00,2022-02-28T06:07:05.698752264,2022-02-28T06:07:06.296684955,2022-02-28T07:00:00,2022-02-28T06:07:06.894617647,2022-02-28T06:00:00,1,ceiling_to_next_hour_no_interpolation,False,3173.703315,2022-02-28T07:00:00,oracle_observed,"{""1"":25.08333333,""2"":50.37666667,""3"":52.32333333,""4"":35.202,""5"":13.78333333,""6"":33.305}",23.16842548279226,idw,1.0,5,0.700899603745171,2.430624543227716,6,0.6144850159083598,0.42099290426835684,2.37533694715805,supported
motorbike-1,1265471315:1:f,103,motorbike,10.77755695,106.68158015,"[[10.7775723,106.6815455],[10.7775416,106.6816148]]",1.195777160425992,2022-02-28T06:00:00,2022-02-28T06:07:06.894617647,2022-02-28T06:07:07.492506227,2022-02-28T07:00:00,2022-02-28T06:07:08.090394807,2022-02-28T06:00:00,1,ceiling_to_next_hour_no_interpolation,False,3172.507493,2022-02-28T07:00:00,oracle_observed,"{""1"":25.08333333,""2"":50.37666667,""3"":52.32333333,""4"":35.202,""5"":13.78333333,""6"":33.305}",23.09728891297346,idw,1.0,5,0.6932093274823476,2.4381198041701375,6,0.6174645686819756,0.4239331742528018,2.3588623413643854,supported
motorbike-1,1265471315:2:f,104,motorbike,10.777535749999998,106.6816523,"[[10.7775416,106.6816148],[10.7775299,106.6816898]]",1.1945060470871889,2022-02-28T06:00:00,2022-02-28T06:07:08.090394807,2022-02-28T06:07:08.687647831,2022-02-28T07:00:00,2022-02-28T06:07:09.284900854,2022-02-28T06:00:00,1,ceiling_to_next_hour_no_interpolation,False,3171.312352,2022-02-28T07:00:00,oracle_observed,"{""1"":25.08333333,""2"":50.37666667,""3"":52.32333333,""4"":35.202,""5"":13.78333333,""6"":33.305}",23.021137894040326,idw,1.0,5,0.685023431796625,2.4462448168713613,6,0.6206482404874556,0.4270998668629976,2.341372773878138,supported
motorbike-1,1265471315:3:f,105,motorbike,10.77753405,106.6817276,"[[10.7775299,106.6816898],[10.7775382,106.6817654]]",1.1965648454588744,2022-02-28T06:00:00,2022-02-28T06:07:09.284900854,2022-02-28T06:07:09.883183277,2022-02-28T07:00:00,2022-02-28T06:07:10.481465700,2022-02-28T06:00:00,1,ceiling_to_next_hour_no_interpolation,False,3170.116816,2022-02-28T07:00:00,oracle_observed,"{""1"":25.08333333,""2"":50.37666667,""3"":52.32333333,""4"":35.202,""5"":13.78333333,""6"":33.305}",22.94525449111831,idw,1.0,5,0.6769132371564299,2.4544219021110885,6,0.6238150007935719,0.43027586521021965,2.324090382135262,supported
motorbike-1,1265471315:4:f,106,motorbike,10.777546749999999,106.68179015000001,"[[10.7775382,106.6817654],[10.7775553,106.6818149]]",0.8253577846899858,2022-02-28T06:00:00,2022-02-28T06:07:10.481465700,2022-02-28T06:07:10.894144592,2022-02-28T07:00:00,2022-02-28T06:07:11.306823484,2022-02-28T06:00:00,1,ceiling_to_next_hour_no_interpolation,False,3169.105855,2022-02-28T07:00:00,oracle_observed,"{""1"":25.08333333,""2"":50.37666667,""3"":52.32333333,""4"":35.202,""5"":13.78333333,""6"":33.305}",22.884782183366514,idw,1.0,5,0.6704839233494697,2.4610067515973415,6,0.6263346056911048,0.4328213997816375,2.3104218056327843,supported
motorbike-1,1265471315:5:f,107,motorbike,10.77756815,106.68183765,"[[10.7775553,106.6818149],[10.777581,106.6818604]]",0.8255701430185027,2022-02-28T06:00:00,2022-02-28T06:07:11.306823484,2022-02-28T06:07:11.719608556,2022-02-28T07:00:00,2022-02-28T06:07:12.132393627,2022-02-28T06:00:00,1,ceiling_to_next_hour_no_interpolation,False,3168.280391,2022-02-28T07:00:00,oracle_observed,"{""1"":25.08333333,""2"":50.37666667,""3"":52.32333333,""4"":35.202,""5"":13.78333333,""6"":33.305}",22.841223834918523,idw,1.0,5,0.6658700651485154,2.465837139975482,6,0.6281464988329472,0.434661327236653,2.3006417579347844,supported
motorbike-1,1265743178:0:f,108,motorbike,10.77759775,106.68188035,"[[10.777581,106.6818604],[10.7776145,106.6819003]]",0.8256078261615925,2022-02-28T06:00:00,2022-02-28T06:07:12.132393627,2022-02-28T06:07:12.545197540,2022-02-28T07:00:00,2022-02-28T06:07:12.958001453,2022-02-28T06:00:00,1,ceiling_to_next_hour_no_interpolation,False,3167.454802,2022-02-28T07:00:00,oracle_observed,"{""1"":25.08333333,""2"":50.37666667,""3"":52.32333333,""4"":35.202,""5"":13.78333333,""6"":33.305}",22.804339503129192,idw,1.0,5,0.6619744327241454,2.470033220493485,6,0.6296783010605818,0.4362222880812736,2.292409231079196,supported
motorbike-1,1265743178:1:f,109,motorbike,10.77763735,106.68191905,"[[10.7776145,106.6819003],[10.7776602,106.6819378]]",0.9398928539138994,2022-02-28T06:00:00,2022-02-28T06:07:12.958001453,2022-02-28T06:07:13.427947880,2022-02-28T07:00:00,2022-02-28T06:07:13.897894307,2022-02-28T06:00:00,1,ceiling_to_next_hour_no_interpolation,False,3166.572052,2022-02-28T07:00:00,oracle_observed,"{""1"":25.08333333,""2"":50.37666667,""3"":52.32333333,""4"":35.202,""5"":13.78333333,""6"":33.305}",22.773929329004233,idw,1.0,5,0.658769855544855,2.473660052512534,6,0.6309383619998925,0.4375087062081071,2.285668801124008,supported
motorbike-1,723823268:3:r,110,motorbike,10.77762945,106.6819909,"[[10.7776602,106.6819378],[10.7775987,106.682044]]",1.939136585620488,2022-02-28T06:00:00,2022-02-28T06:07:13.897894307,2022-02-28T06:07:14.867462600,2022-02-28T07:00:00,2022-02-28T06:07:15.837030893,2022-02-28T06:00:00,1,ceiling_to_next_hour_no_interpolation,False,3165.132537,2022-02-28T07:00:00,oracle_observed,"{""1"":25.08333333,""2"":50.37666667,""3"":52.32333333,""4"":35.202,""5"":13.78333333,""6"":33.305}",22.698670665940732,idw,1.0,5,0.6509162519066006,2.481556446875014,6,0.6340749763277549,0.44074892665129123,2.2688654232189958,supported
motorbike-1,723823268:2:r,111,motorbike,10.77758935,106.6820613,"[[10.7775987,106.682044],[10.77758,106.6820786]]",0.6211758407745192,2022-02-28T06:00:00,2022-02-28T06:07:15.837030893,2022-02-28T06:07:16.147618813,2022-02-28T07:00:00,2022-02-28T06:07:16.458206734,2022-02-28T06:00:00,1,ceiling_to_next_hour_no_interpolation,False,3163.852381,2022-02-28T07:00:00,oracle_observed,"{""1"":25.08333333,""2"":50.37666667,""3"":52.32333333,""4"":35.202,""5"":13.78333333,""6"":33.305}",22.61684866306407,idw,1.0,5,0.6424508035734214,2.4897542474603567,6,0.6374890035096422,0.4443130037045834,2.250665615595811,supported
motorbike-1,723823268:1:r,112,motorbike,10.777403849999999,106.68240405,"[[10.77758,106.6820786],[10.7772277,106.6827295]]",11.689613381615095,2022-02-28T06:00:00,2022-02-28T06:07:16.458206734,2022-02-28T06:07:22.303013424,2022-02-28T07:00:00,2022-02-28T06:07:28.147820115,2022-02-28T06:00:00,1,ceiling_to_next_hour_no_interpolation,False,3157.696986,2022-02-28T07:00:00,oracle_observed,"{""1"":25.08333333,""2"":50.37666667,""3"":52.32333333,""4"":35.202,""5"":13.78333333,""6"":33.305}",22.21298775188171,idw,1.0,5,0.6016171604802674,2.5295866863497967,6,0.6543130580601628,0.4623552184560941,2.1628392198950848,supported
motorbike-1,723823268:0:r,113,motorbike,10.7772167,106.68274985,"[[10.7772277,106.6827295],[10.7772057,106.6827702]]",0.7307147344789957,2022-02-28T06:00:00,2022-02-28T06:07:28.147820115,2022-02-28T06:07:28.513177483,2022-02-28T07:00:00,2022-02-28T06:07:28.878534850,2022-02-28T06:00:00,1,ceiling_to_next_hour_no_interpolation,False,3151.486822,2022-02-28T07:00:00,oracle_observed,"{""1"":25.08333333,""2"":50.37666667,""3"":52.32333333,""4"":35.202,""5"":13.78333333,""6"":33.305}",21.792423636030037,idw,1.0,5,0.5607090433673004,2.569868478555264,6,0.6717912012298312,0.4819367005518264,2.074961294408543,supported
motorbike-1,1180975823:1:r,114,motorbike,10.7771777,106.6828212,"[[10.7772057,106.6827702],[10.7771497,106.6828722]]",1.8379915274394778,2022-02-28T06:00:00,2022-02-28T06:07:28.878534850,2022-02-28T06:07:29.797530613,2022-02-28T07:00:00,2022-02-28T06:07:30.716526377,2022-02-28T06:00:00,1,ceiling_to_next_hour_no_interpolation,False,3150.202469,2022-02-28T07:00:00,oracle_observed,"{""1"":25.08333333,""2"":50.37666667,""3"":52.32333333,""4"":35.202,""5"":13.78333333,""6"":33.305}",21.703937901739128,idw,1.0,5,0.5523033478286309,2.5781974834670875,6,0.6754636215242718,0.4861586991010074,2.056941492251759,supported
motorbike-1,1180975823:0:r,115,motorbike,10.77706565,106.6830288,"[[10.7771497,106.6828722],[10.7769816,106.6831854]]",5.613877404367747,2022-02-28T06:00:00,2022-02-28T06:07:30.716526377,2022-02-28T06:07:33.523465079,2022-02-28T07:00:00,2022-02-28T06:07:36.330403782,2022-02-28T06:00:00,1,ceiling_to_next_hour_no_interpolation,False,3146.476534,2022-02-28T07:00:00,oracle_observed,"{""1"":25.08333333,""2"":50.37666667,""3"":52.32333333,""4"":35.202,""5"":13.78333333,""6"":33.305}",21.443631478159453,idw,1.0,5,0.5279652616064264,2.602430753295272,6,0.6862573456178918,0.49878245251405756,2.0048820782680123,supported
motorbike-1,724496035:0:f,116,motorbike,10.776949299999998,106.6832103,"[[10.7769816,106.6831854],[10.776917,106.6832352]]",1.297521772306145,2022-02-28T06:00:00,2022-02-28T06:07:36.330403782,2022-02-28T06:07:36.979164668,2022-02-28T07:00:00,2022-02-28T06:07:37.627925554,2022-02-28T06:00:00,1,ceiling_to_next_hour_no_interpolation,False,3143.020835,2022-02-28T07:00:00,oracle_observed,"{""1"":25.08333333,""2"":50.37666667,""3"":52.32333333,""4"":35.202,""5"":13.78333333,""6"":33.305}",21.209109917691986,idw,1.0,5,0.5065459456341311,2.6239475290835594,6,0.6959742190812737,0.5104206104818777,1.9591685356434183,supported
motorbike-1,724496035:1:f,117,motorbike,10.776843,106.68337265,"[[10.776917,106.6832352],[10.776769,106.6835101]]",4.9308883343466,2022-02-28T06:00:00,2022-02-28T06:07:37.627925554,2022-02-28T06:07:40.093369721,2022-02-28T07:00:00,2022-02-28T06:07:42.558813888,2022-02-28T06:00:00,1,ceiling_to_next_hour_no_interpolation,False,3139.90663,2022-02-28T07:00:00,oracle_observed,"{""1"":25.08333333,""2"":50.37666667,""3"":52.32333333,""4"":35.202,""5"":13.78333333,""6"":33.305}",20.996671702936432,idw,1.0,5,0.4875362816473546,2.6432631179897457,6,0.7047678546794218,0.5211743506586557,1.91874369630088,supported
motorbike-1,724496035:2:f,118,motorbike,10.77676205,106.68352305,"[[10.776769,106.6835101],[10.7767551,106.683536]]",0.4642310275931574,2022-02-28T06:00:00,2022-02-28T06:07:42.558813888,2022-02-28T06:07:42.790929402,2022-02-28T07:00:00,2022-02-28T06:07:43.023044916,2022-02-28T06:00:00,1,ceiling_to_next_hour_no_interpolation,False,3137.20907,2022-02-28T07:00:00,oracle_observed,"{""1"":25.08333333,""2"":50.37666667,""3"":52.32333333,""4"":35.202,""5"":13.78333333,""6"":33.305}",20.800531329248297,idw,1.0,5,0.47028051923936876,2.660881298032419,6,0.7128759592380818,0.5312747597711919,1.8822652151415542,supported
motorbike-1,724496035:3:f,119,motorbike,10.77672415,106.68359665,"[[10.7767551,106.683536],[10.7766932,106.6836573]]",2.1500891190646234,2022-02-28T06:00:00,2022-02-28T06:07:43.023044916,2022-02-28T06:07:44.098089475,2022-02-28T07:00:00,2022-02-28T06:07:45.173134035,2022-02-28T06:00:00,1,ceiling_to_next_hour_no_interpolation,False,3135.90191,2022-02-28T07:00:00,oracle_observed,"{""1"":25.08333333,""2"":50.37666667,""3"":52.32333333,""4"":35.202,""5"":13.78333333,""6"":33.305}",20.703999063046634,idw,1.0,5,0.46189454151088255,2.669478734098462,6,0.7168636246909992,0.5363073982840475,1.8646022844353238,supported
motorbike-1,230934665:0:f,120,motorbike,10.776661650000001,106.6837128,"[[10.7766932,106.6836573],[10.7766301,106.6837683]]",2.01725942427719,2022-02-28T06:00:00,2022-02-28T06:07:45.173134035,2022-02-28T06:07:46.181763747,2022-02-28T07:00:00,2022-02-28T06:07:47.190393459,2022-02-28T06:00:00,1,ceiling_to_next_hour_no_interpolation,False,3133.818236,2022-02-28T07:00:00,oracle_observed,"{""1"":25.08333333,""2"":50.37666667,""3"":52.32333333,""4"":35.202,""5"":13.78333333,""6"":33.305}",20.55031482848271,idw,1.0,5,0.4486931496754087,2.6831002038289506,6,0.7232096149816948,0.5444047718320538,1.8368685429313156,supported
motorbike-1,230934665:1:f,121,motorbike,10.77642075,106.68415025,"[[10.7766301,106.6837683],[10.7762114,106.6845322]]",13.759707309120344,2022-02-28T06:00:00,2022-02-28T06:07:47.190393459,2022-02-28T06:07:54.070247114,2022-02-28T07:00:00,2022-02-28T06:08:00.950100768,2022-02-28T06:00:00,1,ceiling_to_next_hour_no_interpolation,False,3125.929752,2022-02-28T07:00:00,oracle_observed,"{""1"":25.08333333,""2"":50.37666667,""3"":52.32333333,""4"":35.202,""5"":13.78333333,""6"":33.305}",19.961832789237537,idw,1.0,5,0.3997500594837268,2.7345808587116553,6,0.7474769518696034,0.5763649907570157,1.7350116957773039,supported
motorbike-1,230934665:2:f,122,motorbike,10.77613665,106.6846811,"[[10.7762114,106.6845322],[10.7760619,106.68483]]",5.260521440441843,2022-02-28T06:00:00,2022-02-28T06:08:00.950100768,2022-02-28T06:08:03.580361489,2022-02-28T07:00:00,2022-02-28T06:08:06.210622209,2022-02-28T06:00:00,1,ceiling_to_next_hour_no_interpolation,False,3116.419638,2022-02-28T07:00:00,oracle_observed,"{""1"":25.08333333,""2"":50.37666667,""3"":52.32333333,""4"":35.202,""5"":13.78333333,""6"":33.305}",19.23615557255456,idw,1.0,5,0.34266845953031344,2.797063617621889,6,0.7773342054481929,0.6178349075233375,1.6185553581111423,supported
motorbike-1,230934665:3:f,123,motorbike,10.7759745,106.68499320000001,"[[10.7760619,106.68483],[10.7758871,106.6851564]]",5.847543231044468,2022-02-28T06:00:00,2022-02-28T06:08:06.210622209,2022-02-28T06:08:09.134393824,2022-02-28T07:00:00,2022-02-28T06:08:12.058165440,2022-02-28T06:00:00,1,ceiling_to_next_hour_no_interpolation,False,3110.865606,2022-02-28T07:00:00,oracle_observed,"{""1"":25.08333333,""2"":50.37666667,""3"":52.32333333,""4"":35.202,""5"":13.78333333,""6"":33.305}",18.809674665722103,idw,1.0,5,0.31069208641439605,2.833778189938214,6,0.7948508224357944,0.6432579408176907,1.554586327731655,supported
motorbike-1,230934665:4:f,124,motorbike,10.775871200000001,106.6851859,"[[10.7758871,106.6851564],[10.7758553,106.6852154]]",1.0585621519123405,2022-02-28T06:00:00,2022-02-28T06:08:12.058165440,2022-02-28T06:08:12.587446516,2022-02-28T07:00:00,2022-02-28T06:08:13.116727592,2022-02-28T06:00:00,1,ceiling_to_next_hour_no_interpolation,False,3107.412553,2022-02-28T07:00:00,oracle_observed,"{""1"":25.08333333,""2"":50.37666667,""3"":52.32333333,""4"":35.202,""5"":13.78333333,""6"":33.305}",18.550510330984835,idw,1.0,5,0.2918121514845064,2.8565346507331952,6,0.8054868376093616,0.6590866169005352,1.5172512600887982,supported
motorbike-1,35113721:20:r,125,motorbike,10.7758763,106.68523625,"[[10.7758553,106.6852154],[10.7758973,106.6852571]]",0.939420520864047,2022-02-28T06:00:00,2022-02-28T06:08:13.116727592,2022-02-28T06:08:13.586437852,2022-02-28T07:00:00,2022-02-28T06:08:14.056148113,2022-02-28T06:00:00,1,ceiling_to_next_hour_no_interpolation,False,3106.413562,2022-02-28T07:00:00,oracle_observed,"{""1"":25.08333333,""2"":50.37666667,""3"":52.32333333,""4"":35.202,""5"":13.78333333,""6"":33.305}",18.47500592710327,idw,1.0,5,0.2863043535339746,2.861844484535199,6,0.8085759620746173,0.6637406963051261,1.5066124550848592,supported
motorbike-1,35113721:19:r,126,motorbike,10.7761119,106.68547000000001,"[[10.7758973,106.6852571],[10.7763265,106.6856829]]",9.596308675194344,2022-02-28T06:00:00,2022-02-28T06:08:14.056148113,2022-02-28T06:08:18.854302450,2022-02-28T07:00:00,2022-02-28T06:08:23.652456788,2022-02-28T06:00:00,1,ceiling_to_next_hour_no_interpolation,False,3101.145697,2022-02-28T07:00:00,oracle_observed,"{""1"":25.08333333,""2"":50.37666667,""3"":52.32333333,""4"":35.202,""5"":13.78333333,""6"":33.305}",18.07248482526436,idw,1.0,5,0.25710109492702155,2.882448510249931,6,0.8249955554224322,0.68890116072699,1.4515870447143835,supported
motorbike-1,35113721:18:r,127,motorbike,10.77656155,106.68591620000001,"[[10.7763265,106.6856829],[10.7767966,106.6861495]]",10.51322699839001,2022-02-28T06:00:00,2022-02-28T06:08:23.652456788,2022-02-28T06:08:28.909070287,2022-02-28T07:00:00,2022-02-28T06:08:34.165683786,2022-02-28T06:00:00,1,ceiling_to_next_hour_no_interpolation,False,3091.090929,2022-02-28T07:00:00,oracle_observed,"{""1"":25.08333333,""2"":50.37666667,""3"":52.32333333,""4"":35.202,""5"":13.78333333,""6"":33.305}",17.359591862612746,idw,1.0,5,0.20794053172765303,2.922648424857808,6,0.8540764347807451,0.7351677152875675,1.3602338340018658,supported
motorbike-1,35113721:17:r,128,motorbike,10.7770799,106.68643055,"[[10.7767966,106.6861495],[10.7773632,106.6867116]]",12.668232817288866,2022-02-28T06:00:00,2022-02-28T06:08:34.165683786,2022-02-28T06:08:40.499800195,2022-02-28T07:00:00,2022-02-28T06:08:46.833916603,2022-02-28T06:00:00,1,ceiling_to_next_hour_no_interpolation,False,3079.500199,2022-02-28T07:00:00,oracle_observed,"{""1"":25.08333333,""2"":50.37666667,""3"":52.32333333,""4"":35.202,""5"":13.78333333,""6"":33.305}",16.77834697641879,idw,1.0,5,0.17024972027380011,2.9703495710911842,6,0.8777858199557342,0.7744909288859984,1.2911707067226292,supported
motorbike-1,35113721:16:r,129,motorbike,10.7774105,106.68675855000001,"[[10.7773632,106.6867116],[10.7774578,106.6868055]]",2.1156609211953934,2022-02-28T06:00:00,2022-02-28T06:08:46.833916603,2022-02-28T06:08:47.891747064,2022-02-28T07:00:00,2022-02-28T06:08:48.949577525,2022-02-28T06:00:00,1,ceiling_to_next_hour_no_interpolation,False,3072.108252,2022-02-28T07:00:00,oracle_observed,"{""1"":25.08333333,""2"":50.37666667,""3"":52.32333333,""4"":35.202,""5"":13.78333333,""6"":33.305}",16.662666496263608,idw,1.0,5,0.1632866987140167,3.0014991435166296,6,0.8825008010763924,0.7824719538942706,1.2780010772566581,supported
motorbike-1,35113721:15:r,130,motorbike,10.77767845,106.68702445,"[[10.7774578,106.6868055],[10.7778991,106.6872434]]",9.867875024072822,2022-02-28T06:00:00,2022-02-28T06:08:48.949577525,2022-02-28T06:08:53.883515037,2022-02-28T07:00:00,2022-02-28T06:08:58.817452549,2022-02-28T06:00:00,1,ceiling_to_next_hour_no_interpolation,False,3066.116484,2022-02-28T07:00:00,oracle_observed,"{""1"":25.08333333,""2"":50.37666667,""3"":52.32333333,""4"":35.202,""5"":13.78333333,""6"":33.305}",16.74883114775234,idw,1.0,5,0.1692509449954644,3.027155438161633,6,0.8789793986616854,0.7764774185088491,1.2878674590697108,supported
motorbike-1,327048054:15:f,131,motorbike,10.77772005,106.68743755,"[[10.7778991,106.6872434],[10.777541,106.6876317]]",8.377553549688649,2022-02-28T06:00:00,2022-02-28T06:08:58.817452549,2022-02-28T06:09:03.006229324,2022-02-28T07:00:00,2022-02-28T06:09:07.195006098,2022-02-28T06:00:00,1,ceiling_to_next_hour_no_interpolation,False,3056.99377,2022-02-28T07:00:00,oracle_observed,"{""1"":25.08333333,""2"":50.37666667,""3"":52.32333333,""4"":35.202,""5"":13.78333333,""6"":33.305}",16.528511175620253,idw,1.0,5,0.15593357754992687,3.0715805597712555,6,0.8879962796334855,0.7918356153262239,1.2628883832006161,supported
motorbike-1,327048054:16:f,132,motorbike,10.7775106,106.68766465,"[[10.777541,106.6876317],[10.7774802,106.6876976]]",1.4220678452535473,2022-02-28T06:00:00,2022-02-28T06:09:07.195006098,2022-02-28T06:09:07.906040021,2022-02-28T07:00:00,2022-02-28T06:09:08.617073944,2022-02-28T06:00:00,1,ceiling_to_next_hour_no_interpolation,False,3052.093959,2022-02-28T07:00:00,oracle_observed,"{""1"":25.08333333,""2"":50.37666667,""3"":52.32333333,""4"":35.202,""5"":13.78333333,""6"":33.305}",16.078321685264257,idw,1.0,5,0.12823904740958064,3.09865416178647,6,0.9063932945643134,0.8238454966561922,1.213819829153379,supported
motorbike-1,327048054:17:f,133,motorbike,10.77729705,106.687896,"[[10.7774802,106.6876976],[10.7771139,106.6880944]]",8.564905326364073,2022-02-28T06:00:00,2022-02-28T06:09:08.617073944,2022-02-28T06:09:12.899526607,2022-02-28T07:00:00,2022-02-28T06:09:17.181979270,2022-02-28T06:00:00,1,ceiling_to_next_hour_no_interpolation,False,3047.100473,2022-02-28T07:00:00,oracle_observed,"{""1"":25.08333333,""2"":50.37666667,""3"":52.32333333,""4"":35.202,""5"":13.78333333,""6"":33.305}",15.669956554631236,idw,1.0,5,0.10394617073309052,3.126376447106535,6,0.9230736716461346,0.8536113497045941,1.1714933269643921,supported
walking-1,242307850:0:f,1,walking,10.780842700000001,106.66004285,"[[10.7802867,106.6595074],[10.7813987,106.6605783]]",122.55383185446013,2022-02-28T06:00:00,2022-02-28T06:00:00,2022-02-28T06:01:01.276915927,2022-02-28T07:00:00,2022-02-28T06:02:02.553831854,2022-02-28T06:00:00,1,ceiling_to_next_hour_no_interpolation,False,3538.723084,2022-02-28T07:00:00,deployment_forecast,"{""1"":22.305646896362305,""2"":21.521059036254883,""3"":34.6705436706543,""4"":31.02470588684082,""5"":14.713329315185547,""6"":25.228315353393555}",25.102569564032116,idw,1.0,6,0.07606002512771362,3.073606695230781,6,0.939752963555569,0.8840584254440285,1.131146959543696,supported
walking-1,242307850:1:f,2,walking,10.781085050000002,106.66065485,"[[10.7813987,106.6605783],[10.7807714,106.6607314]]",51.64518500951226,2022-02-28T06:00:00,2022-02-28T06:02:02.553831854,2022-02-28T06:02:28.376424359,2022-02-28T07:00:00,2022-02-28T06:02:54.199016864,2022-02-28T06:00:00,1,ceiling_to_next_hour_no_interpolation,False,3451.623575,2022-02-28T07:00:00,deployment_forecast,"{""1"":22.305646896362305,""2"":21.521059036254883,""3"":34.6705436706543,""4"":31.02470588684082,""5"":14.713329315185547,""6"":25.228315353393555}",24.989150540691487,idw,1.0,6,0.1474685715736376,3.0122339605116593,6,0.8887850754056424,0.7931093151585986,1.2608602381627927,supported
walking-1,1277704606:0:r,3,walking,10.7809155,106.66111355000001,"[[10.7807714,106.6607314],[10.7810596,106.6614957]]",64.38646018927858,2022-02-28T06:00:00,2022-02-28T06:02:54.199016864,2022-02-28T06:03:26.392246959,2022-02-28T07:00:00,2022-02-28T06:03:58.585477053,2022-02-28T06:00:00,1,ceiling_to_next_hour_no_interpolation,False,3393.607753,2022-02-28T07:00:00,deployment_forecast,"{""1"":22.305646896362305,""2"":21.521059036254883,""3"":34.6705436706543,""4"":31.02470588684082,""5"":14.713329315185547,""6"":25.228315353393555}",24.922050014659487,idw,1.0,6,0.18746480435941523,2.9596277418385912,6,0.8621173798390558,0.7481576547012949,1.3366166792736407,supported
walking-1,520723335:2:r,4,walking,10.78122965,106.66193150000001,"[[10.7810596,106.6614957],[10.7813997,106.6623673]]",73.75876521296139,2022-02-28T06:00:00,2022-02-28T06:03:58.585477053,2022-02-28T06:04:35.464859660,2022-02-28T07:00:00,2022-02-28T06:05:12.344242266,2022-02-28T06:00:00,1,ceiling_to_next_hour_no_interpolation,False,3324.53514,2022-02-28T07:00:00,deployment_forecast,"{""1"":22.305646896362305,""2"":21.521059036254883,""3"":34.6705436706543,""4"":31.02470588684082,""5"":14.713329315185547,""6"":25.228315353393555}",24.77539091904218,idw,1.0,6,0.28303910455213144,2.8779933987546675,6,0.8039601192069143,0.6564014166847133,1.5234580160577655,supported
walking-1,520723335:1:r,5,walking,10.7815737,106.66281325,"[[10.7813997,106.6623673],[10.7817477,106.6632592]]",75.47594564187467,2022-02-28T06:00:00,2022-02-28T06:05:12.344242266,2022-02-28T06:05:50.082215087,2022-02-28T07:00:00,2022-02-28T06:06:27.820187908,2022-02-28T06:00:00,1,ceiling_to_next_hour_no_interpolation,False,3249.917784,2022-02-28T07:00:00,deployment_forecast,"{""1"":22.305646896362305,""2"":21.521059036254883,""3"":34.6705436706543,""4"":31.02470588684082,""5"":14.713329315185547,""6"":25.228315353393555}",24.621667582406097,idw,1.0,6,0.38645693288067984,2.791135301146874,6,0.7481373633234457,0.5765289084004281,1.7345184004293677,supported
walking-1,520723335:0:r,6,walking,10.782001950000002,106.6639174,"[[10.7817477,106.6632592],[10.7822562,106.6645756]]",111.24762763960305,2022-02-28T06:00:00,2022-02-28T06:06:27.820187908,2022-02-28T06:07:23.444001728,2022-02-28T07:00:00,2022-02-28T06:08:19.067815548,2022-02-28T06:00:00,1,ceiling_to_next_hour_no_interpolation,False,3156.555998,2022-02-28T07:00:00,deployment_forecast,"{""1"":22.305646896362305,""2"":21.521059036254883,""3"":34.6705436706543,""4"":31.02470588684082,""5"":14.713329315185547,""6"":25.228315353393555}",24.434084445011308,idw,1.0,6,0.5159876186847594,2.683982416387248,6,0.6867344355868193,0.4981101137716461,2.00758822668363,supported
walking-1,32579174:7:f,7,walking,10.78206985,106.6648898,"[[10.7822562,106.6645756],[10.7818835,106.665204]]",57.73087078415001,2022-02-28T06:00:00,2022-02-28T06:08:19.067815548,2022-02-28T06:08:47.933250940,2022-02-28T07:00:00,2022-02-28T06:09:16.798686332,2022-02-28T06:00:00,1,ceiling_to_next_hour_no_interpolation,False,3072.066749,2022-02-28T07:00:00,deployment_forecast,"{""1"":22.305646896362305,""2"":21.521059036254883,""3"":34.6705436706543,""4"":31.02470588684082,""5"":14.713329315185547,""6"":25.228315353393555}",24.27360513558438,idw,1.0,6,0.6193815616989251,2.582662681000816,6,0.6428277277319017,0.4483581560910634,2.230359783612135,supported
walking-1,32579174:8:f,8,walking,10.7817328,106.66549175,"[[10.7818835,106.665204],[10.7815821,106.6657795]]",51.29195726692396,2022-02-28T06:00:00,2022-02-28T06:09:16.798686332,2022-02-28T06:09:42.444664965,2022-02-28T07:00:00,2022-02-28T06:10:08.090643599,2022-02-28T06:00:00,1,ceiling_to_next_hour_no_interpolation,False,3017.555335,2022-02-28T07:00:00,deployment_forecast,"{""1"":22.305646896362305,""2"":21.521059036254883,""3"":34.6705436706543,""4"":31.02470588684082,""5"":14.713329315185547,""6"":25.228315353393555}",24.17064683792095,idw,1.0,6,0.6738457324403557,2.5098021883631327,6,0.6207469231173894,0.42554847094386067,2.349908572769663,supported
walking-1,32579174:9:f,9,walking,10.78152495,106.66587895,"[[10.7815821,106.6657795],[10.7814678,106.6659784]]",18.122923604608644,2022-02-28T06:00:00,2022-02-28T06:10:08.090643599,2022-02-28T06:10:17.152105401,2022-02-28T07:00:00,2022-02-28T06:10:26.213567203,2022-02-28T06:00:00,1,ceiling_to_next_hour_no_interpolation,False,2982.847894,2022-02-28T07:00:00,deployment_forecast,"{""1"":22.305646896362305,""2"":21.521059036254883,""3"":34.6705436706543,""4"":31.02470588684082,""5"":14.713329315185547,""6"":25.228315353393555}",24.100766924124457,idw,1.0,6,0.7110987702609476,2.463256783424434,6,0.6062920670642792,0.4113826917407696,2.4308266246411363,supported
walking-1,289494377:7:r,10,walking,10.7815411,106.66606575,"[[10.7814678,106.6659784],[10.7816144,106.6661531]]",18.07020624647736,2022-02-28T06:00:00,2022-02-28T06:10:26.213567203,2022-02-28T06:10:35.248670327,2022-02-28T07:00:00,2022-02-28T06:10:44.283773450,2022-02-28T06:00:00,1,ceiling_to_next_hour_no_interpolation,False,2964.751329,2022-02-28T07:00:00,deployment_forecast,"{""1"":22.305646896362305,""2"":21.521059036254883,""3"":34.6705436706543,""4"":31.02470588684082,""5"":14.713329315185547,""6"":25.228315353393555}",24.06787618836182,idw,1.0,6,0.7315221962927604,2.4438398136677795,6,0.5987381955191614,0.40416974618122864,2.4742079521004094,supported
walking-1,289494377:6:r,11,walking,10.781634100000002,106.66617655,"[[10.7816144,106.6661531],[10.7816538,106.6662]]",4.853405452161755,2022-02-28T06:00:00,2022-02-28T06:10:44.283773450,2022-02-28T06:10:46.710476176,2022-02-28T07:00:00,2022-02-28T06:10:49.137178902,2022-02-28T06:00:00,1,ceiling_to_next_hour_no_interpolation,False,2953.289523,2022-02-28T07:00:00,deployment_forecast,"{""1"":22.305646896362305,""2"":21.521059036254883,""3"":34.6705436706543,""4"":31.02470588684082,""5"":14.713329315185547,""6"":25.228315353393555}",24.049532094650814,idw,1.0,6,0.745190662042047,2.4345458489388148,6,0.5938740730893891,0.39957343169794346,2.502668898056134,supported
walking-1,289494377:5:r,12,walking,10.781708850000001,106.6662656,"[[10.7816538,106.6662],[10.7817639,106.6663312]]",13.570915259319548,2022-02-28T06:00:00,2022-02-28T06:10:49.137178902,2022-02-28T06:10:55.922636532,2022-02-28T07:00:00,2022-02-28T06:11:02.708094161,2022-02-28T06:00:00,1,ceiling_to_next_hour_no_interpolation,False,2944.077363,2022-02-28T07:00:00,deployment_forecast,"{""1"":22.305646896362305,""2"":21.521059036254883,""3"":34.6705436706543,""4"":31.02470588684082,""5"":14.713329315185547,""6"":25.228315353393555}",24.034798899051637,idw,1.0,6,0.7562399556169751,2.4271263364833953,6,0.5899900351224233,0.3959505142975196,2.5255681300835335,supported
walking-1,289494377:4:r,13,walking,10.781766600000001,106.6663359,"[[10.7817639,106.6663312],[10.7817693,106.6663406]]",0.8564144222165885,2022-02-28T06:00:00,2022-02-28T06:11:02.708094161,2022-02-28T06:11:03.136301372,2022-02-28T07:00:00,2022-02-28T06:11:03.564508584,2022-02-28T06:00:00,1,ceiling_to_next_hour_no_interpolation,False,2936.863698,2022-02-28T07:00:00,deployment_forecast,"{""1"":22.305646896362305,""2"":21.521059036254883,""3"":34.6705436706543,""4"":31.02470588684082,""5"":14.713329315185547,""6"":25.228315353393555}",24.023158888384405,idw,1.0,6,0.7649747752311411,2.4212659728122725,6,0.5869477350304177,0.393142729453156,2.5436054773058006,supported
walking-1,289494377:3:r,14,walking,10.78176975,106.66634605,"[[10.7817693,106.6663406],[10.7817702,106.6663515]]",0.8602766362044205,2022-02-28T06:00:00,2022-02-28T06:11:03.564508584,2022-02-28T06:11:03.994646902,2022-02-28T07:00:00,2022-02-28T06:11:04.424785220,2022-02-28T06:00:00,1,ceiling_to_next_hour_no_interpolation,False,2936.005353,2022-02-28T07:00:00,deployment_forecast,"{""1"":22.305646896362305,""2"":21.521059036254883,""3"":34.6705436706543,""4"":31.02470588684082,""5"":14.713329315185547,""6"":25.228315353393555}",24.021405286866543,idw,1.0,6,0.7661296045159633,2.4202788332228367,6,0.5865402677018076,0.3927711543784976,2.546011815919508,supported
walking-1,289494377:2:r,15,walking,10.7817683,106.66635665000001,"[[10.7817702,106.6663515],[10.7817664,106.6663618]]",0.8653102680407531,2022-02-28T06:00:00,2022-02-28T06:11:04.424785220,2022-02-28T06:11:04.857440354,2022-02-28T07:00:00,2022-02-28T06:11:05.290095488,2022-02-28T06:00:00,1,ceiling_to_next_hour_no_interpolation,False,2935.142559,2022-02-28T07:00:00,deployment_forecast,"{""1"":22.305646896362305,""2"":21.521059036254883,""3"":34.6705436706543,""4"":31.02470588684082,""5"":14.713329315185547,""6"":25.228315353393555}",24.01950593447496,idw,1.0,6,0.7672364480723299,2.4191171924566457,6,0.5861429205537727,0.39241175418243435,2.548343645015013,supported
walking-1,289494377:1:r,16,walking,10.7817625,106.6663657,"[[10.7817664,106.6663618],[10.7817586,106.6663696]]",0.8753758019212898,2022-02-28T06:00:00,2022-02-28T06:11:05.290095488,2022-02-28T06:11:05.727783389,2022-02-28T07:00:00,2022-02-28T06:11:06.165471290,2022-02-28T06:00:00,1,ceiling_to_next_hour_no_interpolation,False,2934.272216,2022-02-28T07:00:00,deployment_forecast,"{""1"":22.305646896362305,""2"":21.521059036254883,""3"":34.6705436706543,""4"":31.02470588684082,""5"":14.713329315185547,""6"":25.228315353393555}",24.017817657794964,idw,1.0,6,0.7680866331656101,2.417999501740988,6,0.5858304268720296,0.39213199084178757,2.5501617398093575,supported
walking-1,289494377:0:r,17,walking,10.7816507,106.66645535,"[[10.7817586,106.6663696],[10.7815428,106.6665411]]",21.91853549655546,2022-02-28T06:00:00,2022-02-28T06:11:06.165471290,2022-02-28T06:11:17.124739038,2022-02-28T07:00:00,2022-02-28T06:11:28.084006786,2022-02-28T06:00:00,1,ceiling_to_next_hour_no_interpolation,False,2922.87526,2022-02-28T07:00:00,deployment_forecast,"{""1"":22.305646896362305,""2"":21.521059036254883,""3"":34.6705436706543,""4"":31.02470588684082,""5"":14.713329315185547,""6"":25.228315353393555}",24.000132039557986,idw,1.0,6,0.7755108958879162,2.4054476773382607,6,0.5830164595802639,0.38965854906646724,2.566349442084028,supported
walking-1,694637565:0:f,18,walking,10.7815084,106.6665679,"[[10.7815428,106.6665411],[10.781474,106.6665947]]",6.936150109063491,2022-02-28T06:00:00,2022-02-28T06:11:28.084006786,2022-02-28T06:11:31.552081841,2022-02-28T07:00:00,2022-02-28T06:11:35.020156895,2022-02-28T06:00:00,1,ceiling_to_next_hour_no_interpolation,False,2908.447918,2022-02-28T07:00:00,deployment_forecast,"{""1"":22.305646896362305,""2"":21.521059036254883,""3"":34.6705436706543,""4"":31.02470588684082,""5"":14.713329315185547,""6"":25.228315353393555}",23.977429980632987,idw,1.0,6,0.7851521400251332,2.389692994640398,6,0.5794019956228301,0.38651561962274134,2.5872175643924824,supported
walking-1,410150107:0:f,19,walking,10.781590999999999,106.66672395,"[[10.781474,106.6665947],[10.781708,106.6668532]]",27.645781520675644,2022-02-28T06:00:00,2022-02-28T06:11:35.020156895,2022-02-28T06:11:48.843047656,2022-02-28T07:00:00,2022-02-28T06:12:02.665938416,2022-02-28T06:00:00,1,ceiling_to_next_hour_no_interpolation,False,2891.156952,2022-02-28T07:00:00,deployment_forecast,"{""1"":22.305646896362305,""2"":21.521059036254883,""3"":34.6705436706543,""4"":31.02470588684082,""5"":14.713329315185547,""6"":25.228315353393555}",23.95080600197349,idw,1.0,6,0.8033885610248012,2.375375244285393,6,0.5731539553241942,0.3810020277666441,2.624657946997803,supported
walking-1,520723263:0:f,20,walking,10.7817453,106.66689400000001,"[[10.781708,106.6668532],[10.7817826,106.6669348]]",8.766787040109001,2022-02-28T06:00:00,2022-02-28T06:12:02.665938416,2022-02-28T06:12:07.049331936,2022-02-28T07:00:00,2022-02-28T06:12:11.432725456,2022-02-28T06:00:00,1,ceiling_to_next_hour_no_interpolation,False,2872.950668,2022-02-28T07:00:00,deployment_forecast,"{""1"":22.305646896362305,""2"":21.521059036254883,""3"":34.6705436706543,""4"":31.02470588684082,""5"":14.713329315185547,""6"":25.228315353393555}",23.923034521270058,idw,1.0,6,0.8245173267880993,2.361655158997175,6,0.5661374875757679,0.3749098347212092,2.6673079961842583,supported
walking-1,520723263:1:f,21,walking,10.78183405,106.66700875000001,"[[10.7817826,106.6669348],[10.7818855,106.6670827]]",14.253757154967932,2022-02-28T06:00:00,2022-02-28T06:12:11.432725456,2022-02-28T06:12:18.559604034,2022-02-28T07:00:00,2022-02-28T06:12:25.686482611,2022-02-28T06:00:00,1,ceiling_to_next_hour_no_interpolation,False,2861.440395,2022-02-28T07:00:00,deployment_forecast,"{""1"":22.305646896362305,""2"":21.521059036254883,""3"":34.6705436706543,""4"":31.02470588684082,""5"":14.713329315185547,""6"":25.228315353393555}",23.904030367835933,idw,1.0,6,0.8385945909313508,2.3520628392923646,6,0.5615199025628802,0.3709849956296749,2.6955268050738668,supported
walking-1,520723263:2:f,22,walking,10.781874949999999,106.6671289,"[[10.7818855,106.6670827],[10.7818644,106.6671751]]",7.460753130743864,2022-02-28T06:00:00,2022-02-28T06:12:25.686482611,2022-02-28T06:12:29.416859176,2022-02-28T07:00:00,2022-02-28T06:12:33.147235742,2022-02-28T06:00:00,1,ceiling_to_next_hour_no_interpolation,False,2850.58314,2022-02-28T07:00:00,deployment_forecast,"{""1"":22.305646896362305,""2"":21.521059036254883,""3"":34.6705436706543,""4"":31.02470588684082,""5"":14.713329315185547,""6"":25.228315353393555}",23.88313920769304,idw,1.0,6,0.8523270473690412,2.3405729864011033,6,0.5569916433764719,0.36722719460676023,2.723109874993967,supported
walking-1,520723263:3:f,23,walking,10.781813249999999,106.66722095,"[[10.7818644,106.6671751],[10.7817621,106.6672668]]",10.912892630563881,2022-02-28T06:00:00,2022-02-28T06:12:33.147235742,2022-02-28T06:12:38.603682057,2022-02-28T07:00:00,2022-02-28T06:12:44.060128372,2022-02-28T06:00:00,1,ceiling_to_next_hour_no_interpolation,False,2841.396317,2022-02-28T07:00:00,deployment_forecast,"{""1"":22.305646896362305,""2"":21.521059036254883,""3"":34.6705436706543,""4"":31.02470588684082,""5"":14.713329315185547,""6"":25.228315353393555}",23.86519512363305,idw,1.0,6,0.8609987859630291,2.329076639221139,6,0.5540011657955439,0.3648401220887398,2.740926612662329,supported
walking-1,520723263:4:f,24,walking,10.7815847,106.66742585,"[[10.7817621,106.6672668],[10.7814073,106.6675849]]",37.85172910894005,2022-02-28T06:00:00,2022-02-28T06:12:44.060128372,2022-02-28T06:13:02.985992927,2022-02-28T07:00:00,2022-02-28T06:13:21.911857481,2022-02-28T06:00:00,1,ceiling_to_next_hour_no_interpolation,False,2817.014007,2022-02-28T07:00:00,deployment_forecast,"{""1"":22.305646896362305,""2"":21.521059036254883,""3"":34.6705436706543,""4"":31.02470588684082,""5"":14.713329315185547,""6"":25.228315353393555}",23.822457477726104,idw,1.0,6,0.8791143883797202,2.3009328171977685,6,0.54765580306452,0.3599356167478312,2.778274650992914,supported
walking-1,520723263:5:f,25,walking,10.78138955,106.6676008,"[[10.7814073,106.6675849],[10.7813718,106.6676167]]",3.7858561431603572,2022-02-28T06:00:00,2022-02-28T06:13:21.911857481,2022-02-28T06:13:23.804785553,2022-02-28T07:00:00,2022-02-28T06:13:25.697713624,2022-02-28T06:00:00,1,ceiling_to_next_hour_no_interpolation,False,2796.195214,2022-02-28T07:00:00,deployment_forecast,"{""1"":22.305646896362305,""2"":21.521059036254883,""3"":34.6705436706543,""4"":31.02470588684082,""5"":14.713329315185547,""6"":25.228315353393555}",23.78491232169198,idw,1.0,6,0.895305925250708,2.2770258273918964,6,0.5420919544800167,0.35573813754098976,2.8110564892266448,supported
walking-1,520723263:6:f,26,walking,10.7812342,106.66773975,"[[10.7813718,106.6676167],[10.7810966,106.6678628]]",29.326725459023578,2022-02-28T06:00:00,2022-02-28T06:13:25.697713624,2022-02-28T06:13:40.361076354,2022-02-28T07:00:00,2022-02-28T06:13:55.024439084,2022-02-28T06:00:00,1,ceiling_to_next_hour_no_interpolation,False,2779.638923,2022-02-28T07:00:00,deployment_forecast,"{""1"":22.305646896362305,""2"":21.521059036254883,""3"":34.6705436706543,""4"":31.02470588684082,""5"":14.713329315185547,""6"":25.228315353393555}",23.754416937481547,idw,1.0,6,0.9086121538782388,2.258112202699134,6,0.5375902131555544,0.35241369602110284,2.8375741672086408,supported
walking-1,410150095:5:f,27,walking,10.78108005,106.66789275,"[[10.7810966,106.6678628],[10.7810635,106.6679227]]",5.405162770737246,2022-02-28T06:00:00,2022-02-28T06:13:55.024439084,2022-02-28T06:13:57.727020469,2022-02-28T07:00:00,2022-02-28T06:14:00.429601854,2022-02-28T06:00:00,1,ceiling_to_next_hour_no_interpolation,False,2762.272979,2022-02-28T07:00:00,deployment_forecast,"{""1"":22.305646896362305,""2"":21.521059036254883,""3"":34.6705436706543,""4"":31.02470588684082,""5"":14.713329315185547,""6"":25.228315353393555}",23.720706180668213,idw,1.0,6,0.9238401799642689,2.237814110961368,6,0.5325361103259053,0.34874798813443453,2.867400053973996,supported
walking-1,410150095:6:f,28,walking,10.78100225,106.66803335,"[[10.7810635,106.6679227],[10.780941,106.668144]]",19.977668831805644,2022-02-28T06:00:00,2022-02-28T06:14:00.429601854,2022-02-28T06:14:10.418436270,2022-02-28T07:00:00,2022-02-28T06:14:20.407270686,2022-02-28T06:00:00,1,ceiling_to_next_hour_no_interpolation,False,2749.581563,2022-02-28T07:00:00,deployment_forecast,"{""1"":22.305646896362305,""2"":21.521059036254883,""3"":34.6705436706543,""4"":31.02470588684082,""5"":14.713329315185547,""6"":25.228315353393555}",23.691287005662723,idw,1.0,6,0.9385743065911665,2.2208623264322154,6,0.5277933077148635,0.3453453350251446,2.895652260445881,supported
walking-1,410150095:7:f,29,walking,10.7808711,106.66826445000001,"[[10.780941,106.668144],[10.7808012,106.6683849]]",22.005173165028964,2022-02-28T06:00:00,2022-02-28T06:14:20.407270686,2022-02-28T06:14:31.409857269,2022-02-28T07:00:00,2022-02-28T06:14:42.412443851,2022-02-28T06:00:00,1,ceiling_to_next_hour_no_interpolation,False,2728.590142,2022-02-28T07:00:00,deployment_forecast,"{""1"":22.305646896362305,""2"":21.521059036254883,""3"":34.6705436706543,""4"":31.02470588684082,""5"":14.713329315185547,""6"":25.228315353393555}",23.642175343041266,idw,1.0,6,0.9629867498385248,2.1929391650390695,6,0.5200430399952561,0.3399518513354177,2.9415930405195456,supported
walking-1,410150095:0:r,30,walking,10.7808737,106.66848465000001,"[[10.7808012,106.6683849],[10.7809462,106.6685844]]",19.517793840779778,2022-02-28T06:00:00,2022-02-28T06:14:42.412443851,2022-02-28T06:14:52.171340771,2022-02-28T07:00:00,2022-02-28T06:15:01.930237692,2022-02-28T06:00:00,1,ceiling_to_next_hour_no_interpolation,False,2707.828659,2022-02-28T07:00:00,deployment_forecast,"{""1"":22.305646896362305,""2"":21.521059036254883,""3"":34.6705436706543,""4"":31.02470588684082,""5"":14.713329315185547,""6"":25.228315353393555}",23.599252150669326,idw,1.0,6,0.987027824132937,2.169595671166517,6,0.512688231643253,0.3349464983834144,2.9855514382935766,supported
walking-1,410149784:1:r,31,walking,10.78092925,106.66859665,"[[10.7809462,106.6685844],[10.7809123,106.6686089]]",3.3284914141052027,2022-02-28T06:00:00,2022-02-28T06:15:01.930237692,2022-02-28T06:15:03.594483399,2022-02-28T07:00:00,2022-02-28T06:15:05.258729106,2022-02-28T06:00:00,1,ceiling_to_next_hour_no_interpolation,False,2696.405516,2022-02-28T07:00:00,deployment_forecast,"{""1"":22.305646896362305,""2"":21.521059036254883,""3"":34.6705436706543,""4"":31.02470588684082,""5"":14.713329315185547,""6"":25.228315353393555}",23.57926421375626,idw,1.0,6,0.9995447851179416,2.1591373693543847,6,0.5089728740501502,0.3324526489358142,3.0079471563875777,supported
walking-1,410149784:0:r,32,walking,10.78070965,106.66876115,"[[10.7809123,106.6686089],[10.780507,106.6689134]]",40.328881267721414,2022-02-28T06:00:00,2022-02-28T06:15:05.258729106,2022-02-28T06:15:25.423169740,2022-02-28T07:00:00,2022-02-28T06:15:45.587610374,2022-02-28T06:00:00,1,ceiling_to_next_hour_no_interpolation,False,2674.57683,2022-02-28T07:00:00,deployment_forecast,"{""1"":22.305646896362305,""2"":21.521059036254883,""3"":34.6705436706543,""4"":31.02470588684082,""5"":14.713329315185547,""6"":25.228315353393555}",23.538556339389668,idw,1.0,6,1.0165624234713,2.1360232313547867,6,0.5036254227345298,0.3291430910314025,3.038192285508412,moderate reliability
walking-1,716044137:15:r,33,walking,10.78053735,106.66895505,"[[10.780507,106.6689134],[10.7805677,106.6689967]]",8.156982173967327,2022-02-28T06:00:00,2022-02-28T06:15:45.587610374,2022-02-28T06:15:49.666101461,2022-02-28T07:00:00,2022-02-28T06:15:53.744592548,2022-02-28T06:00:00,1,ceiling_to_next_hour_no_interpolation,False,2650.333898,2022-02-28T07:00:00,deployment_forecast,"{""1"":22.305646896362305,""2"":21.521059036254883,""3"":34.6705436706543,""4"":31.02470588684082,""5"":14.713329315185547,""6"":25.228315353393555}",23.493002721556874,idw,1.0,6,1.0374240588892822,2.1111055474342444,6,0.4972790848483231,0.32528914090128536,3.0741880814996754,supported
walking-1,716044137:14:r,34,walking,10.7807194,106.6692011,"[[10.7805677,106.6689967],[10.7808711,106.6694055]]",40.29530387682751,2022-02-28T06:00:00,2022-02-28T06:15:53.744592548,2022-02-28T06:16:13.892244486,2022-02-28T07:00:00,2022-02-28T06:16:34.039896424,2022-02-28T06:00:00,1,ceiling_to_next_hour_no_interpolation,False,2626.107755,2022-02-28T07:00:00,deployment_forecast,"{""1"":22.305646896362305,""2"":21.521059036254883,""3"":34.6705436706543,""4"":31.02470588684082,""5"":14.713329315185547,""6"":25.228315353393555}",23.450697766267258,idw,1.0,6,1.0646312209885052,2.0894897705465736,6,0.4895477584075725,0.32053881634040043,3.11974696673877,supported
walking-1,716044137:13:r,35,walking,10.7808805,106.6694182,"[[10.7808711,106.6694055],[10.7808899,106.6694309]]",2.5012025933203543,2022-02-28T06:00:00,2022-02-28T06:16:34.039896424,2022-02-28T06:16:35.290497721,2022-02-28T07:00:00,2022-02-28T06:16:36.541099018,2022-02-28T06:00:00,1,ceiling_to_next_hour_no_interpolation,False,2604.709502,2022-02-28T07:00:00,deployment_forecast,"{""1"":22.305646896362305,""2"":21.521059036254883,""3"":34.6705436706543,""4"":31.02470588684082,""5"":14.713329315185547,""6"":25.228315353393555}",23.413299717975057,idw,1.0,6,1.088938281432361,2.070696646207952,6,0.4827943546345964,0.3165457690546007,3.159100824460904,supported
walking-1,716044137:12:r,36,walking,10.7808975,106.66944129999999,"[[10.7808899,106.6694309],[10.7809051,106.6694517]]",2.03885914762541,2022-02-28T06:00:00,2022-02-28T06:16:36.541099018,2022-02-28T06:16:37.560528592,2022-02-28T07:00:00,2022-02-28T06:16:38.579958165,2022-02-28T06:00:00,1,ceiling_to_next_hour_no_interpolation,False,2602.439471,2022-02-28T07:00:00,deployment_forecast,"{""1"":22.305646896362305,""2"":21.521059036254883,""3"":34.6705436706543,""4"":31.02470588684082,""5"":14.713329315185547,""6"":25.228315353393555}",23.409311419227553,idw,1.0,6,1.091539701415666,2.0687082631016733,6,0.48207978811140545,0.31613197661926556,3.163235844390246,supported
walking-1,716044137:11:r,37,walking,10.781007899999999,106.66959184999999,"[[10.7809051,106.6694517],[10.7811107,106.669732]]",27.51219888450912,2022-02-28T06:00:00,2022-02-28T06:16:38.579958165,2022-02-28T06:16:52.336057608,2022-02-28T07:00:00,2022-02-28T06:17:06.092157050,2022-02-28T06:00:00,1,ceiling_to_next_hour_no_interpolation,False,2587.663942,2022-02-28T07:00:00,deployment_forecast,"{""1"":22.305646896362305,""2"":21.521059036254883,""3"":34.6705436706543,""4"":31.02470588684082,""5"":14.713329315185547,""6"":25.228315353393555}",23.383292595497107,idw,1.0,6,1.1085617246085142,2.055809675257935,6,0.47744281341774913,0.31348731177715033,3.189921768543133,supported
walking-1,716044137:10:r,38,walking,10.7811385,106.6697682,"[[10.7811107,106.669732],[10.7811663,106.6698044]]",7.2275162089596074,2022-02-28T06:00:00,2022-02-28T06:17:06.092157050,2022-02-28T06:17:09.705915154,2022-02-28T07:00:00,2022-02-28T06:17:13.319673259,2022-02-28T06:00:00,1,ceiling_to_next_hour_no_interpolation,False,2570.294084,2022-02-28T07:00:00,deployment_forecast,"{""1"":22.305646896362305,""2"":21.521059036254883,""3"":34.6705436706543,""4"":31.02470588684082,""5"":14.713329315185547,""6"":25.228315353393555}",23.352860572171277,idw,1.0,6,1.1286582215662586,2.0408964266961833,6,0.472056607649381,0.3105019870150627,3.2205913063979494,supported
walking-1,716044137:9:r,39,walking,10.78138895,106.67009465000001,"[[10.7811663,106.6698044],[10.7816116,106.6703849]]",57.92531156076102,2022-02-28T06:00:00,2022-02-28T06:17:13.319673259,2022-02-28T06:17:42.282329039,2022-02-28T07:00:00,2022-02-28T06:18:11.244984820,2022-02-28T06:00:00,1,ceiling_to_next_hour_no_interpolation,False,2537.71767,2022-02-28T07:00:00,deployment_forecast,"{""1"":22.305646896362305,""2"":21.521059036254883,""3"":34.6705436706543,""4"":31.02470588684082,""5"":14.713329315185547,""6"":25.228315353393555}",23.296956441855365,idw,1.0,6,1.166346908122978,2.014028800711735,6,0.46221719479665657,0.30528433296187457,3.275634849315654,supported
walking-1,716044137:8:r,40,walking,10.78173405,106.67054455,"[[10.7816116,106.6703849],[10.7818565,106.6707042]]",31.859709290272065,2022-02-28T06:00:00,2022-02-28T06:18:11.244984820,2022-02-28T06:18:27.174839465,2022-02-28T07:00:00,2022-02-28T06:18:43.104694110,2022-02-28T06:00:00,1,ceiling_to_next_hour_no_interpolation,False,2492.82516,2022-02-28T07:00:00,deployment_forecast,"{""1"":22.305646896362305,""2"":21.521059036254883,""3"":34.6705436706543,""4"":31.02470588684082,""5"":14.713329315185547,""6"":25.228315353393555}",23.22026098012953,idw,1.0,6,1.2191297143170359,1.9780972339833012,6,0.44896257049556615,0.29875654226473924,3.3472070349303444,supported
walking-1,716044137:7:r,41,walking,10.78201265,106.6709077,"[[10.7818565,106.6707042],[10.7821688,106.6711112]]",40.61702961073166,2022-02-28T06:00:00,2022-02-28T06:18:43.104694110,2022-02-28T06:19:03.413208915,2022-02-28T07:00:00,2022-02-28T06:19:23.721723721,2022-02-28T06:00:00,1,ceiling_to_next_hour_no_interpolation,False,2456.586791,2022-02-28T07:00:00,deployment_forecast,"{""1"":22.305646896362305,""2"":21.521059036254883,""3"":34.6705436706543,""4"":31.02470588684082,""5"":14.713329315185547,""6"":25.228315353393555}",23.15886266966702,idw,1.0,6,1.2623720945613686,1.9500670181058082,6,0.43854086216263377,0.29403114159221316,3.4010002974000733,supported
walking-1,716044137:6:r,42,walking,10.7821948,106.67114509999999,"[[10.7821688,106.6711112],[10.7822208,106.671179]]",6.764972400637592,2022-02-28T06:00:00,2022-02-28T06:19:23.721723721,2022-02-28T06:19:27.104209921,2022-02-28T07:00:00,2022-02-28T06:19:30.486696121,2022-02-28T06:00:00,1,ceiling_to_next_hour_no_interpolation,False,2432.89579,2022-02-28T07:00:00,deployment_forecast,"{""1"":22.305646896362305,""2"":21.521059036254883,""3"":34.6705436706543,""4"":31.02470588684082,""5"":14.713329315185547,""6"":25.228315353393555}",23.119062518067285,idw,1.0,6,1.2909188015577775,1.9322327942315185,6,0.43186835881471247,0.2911951896617656,3.4341226624022823,supported
walking-1,716044137:5:r,43,walking,10.7822564,106.67122605,"[[10.7822208,106.671179],[10.782292,106.6712731]]",9.341498243507912,2022-02-28T06:00:00,2022-02-28T06:19:30.486696121,2022-02-28T06:19:35.157445243,2022-02-28T07:00:00,2022-02-28T06:19:39.828194365,2022-02-28T06:00:00,1,ceiling_to_next_hour_no_interpolation,False,2424.842554,2022-02-28T07:00:00,deployment_forecast,"{""1"":22.305646896362305,""2"":21.521059036254883,""3"":34.6705436706543,""4"":31.02470588684082,""5"":14.713329315185547,""6"":25.228315353393555}",23.105535482761873,idw,1.0,6,1.3006912190497302,1.9262230415368453,6,0.4296197835670213,0.29027372244981714,3.445024205292579,supported
walking-1,716044137:4:r,44,walking,10.7823189,106.67130864999999,"[[10.782292,106.6712731],[10.7823458,106.6713442]]",7.058375565838252,2022-02-28T06:00:00,2022-02-28T06:19:39.828194365,2022-02-28T06:19:43.357382148,2022-02-28T07:00:00,2022-02-28T06:19:46.886569931,2022-02-28T06:00:00,1,ceiling_to_next_hour_no_interpolation,False,2416.642617,2022-02-28T07:00:00,deployment_forecast,"{""1"":22.305646896362305,""2"":21.521059036254883,""3"":34.6705436706543,""4"":31.02470588684082,""5"":14.713329315185547,""6"":25.228315353393555}",23.091753386670682,idw,1.0,6,1.3106799095268997,1.9201249379982845,6,0.42733964651535733,0.28935716641371034,3.4559365243791587,supported
walking-1,716044137:3:r,45,walking,10.782421150000001,106.67144205,"[[10.7823458,106.6713442],[10.7824965,106.6715399]]",19.556489624045543,2022-02-28T06:00:00,2022-02-28T06:19:46.886569931,2022-02-28T06:19:56.664814743,2022-02-28T07:00:00,2022-02-28T06:20:06.443059555,2022-02-28T06:00:00,1,ceiling_to_next_hour_no_interpolation,False,2403.335185,2022-02-28T07:00:00,deployment_forecast,"{""1"":22.305646896362305,""2"":21.521059036254883,""3"":34.6705436706543,""4"":31.02470588684082,""5"":14.713329315185547,""6"":25.228315353393555}",23.069656738010497,idw,1.0,6,1.3268832119811822,1.9104301000957895,6,0.4236852386672497,0.28792247428733825,3.4731571492471587,supported
walking-1,716044137:2:r,46,walking,10.78253235,106.67158885,"[[10.7824965,106.6715399],[10.7825682,106.6716378]]",9.603868227829262,2022-02-28T06:00:00,2022-02-28T06:20:06.443059555,2022-02-28T06:20:11.244993669,2022-02-28T07:00:00,2022-02-28T06:20:16.046927783,2022-02-28T06:00:00,1,ceiling_to_next_hour_no_interpolation,False,2388.755006,2022-02-28T07:00:00,deployment_forecast,"{""1"":22.305646896362305,""2"":21.521059036254883,""3"":34.6705436706543,""4"":31.02470588684082,""5"":14.713329315185547,""6"":25.228315353393555}",23.045405172246035,idw,1.0,6,1.3447570288804678,1.8998590460201634,6,0.4197082037437873,0.2864141662856937,3.4914474132627764,supported
walking-1,716044137:1:r,47,walking,10.78258275,106.671657,"[[10.7825682,106.6716378],[10.7825973,106.6716762]]",3.814240604446116,2022-02-28T06:00:00,2022-02-28T06:20:16.046927783,2022-02-28T06:20:17.954048085,2022-02-28T07:00:00,2022-02-28T06:20:19.861168387,2022-02-28T06:00:00,1,ceiling_to_next_hour_no_interpolation,False,2382.045951,2022-02-28T07:00:00,deployment_forecast,"{""1"":22.305646896362305,""2"":21.521059036254883,""3"":34.6705436706543,""4"":31.02470588684082,""5"":14.713329315185547,""6"":25.228315353393555}",23.03412760357497,idw,1.0,6,1.3530538570727724,1.8949554571137612,6,0.41787885075657866,0.2857403562526885,3.4996806650428858,supported
walking-1,716044137:0:r,48,walking,10.78275755,106.6718879,"[[10.7825973,106.6716762],[10.7829178,106.6720996]]",42.038469107322456,2022-02-28T06:00:00,2022-02-28T06:20:19.861168387,2022-02-28T06:20:40.880402941,2022-02-28T07:00:00,2022-02-28T06:21:01.899637494,2022-02-28T06:00:00,1,ceiling_to_next_hour_no_interpolation,False,2359.119597,2022-02-28T07:00:00,deployment_forecast,"{""1"":22.305646896362305,""2"":21.521059036254883,""3"":34.6705436706543,""4"":31.02470588684082,""5"":14.713329315185547,""6"":25.228315353393555}",22.99640833202913,idw,1.0,6,1.381343806411169,1.878759826522024,6,0.41174846687253525,0.2835577095685094,3.5266189782732513,supported
walking-1,495852561:4:r,49,walking,10.7828293,106.6722666,"[[10.7829178,106.6720996],[10.7827408,106.6724336]]",29.846595624398258,2022-02-28T06:00:00,2022-02-28T06:21:01.899637494,2022-02-28T06:21:16.822935306,2022-02-28T07:00:00,2022-02-28T06:21:31.746233119,2022-02-28T06:00:00,1,ceiling_to_next_hour_no_interpolation,False,2323.177064,2022-02-28T07:00:00,deployment_forecast,"{""1"":22.305646896362305,""2"":21.521059036254883,""3"":34.6705436706543,""4"":31.02470588684082,""5"":14.713329315185547,""6"":25.228315353393555}",22.921604930294567,idw,1.0,6,1.4234716145552788,1.8436289020346133,6,0.4021838846699623,0.2808372766186126,3.5607808622857324,supported
walking-1,495852561:3:r,50,walking,10.7827327,106.67244885,"[[10.7827408,106.6724336],[10.7827246,106.6724641]]",2.7269142096456354,2022-02-28T06:00:00,2022-02-28T06:21:31.746233119,2022-02-28T06:21:33.109690224,2022-02-28T07:00:00,2022-02-28T06:21:34.473147328,2022-02-28T06:00:00,1,ceiling_to_next_hour_no_interpolation,False,2306.890309,2022-02-28T07:00:00,deployment_forecast,"{""1"":22.305646896362305,""2"":21.521059036254883,""3"":34.6705436706543,""4"":31.02470588684082,""5"":14.713329315185547,""6"":25.228315353393555}",22.876650535253823,idw,1.0,6,1.4411308132595582,1.8211103562848472,6,0.39777073658134254,0.2799888747433158,3.5715704808513045,supported
walking-1,495852561:2:r,51,walking,10.78264635,106.67261165,"[[10.7827246,106.6724641],[10.7825681,106.6727592]]",26.37482266197882,2022-02-28T06:00:00,2022-02-28T06:21:34.473147328,2022-02-28T06:21:47.660558659,2022-02-28T07:00:00,2022-02-28T06:22:00.847969990,2022-02-28T06:00:00,1,ceiling_to_next_hour_no_interpolation,False,2292.339441,2022-02-28T07:00:00,deployment_forecast,"{""1"":22.305646896362305,""2"":21.521059036254883,""3"":34.6705436706543,""4"":31.02470588684082,""5"":14.713329315185547,""6"":25.228315353393555}",22.83591500350102,idw,1.0,6,1.4570202987979042,1.8009946223130595,6,0.3938290832274327,0.2793152181558513,3.5801844475299,supported
walking-1,495852561:1:r,52,walking,10.782527550000001,106.6728344,"[[10.7825681,106.6727592],[10.782487,106.6729096]]",13.493375829992404,2022-02-28T06:00:00,2022-02-28T06:22:00.847969990,2022-02-28T06:22:07.594657905,2022-02-28T07:00:00,2022-02-28T06:22:14.341345820,2022-02-28T06:00:00,1,ceiling_to_next_hour_no_interpolation,False,2272.405342,2022-02-28T07:00:00,deployment_forecast,"{""1"":22.305646896362305,""2"":21.521059036254883,""3"":34.6705436706543,""4"":31.02470588684082,""5"":14.713329315185547,""6"":25.228315353393555}",22.77924325190363,idw,1.0,6,1.478920640778731,1.773446835498425,6,0.3884378199640347,0.27852604036077844,3.590328569295305,supported
walking-1,495852561:0:r,53,walking,10.78246965,106.67294179999999,"[[10.782487,106.6729096],[10.7824523,106.672974]]",5.776735503007723,2022-02-28T06:00:00,2022-02-28T06:22:14.341345820,2022-02-28T06:22:17.229713572,2022-02-28T07:00:00,2022-02-28T06:22:20.118081323,2022-02-28T06:00:00,1,ceiling_to_next_hour_no_interpolation,False,2262.770286,2022-02-28T07:00:00,deployment_forecast,"{""1"":22.305646896362305,""2"":21.521059036254883,""3"":34.6705436706543,""4"":31.02470588684082,""5"":14.713329315185547,""6"":25.228315353393555}",22.751501864328073,idw,1.0,6,1.4895385446715221,1.760139500354308,6,0.3858393434768046,0.27820192917345593,3.5945113787349428,supported
walking-1,500897933:9:r,54,walking,10.78236645,106.67313089999999,"[[10.7824523,106.672974],[10.7822806,106.6732878]]",28.249546361288505,2022-02-28T06:00:00,2022-02-28T06:22:20.118081323,2022-02-28T06:22:34.242854504,2022-02-28T07:00:00,2022-02-28T06:22:48.367627685,2022-02-28T06:00:00,1,ceiling_to_next_hour_no_interpolation,False,2245.757145,2022-02-28T07:00:00,deployment_forecast,"{""1"":22.305646896362305,""2"":21.521059036254883,""3"":34.6705436706543,""4"":31.02470588684082,""5"":14.713329315185547,""6"":25.228315353393555}",22.701965728967515,idw,1.0,6,1.5083209799272488,1.7366583404466422,6,0.3812654566477705,0.27772255009938956,3.6007158930455105,supported
walking-1,500897933:8:r,55,walking,10.7822251,106.67339129999999,"[[10.7822806,106.6732878],[10.7821696,106.6734948]]",18.54750207466979,2022-02-28T06:00:00,2022-02-28T06:22:48.367627685,2022-02-28T06:22:57.641378722,2022-02-28T07:00:00,2022-02-28T06:23:06.915129759,2022-02-28T06:00:00,1,ceiling_to_next_hour_no_interpolation,False,2222.358621,2022-02-28T07:00:00,deployment_forecast,"{""1"":22.305646896362305,""2"":21.521059036254883,""3"":34.6705436706543,""4"":31.02470588684082,""5"":14.713329315185547,""6"":25.228315353393555}",22.632533494598462,idw,1.0,6,1.5344153755200454,1.7043626785912622,6,0.37497054682013203,0.2772492362651794,3.60686295648993,supported
walking-1,500897933:7:r,56,walking,10.78206815,106.67369260000001,"[[10.7821696,106.6734948],[10.7819667,106.6738904]]",35.09816307799212,2022-02-28T06:00:00,2022-02-28T06:23:06.915129759,2022-02-28T06:23:24.464211298,2022-02-28T07:00:00,2022-02-28T06:23:42.013292837,2022-02-28T06:00:00,1,ceiling_to_next_hour_no_interpolation,False,2195.535788,2022-02-28T07:00:00,deployment_forecast,"{""1"":22.305646896362305,""2"":21.521059036254883,""3"":34.6705436706543,""4"":31.02470588684082,""5"":14.713329315185547,""6"":25.228315353393555}",22.550842373107944,idw,1.0,6,1.564990645743177,1.6672832282431171,6,0.3676994940100863,0.276966435707427,3.610545795723595,supported
walking-1,500897933:6:r,57,walking,10.78187005,106.67406405,"[[10.7819667,106.6738904],[10.7817734,106.6742377]]",31.39361698611284,2022-02-28T06:00:00,2022-02-28T06:23:42.013292837,2022-02-28T06:23:57.710101330,2022-02-28T07:00:00,2022-02-28T06:24:13.406909823,2022-02-28T06:00:00,1,ceiling_to_next_hour_no_interpolation,False,2162.289898,2022-02-28T07:00:00,deployment_forecast,"{""1"":22.305646896362305,""2"":21.521059036254883,""3"":34.6705436706543,""4"":31.02470588684082,""5"":14.713329315185547,""6"":25.228315353393555}",22.446964983434388,idw,1.0,6,1.603023754460425,1.6213881931903347,6,0.35874786191706326,0.2770524971379533,3.609424243890023,supported
walking-1,500897933:5:r,58,walking,10.78173765,106.6743042,"[[10.7817734,106.6742377],[10.7817019,106.6743707]]",11.923964944699646,2022-02-28T06:00:00,2022-02-28T06:24:13.406909823,2022-02-28T06:24:19.368892296,2022-02-28T07:00:00,2022-02-28T06:24:25.330874768,2022-02-28T06:00:00,1,ceiling_to_next_hour_no_interpolation,False,2140.631107,2022-02-28T07:00:00,deployment_forecast,"{""1"":22.305646896362305,""2"":21.521059036254883,""3"":34.6705436706543,""4"":31.02470588684082,""5"":14.713329315185547,""6"":25.228315353393555}",22.377738613124983,idw,1.0,5,1.591543999204017,1.6277953039491322,6,0.36100271429256664,0.2773754799806107,3.6052213413741647,supported
walking-1,500897933:4:r,59,walking,10.781638749999999,106.67448830000001,"[[10.7817019,106.6743707],[10.7815756,106.6746059]]",21.08113659032649,2022-02-28T06:00:00,2022-02-28T06:24:25.330874768,2022-02-28T06:24:35.871443063,2022-02-28T07:00:00,2022-02-28T06:24:46.412011358,2022-02-28T06:00:00,1,ceiling_to_next_hour_no_interpolation,False,2124.128556,2022-02-28T07:00:00,deployment_forecast,"{""1"":22.305646896362305,""2"":21.521059036254883,""3"":34.6705436706543,""4"":31.02470588684082,""5"":14.713329315185547,""6"":25.228315353393555}",22.323956883690617,idw,1.0,5,1.5687793819702671,1.6469277797006243,6,0.36589888586732056,0.27775747982956045,3.600263080632886,supported
walking-1,500897933:3:r,60,walking,10.78151695,106.67473115,"[[10.7815756,106.6746059],[10.7814583,106.6748564]]",21.82491459470385,2022-02-28T06:00:00,2022-02-28T06:24:46.412011358,2022-02-28T06:24:57.324468656,2022-02-28T07:00:00,2022-02-28T06:25:08.236925953,2022-02-28T06:00:00,1,ceiling_to_next_hour_no_interpolation,False,2102.675531,2022-02-28T07:00:00,deployment_forecast,"{""1"":22.305646896362305,""2"":21.521059036254883,""3"":34.6705436706543,""4"":31.02470588684082,""5"":14.713329315185547,""6"":25.228315353393555}",22.25253074087833,idw,1.0,5,1.5391152743969847,1.672378165920972,6,0.37239479757360383,0.27842953631224315,3.5915729819646574,supported
walking-1,500897933:2:r,61,walking,10.781369600000001,106.67500824999999,"[[10.7814583,106.6748564],[10.7812809,106.6751601]]",27.788821632502835,2022-02-28T06:00:00,2022-02-28T06:25:08.236925953,2022-02-28T06:25:22.131336768,2022-02-28T07:00:00,2022-02-28T06:25:36.025747586,2022-02-28T06:00:00,1,ceiling_to_next_hour_no_interpolation,False,2077.868663,2022-02-28T07:00:00,deployment_forecast,"{""1"":22.305646896362305,""2"":21.521059036254883,""3"":34.6705436706543,""4"":31.02470588684082,""5"":14.713329315185547,""6"":25.228315353393555}",22.168522546752456,idw,1.0,5,1.5049289294686736,1.7015349346666406,6,0.3799851604345402,0.27948744011480037,3.577978314836784,supported
walking-1,500897933:1:r,62,walking,10.7812525,106.67520855000001,"[[10.7812809,106.6751601],[10.7812241,106.675257]]",8.87454713276529,2022-02-28T06:00:00,2022-02-28T06:25:36.025747586,2022-02-28T06:25:40.463021152,2022-02-28T07:00:00,2022-02-28T06:25:44.900294718,2022-02-28T06:00:00,1,ceiling_to_next_hour_no_interpolation,False,2059.536978,2022-02-28T07:00:00,deployment_forecast,"{""1"":22.305646896362305,""2"":21.521059036254883,""3"":34.6705436706543,""4"":31.02470588684082,""5"":14.713329315185547,""6"":25.228315353393555}",22.1055904736658,idw,1.0,5,1.4797915194600555,1.7226719328430842,6,0.38562954871920396,0.28046630511918974,3.565490690851545,supported
walking-1,500897933:0:r,63,walking,10.781136799999999,106.6754239,"[[10.7812241,106.675257],[10.7810495,106.6755908]]",29.742094242832376,2022-02-28T06:00:00,2022-02-28T06:25:44.900294718,2022-02-28T06:25:59.771341840,2022-02-28T07:00:00,2022-02-28T06:26:14.642388961,2022-02-28T06:00:00,1,ceiling_to_next_hour_no_interpolation,False,2040.228658,2022-02-28T07:00:00,deployment_forecast,"{""1"":22.305646896362305,""2"":21.521059036254883,""3"":34.6705436706543,""4"":31.02470588684082,""5"":14.713329315185547,""6"":25.228315353393555}",22.037708283444,idw,1.0,5,1.4531914643546122,1.7455735434506334,6,0.3917165975571013,0.2816676336034243,3.5502836701782936,supported
walking-1,1255192198:0:r,64,walking,10.7810068,106.6756698,"[[10.7810495,106.6755908],[10.7809641,106.6757488]]",14.183060662456333,2022-02-28T06:00:00,2022-02-28T06:26:14.642388961,2022-02-28T06:26:21.733919292,2022-02-28T07:00:00,2022-02-28T06:26:28.825449624,2022-02-28T06:00:00,1,ceiling_to_next_hour_no_interpolation,False,2018.26608,2022-02-28T07:00:00,deployment_forecast,"{""1"":22.305646896362305,""2"":21.521059036254883,""3"":34.6705436706543,""4"":31.02470588684082,""5"":14.713329315185547,""6"":25.228315353393555}",21.958897326774878,idw,1.0,5,1.4229127655255125,1.7718660694469763,6,0.39876174778866635,0.2832620565222977,3.5302998653520063,supported
walking-1,496279185:1:r,65,walking,10.78092235,106.67582684999999,"[[10.7809641,106.6757488],[10.7808806,106.6759049]]",13.978947673972476,2022-02-28T06:00:00,2022-02-28T06:26:28.825449624,2022-02-28T06:26:35.814923461,2022-02-28T07:00:00,2022-02-28T06:26:42.804397298,2022-02-28T06:00:00,1,ceiling_to_next_hour_no_interpolation,False,2004.185076,2022-02-28T07:00:00,deployment_forecast,"{""1"":22.305646896362305,""2"":21.521059036254883,""3"":34.6705436706543,""4"":31.02470588684082,""5"":14.713329315185547,""6"":25.228315353393555}",21.907565916776246,idw,1.0,5,1.4035225193607728,1.788723966675283,6,0.4033335987662544,0.28441557561823455,3.515981843913782,supported
walking-1,496279185:0:r,66,walking,10.78086665,106.67593085,"[[10.7808806,106.6759049],[10.7808527,106.6759568]]",4.653002962790118,2022-02-28T06:00:00,2022-02-28T06:26:42.804397298,2022-02-28T06:26:45.130898779,2022-02-28T07:00:00,2022-02-28T06:26:47.457400260,2022-02-28T06:00:00,1,ceiling_to_next_hour_no_interpolation,False,1994.869101,2022-02-28T07:00:00,deployment_forecast,"{""1"":22.305646896362305,""2"":21.521059036254883,""3"":34.6705436706543,""4"":31.02470588684082,""5"":14.713329315185547,""6"":25.228315353393555}",21.873220841128727,idw,1.0,5,1.390693625895206,1.7999180901939884,6,0.40638685928220514,0.28523594067134217,3.5058695536276456,supported
walking-1,1097215585:2:r,67,walking,10.78079275,106.67606785,"[[10.7808527,106.6759568],[10.7807328,106.6761789]]",19.931435684471452,2022-02-28T06:00:00,2022-02-28T06:26:47.457400260,2022-02-28T06:26:57.423118103,2022-02-28T07:00:00,2022-02-28T06:27:07.388835945,2022-02-28T06:00:00,1,ceiling_to_next_hour_no_interpolation,False,1982.576881,2022-02-28T07:00:00,deployment_forecast,"{""1"":22.305646896362305,""2"":21.521059036254883,""3"":34.6705436706543,""4"":31.02470588684082,""5"":14.713329315185547,""6"":25.228315353393555}",21.82746119169916,idw,1.0,5,1.3737762150447286,1.814698465911891,6,0.4104465887506945,0.28638909396123524,3.491753076796133,supported
walking-1,1097215585:1:r,68,walking,10.7806839,106.67626845,"[[10.7807328,106.6761789],[10.780635,106.676358]]",16.11570568053628,2022-02-28T06:00:00,2022-02-28T06:27:07.388835945,2022-02-28T06:27:15.446688785,2022-02-28T07:00:00,2022-02-28T06:27:23.504541625,2022-02-28T06:00:00,1,ceiling_to_next_hour_no_interpolation,False,1964.553311,2022-02-28T07:00:00,deployment_forecast,"{""1"":22.305646896362305,""2"":21.521059036254883,""3"":34.6705436706543,""4"":31.02470588684082,""5"":14.713329315185547,""6"":25.228315353393555}",21.759424270510458,idw,1.0,5,1.3489867639884912,1.8364112116360858,6,0.4164665317035508,0.28822758384657327,3.4694805634297343,supported
walking-1,1097215585:0:r,69,walking,10.78056155,106.6765067,"[[10.780635,106.676358],[10.7804881,106.6766554]]",26.180122940572904,2022-02-28T06:00:00,2022-02-28T06:27:23.504541625,2022-02-28T06:27:36.594603096,2022-02-28T07:00:00,2022-02-28T06:27:49.684664566,2022-02-28T06:00:00,1,ceiling_to_next_hour_no_interpolation,False,1943.405396,2022-02-28T07:00:00,deployment_forecast,"{""1"":22.305646896362305,""2"":21.521059036254883,""3"":34.6705436706543,""4"":31.02470588684082,""5"":14.713329315185547,""6"":25.228315353393555}",21.677829396589605,idw,1.0,5,1.319828725540325,1.8623113972343133,6,0.42367417708518956,0.29061761956336163,3.4409475980928126,supported
walking-1,1097215590:3:r,70,walking,10.78048665,106.67666865000001,"[[10.7804881,106.6766554],[10.7804852,106.6766819]]",2.097050295574779,2022-02-28T06:00:00,2022-02-28T06:27:49.684664566,2022-02-28T06:27:50.733189714,2022-02-28T07:00:00,2022-02-28T06:27:51.781714862,2022-02-28T06:00:00,1,ceiling_to_next_hour_no_interpolation,False,1929.26681,2022-02-28T07:00:00,deployment_forecast,"{""1"":22.305646896362305,""2"":21.521059036254883,""3"":34.6705436706543,""4"":31.02470588684082,""5"":14.713329315185547,""6"":25.228315353393555}",21.622310761611082,idw,1.0,5,1.3003375548538985,1.879975749429059,6,0.4285772533493728,0.29235510519108093,3.4204978200959006,supported
walking-1,1097215590:2:r,71,walking,10.78042365,106.67679810000001,"[[10.7804852,106.6766819],[10.7803621,106.6769143]]",20.765432626888177,2022-02-28T06:00:00,2022-02-28T06:27:51.781714862,2022-02-28T06:28:02.164431175,2022-02-28T07:00:00,2022-02-28T06:28:12.547147488,2022-02-28T06:00:00,1,ceiling_to_next_hour_no_interpolation,False,1917.835568,2022-02-28T07:00:00,deployment_forecast,"{""1"":22.305646896362305,""2"":21.521059036254883,""3"":34.6705436706543,""4"":31.02470588684082,""5"":14.713329315185547,""6"":25.228315353393555}",21.577044218765625,idw,1.0,5,1.284636893161523,1.8941228798905367,6,0.43256129033785423,0.293842246157421,3.403186618251846,supported
walking-1,1097215590:1:r,72,walking,10.780356900000001,106.67692410000001,"[[10.7803621,106.6769143],[10.7803517,106.6769339]]",1.7519890086030239,2022-02-28T06:00:00,2022-02-28T06:28:12.547147488,2022-02-28T06:28:13.423141993,2022-02-28T07:00:00,2022-02-28T06:28:14.299136497,2022-02-28T06:00:00,1,ceiling_to_next_hour_no_interpolation,False,1906.576858,2022-02-28T07:00:00,deployment_forecast,"{""1"":22.305646896362305,""2"":21.521059036254883,""3"":34.6705436706543,""4"":31.02470588684082,""5"":14.713329315185547,""6"":25.228315353393555}",21.531900186736358,idw,1.0,5,1.2691453747314942,1.9079215391048325,6,0.436518748680782,0.2953880697478631,3.3853770765135454,supported
walking-1,1097215590:0:r,73,walking,10.78034085,106.67694230000001,"[[10.7803517,106.6769339],[10.78033,106.6769507]]",2.182665512959513,2022-02-28T06:00:00,2022-02-28T06:28:14.299136497,2022-02-28T06:28:15.390469254,2022-02-28T07:00:00,2022-02-28T06:28:16.481802010,2022-02-28T06:00:00,1,ceiling_to_next_hour_no_interpolation,False,1904.60953,2022-02-28T07:00:00,deployment_forecast,"{""1"":22.305646896362305,""2"":21.521059036254883,""3"":34.6705436706543,""4"":31.02470588684082,""5"":14.713329315185547,""6"":25.228315353393555}",21.52462696050677,idw,1.0,5,1.2666592061037938,1.9099223341534082,6,0.4371458996387895,0.29564558439417354,3.382428329004692,supported
walking-1,1097215589:1:r,74,walking,10.7802972,106.67701220000001,"[[10.78033,106.6769507],[10.7802644,106.6770737]]",11.00738645737114,2022-02-28T06:00:00,2022-02-28T06:28:16.481802010,2022-02-28T06:28:21.985495239,2022-02-28T07:00:00,2022-02-28T06:28:27.489188467,2022-02-28T06:00:00,1,ceiling_to_next_hour_no_interpolation,False,1898.014504,2022-02-28T07:00:00,deployment_forecast,"{""1"":22.305646896362305,""2"":21.521059036254883,""3"":34.6705436706543,""4"":31.02470588684082,""5"":14.713329315185547,""6"":25.228315353393555}",21.498586628077703,idw,1.0,5,1.2578115984915672,1.917600564280996,6,0.4394149550112363,0.2965720025175925,3.371862453336877,supported
walking-1,1097215589:0:r,75,walking,10.7802528,106.67709479999999,"[[10.7802644,106.6770737],[10.7802412,106.6771159]]",3.8033161189241897,2022-02-28T06:00:00,2022-02-28T06:28:27.489188467,2022-02-28T06:28:29.390846527,2022-02-28T07:00:00,2022-02-28T06:28:31.292504586,2022-02-28T06:00:00,1,ceiling_to_next_hour_no_interpolation,False,1890.609153,2022-02-28T07:00:00,deployment_forecast,"{""1"":22.305646896362305,""2"":21.521059036254883,""3"":34.6705436706543,""4"":31.02470588684082,""5"":14.713329315185547,""6"":25.228315353393555}",21.468412270240908,idw,1.0,5,1.2476365264202296,1.926678890248415,6,0.442052186211995,0.2976662609842356,3.3594670645356075,supported
walking-1,225192895:0:f,76,walking,10.78022685,106.67712225,"[[10.7802412,106.6771159],[10.7802125,106.6771286]]",2.5054412089685383,2022-02-28T06:00:00,2022-02-28T06:28:31.292504586,2022-02-28T06:28:32.545225191,2022-02-28T07:00:00,2022-02-28T06:28:33.797945795,2022-02-28T06:00:00,1,ceiling_to_next_hour_no_interpolation,False,1887.454774,2022-02-28T07:00:00,deployment_forecast,"{""1"":22.305646896362305,""2"":21.521059036254883,""3"":34.6705436706543,""4"":31.02470588684082,""5"":14.713329315185547,""6"":25.228315353393555}",21.45707716975358,idw,1.0,5,1.2438253403286466,1.9297157134827503,6,0.44302540949283836,0.2980882648459861,3.3547110635726374,supported
walking-1,225192895:1:f,77,walking,10.78016795,106.67722380000001,"[[10.7802125,106.6771286],[10.7801234,106.677319]]",16.586762527197596,2022-02-28T06:00:00,2022-02-28T06:28:33.797945795,2022-02-28T06:28:42.091327059,2022-02-28T07:00:00,2022-02-28T06:28:50.384708323,2022-02-28T06:00:00,1,ceiling_to_next_hour_no_interpolation,False,1877.908672,2022-02-28T07:00:00,deployment_forecast,"{""1"":22.305646896362305,""2"":21.521059036254883,""3"":34.6705436706543,""4"":31.02470588684082,""5"":14.713329315185547,""6"":25.228315353393555}",21.41909223372426,idw,1.0,5,1.2311561511416722,1.9409102798831814,6,0.44633357783949296,0.29951507325604504,3.3387301317724827,supported
walking-1,225192895:2:f,78,walking,10.780083000000001,106.67739664999999,"[[10.7801234,106.677319],[10.7800426,106.6774743]]",13.821270019908438,2022-02-28T06:00:00,2022-02-28T06:28:50.384708323,2022-02-28T06:28:57.295343332,2022-02-28T07:00:00,2022-02-28T06:29:04.205978342,2022-02-28T06:00:00,1,ceiling_to_next_hour_no_interpolation,False,1862.7046559999999,2022-02-28T07:00:00,deployment_forecast,"{""1"":22.305646896362305,""2"":21.521059036254883,""3"":34.6705436706543,""4"":31.02470588684082,""5"":14.713329315185547,""6"":25.228315353393555}",21.35540492078264,idw,1.0,5,1.2101821391979848,1.959974104956523,6,0.45189237686317824,0.301991425157902,3.3113522990830977,supported
walking-1,225192895:3:f,79,walking,10.77988375,106.6777793,"[[10.7800426,106.6774743],[10.7797249,106.6780843]]",54.30060371414708,2022-02-28T06:00:00,2022-02-28T06:29:04.205978342,2022-02-28T06:29:31.356280199,2022-02-28T07:00:00,2022-02-28T06:29:58.506582057,2022-02-28T06:00:00,1,ceiling_to_next_hour_no_interpolation,False,1828.643719,2022-02-28T07:00:00,deployment_forecast,"{""1"":22.305646896362305,""2"":21.521059036254883,""3"":34.6705436706543,""4"":31.02470588684082,""5"":14.713329315185547,""6"":25.228315353393555}",21.209628278638323,idw,1.0,5,1.1633493078456,2.0023635138558484,6,0.4645525528726919,0.30807454059778766,3.245967674120687,supported
walking-1,225192895:4:f,80,walking,10.77970455,106.6781224,"[[10.7797249,106.6780843],[10.7796842,106.6781605]]",6.821513783197145,2022-02-28T06:00:00,2022-02-28T06:29:58.506582057,2022-02-28T06:30:01.917338948,2022-02-28T07:00:00,2022-02-28T06:30:05.328095840,2022-02-28T06:00:00,1,ceiling_to_next_hour_no_interpolation,False,1798.082661,2022-02-28T07:00:00,deployment_forecast,"{""1"":22.305646896362305,""2"":21.521059036254883,""3"":34.6705436706543,""4"":31.02470588684082,""5"":14.713329315185547,""6"":25.228315353393555}",21.074575484320466,idw,1.0,5,1.1213708097027104,2.040558012227132,6,0.4762264130885455,0.31420315458557,3.182654233115474,supported
walking-1,225192895:5:f,81,walking,10.77965825,106.6782035,"[[10.7796842,106.6781605],[10.7796323,106.6782465]]",7.938061690269861,2022-02-28T06:00:00,2022-02-28T06:30:05.328095840,2022-02-28T06:30:09.297126685,2022-02-28T07:00:00,2022-02-28T06:30:13.266157529,2022-02-28T06:00:00,1,ceiling_to_next_hour_no_interpolation,False,1790.702873,2022-02-28T07:00:00,deployment_forecast,"{""1"":22.305646896362305,""2"":21.521059036254883,""3"":34.6705436706543,""4"":31.02470588684082,""5"":14.713329315185547,""6"":25.228315353393555}",21.04156048263998,idw,1.0,5,1.1113089071614608,2.0496299620270992,6,0.4790674822119218,0.3157713976229302,3.1668479397685116,supported
walking-1,225192895:6:f,82,walking,10.779581149999999,106.6783358,"[[10.7796323,106.6782465],[10.77953,106.6784251]]",16.25985078148155,2022-02-28T06:00:00,2022-02-28T06:30:13.266157529,2022-02-28T06:30:21.396082921,2022-02-28T07:00:00,2022-02-28T06:30:29.526008312,2022-02-28T06:00:00,1,ceiling_to_next_hour_no_interpolation,False,1778.603917,2022-02-28T07:00:00,deployment_forecast,"{""1"":22.305646896362305,""2"":21.521059036254883,""3"":34.6705436706543,""4"":31.02470588684082,""5"":14.713329315185547,""6"":25.228315353393555}",20.986985593028486,idw,1.0,5,1.0948450507511536,2.064461167820103,6,0.483755941821478,0.31842238166926456,3.140482759904324,supported
walking-1,1486139602:0:f,83,walking,10.7795217,106.678456,"[[10.77953,106.6784251],[10.7795134,106.6784869]]",5.038851440436647,2022-02-28T06:00:00,2022-02-28T06:30:29.526008312,2022-02-28T06:30:32.045434032,2022-02-28T07:00:00,2022-02-28T06:30:34.564859752,2022-02-28T06:00:00,1,ceiling_to_next_hour_no_interpolation,False,1767.954565,2022-02-28T07:00:00,deployment_forecast,"{""1"":22.305646896362305,""2"":21.521059036254883,""3"":34.6705436706543,""4"":31.02470588684082,""5"":14.713329315185547,""6"":25.228315353393555}",20.938140717167993,idw,1.0,5,1.0802782134446143,2.077901685070953,6,0.48795950748446654,0.32085681897346924,3.1166549715207617,supported
walking-1,1486139601:0:r,84,walking,10.779471000000001,106.67856245,"[[10.7795134,106.6784869],[10.7794286,106.678638]]",13.68626788230784,2022-02-28T06:00:00,2022-02-28T06:30:34.564859752,2022-02-28T06:30:41.407993693,2022-02-28T07:00:00,2022-02-28T06:30:48.251127634,2022-02-28T06:00:00,1,ceiling_to_next_hour_no_interpolation,False,1758.592006,2022-02-28T07:00:00,deployment_forecast,"{""1"":22.305646896362305,""2"":21.521059036254883,""3"":34.6705436706543,""4"":31.02470588684082,""5"":14.713329315185547,""6"":25.228315353393555}",20.894680927068574,idw,1.0,5,1.0674508461631649,2.089807311976745,6,0.4916970342969172,0.32307161743337676,3.0952889267848427,supported
walking-1,1158093921:0:f,85,walking,10.77973035,106.67891745,"[[10.7794286,106.678638],[10.7800321,106.6791969]]",65.31943670573489,2022-02-28T06:00:00,2022-02-28T06:30:48.251127634,2022-02-28T06:31:20.910845987,2022-02-28T07:00:00,2022-02-28T06:31:53.570564340,2022-02-28T06:00:00,1,ceiling_to_next_hour_no_interpolation,False,1719.089154,2022-02-28T07:00:00,deployment_forecast,"{""1"":22.305646896362305,""2"":21.521059036254883,""3"":34.6705436706543,""4"":31.02470588684082,""5"":14.713329315185547,""6"":25.228315353393555}",20.803815511961794,idw,1.0,5,1.0408464510256692,2.1272175134350486,6,0.5000492125751741,0.32790232878635933,3.0496886182578398,moderate reliability
walking-1,1158093921:1:f,86,walking,10.7800555,106.67921855,"[[10.7800321,106.6791969],[10.7800789,106.6792402]]",5.063176379038127,2022-02-28T06:00:00,2022-02-28T06:31:53.570564340,2022-02-28T06:31:56.102152530,2022-02-28T07:00:00,2022-02-28T06:31:58.633740719,2022-02-28T06:00:00,1,ceiling_to_next_hour_no_interpolation,False,1683.897847,2022-02-28T07:00:00,deployment_forecast,"{""1"":22.305646896362305,""2"":21.521059036254883,""3"":34.6705436706543,""4"":31.02470588684082,""5"":14.713329315185547,""6"":25.228315353393555}",20.74508060761948,idw,1.0,5,1.0241616691157076,2.159004667639343,6,0.5056986098490851,0.33116967009748993,3.0196001937786736,moderate reliability
walking-1,1158093921:2:f,87,walking,10.78021,106.6793616,"[[10.7800789,106.6792402],[10.7803411,106.679483]]",28.37782046798715,2022-02-28T06:00:00,2022-02-28T06:31:58.633740719,2022-02-28T06:32:12.822650953,2022-02-28T07:00:00,2022-02-28T06:32:27.011561187,2022-02-28T06:00:00,1,ceiling_to_next_hour_no_interpolation,False,1667.177349,2022-02-28T07:00:00,deployment_forecast,"{""1"":22.305646896362305,""2"":21.521059036254883,""3"":34.6705436706543,""4"":31.02470588684082,""5"":14.713329315185547,""6"":25.228315353393555}",20.719098025882722,idw,1.0,5,1.0169634938415346,2.174328573164922,6,0.5082208269266598,0.33264907785305076,3.006170966876254,moderate reliability
walking-1,1158093921:3:f,88,walking,10.7803578,106.67949845000001,"[[10.7803411,106.679483],[10.7803745,106.6795139]]",3.6133488152871673,2022-02-28T06:00:00,2022-02-28T06:32:27.011561187,2022-02-28T06:32:28.818235595,2022-02-28T07:00:00,2022-02-28T06:32:30.624910002,2022-02-28T06:00:00,1,ceiling_to_next_hour_no_interpolation,False,1651.181764,2022-02-28T07:00:00,deployment_forecast,"{""1"":22.305646896362305,""2"":21.521059036254883,""3"":34.6705436706543,""4"":31.02470588684082,""5"":14.713329315185547,""6"":25.228315353393555}",20.695480567853682,idw,1.0,5,1.0105287342830622,2.1891184859536383,6,0.5105298188538989,0.3340127083682447,2.9938980612004524,moderate reliability
walking-1,1176186457:0:f,89,walking,10.78039075,106.6795299,"[[10.7803745,106.6795139],[10.780407,106.6795459]]",3.6199585965494925,2022-02-28T06:00:00,2022-02-28T06:32:30.624910002,2022-02-28T06:32:32.434889301,2022-02-28T07:00:00,2022-02-28T06:32:34.244868599,2022-02-28T06:00:00,1,ceiling_to_next_hour_no_interpolation,False,1647.56511,2022-02-28T07:00:00,deployment_forecast,"{""1"":22.305646896362305,""2"":21.521059036254883,""3"":34.6705436706543,""4"":31.02470588684082,""5"":14.713329315185547,""6"":25.228315353393555}",20.690058261173302,idw,1.0,5,1.009063130348533,2.192535584744006,6,0.5110587866110559,0.33432806138256,2.9910740841335923,moderate reliability
walking-1,1176186457:1:f,90,walking,10.7804152,106.679554,"[[10.780407,106.6795459],[10.7804234,106.6795621]]",1.829549221001255,2022-02-28T06:00:00,2022-02-28T06:32:34.244868599,2022-02-28T06:32:35.159643209,2022-02-28T07:00:00,2022-02-28T06:32:36.074417820,2022-02-28T06:00:00,1,ceiling_to_next_hour_no_interpolation,False,1644.840356,2022-02-28T07:00:00,deployment_forecast,"{""1"":22.305646896362305,""2"":21.521059036254883,""3"":34.6705436706543,""4"":31.02470588684082,""5"":14.713329315185547,""6"":25.228315353393555}",20.685810516599258,idw,1.0,5,1.0079158284227652,2.1951585247080097,6,0.5114709125590557,0.33457552412211256,2.988861790245668,moderate reliability
walking-1,1176186457:2:f,91,walking,10.78047675,106.6796148,"[[10.7804234,106.6795621],[10.7805301,106.6796675]]",11.90329133402572,2022-02-28T06:00:00,2022-02-28T06:32:36.074417820,2022-02-28T06:32:42.026063487,2022-02-28T07:00:00,2022-02-28T06:32:47.977709154,2022-02-28T06:00:00,1,ceiling_to_next_hour_no_interpolation,False,1637.973936,2022-02-28T07:00:00,deployment_forecast,"{""1"":22.305646896362305,""2"":21.521059036254883,""3"":34.6705436706543,""4"":31.02470588684082,""5"":14.713329315185547,""6"":25.228315353393555}",20.67523244922146,idw,1.0,5,1.0050721688085247,2.2017907481140835,6,0.5124988475752102,0.3351943014200135,2.9833442745405003,moderate reliability
walking-1,1176186457:3:f,92,walking,10.780642,106.6797727,"[[10.7805301,106.6796675],[10.7807539,106.6798779]]",24.38964921600754,2022-02-28T06:00:00,2022-02-28T06:32:47.977709154,2022-02-28T06:33:00.172533762,2022-02-28T07:00:00,2022-02-28T06:33:12.367358370,2022-02-28T06:00:00,1,ceiling_to_next_hour_no_interpolation,False,1619.827466,2022-02-28T07:00:00,deployment_forecast,"{""1"":22.305646896362305,""2"":21.521059036254883,""3"":34.6705436706543,""4"":31.02470588684082,""5"":14.713329315185547,""6"":25.228315353393555}",20.649843893709924,idw,1.0,5,0.9983608725495315,2.2191187572713,6,0.5150006929521788,0.33669674844132264,2.9700316520112566,supported
walking-1,1177449718:0:f,93,walking,10.780668850000001,106.6800035,"[[10.7807539,106.6798779],[10.7805838,106.6801291]]",23.995132715376197,2022-02-28T06:00:00,2022-02-28T06:33:12.367358370,2022-02-28T06:33:24.364924728,2022-02-28T07:00:00,2022-02-28T06:33:36.362491085,2022-02-28T06:00:00,1,ceiling_to_next_hour_no_interpolation,False,1595.635075,2022-02-28T07:00:00,deployment_forecast,"{""1"":22.305646896362305,""2"":21.521059036254883,""3"":34.6705436706543,""4"":31.02470588684082,""5"":14.713329315185547,""6"":25.228315353393555}",20.574802226730203,idw,1.0,5,0.9777236787486188,2.2443558137730615,6,0.5215532137698125,0.34115424436049785,2.9312254399018984,supported
walking-1,1177449718:1:f,94,walking,10.78051435,106.6802442,"[[10.7805838,106.6801291],[10.7804449,106.6803593]]",21.247151807407477,2022-02-28T06:00:00,2022-02-28T06:33:36.362491085,2022-02-28T06:33:46.986066989,2022-02-28T07:00:00,2022-02-28T06:33:57.609642893,2022-02-28T06:00:00,1,ceiling_to_next_hour_no_interpolation,False,1573.013933,2022-02-28T07:00:00,deployment_forecast,"{""1"":22.305646896362305,""2"":21.521059036254883,""3"":34.6705436706543,""4"":31.02470588684082,""5"":14.713329315185547,""6"":25.228315353393555}",20.46027916652488,idw,1.0,5,0.9463900655612151,2.270546502606755,6,0.5311691999981538,0.34815006982572577,2.872324571126963,supported
walking-1,1177449718:2:f,95,walking,10.7803459,106.6805234,"[[10.7804449,106.6803593],[10.7802469,106.6806875]]",30.291089647674255,2022-02-28T06:00:00,2022-02-28T06:33:57.609642893,2022-02-28T06:34:12.755187717,2022-02-28T07:00:00,2022-02-28T06:34:27.900732540,2022-02-28T06:00:00,1,ceiling_to_next_hour_no_interpolation,False,1547.244812,2022-02-28T07:00:00,deployment_forecast,"{""1"":22.305646896362305,""2"":21.521059036254883,""3"":34.6705436706543,""4"":31.02470588684082,""5"":14.713329315185547,""6"":25.228315353393555}",20.32580816987978,idw,1.0,5,0.910631934357354,2.301082389550474,6,0.5424482395912372,0.3567132325887017,2.8033723132245623,supported
walking-1,1177449718:3:f,96,walking,10.780213199999999,106.68074335,"[[10.7802469,106.6806875],[10.7801795,106.6807992]]",10.309831655801363,2022-02-28T06:00:00,2022-02-28T06:34:27.900732540,2022-02-28T06:34:33.055648368,2022-02-28T07:00:00,2022-02-28T06:34:38.210564196,2022-02-28T06:00:00,1,ceiling_to_next_hour_no_interpolation,False,1526.944351,2022-02-28T07:00:00,deployment_forecast,"{""1"":22.305646896362305,""2"":21.521059036254883,""3"":34.6705436706543,""4"":31.02470588684082,""5"":14.713329315185547,""6"":25.228315353393555}",20.21699380298254,idw,1.0,5,0.8824641358971231,2.3252437200817044,6,0.5515551553277521,0.36391189433959004,2.747917876701316,supported
walking-1,1177449718:4:f,97,walking,10.78015835,106.6808343,"[[10.7801795,106.6807992],[10.7801372,106.6808694]]",6.476948206882794,2022-02-28T06:00:00,2022-02-28T06:34:38.210564196,2022-02-28T06:34:41.449038300,2022-02-28T07:00:00,2022-02-28T06:34:44.687512403,2022-02-28T06:00:00,1,ceiling_to_next_hour_no_interpolation,False,1518.550961,2022-02-28T07:00:00,deployment_forecast,"{""1"":22.305646896362305,""2"":21.521059036254883,""3"":34.6705436706543,""4"":31.02470588684082,""5"":14.713329315185547,""6"":25.228315353393555}",20.17123843249175,idw,1.0,5,0.8708183548290728,2.3352609038694667,6,0.5553794032770378,0.3670098331004101,2.7247226363180586,supported
walking-1,319309752:0:f,98,walking,10.7801211,106.68089885,"[[10.7801372,106.6808694],[10.780105,106.6809283]]",5.301358228019439,2022-02-28T06:00:00,2022-02-28T06:34:44.687512403,2022-02-28T06:34:47.338191517,2022-02-28T07:00:00,2022-02-28T06:34:49.988870631,2022-02-28T06:00:00,1,ceiling_to_next_hour_no_interpolation,False,1512.661808,2022-02-28T07:00:00,deployment_forecast,"{""1"":22.305646896362305,""2"":21.521059036254883,""3"":34.6705436706543,""4"":31.02470588684082,""5"":14.713329315185547,""6"":25.228315353393555}",20.13883872206002,idw,1.0,5,0.862643510618582,2.3423764969858625,6,0.5580876464150195,0.36922936858296507,2.7083436072212175,supported
walking-1,319309752:1:f,99,walking,10.780092549999999,106.6809511,"[[10.780105,106.6809283],[10.7800801,106.6809739]]",4.103147858439347,2022-02-28T06:00:00,2022-02-28T06:34:49.988870631,2022-02-28T06:34:52.040444560,2022-02-28T07:00:00,2022-02-28T06:34:54.092018489,2022-02-28T06:00:00,1,ceiling_to_next_hour_no_interpolation,False,1507.959555,2022-02-28T07:00:00,deployment_forecast,"{""1"":22.305646896362305,""2"":21.521059036254883,""3"":34.6705436706543,""4"":31.02470588684082,""5"":14.713329315185547,""6"":25.228315353393555}",20.112783507108738,idw,1.0,5,0.8561126224516369,2.3481380697546146,6,0.5602664376659445,0.37103005243226406,2.6951994681955362,supported
walking-1,319309752:2:f,100,walking,10.7799453,106.68122075,"[[10.7800801,106.6809739],[10.7798105,106.6814676]]",44.424328090335464,2022-02-28T06:00:00,2022-02-28T06:34:54.092018489,2022-02-28T06:35:16.304182535,2022-02-28T07:00:00,2022-02-28T06:35:38.516346580,2022-02-28T06:00:00,1,ceiling_to_next_hour_no_interpolation,False,1483.695817,2022-02-28T07:00:00,deployment_forecast,"{""1"":22.305646896362305,""2"":21.521059036254883,""3"":34.6705436706543,""4"":31.02470588684082,""5"":14.713329315185547,""6"":25.228315353393555}",19.975988651618145,idw,1.0,5,0.822413071977554,2.377935190122828,6,0.5716894258316291,0.3807036843196776,2.6267147947018503,supported
walking-1,319309752:3:f,101,walking,10.7796178,106.6818114,"[[10.7798105,106.6814676],[10.7794251,106.6821552]]",62.26151857033467,2022-02-28T06:00:00,2022-02-28T06:35:38.516346580,2022-02-28T06:36:09.647105865,2022-02-28T07:00:00,2022-02-28T06:36:40.777865150,2022-02-28T06:00:00,1,ceiling_to_next_hour_no_interpolation,False,1430.352894,2022-02-28T07:00:00,deployment_forecast,"{""1"":22.305646896362305,""2"":21.521059036254883,""3"":34.6705436706543,""4"":31.02470588684082,""5"":14.713329315185547,""6"":25.228315353393555}",19.66074835336027,idw,1.0,5,0.7483299051326388,2.4435796037388173,6,0.5979113177814668,0.4043709730365254,2.4729767136615752,supported
walking-1,1177449289:0:f,102,walking,10.77940095,106.68219719999999,"[[10.7794251,106.6821552],[10.7793768,106.6822392]]",7.654916287996721,2022-02-28T06:00:00,2022-02-28T06:36:40.777865150,2022-02-28T06:36:44.605323294,2022-02-28T07:00:00,2022-02-28T06:36:48.432781438,2022-02-28T06:00:00,1,ceiling_to_next_hour_no_interpolation,False,1395.394676,2022-02-28T07:00:00,deployment_forecast,"{""1"":22.305646896362305,""2"":21.521059036254883,""3"":34.6705436706543,""4"":31.02470588684082,""5"":14.713329315185547,""6"":25.228315353393555}",19.44256873288838,idw,1.0,5,0.6997832982036196,2.486728941844736,6,0.6159857225970266,0.4218461463799387,2.3705325000156408,supported
walking-1,1177449289:1:f,103,walking,10.779181999999999,106.68257775000001,"[[10.7793768,106.6822392],[10.7789872,106.6829163]]",61.71494776592845,2022-02-28T06:00:00,2022-02-28T06:36:48.432781438,2022-02-28T06:37:19.290255321,2022-02-28T07:00:00,2022-02-28T06:37:50.147729204,2022-02-28T06:00:00,1,ceiling_to_next_hour_no_interpolation,False,1360.709744,2022-02-28T07:00:00,deployment_forecast,"{""1"":22.305646896362305,""2"":21.521059036254883,""3"":34.6705436706543,""4"":31.02470588684082,""5"":14.713329315185547,""6"":25.228315353393555}",19.21635139852151,idw,1.0,5,0.6516281419740806,2.5295148753893275,6,0.6346666327589472,0.44088570211930245,2.268161555689104,supported
walking-1,1177449289:2:f,104,walking,10.778966650000001,106.682952,"[[10.7789872,106.6829163],[10.7789461,106.6829877]]",6.5085065116300616,2022-02-28T06:00:00,2022-02-28T06:37:50.147729204,2022-02-28T06:37:53.401982460,2022-02-28T07:00:00,2022-02-28T06:37:56.656235716,2022-02-28T06:00:00,1,ceiling_to_next_hour_no_interpolation,False,1326.598017,2022-02-28T07:00:00,deployment_forecast,"{""1"":22.305646896362305,""2"":21.521059036254883,""3"":34.6705436706543,""4"":31.02470588684082,""5"":14.713329315185547,""6"":25.228315353393555}",18.983703110854886,idw,1.0,5,0.6042717039432761,2.571778573223595,6,0.6538268216769888,0.461429145309604,2.1671799672060863,supported
walking-1,1177449289:3:f,105,walking,10.77893975,106.68299875,"[[10.7789461,106.6829877],[10.7789334,106.6830098]]",2.0136710667886644,2022-02-28T06:00:00,2022-02-28T06:37:56.656235716,2022-02-28T06:37:57.663071249,2022-02-28T07:00:00,2022-02-28T06:37:58.669906782,2022-02-28T06:00:00,1,ceiling_to_next_hour_no_interpolation,False,1322.336928,2022-02-28T07:00:00,deployment_forecast,"{""1"":22.305646896362305,""2"":21.521059036254883,""3"":34.6705436706543,""4"":31.02470588684082,""5"":14.713329315185547,""6"":25.228315353393555}",18.953899089005176,idw,1.0,5,0.5983563756670044,2.5770705022860505,6,0.6562778417577554,0.46413059957394176,2.1545659797435692,supported
walking-1,1177449289:4:f,106,walking,10.778919349999999,106.6830337,"[[10.7789334,106.6830098],[10.7789053,106.6830576]]",4.381095543757483,2022-02-28T06:00:00,2022-02-28T06:37:58.669906782,2022-02-28T06:38:00.860454554,2022-02-28T07:00:00,2022-02-28T06:38:03.051002326,2022-02-28T06:00:00,1,ceiling_to_next_hour_no_interpolation,False,1319.139545,2022-02-28T07:00:00,deployment_forecast,"{""1"":22.305646896362305,""2"":21.521059036254883,""3"":34.6705436706543,""4"":31.02470588684082,""5"":14.713329315185547,""6"":25.228315353393555}",18.931429222410436,idw,1.0,5,0.5939187501914068,2.581030647395398,6,0.6581249439376109,0.46617747041778707,2.1451058093901505,supported
walking-1,1180975825:0:f,107,walking,10.7788778,106.68310604999999,"[[10.7789053,106.6830576],[10.7788503,106.6831545]]",8.801625990373804,2022-02-28T06:00:00,2022-02-28T06:38:03.051002326,2022-02-28T06:38:07.451815321,2022-02-28T07:00:00,2022-02-28T06:38:11.852628317,2022-02-28T06:00:00,1,ceiling_to_next_hour_no_interpolation,False,1312.548184,2022-02-28T07:00:00,deployment_forecast,"{""1"":22.305646896362305,""2"":21.521059036254883,""3"":34.6705436706543,""4"":31.02470588684082,""5"":14.713329315185547,""6"":25.228315353393555}",18.884792951804346,idw,1.0,5,0.584768682360476,2.589228321355977,6,0.6619578357282354,0.47045470051975014,2.1256031641201956,supported
walking-1,1180975825:1:f,108,walking,10.77884695,106.68316035000001,"[[10.7788503,106.6831545],[10.7788436,106.6831662]]",1.0651114601759353,2022-02-28T06:00:00,2022-02-28T06:38:11.852628317,2022-02-28T06:38:12.385184047,2022-02-28T07:00:00,2022-02-28T06:38:12.917739777,2022-02-28T06:00:00,1,ceiling_to_next_hour_no_interpolation,False,1307.614815,2022-02-28T07:00:00,deployment_forecast,"{""1"":22.305646896362305,""2"":21.521059036254883,""3"":34.6705436706543,""4"":31.02470588684082,""5"":14.713329315185547,""6"":25.228315353393555}",18.84961124992395,idw,1.0,5,0.5779192071803123,2.595382441958597,6,0.6648483802123504,0.47370698152990603,2.1110096304056016,supported
walking-1,1180975825:2:f,109,walking,10.7788407,106.6831713,"[[10.7788436,106.6831662],[10.7788378,106.6831764]]",0.9269089299619121,2022-02-28T06:00:00,2022-02-28T06:38:12.917739777,2022-02-28T06:38:13.381194242,2022-02-28T07:00:00,2022-02-28T06:38:13.844648707,2022-02-28T06:00:00,1,ceiling_to_next_hour_no_interpolation,False,1306.618805,2022-02-28T07:00:00,deployment_forecast,"{""1"":22.305646896362305,""2"":21.521059036254883,""3"":34.6705436706543,""4"":31.02470588684082,""5"":14.713329315185547,""6"":25.228315353393555}",18.842480414940137,idw,1.0,5,0.5765364343596897,2.596624114185416,6,0.6654340997350024,0.4743688057056043,2.1080644173314487,supported
walking-1,1180975825:3:f,110,walking,10.7786122,106.68356985,"[[10.7788378,106.6831764],[10.7783866,106.6839633]]",71.65909438540541,2022-02-28T06:00:00,2022-02-28T06:38:13.844648707,2022-02-28T06:38:49.674195899,2022-02-28T07:00:00,2022-02-28T06:39:25.503743092,2022-02-28T06:00:00,1,ceiling_to_next_hour_no_interpolation,False,1270.325804,2022-02-28T07:00:00,deployment_forecast,"{""1"":22.305646896362305,""2"":21.521059036254883,""3"":34.6705436706543,""4"":31.02470588684082,""5"":14.713329315185547,""6"":25.228315353393555}",18.57598272895814,idw,1.0,5,0.5261556322391402,2.641922271367819,6,0.6872935581373952,0.49973944475919346,2.0010427643586635,supported
walking-1,700026885:0:f,111,walking,10.77831665,106.6840851,"[[10.7783866,106.6839633],[10.7782467,106.6842069]]",22.19244463154661,2022-02-28T06:00:00,2022-02-28T06:39:25.503743092,2022-02-28T06:39:36.599965408,2022-02-28T07:00:00,2022-02-28T06:39:47.696187724,2022-02-28T06:00:00,1,ceiling_to_next_hour_no_interpolation,False,1223.400034,2022-02-28T07:00:00,deployment_forecast,"{""1"":22.305646896362305,""2"":21.521059036254883,""3"":34.6705436706543,""4"":31.02470588684082,""5"":14.713329315185547,""6"":25.228315353393555}",18.2110047923574,idw,1.0,5,0.4610237140029993,2.700754070084376,6,0.7171448960100024,0.5364761837138144,1.8640156457224097,supported
walking-1,700026885:1:f,112,walking,10.778183049999999,106.68431765,"[[10.7782467,106.6842069],[10.7781194,106.6844284]]",20.182818836647968,2022-02-28T06:00:00,2022-02-28T06:39:47.696187724,2022-02-28T06:39:57.787597142,2022-02-28T07:00:00,2022-02-28T06:40:07.879006560,2022-02-28T06:00:00,1,ceiling_to_next_hour_no_interpolation,False,1202.212402,2022-02-28T07:00:00,deployment_forecast,"{""1"":22.305646896362305,""2"":21.521059036254883,""3"":34.6705436706543,""4"":31.02470588684082,""5"":14.713329315185547,""6"":25.228315353393555}",18.03811538421966,idw,1.0,5,0.4316208225716925,2.727403527709994,6,0.7312540208460464,0.5546709218133304,1.8028707845920595,supported
walking-1,700026885:2:f,113,walking,10.77798765,106.6846578,"[[10.7781194,106.6844284],[10.7778559,106.6848872]]",41.79803818015592,2022-02-28T06:00:00,2022-02-28T06:40:07.879006560,2022-02-28T06:40:28.778025650,2022-02-28T07:00:00,2022-02-28T06:40:49.677044741,2022-02-28T06:00:00,1,ceiling_to_next_hour_no_interpolation,False,1171.221974,2022-02-28T07:00:00,deployment_forecast,"{""1"":22.305646896362305,""2"":21.521059036254883,""3"":34.6705436706543,""4"":31.02470588684082,""5"":14.713329315185547,""6"":25.228315353393555}",17.77550804926473,idw,1.0,5,0.3886207875478572,2.766484859234232,6,0.752650067835952,0.5832715710670021,1.7144672389409616,supported
walking-1,700026885:3:f,114,walking,10.7776384,106.6851427,"[[10.7778559,106.6848872],[10.7774209,106.6853982]]",53.17937560207352,2022-02-28T06:00:00,2022-02-28T06:40:49.677044741,2022-02-28T06:41:16.266732542,2022-02-28T07:00:00,2022-02-28T06:41:42.856420343,2022-02-28T06:00:00,1,ceiling_to_next_hour_no_interpolation,False,1123.733267,2022-02-28T07:00:00,deployment_forecast,"{""1"":22.305646896362305,""2"":21.521059036254883,""3"":34.6705436706543,""4"":31.02470588684082,""5"":14.713329315185547,""6"":25.228315353393555}",17.356107892757567,idw,1.0,5,0.3238306420603569,2.823263228749582,6,0.7867056568038139,0.6312876159095051,1.584064022164106,supported
walking-1,700026885:4:f,115,walking,10.77710875,106.68577385,"[[10.7774209,106.6853982],[10.7767966,106.6861495]]",77.39267769478117,2022-02-28T06:00:00,2022-02-28T06:41:42.856420343,2022-02-28T06:42:21.552759190,2022-02-28T07:00:00,2022-02-28T06:43:00.249098037,2022-02-28T06:00:00,1,ceiling_to_next_hour_no_interpolation,False,1058.44724,2022-02-28T07:00:00,deployment_forecast,"{""1"":22.305646896362305,""2"":21.521059036254883,""3"":34.6705436706543,""4"":31.02470588684082,""5"":14.713329315185547,""6"":25.228315353393555}",16.74554400294356,idw,1.0,5,0.2371897530681209,2.8987952862283883,6,0.836135266116057,0.7063548737025107,1.4157189781367052,supported
walking-1,35113721:17:r,116,walking,10.7770799,106.68643055,"[[10.7767966,106.6861495],[10.7773632,106.6867116]]",63.34116408644434,2022-02-28T06:00:00,2022-02-28T06:43:00.249098037,2022-02-28T06:43:31.919680081,2022-02-28T07:00:00,2022-02-28T06:44:03.590262124,2022-02-28T06:00:00,1,ceiling_to_next_hour_no_interpolation,False,988.080319,2022-02-28T07:00:00,deployment_forecast,"{""1"":22.305646896362305,""2"":21.521059036254883,""3"":34.6705436706543,""4"":31.02470588684082,""5"":14.713329315185547,""6"":25.228315353393555}",16.23170673455132,idw,1.0,5,0.17024972027380011,2.9703495710911842,6,0.8777858199557342,0.7744909288859984,1.2911707067226292,supported
walking-1,35113721:16:r,117,walking,10.7774105,106.68675855000001,"[[10.7773632,106.6867116],[10.7774578,106.6868055]]",10.578304605976967,2022-02-28T06:00:00,2022-02-28T06:44:03.590262124,2022-02-28T06:44:08.879414427,2022-02-28T07:00:00,2022-02-28T06:44:14.168566730,2022-02-28T06:00:00,1,ceiling_to_next_hour_no_interpolation,False,951.120585,2022-02-28T07:00:00,deployment_forecast,"{""1"":22.305646896362305,""2"":21.521059036254883,""3"":34.6705436706543,""4"":31.02470588684082,""5"":14.713329315185547,""6"":25.228315353393555}",16.17526197764891,idw,1.0,5,0.1632866987140167,3.0014991435166296,6,0.8825008010763924,0.7824719538942706,1.2780010772566581,supported
walking-1,35113721:15:r,118,walking,10.77767845,106.68702445,"[[10.7774578,106.6868055],[10.7778991,106.6872434]]",49.33937512036412,2022-02-28T06:00:00,2022-02-28T06:44:14.168566730,2022-02-28T06:44:38.838254290,2022-02-28T07:00:00,2022-02-28T06:45:03.507941850,2022-02-28T06:00:00,1,ceiling_to_next_hour_no_interpolation,False,921.161745,2022-02-28T07:00:00,deployment_forecast,"{""1"":22.305646896362305,""2"":21.521059036254883,""3"":34.6705436706543,""4"":31.02470588684082,""5"":14.713329315185547,""6"":25.228315353393555}",16.220869423844956,idw,1.0,5,0.1692509449954644,3.027155438161633,6,0.8789793986616854,0.7764774185088491,1.2878674590697108,supported
walking-1,327048054:15:f,119,walking,10.77772005,106.68743755,"[[10.7778991,106.6872434],[10.777541,106.6876317]]",41.88776774844325,2022-02-28T06:00:00,2022-02-28T06:45:03.507941850,2022-02-28T06:45:24.451825724,2022-02-28T07:00:00,2022-02-28T06:45:45.395709599,2022-02-28T06:00:00,1,ceiling_to_next_hour_no_interpolation,False,875.548174,2022-02-28T07:00:00,deployment_forecast,"{""1"":22.305646896362305,""2"":21.521059036254883,""3"":34.6705436706543,""4"":31.02470588684082,""5"":14.713329315185547,""6"":25.228315353393555}",16.110215421932853,idw,1.0,5,0.15593357754992687,3.0715805597712555,6,0.8879962796334855,0.7918356153262239,1.2628883832006161,supported
walking-1,327048054:16:f,120,walking,10.7775106,106.68766465,"[[10.777541,106.6876317],[10.7774802,106.6876976]]",7.110339226267737,2022-02-28T06:00:00,2022-02-28T06:45:45.395709599,2022-02-28T06:45:48.950879212,2022-02-28T07:00:00,2022-02-28T06:45:52.506048825,2022-02-28T06:00:00,1,ceiling_to_next_hour_no_interpolation,False,851.04912,2022-02-28T07:00:00,deployment_forecast,"{""1"":22.305646896362305,""2"":21.521059036254883,""3"":34.6705436706543,""4"":31.02470588684082,""5"":14.713329315185547,""6"":25.228315353393555}",15.881054372800024,idw,1.0,5,0.12823904740958064,3.09865416178647,6,0.9063932945643134,0.8238454966561922,1.213819829153379,supported
walking-1,327048054:17:f,121,walking,10.77729705,106.687896,"[[10.7774802,106.6876976],[10.7771139,106.6880944]]",42.82452663182037,2022-02-28T06:00:00,2022-02-28T06:45:52.506048825,2022-02-28T06:46:13.918312141,2022-02-28T07:00:00,2022-02-28T06:46:35.330575457,2022-02-28T06:00:00,1,ceiling_to_next_hour_no_interpolation,False,826.081687,2022-02-28T07:00:00,deployment_forecast,"{""1"":22.305646896362305,""2"":21.521059036254883,""3"":34.6705436706543,""4"":31.02470588684082,""5"":14.713329315185547,""6"":25.228315353393555}",15.673202097949801,idw,1.0,5,0.10394617073309052,3.126376447106535,6,0.9230736716461346,0.8536113497045941,1.1714933269643921,supported
motorbike-1,242307850:0:f,1,motorbike,10.780842700000001,106.66004285,"[[10.7802867,106.6595074],[10.7813987,106.6605783]]",24.510766370892025,2022-02-28T06:00:00,2022-02-28T06:00:00,2022-02-28T06:00:12.255383185,2022-02-28T07:00:00,2022-02-28T06:00:24.510766371,2022-02-28T06:00:00,1,ceiling_to_next_hour_no_interpolation,False,3587.744616,2022-02-28T07:00:00,deployment_forecast,"{""1"":22.305646896362305,""2"":21.521059036254883,""3"":34.6705436706543,""4"":31.02470588684082,""5"":14.713329315185547,""6"":25.228315353393555}",25.102569564032116,idw,1.0,6,0.07606002512771362,3.073606695230781,6,0.939752963555569,0.8840584254440285,1.131146959543696,supported
motorbike-1,242307850:1:f,2,motorbike,10.781085050000002,106.66065485,"[[10.7813987,106.6605783],[10.7807714,106.6607314]]",10.329037001902451,2022-02-28T06:00:00,2022-02-28T06:00:24.510766371,2022-02-28T06:00:29.675284872,2022-02-28T07:00:00,2022-02-28T06:00:34.839803373,2022-02-28T06:00:00,1,ceiling_to_next_hour_no_interpolation,False,3570.324715,2022-02-28T07:00:00,deployment_forecast,"{""1"":22.305646896362305,""2"":21.521059036254883,""3"":34.6705436706543,""4"":31.02470588684082,""5"":14.713329315185547,""6"":25.228315353393555}",24.989150540691487,idw,1.0,6,0.1474685715736376,3.0122339605116593,6,0.8887850754056424,0.7931093151585986,1.2608602381627927,supported
motorbike-1,1277704606:0:r,3,motorbike,10.7809155,106.66111355000001,"[[10.7807714,106.6607314],[10.7810596,106.6614957]]",12.877292037855717,2022-02-28T06:00:00,2022-02-28T06:00:34.839803373,2022-02-28T06:00:41.278449392,2022-02-28T07:00:00,2022-02-28T06:00:47.717095411,2022-02-28T06:00:00,1,ceiling_to_next_hour_no_interpolation,False,3558.72155,2022-02-28T07:00:00,deployment_forecast,"{""1"":22.305646896362305,""2"":21.521059036254883,""3"":34.6705436706543,""4"":31.02470588684082,""5"":14.713329315185547,""6"":25.228315353393555}",24.922050014659487,idw,1.0,6,0.18746480435941523,2.9596277418385912,6,0.8621173798390558,0.7481576547012949,1.3366166792736407,supported
motorbike-1,520723335:2:r,4,motorbike,10.78122965,106.66193150000001,"[[10.7810596,106.6614957],[10.7813997,106.6623673]]",14.751753042592275,2022-02-28T06:00:00,2022-02-28T06:00:47.717095411,2022-02-28T06:00:55.092971932,2022-02-28T07:00:00,2022-02-28T06:01:02.468848453,2022-02-28T06:00:00,1,ceiling_to_next_hour_no_interpolation,False,3544.907028,2022-02-28T07:00:00,deployment_forecast,"{""1"":22.305646896362305,""2"":21.521059036254883,""3"":34.6705436706543,""4"":31.02470588684082,""5"":14.713329315185547,""6"":25.228315353393555}",24.77539091904218,idw,1.0,6,0.28303910455213144,2.8779933987546675,6,0.8039601192069143,0.6564014166847133,1.5234580160577655,supported
motorbike-1,520723335:1:r,5,motorbike,10.7815737,106.66281325,"[[10.7813997,106.6623673],[10.7817477,106.6632592]]",15.095189128374933,2022-02-28T06:00:00,2022-02-28T06:01:02.468848453,2022-02-28T06:01:10.016443017,2022-02-28T07:00:00,2022-02-28T06:01:17.564037582,2022-02-28T06:00:00,1,ceiling_to_next_hour_no_interpolation,False,3529.983556,2022-02-28T07:00:00,deployment_forecast,"{""1"":22.305646896362305,""2"":21.521059036254883,""3"":34.6705436706543,""4"":31.02470588684082,""5"":14.713329315185547,""6"":25.228315353393555}",24.621667582406097,idw,1.0,6,0.38645693288067984,2.791135301146874,6,0.7481373633234457,0.5765289084004281,1.7345184004293677,supported
motorbike-1,520723335:0:r,6,motorbike,10.782001950000002,106.6639174,"[[10.7817477,106.6632592],[10.7822562,106.6645756]]",22.24952552792061,2022-02-28T06:00:00,2022-02-28T06:01:17.564037582,2022-02-28T06:01:28.688800346,2022-02-28T07:00:00,2022-02-28T06:01:39.813563110,2022-02-28T06:00:00,1,ceiling_to_next_hour_no_interpolation,False,3511.311199,2022-02-28T07:00:00,deployment_forecast,"{""1"":22.305646896362305,""2"":21.521059036254883,""3"":34.6705436706543,""4"":31.02470588684082,""5"":14.713329315185547,""6"":25.228315353393555}",24.434084445011308,idw,1.0,6,0.5159876186847594,2.683982416387248,6,0.6867344355868193,0.4981101137716461,2.00758822668363,supported
motorbike-1,32579174:7:f,7,motorbike,10.78206985,106.6648898,"[[10.7822562,106.6645756],[10.7818835,106.665204]]",11.54617415683,2022-02-28T06:00:00,2022-02-28T06:01:39.813563110,2022-02-28T06:01:45.586650188,2022-02-28T07:00:00,2022-02-28T06:01:51.359737266,2022-02-28T06:00:00,1,ceiling_to_next_hour_no_interpolation,False,3494.413349,2022-02-28T07:00:00,deployment_forecast,"{""1"":22.305646896362305,""2"":21.521059036254883,""3"":34.6705436706543,""4"":31.02470588684082,""5"":14.713329315185547,""6"":25.228315353393555}",24.27360513558438,idw,1.0,6,0.6193815616989251,2.582662681000816,6,0.6428277277319017,0.4483581560910634,2.230359783612135,supported
motorbike-1,32579174:8:f,8,motorbike,10.7817328,106.66549175,"[[10.7818835,106.665204],[10.7815821,106.6657795]]",10.25839145338479,2022-02-28T06:00:00,2022-02-28T06:01:51.359737266,2022-02-28T06:01:56.488932993,2022-02-28T07:00:00,2022-02-28T06:02:01.618128720,2022-02-28T06:00:00,1,ceiling_to_next_hour_no_interpolation,False,3483.511067,2022-02-28T07:00:00,deployment_forecast,"{""1"":22.305646896362305,""2"":21.521059036254883,""3"":34.6705436706543,""4"":31.02470588684082,""5"":14.713329315185547,""6"":25.228315353393555}",24.17064683792095,idw,1.0,6,0.6738457324403557,2.5098021883631327,6,0.6207469231173894,0.42554847094386067,2.349908572769663,supported
motorbike-1,32579174:9:f,9,motorbike,10.78152495,106.66587895,"[[10.7815821,106.6657795],[10.7814678,106.6659784]]",3.624584720921729,2022-02-28T06:00:00,2022-02-28T06:02:01.618128720,2022-02-28T06:02:03.430421080,2022-02-28T07:00:00,2022-02-28T06:02:05.242713441,2022-02-28T06:00:00,1,ceiling_to_next_hour_no_interpolation,False,3476.569578,2022-02-28T07:00:00,deployment_forecast,"{""1"":22.305646896362305,""2"":21.521059036254883,""3"":34.6705436706543,""4"":31.02470588684082,""5"":14.713329315185547,""6"":25.228315353393555}",24.100766924124457,idw,1.0,6,0.7110987702609476,2.463256783424434,6,0.6062920670642792,0.4113826917407696,2.4308266246411363,supported
motorbike-1,289494377:7:r,10,motorbike,10.7815411,106.66606575,"[[10.7814678,106.6659784],[10.7816144,106.6661531]]",3.6140412492954717,2022-02-28T06:00:00,2022-02-28T06:02:05.242713441,2022-02-28T06:02:07.049734065,2022-02-28T07:00:00,2022-02-28T06:02:08.856754690,2022-02-28T06:00:00,1,ceiling_to_next_hour_no_interpolation,False,3472.950265,2022-02-28T07:00:00,deployment_forecast,"{""1"":22.305646896362305,""2"":21.521059036254883,""3"":34.6705436706543,""4"":31.02470588684082,""5"":14.713329315185547,""6"":25.228315353393555}",24.06787618836182,idw,1.0,6,0.7315221962927604,2.4438398136677795,6,0.5987381955191614,0.40416974618122864,2.4742079521004094,supported
motorbike-1,289494377:6:r,11,motorbike,10.781634100000002,106.66617655,"[[10.7816144,106.6661531],[10.7816538,106.6662]]",0.9706810904323508,2022-02-28T06:00:00,2022-02-28T06:02:08.856754690,2022-02-28T06:02:09.342095235,2022-02-28T07:00:00,2022-02-28T06:02:09.827435780,2022-02-28T06:00:00,1,ceiling_to_next_hour_no_interpolation,False,3470.657904,2022-02-28T07:00:00,deployment_forecast,"{""1"":22.305646896362305,""2"":21.521059036254883,""3"":34.6705436706543,""4"":31.02470588684082,""5"":14.713329315185547,""6"":25.228315353393555}",24.049532094650814,idw,1.0,6,0.745190662042047,2.4345458489388148,6,0.5938740730893891,0.39957343169794346,2.502668898056134,supported
motorbike-1,289494377:5:r,12,motorbike,10.781708850000001,106.6662656,"[[10.7816538,106.6662],[10.7817639,106.6663312]]",2.71418305186391,2022-02-28T06:00:00,2022-02-28T06:02:09.827435780,2022-02-28T06:02:11.184527306,2022-02-28T07:00:00,2022-02-28T06:02:12.541618832,2022-02-28T06:00:00,1,ceiling_to_next_hour_no_interpolation,False,3468.815472,2022-02-28T07:00:00,deployment_forecast,"{""1"":22.305646896362305,""2"":21.521059036254883,""3"":34.6705436706543,""4"":31.02470588684082,""5"":14.713329315185547,""6"":25.228315353393555}",24.034798899051637,idw,1.0,6,0.7562399556169751,2.4271263364833953,6,0.5899900351224233,0.3959505142975196,2.5255681300835335,supported
motorbike-1,289494377:4:r,13,motorbike,10.781766600000001,106.6663359,"[[10.7817639,106.6663312],[10.7817693,106.6663406]]",0.17128288444331768,2022-02-28T06:00:00,2022-02-28T06:02:12.541618832,2022-02-28T06:02:12.627260274,2022-02-28T07:00:00,2022-02-28T06:02:12.712901717,2022-02-28T06:00:00,1,ceiling_to_next_hour_no_interpolation,False,3467.372739,2022-02-28T07:00:00,deployment_forecast,"{""1"":22.305646896362305,""2"":21.521059036254883,""3"":34.6705436706543,""4"":31.02470588684082,""5"":14.713329315185547,""6"":25.228315353393555}",24.023158888384405,idw,1.0,6,0.7649747752311411,2.4212659728122725,6,0.5869477350304177,0.393142729453156,2.5436054773058006,supported
motorbike-1,289494377:3:r,14,motorbike,10.78176975,106.66634605,"[[10.7817693,106.6663406],[10.7817702,106.6663515]]",0.1720553272408841,2022-02-28T06:00:00,2022-02-28T06:02:12.712901717,2022-02-28T06:02:12.798929380,2022-02-28T07:00:00,2022-02-28T06:02:12.884957044,2022-02-28T06:00:00,1,ceiling_to_next_hour_no_interpolation,False,3467.20107,2022-02-28T07:00:00,deployment_forecast,"{""1"":22.305646896362305,""2"":21.521059036254883,""3"":34.6705436706543,""4"":31.02470588684082,""5"":14.713329315185547,""6"":25.228315353393555}",24.021405286866543,idw,1.0,6,0.7661296045159633,2.4202788332228367,6,0.5865402677018076,0.3927711543784976,2.546011815919508,supported
motorbike-1,289494377:2:r,15,motorbike,10.7817683,106.66635665000001,"[[10.7817702,106.6663515],[10.7817664,106.6663618]]",0.1730620536081506,2022-02-28T06:00:00,2022-02-28T06:02:12.884957044,2022-02-28T06:02:12.971488071,2022-02-28T07:00:00,2022-02-28T06:02:13.058019098,2022-02-28T06:00:00,1,ceiling_to_next_hour_no_interpolation,False,3467.028511,2022-02-28T07:00:00,deployment_forecast,"{""1"":22.305646896362305,""2"":21.521059036254883,""3"":34.6705436706543,""4"":31.02470588684082,""5"":14.713329315185547,""6"":25.228315353393555}",24.01950593447496,idw,1.0,6,0.7672364480723299,2.4191171924566457,6,0.5861429205537727,0.39241175418243435,2.548343645015013,supported
motorbike-1,289494377:1:r,16,motorbike,10.7817625,106.6663657,"[[10.7817664,106.6663618],[10.7817586,106.6663696]]",0.17507516038425794,2022-02-28T06:00:00,2022-02-28T06:02:13.058019098,2022-02-28T06:02:13.145556678,2022-02-28T07:00:00,2022-02-28T06:02:13.233094258,2022-02-28T06:00:00,1,ceiling_to_next_hour_no_interpolation,False,3466.854443,2022-02-28T07:00:00,deployment_forecast,"{""1"":22.305646896362305,""2"":21.521059036254883,""3"":34.6705436706543,""4"":31.02470588684082,""5"":14.713329315185547,""6"":25.228315353393555}",24.017817657794964,idw,1.0,6,0.7680866331656101,2.417999501740988,6,0.5858304268720296,0.39213199084178757,2.5501617398093575,supported
motorbike-1,289494377:0:r,17,motorbike,10.7816507,106.66645535,"[[10.7817586,106.6663696],[10.7815428,106.6665411]]",4.383707099311092,2022-02-28T06:00:00,2022-02-28T06:02:13.233094258,2022-02-28T06:02:15.424947808,2022-02-28T07:00:00,2022-02-28T06:02:17.616801357,2022-02-28T06:00:00,1,ceiling_to_next_hour_no_interpolation,False,3464.575052,2022-02-28T07:00:00,deployment_forecast,"{""1"":22.305646896362305,""2"":21.521059036254883,""3"":34.6705436706543,""4"":31.02470588684082,""5"":14.713329315185547,""6"":25.228315353393555}",24.000132039557986,idw,1.0,6,0.7755108958879162,2.4054476773382607,6,0.5830164595802639,0.38965854906646724,2.566349442084028,supported
motorbike-1,694637565:0:f,18,motorbike,10.7815084,106.6665679,"[[10.7815428,106.6665411],[10.781474,106.6665947]]",1.387230021812698,2022-02-28T06:00:00,2022-02-28T06:02:17.616801357,2022-02-28T06:02:18.310416368,2022-02-28T07:00:00,2022-02-28T06:02:19.004031379,2022-02-28T06:00:00,1,ceiling_to_next_hour_no_interpolation,False,3461.689583,2022-02-28T07:00:00,deployment_forecast,"{""1"":22.305646896362305,""2"":21.521059036254883,""3"":34.6705436706543,""4"":31.02470588684082,""5"":14.713329315185547,""6"":25.228315353393555}",23.977429980632987,idw,1.0,6,0.7851521400251332,2.389692994640398,6,0.5794019956228301,0.38651561962274134,2.5872175643924824,supported
motorbike-1,410150107:0:f,19,motorbike,10.781590999999999,106.66672395,"[[10.781474,106.6665947],[10.781708,106.6668532]]",5.529156304135128,2022-02-28T06:00:00,2022-02-28T06:02:19.004031379,2022-02-28T06:02:21.768609531,2022-02-28T07:00:00,2022-02-28T06:02:24.533187682,2022-02-28T06:00:00,1,ceiling_to_next_hour_no_interpolation,False,3458.23139,2022-02-28T07:00:00,deployment_forecast,"{""1"":22.305646896362305,""2"":21.521059036254883,""3"":34.6705436706543,""4"":31.02470588684082,""5"":14.713329315185547,""6"":25.228315353393555}",23.95080600197349,idw,1.0,6,0.8033885610248012,2.375375244285393,6,0.5731539553241942,0.3810020277666441,2.624657946997803,supported
motorbike-1,520723263:0:f,20,motorbike,10.7817453,106.66689400000001,"[[10.781708,106.6668532],[10.7817826,106.6669348]]",1.7533574080218002,2022-02-28T06:00:00,2022-02-28T06:02:24.533187682,2022-02-28T06:02:25.409866387,2022-02-28T07:00:00,2022-02-28T06:02:26.286545091,2022-02-28T06:00:00,1,ceiling_to_next_hour_no_interpolation,False,3454.590133,2022-02-28T07:00:00,deployment_forecast,"{""1"":22.305646896362305,""2"":21.521059036254883,""3"":34.6705436706543,""4"":31.02470588684082,""5"":14.713329315185547,""6"":25.228315353393555}",23.923034521270058,idw,1.0,6,0.8245173267880993,2.361655158997175,6,0.5661374875757679,0.3749098347212092,2.6673079961842583,supported
motorbike-1,520723263:1:f,21,motorbike,10.78183405,106.66700875000001,"[[10.7817826,106.6669348],[10.7818855,106.6670827]]",2.850751430993586,2022-02-28T06:00:00,2022-02-28T06:02:26.286545091,2022-02-28T06:02:27.711920807,2022-02-28T07:00:00,2022-02-28T06:02:29.137296522,2022-02-28T06:00:00,1,ceiling_to_next_hour_no_interpolation,False,3452.288079,2022-02-28T07:00:00,deployment_forecast,"{""1"":22.305646896362305,""2"":21.521059036254883,""3"":34.6705436706543,""4"":31.02470588684082,""5"":14.713329315185547,""6"":25.228315353393555}",23.904030367835933,idw,1.0,6,0.8385945909313508,2.3520628392923646,6,0.5615199025628802,0.3709849956296749,2.6955268050738668,supported
motorbike-1,520723263:2:f,22,motorbike,10.781874949999999,106.6671289,"[[10.7818855,106.6670827],[10.7818644,106.6671751]]",1.4921506261487727,2022-02-28T06:00:00,2022-02-28T06:02:29.137296522,2022-02-28T06:02:29.883371835,2022-02-28T07:00:00,2022-02-28T06:02:30.629447148,2022-02-28T06:00:00,1,ceiling_to_next_hour_no_interpolation,False,3450.116628,2022-02-28T07:00:00,deployment_forecast,"{""1"":22.305646896362305,""2"":21.521059036254883,""3"":34.6705436706543,""4"":31.02470588684082,""5"":14.713329315185547,""6"":25.228315353393555}",23.88313920769304,idw,1.0,6,0.8523270473690412,2.3405729864011033,6,0.5569916433764719,0.36722719460676023,2.723109874993967,supported
motorbike-1,520723263:3:f,23,motorbike,10.781813249999999,106.66722095,"[[10.7818644,106.6671751],[10.7817621,106.6672668]]",2.182578526112776,2022-02-28T06:00:00,2022-02-28T06:02:30.629447148,2022-02-28T06:02:31.720736411,2022-02-28T07:00:00,2022-02-28T06:02:32.812025674,2022-02-28T06:00:00,1,ceiling_to_next_hour_no_interpolation,False,3448.279263,2022-02-28T07:00:00,deployment_forecast,"{""1"":22.305646896362305,""2"":21.521059036254883,""3"":34.6705436706543,""4"":31.02470588684082,""5"":14.713329315185547,""6"":25.228315353393555}",23.86519512363305,idw,1.0,6,0.8609987859630291,2.329076639221139,6,0.5540011657955439,0.3648401220887398,2.740926612662329,supported
motorbike-1,520723263:4:f,24,motorbike,10.7815847,106.66742585,"[[10.7817621,106.6672668],[10.7814073,106.6675849]]",7.57034582178801,2022-02-28T06:00:00,2022-02-28T06:02:32.812025674,2022-02-28T06:02:36.597198585,2022-02-28T07:00:00,2022-02-28T06:02:40.382371496,2022-02-28T06:00:00,1,ceiling_to_next_hour_no_interpolation,False,3443.402801,2022-02-28T07:00:00,deployment_forecast,"{""1"":22.305646896362305,""2"":21.521059036254883,""3"":34.6705436706543,""4"":31.02470588684082,""5"":14.713329315185547,""6"":25.228315353393555}",23.822457477726104,idw,1.0,6,0.8791143883797202,2.3009328171977685,6,0.54765580306452,0.3599356167478312,2.778274650992914,supported
motorbike-1,520723263:5:f,25,motorbike,10.78138955,106.6676008,"[[10.7814073,106.6675849],[10.7813718,106.6676167]]",0.7571712286320714,2022-02-28T06:00:00,2022-02-28T06:02:40.382371496,2022-02-28T06:02:40.760957111,2022-02-28T07:00:00,2022-02-28T06:02:41.139542725,2022-02-28T06:00:00,1,ceiling_to_next_hour_no_interpolation,False,3439.239042,2022-02-28T07:00:00,deployment_forecast,"{""1"":22.305646896362305,""2"":21.521059036254883,""3"":34.6705436706543,""4"":31.02470588684082,""5"":14.713329315185547,""6"":25.228315353393555}",23.78491232169198,idw,1.0,6,0.895305925250708,2.2770258273918964,6,0.5420919544800167,0.35573813754098976,2.8110564892266448,supported
motorbike-1,520723263:6:f,26,motorbike,10.7812342,106.66773975,"[[10.7813718,106.6676167],[10.7810966,106.6678628]]",5.865345091804715,2022-02-28T06:00:00,2022-02-28T06:02:41.139542725,2022-02-28T06:02:44.072215271,2022-02-28T07:00:00,2022-02-28T06:02:47.004887817,2022-02-28T06:00:00,1,ceiling_to_next_hour_no_interpolation,False,3435.927784,2022-02-28T07:00:00,deployment_forecast,"{""1"":22.305646896362305,""2"":21.521059036254883,""3"":34.6705436706543,""4"":31.02470588684082,""5"":14.713329315185547,""6"":25.228315353393555}",23.754416937481547,idw,1.0,6,0.9086121538782388,2.258112202699134,6,0.5375902131555544,0.35241369602110284,2.8375741672086408,supported
motorbike-1,410150095:5:f,27,motorbike,10.78108005,106.66789275,"[[10.7810966,106.6678628],[10.7810635,106.6679227]]",1.0810325541474493,2022-02-28T06:00:00,2022-02-28T06:02:47.004887817,2022-02-28T06:02:47.545404094,2022-02-28T07:00:00,2022-02-28T06:02:48.085920371,2022-02-28T06:00:00,1,ceiling_to_next_hour_no_interpolation,False,3432.454595,2022-02-28T07:00:00,deployment_forecast,"{""1"":22.305646896362305,""2"":21.521059036254883,""3"":34.6705436706543,""4"":31.02470588684082,""5"":14.713329315185547,""6"":25.228315353393555}",23.720706180668213,idw,1.0,6,0.9238401799642689,2.237814110961368,6,0.5325361103259053,0.34874798813443453,2.867400053973996,supported
motorbike-1,410150095:6:f,28,motorbike,10.78100225,106.66803335,"[[10.7810635,106.6679227],[10.780941,106.668144]]",3.9955337663611283,2022-02-28T06:00:00,2022-02-28T06:02:48.085920371,2022-02-28T06:02:50.083687254,2022-02-28T07:00:00,2022-02-28T06:02:52.081454137,2022-02-28T06:00:00,1,ceiling_to_next_hour_no_interpolation,False,3429.916312,2022-02-28T07:00:00,deployment_forecast,"{""1"":22.305646896362305,""2"":21.521059036254883,""3"":34.6705436706543,""4"":31.02470588684082,""5"":14.713329315185547,""6"":25.228315353393555}",23.691287005662723,idw,1.0,6,0.9385743065911665,2.2208623264322154,6,0.5277933077148635,0.3453453350251446,2.895652260445881,supported
motorbike-1,410150095:7:f,29,motorbike,10.7808711,106.66826445000001,"[[10.780941,106.668144],[10.7808012,106.6683849]]",4.401034633005793,2022-02-28T06:00:00,2022-02-28T06:02:52.081454137,2022-02-28T06:02:54.281971454,2022-02-28T07:00:00,2022-02-28T06:02:56.482488770,2022-02-28T06:00:00,1,ceiling_to_next_hour_no_interpolation,False,3425.718028,2022-02-28T07:00:00,deployment_forecast,"{""1"":22.305646896362305,""2"":21.521059036254883,""3"":34.6705436706543,""4"":31.02470588684082,""5"":14.713329315185547,""6"":25.228315353393555}",23.642175343041266,idw,1.0,6,0.9629867498385248,2.1929391650390695,6,0.5200430399952561,0.3399518513354177,2.9415930405195456,supported
motorbike-1,410150095:0:r,30,motorbike,10.7808737,106.66848465000001,"[[10.7808012,106.6683849],[10.7809462,106.6685844]]",3.903558768155955,2022-02-28T06:00:00,2022-02-28T06:02:56.482488770,2022-02-28T06:02:58.434268154,2022-02-28T07:00:00,2022-02-28T06:03:00.386047538,2022-02-28T06:00:00,1,ceiling_to_next_hour_no_interpolation,False,3421.565731,2022-02-28T07:00:00,deployment_forecast,"{""1"":22.305646896362305,""2"":21.521059036254883,""3"":34.6705436706543,""4"":31.02470588684082,""5"":14.713329315185547,""6"":25.228315353393555}",23.599252150669326,idw,1.0,6,0.987027824132937,2.169595671166517,6,0.512688231643253,0.3349464983834144,2.9855514382935766,supported
motorbike-1,410149784:1:r,31,motorbike,10.78092925,106.66859665,"[[10.7809462,106.6685844],[10.7809123,106.6686089]]",0.6656982828210405,2022-02-28T06:00:00,2022-02-28T06:03:00.386047538,2022-02-28T06:03:00.718896680,2022-02-28T07:00:00,2022-02-28T06:03:01.051745821,2022-02-28T06:00:00,1,ceiling_to_next_hour_no_interpolation,False,3419.281103,2022-02-28T07:00:00,deployment_forecast,"{""1"":22.305646896362305,""2"":21.521059036254883,""3"":34.6705436706543,""4"":31.02470588684082,""5"":14.713329315185547,""6"":25.228315353393555}",23.57926421375626,idw,1.0,6,0.9995447851179416,2.1591373693543847,6,0.5089728740501502,0.3324526489358142,3.0079471563875777,supported
motorbike-1,410149784:0:r,32,motorbike,10.78070965,106.66876115,"[[10.7809123,106.6686089],[10.780507,106.6689134]]",8.065776253544282,2022-02-28T06:00:00,2022-02-28T06:03:01.051745821,2022-02-28T06:03:05.084633948,2022-02-28T07:00:00,2022-02-28T06:03:09.117522075,2022-02-28T06:00:00,1,ceiling_to_next_hour_no_interpolation,False,3414.915366,2022-02-28T07:00:00,deployment_forecast,"{""1"":22.305646896362305,""2"":21.521059036254883,""3"":34.6705436706543,""4"":31.02470588684082,""5"":14.713329315185547,""6"":25.228315353393555}",23.538556339389668,idw,1.0,6,1.0165624234713,2.1360232313547867,6,0.5036254227345298,0.3291430910314025,3.038192285508412,moderate reliability
motorbike-1,716044137:15:r,33,motorbike,10.78053735,106.66895505,"[[10.780507,106.6689134],[10.7805677,106.6689967]]",1.6313964347934653,2022-02-28T06:00:00,2022-02-28T06:03:09.117522075,2022-02-28T06:03:09.933220292,2022-02-28T07:00:00,2022-02-28T06:03:10.748918510,2022-02-28T06:00:00,1,ceiling_to_next_hour_no_interpolation,False,3410.066779,2022-02-28T07:00:00,deployment_forecast,"{""1"":22.305646896362305,""2"":21.521059036254883,""3"":34.6705436706543,""4"":31.02470588684082,""5"":14.713329315185547,""6"":25.228315353393555}",23.493002721556874,idw,1.0,6,1.0374240588892822,2.1111055474342444,6,0.4972790848483231,0.32528914090128536,3.0741880814996754,supported
motorbike-1,716044137:14:r,34,motorbike,10.7807194,106.6692011,"[[10.7805677,106.6689967],[10.7808711,106.6694055]]",8.059060775365502,2022-02-28T06:00:00,2022-02-28T06:03:10.748918510,2022-02-28T06:03:14.778448897,2022-02-28T07:00:00,2022-02-28T06:03:18.807979285,2022-02-28T06:00:00,1,ceiling_to_next_hour_no_interpolation,False,3405.221551,2022-02-28T07:00:00,deployment_forecast,"{""1"":22.305646896362305,""2"":21.521059036254883,""3"":34.6705436706543,""4"":31.02470588684082,""5"":14.713329315185547,""6"":25.228315353393555}",23.450697766267258,idw,1.0,6,1.0646312209885052,2.0894897705465736,6,0.4895477584075725,0.32053881634040043,3.11974696673877,supported
motorbike-1,716044137:13:r,35,motorbike,10.7808805,106.6694182,"[[10.7808711,106.6694055],[10.7808899,106.6694309]]",0.5002405186640708,2022-02-28T06:00:00,2022-02-28T06:03:18.807979285,2022-02-28T06:03:19.058099544,2022-02-28T07:00:00,2022-02-28T06:03:19.308219804,2022-02-28T06:00:00,1,ceiling_to_next_hour_no_interpolation,False,3400.9419,2022-02-28T07:00:00,deployment_forecast,"{""1"":22.305646896362305,""2"":21.521059036254883,""3"":34.6705436706543,""4"":31.02470588684082,""5"":14.713329315185547,""6"":25.228315353393555}",23.413299717975057,idw,1.0,6,1.088938281432361,2.070696646207952,6,0.4827943546345964,0.3165457690546007,3.159100824460904,supported
motorbike-1,716044137:12:r,36,motorbike,10.7808975,106.66944129999999,"[[10.7808899,106.6694309],[10.7809051,106.6694517]]",0.40777182952508195,2022-02-28T06:00:00,2022-02-28T06:03:19.308219804,2022-02-28T06:03:19.512105718,2022-02-28T07:00:00,2022-02-28T06:03:19.715991633,2022-02-28T06:00:00,1,ceiling_to_next_hour_no_interpolation,False,3400.487894,2022-02-28T07:00:00,deployment_forecast,"{""1"":22.305646896362305,""2"":21.521059036254883,""3"":34.6705436706543,""4"":31.02470588684082,""5"":14.713329315185547,""6"":25.228315353393555}",23.409311419227553,idw,1.0,6,1.091539701415666,2.0687082631016733,6,0.48207978811140545,0.31613197661926556,3.163235844390246,supported
motorbike-1,716044137:11:r,37,motorbike,10.781007899999999,106.66959184999999,"[[10.7809051,106.6694517],[10.7811107,106.669732]]",5.502439776901824,2022-02-28T06:00:00,2022-02-28T06:03:19.715991633,2022-02-28T06:03:22.467211522,2022-02-28T07:00:00,2022-02-28T06:03:25.218431410,2022-02-28T06:00:00,1,ceiling_to_next_hour_no_interpolation,False,3397.532788,2022-02-28T07:00:00,deployment_forecast,"{""1"":22.305646896362305,""2"":21.521059036254883,""3"":34.6705436706543,""4"":31.02470588684082,""5"":14.713329315185547,""6"":25.228315353393555}",23.383292595497107,idw,1.0,6,1.1085617246085142,2.055809675257935,6,0.47744281341774913,0.31348731177715033,3.189921768543133,supported
motorbike-1,716044137:10:r,38,motorbike,10.7811385,106.6697682,"[[10.7811107,106.669732],[10.7811663,106.6698044]]",1.4455032417919214,2022-02-28T06:00:00,2022-02-28T06:03:25.218431410,2022-02-28T06:03:25.941183031,2022-02-28T07:00:00,2022-02-28T06:03:26.663934652,2022-02-28T06:00:00,1,ceiling_to_next_hour_no_interpolation,False,3394.058816,2022-02-28T07:00:00,deployment_forecast,"{""1"":22.305646896362305,""2"":21.521059036254883,""3"":34.6705436706543,""4"":31.02470588684082,""5"":14.713329315185547,""6"":25.228315353393555}",23.352860572171277,idw,1.0,6,1.1286582215662586,2.0408964266961833,6,0.472056607649381,0.3105019870150627,3.2205913063979494,supported
motorbike-1,716044137:9:r,39,motorbike,10.78138895,106.67009465000001,"[[10.7811663,106.6698044],[10.7816116,106.6703849]]",11.585062312152202,2022-02-28T06:00:00,2022-02-28T06:03:26.663934652,2022-02-28T06:03:32.456465808,2022-02-28T07:00:00,2022-02-28T06:03:38.248996964,2022-02-28T06:00:00,1,ceiling_to_next_hour_no_interpolation,False,3387.543534,2022-02-28T07:00:00,deployment_forecast,"{""1"":22.305646896362305,""2"":21.521059036254883,""3"":34.6705436706543,""4"":31.02470588684082,""5"":14.713329315185547,""6"":25.228315353393555}",23.296956441855365,idw,1.0,6,1.166346908122978,2.014028800711735,6,0.46221719479665657,0.30528433296187457,3.275634849315654,supported
motorbike-1,716044137:8:r,40,motorbike,10.78173405,106.67054455,"[[10.7816116,106.6703849],[10.7818565,106.6707042]]",6.371941858054412,2022-02-28T06:00:00,2022-02-28T06:03:38.248996964,2022-02-28T06:03:41.434967893,2022-02-28T07:00:00,2022-02-28T06:03:44.620938822,2022-02-28T06:00:00,1,ceiling_to_next_hour_no_interpolation,False,3378.565032,2022-02-28T07:00:00,deployment_forecast,"{""1"":22.305646896362305,""2"":21.521059036254883,""3"":34.6705436706543,""4"":31.02470588684082,""5"":14.713329315185547,""6"":25.228315353393555}",23.22026098012953,idw,1.0,6,1.2191297143170359,1.9780972339833012,6,0.44896257049556615,0.29875654226473924,3.3472070349303444,supported
motorbike-1,716044137:7:r,41,motorbike,10.78201265,106.6709077,"[[10.7818565,106.6707042],[10.7821688,106.6711112]]",8.123405922146333,2022-02-28T06:00:00,2022-02-28T06:03:44.620938822,2022-02-28T06:03:48.682641783,2022-02-28T07:00:00,2022-02-28T06:03:52.744344744,2022-02-28T06:00:00,1,ceiling_to_next_hour_no_interpolation,False,3371.317358,2022-02-28T07:00:00,deployment_forecast,"{""1"":22.305646896362305,""2"":21.521059036254883,""3"":34.6705436706543,""4"":31.02470588684082,""5"":14.713329315185547,""6"":25.228315353393555}",23.15886266966702,idw,1.0,6,1.2623720945613686,1.9500670181058082,6,0.43854086216263377,0.29403114159221316,3.4010002974000733,supported
motorbike-1,716044137:6:r,42,motorbike,10.7821948,106.67114509999999,"[[10.7821688,106.6711112],[10.7822208,106.671179]]",1.3529944801275182,2022-02-28T06:00:00,2022-02-28T06:03:52.744344744,2022-02-28T06:03:53.420841984,2022-02-28T07:00:00,2022-02-28T06:03:54.097339224,2022-02-28T06:00:00,1,ceiling_to_next_hour_no_interpolation,False,3366.579158,2022-02-28T07:00:00,deployment_forecast,"{""1"":22.305646896362305,""2"":21.521059036254883,""3"":34.6705436706543,""4"":31.02470588684082,""5"":14.713329315185547,""6"":25.228315353393555}",23.119062518067285,idw,1.0,6,1.2909188015577775,1.9322327942315185,6,0.43186835881471247,0.2911951896617656,3.4341226624022823,supported
motorbike-1,716044137:5:r,43,motorbike,10.7822564,106.67122605,"[[10.7822208,106.671179],[10.782292,106.6712731]]",1.8682996487015824,2022-02-28T06:00:00,2022-02-28T06:03:54.097339224,2022-02-28T06:03:55.031489048,2022-02-28T07:00:00,2022-02-28T06:03:55.965638873,2022-02-28T06:00:00,1,ceiling_to_next_hour_no_interpolation,False,3364.96851,2022-02-28T07:00:00,deployment_forecast,"{""1"":22.305646896362305,""2"":21.521059036254883,""3"":34.6705436706543,""4"":31.02470588684082,""5"":14.713329315185547,""6"":25.228315353393555}",23.105535482761873,idw,1.0,6,1.3006912190497302,1.9262230415368453,6,0.4296197835670213,0.29027372244981714,3.445024205292579,supported
motorbike-1,716044137:4:r,44,motorbike,10.7823189,106.67130864999999,"[[10.782292,106.6712731],[10.7823458,106.6713442]]",1.4116751131676504,2022-02-28T06:00:00,2022-02-28T06:03:55.965638873,2022-02-28T06:03:56.671476430,2022-02-28T07:00:00,2022-02-28T06:03:57.377313986,2022-02-28T06:00:00,1,ceiling_to_next_hour_no_interpolation,False,3363.328523,2022-02-28T07:00:00,deployment_forecast,"{""1"":22.305646896362305,""2"":21.521059036254883,""3"":34.6705436706543,""4"":31.02470588684082,""5"":14.713329315185547,""6"":25.228315353393555}",23.091753386670682,idw,1.0,6,1.3106799095268997,1.9201249379982845,6,0.42733964651535733,0.28935716641371034,3.4559365243791587,supported
motorbike-1,716044137:3:r,45,motorbike,10.782421150000001,106.67144205,"[[10.7823458,106.6713442],[10.7824965,106.6715399]]",3.9112979248091087,2022-02-28T06:00:00,2022-02-28T06:03:57.377313986,2022-02-28T06:03:59.332962949,2022-02-28T07:00:00,2022-02-28T06:04:01.288611911,2022-02-28T06:00:00,1,ceiling_to_next_hour_no_interpolation,False,3360.667037,2022-02-28T07:00:00,deployment_forecast,"{""1"":22.305646896362305,""2"":21.521059036254883,""3"":34.6705436706543,""4"":31.02470588684082,""5"":14.713329315185547,""6"":25.228315353393555}",23.069656738010497,idw,1.0,6,1.3268832119811822,1.9104301000957895,6,0.4236852386672497,0.28792247428733825,3.4731571492471587,supported
motorbike-1,716044137:2:r,46,motorbike,10.78253235,106.67158885,"[[10.7824965,106.6715399],[10.7825682,106.6716378]]",1.9207736455658524,2022-02-28T06:00:00,2022-02-28T06:04:01.288611911,2022-02-28T06:04:02.248998734,2022-02-28T07:00:00,2022-02-28T06:04:03.209385557,2022-02-28T06:00:00,1,ceiling_to_next_hour_no_interpolation,False,3357.751001,2022-02-28T07:00:00,deployment_forecast,"{""1"":22.305646896362305,""2"":21.521059036254883,""3"":34.6705436706543,""4"":31.02470588684082,""5"":14.713329315185547,""6"":25.228315353393555}",23.045405172246035,idw,1.0,6,1.3447570288804678,1.8998590460201634,6,0.4197082037437873,0.2864141662856937,3.4914474132627764,supported
motorbike-1,716044137:1:r,47,motorbike,10.78258275,106.671657,"[[10.7825682,106.6716378],[10.7825973,106.6716762]]",0.7628481208892232,2022-02-28T06:00:00,2022-02-28T06:04:03.209385557,2022-02-28T06:04:03.590809617,2022-02-28T07:00:00,2022-02-28T06:04:03.972233677,2022-02-28T06:00:00,1,ceiling_to_next_hour_no_interpolation,False,3356.40919,2022-02-28T07:00:00,deployment_forecast,"{""1"":22.305646896362305,""2"":21.521059036254883,""3"":34.6705436706543,""4"":31.02470588684082,""5"":14.713329315185547,""6"":25.228315353393555}",23.03412760357497,idw,1.0,6,1.3530538570727724,1.8949554571137612,6,0.41787885075657866,0.2857403562526885,3.4996806650428858,supported
motorbike-1,716044137:0:r,48,motorbike,10.78275755,106.6718879,"[[10.7825973,106.6716762],[10.7829178,106.6720996]]",8.407693821464491,2022-02-28T06:00:00,2022-02-28T06:04:03.972233677,2022-02-28T06:04:08.176080588,2022-02-28T07:00:00,2022-02-28T06:04:12.379927499,2022-02-28T06:00:00,1,ceiling_to_next_hour_no_interpolation,False,3351.823919,2022-02-28T07:00:00,deployment_forecast,"{""1"":22.305646896362305,""2"":21.521059036254883,""3"":34.6705436706543,""4"":31.02470588684082,""5"":14.713329315185547,""6"":25.228315353393555}",22.99640833202913,idw,1.0,6,1.381343806411169,1.878759826522024,6,0.41174846687253525,0.2835577095685094,3.5266189782732513,supported
motorbike-1,495852561:4:r,49,motorbike,10.7828293,106.6722666,"[[10.7829178,106.6720996],[10.7827408,106.6724336]]",5.969319124879651,2022-02-28T06:00:00,2022-02-28T06:04:12.379927499,2022-02-28T06:04:15.364587061,2022-02-28T07:00:00,2022-02-28T06:04:18.349246624,2022-02-28T06:00:00,1,ceiling_to_next_hour_no_interpolation,False,3344.635412,2022-02-28T07:00:00,deployment_forecast,"{""1"":22.305646896362305,""2"":21.521059036254883,""3"":34.6705436706543,""4"":31.02470588684082,""5"":14.713329315185547,""6"":25.228315353393555}",22.921604930294567,idw,1.0,6,1.4234716145552788,1.8436289020346133,6,0.4021838846699623,0.2808372766186126,3.5607808622857324,supported
motorbike-1,495852561:3:r,50,motorbike,10.7827327,106.67244885,"[[10.7827408,106.6724336],[10.7827246,106.6724641]]",0.545382841929127,2022-02-28T06:00:00,2022-02-28T06:04:18.349246624,2022-02-28T06:04:18.621938045,2022-02-28T07:00:00,2022-02-28T06:04:18.894629466,2022-02-28T06:00:00,1,ceiling_to_next_hour_no_interpolation,False,3341.378061,2022-02-28T07:00:00,deployment_forecast,"{""1"":22.305646896362305,""2"":21.521059036254883,""3"":34.6705436706543,""4"":31.02470588684082,""5"":14.713329315185547,""6"":25.228315353393555}",22.876650535253823,idw,1.0,6,1.4411308132595582,1.8211103562848472,6,0.39777073658134254,0.2799888747433158,3.5715704808513045,supported
motorbike-1,495852561:2:r,51,motorbike,10.78264635,106.67261165,"[[10.7827246,106.6724641],[10.7825681,106.6727592]]",5.274964532395763,2022-02-28T06:00:00,2022-02-28T06:04:18.894629466,2022-02-28T06:04:21.532111731,2022-02-28T07:00:00,2022-02-28T06:04:24.169593998,2022-02-28T06:00:00,1,ceiling_to_next_hour_no_interpolation,False,3338.467888,2022-02-28T07:00:00,deployment_forecast,"{""1"":22.305646896362305,""2"":21.521059036254883,""3"":34.6705436706543,""4"":31.02470588684082,""5"":14.713329315185547,""6"":25.228315353393555}",22.83591500350102,idw,1.0,6,1.4570202987979042,1.8009946223130595,6,0.3938290832274327,0.2793152181558513,3.5801844475299,supported
motorbike-1,495852561:1:r,52,motorbike,10.782527550000001,106.6728344,"[[10.7825681,106.6727592],[10.782487,106.6729096]]",2.698675165998481,2022-02-28T06:00:00,2022-02-28T06:04:24.169593998,2022-02-28T06:04:25.518931581,2022-02-28T07:00:00,2022-02-28T06:04:26.868269164,2022-02-28T06:00:00,1,ceiling_to_next_hour_no_interpolation,False,3334.481068,2022-02-28T07:00:00,deployment_forecast,"{""1"":22.305646896362305,""2"":21.521059036254883,""3"":34.6705436706543,""4"":31.02470588684082,""5"":14.713329315185547,""6"":25.228315353393555}",22.77924325190363,idw,1.0,6,1.478920640778731,1.773446835498425,6,0.3884378199640347,0.27852604036077844,3.590328569295305,supported
motorbike-1,495852561:0:r,53,motorbike,10.78246965,106.67294179999999,"[[10.782487,106.6729096],[10.7824523,106.672974]]",1.1553471006015446,2022-02-28T06:00:00,2022-02-28T06:04:26.868269164,2022-02-28T06:04:27.445942714,2022-02-28T07:00:00,2022-02-28T06:04:28.023616265,2022-02-28T06:00:00,1,ceiling_to_next_hour_no_interpolation,False,3332.554057,2022-02-28T07:00:00,deployment_forecast,"{""1"":22.305646896362305,""2"":21.521059036254883,""3"":34.6705436706543,""4"":31.02470588684082,""5"":14.713329315185547,""6"":25.228315353393555}",22.751501864328073,idw,1.0,6,1.4895385446715221,1.760139500354308,6,0.3858393434768046,0.27820192917345593,3.5945113787349428,supported
motorbike-1,500897933:9:r,54,motorbike,10.78236645,106.67313089999999,"[[10.7824523,106.672974],[10.7822806,106.6732878]]",5.649909272257701,2022-02-28T06:00:00,2022-02-28T06:04:28.023616265,2022-02-28T06:04:30.848570901,2022-02-28T07:00:00,2022-02-28T06:04:33.673525537,2022-02-28T06:00:00,1,ceiling_to_next_hour_no_interpolation,False,3329.151429,2022-02-28T07:00:00,deployment_forecast,"{""1"":22.305646896362305,""2"":21.521059036254883,""3"":34.6705436706543,""4"":31.02470588684082,""5"":14.713329315185547,""6"":25.228315353393555}",22.701965728967515,idw,1.0,6,1.5083209799272488,1.7366583404466422,6,0.3812654566477705,0.27772255009938956,3.6007158930455105,supported
motorbike-1,500897933:8:r,55,motorbike,10.7822251,106.67339129999999,"[[10.7822806,106.6732878],[10.7821696,106.6734948]]",3.7095004149339577,2022-02-28T06:00:00,2022-02-28T06:04:33.673525537,2022-02-28T06:04:35.528275744,2022-02-28T07:00:00,2022-02-28T06:04:37.383025952,2022-02-28T06:00:00,1,ceiling_to_next_hour_no_interpolation,False,3324.471724,2022-02-28T07:00:00,deployment_forecast,"{""1"":22.305646896362305,""2"":21.521059036254883,""3"":34.6705436706543,""4"":31.02470588684082,""5"":14.713329315185547,""6"":25.228315353393555}",22.632533494598462,idw,1.0,6,1.5344153755200454,1.7043626785912622,6,0.37497054682013203,0.2772492362651794,3.60686295648993,supported
motorbike-1,500897933:7:r,56,motorbike,10.78206815,106.67369260000001,"[[10.7821696,106.6734948],[10.7819667,106.6738904]]",7.019632615598423,2022-02-28T06:00:00,2022-02-28T06:04:37.383025952,2022-02-28T06:04:40.892842260,2022-02-28T07:00:00,2022-02-28T06:04:44.402658567,2022-02-28T06:00:00,1,ceiling_to_next_hour_no_interpolation,False,3319.107157,2022-02-28T07:00:00,deployment_forecast,"{""1"":22.305646896362305,""2"":21.521059036254883,""3"":34.6705436706543,""4"":31.02470588684082,""5"":14.713329315185547,""6"":25.228315353393555}",22.550842373107944,idw,1.0,6,1.564990645743177,1.6672832282431171,6,0.3676994940100863,0.276966435707427,3.610545795723595,supported
motorbike-1,500897933:6:r,57,motorbike,10.78187005,106.67406405,"[[10.7819667,106.6738904],[10.7817734,106.6742377]]",6.278723397222568,2022-02-28T06:00:00,2022-02-28T06:04:44.402658567,2022-02-28T06:04:47.542020266,2022-02-28T07:00:00,2022-02-28T06:04:50.681381965,2022-02-28T06:00:00,1,ceiling_to_next_hour_no_interpolation,False,3312.457979,2022-02-28T07:00:00,deployment_forecast,"{""1"":22.305646896362305,""2"":21.521059036254883,""3"":34.6705436706543,""4"":31.02470588684082,""5"":14.713329315185547,""6"":25.228315353393555}",22.446964983434388,idw,1.0,6,1.603023754460425,1.6213881931903347,6,0.35874786191706326,0.2770524971379533,3.609424243890023,supported
motorbike-1,500897933:5:r,58,motorbike,10.78173765,106.6743042,"[[10.7817734,106.6742377],[10.7817019,106.6743707]]",2.384792988939929,2022-02-28T06:00:00,2022-02-28T06:04:50.681381965,2022-02-28T06:04:51.873778459,2022-02-28T07:00:00,2022-02-28T06:04:53.066174953,2022-02-28T06:00:00,1,ceiling_to_next_hour_no_interpolation,False,3308.126221,2022-02-28T07:00:00,deployment_forecast,"{""1"":22.305646896362305,""2"":21.521059036254883,""3"":34.6705436706543,""4"":31.02470588684082,""5"":14.713329315185547,""6"":25.228315353393555}",22.377738613124983,idw,1.0,5,1.591543999204017,1.6277953039491322,6,0.36100271429256664,0.2773754799806107,3.6052213413741647,supported
motorbike-1,500897933:4:r,59,motorbike,10.781638749999999,106.67448830000001,"[[10.7817019,106.6743707],[10.7815756,106.6746059]]",4.2162273180652985,2022-02-28T06:00:00,2022-02-28T06:04:53.066174953,2022-02-28T06:04:55.174288613,2022-02-28T07:00:00,2022-02-28T06:04:57.282402272,2022-02-28T06:00:00,1,ceiling_to_next_hour_no_interpolation,False,3304.825711,2022-02-28T07:00:00,deployment_forecast,"{""1"":22.305646896362305,""2"":21.521059036254883,""3"":34.6705436706543,""4"":31.02470588684082,""5"":14.713329315185547,""6"":25.228315353393555}",22.323956883690617,idw,1.0,5,1.5687793819702671,1.6469277797006243,6,0.36589888586732056,0.27775747982956045,3.600263080632886,supported
motorbike-1,500897933:3:r,60,motorbike,10.78151695,106.67473115,"[[10.7815756,106.6746059],[10.7814583,106.6748564]]",4.364982918940769,2022-02-28T06:00:00,2022-02-28T06:04:57.282402272,2022-02-28T06:04:59.464893731,2022-02-28T07:00:00,2022-02-28T06:05:01.647385191,2022-02-28T06:00:00,1,ceiling_to_next_hour_no_interpolation,False,3300.535106,2022-02-28T07:00:00,deployment_forecast,"{""1"":22.305646896362305,""2"":21.521059036254883,""3"":34.6705436706543,""4"":31.02470588684082,""5"":14.713329315185547,""6"":25.228315353393555}",22.25253074087833,idw,1.0,5,1.5391152743969847,1.672378165920972,6,0.37239479757360383,0.27842953631224315,3.5915729819646574,supported
motorbike-1,500897933:2:r,61,motorbike,10.781369600000001,106.67500824999999,"[[10.7814583,106.6748564],[10.7812809,106.6751601]]",5.557764326500566,2022-02-28T06:00:00,2022-02-28T06:05:01.647385191,2022-02-28T06:05:04.426267354,2022-02-28T07:00:00,2022-02-28T06:05:07.205149517,2022-02-28T06:00:00,1,ceiling_to_next_hour_no_interpolation,False,3295.573732,2022-02-28T07:00:00,deployment_forecast,"{""1"":22.305646896362305,""2"":21.521059036254883,""3"":34.6705436706543,""4"":31.02470588684082,""5"":14.713329315185547,""6"":25.228315353393555}",22.168522546752456,idw,1.0,5,1.5049289294686736,1.7015349346666406,6,0.3799851604345402,0.27948744011480037,3.577978314836784,supported
motorbike-1,500897933:1:r,62,motorbike,10.7812525,106.67520855000001,"[[10.7812809,106.6751601],[10.7812241,106.675257]]",1.7749094265530578,2022-02-28T06:00:00,2022-02-28T06:05:07.205149517,2022-02-28T06:05:08.092604230,2022-02-28T07:00:00,2022-02-28T06:05:08.980058944,2022-02-28T06:00:00,1,ceiling_to_next_hour_no_interpolation,False,3291.907395,2022-02-28T07:00:00,deployment_forecast,"{""1"":22.305646896362305,""2"":21.521059036254883,""3"":34.6705436706543,""4"":31.02470588684082,""5"":14.713329315185547,""6"":25.228315353393555}",22.1055904736658,idw,1.0,5,1.4797915194600555,1.7226719328430842,6,0.38562954871920396,0.28046630511918974,3.565490690851545,supported
motorbike-1,500897933:0:r,63,motorbike,10.781136799999999,106.6754239,"[[10.7812241,106.675257],[10.7810495,106.6755908]]",5.948418848566475,2022-02-28T06:00:00,2022-02-28T06:05:08.980058944,2022-02-28T06:05:11.954268368,2022-02-28T07:00:00,2022-02-28T06:05:14.928477792,2022-02-28T06:00:00,1,ceiling_to_next_hour_no_interpolation,False,3288.045731,2022-02-28T07:00:00,deployment_forecast,"{""1"":22.305646896362305,""2"":21.521059036254883,""3"":34.6705436706543,""4"":31.02470588684082,""5"":14.713329315185547,""6"":25.228315353393555}",22.037708283444,idw,1.0,5,1.4531914643546122,1.7455735434506334,6,0.3917165975571013,0.2816676336034243,3.5502836701782936,supported
motorbike-1,1255192198:0:r,64,motorbike,10.7810068,106.6756698,"[[10.7810495,106.6755908],[10.7809641,106.6757488]]",2.8366121324912665,2022-02-28T06:00:00,2022-02-28T06:05:14.928477792,2022-02-28T06:05:16.346783858,2022-02-28T07:00:00,2022-02-28T06:05:17.765089925,2022-02-28T06:00:00,1,ceiling_to_next_hour_no_interpolation,False,3283.653216,2022-02-28T07:00:00,deployment_forecast,"{""1"":22.305646896362305,""2"":21.521059036254883,""3"":34.6705436706543,""4"":31.02470588684082,""5"":14.713329315185547,""6"":25.228315353393555}",21.958897326774878,idw,1.0,5,1.4229127655255125,1.7718660694469763,6,0.39876174778866635,0.2832620565222977,3.5302998653520063,supported
motorbike-1,496279185:1:r,65,motorbike,10.78092235,106.67582684999999,"[[10.7809641,106.6757488],[10.7808806,106.6759049]]",2.795789534794495,2022-02-28T06:00:00,2022-02-28T06:05:17.765089925,2022-02-28T06:05:19.162984692,2022-02-28T07:00:00,2022-02-28T06:05:20.560879460,2022-02-28T06:00:00,1,ceiling_to_next_hour_no_interpolation,False,3280.837015,2022-02-28T07:00:00,deployment_forecast,"{""1"":22.305646896362305,""2"":21.521059036254883,""3"":34.6705436706543,""4"":31.02470588684082,""5"":14.713329315185547,""6"":25.228315353393555}",21.907565916776246,idw,1.0,5,1.4035225193607728,1.788723966675283,6,0.4033335987662544,0.28441557561823455,3.515981843913782,supported
motorbike-1,496279185:0:r,66,motorbike,10.78086665,106.67593085,"[[10.7808806,106.6759049],[10.7808527,106.6759568]]",0.9306005925580235,2022-02-28T06:00:00,2022-02-28T06:05:20.560879460,2022-02-28T06:05:21.026179756,2022-02-28T07:00:00,2022-02-28T06:05:21.491480052,2022-02-28T06:00:00,1,ceiling_to_next_hour_no_interpolation,False,3278.97382,2022-02-28T07:00:00,deployment_forecast,"{""1"":22.305646896362305,""2"":21.521059036254883,""3"":34.6705436706543,""4"":31.02470588684082,""5"":14.713329315185547,""6"":25.228315353393555}",21.873220841128727,idw,1.0,5,1.390693625895206,1.7999180901939884,6,0.40638685928220514,0.28523594067134217,3.5058695536276456,supported
motorbike-1,1097215585:2:r,67,motorbike,10.78079275,106.67606785,"[[10.7808527,106.6759568],[10.7807328,106.6761789]]",3.9862871368942905,2022-02-28T06:00:00,2022-02-28T06:05:21.491480052,2022-02-28T06:05:23.484623621,2022-02-28T07:00:00,2022-02-28T06:05:25.477767189,2022-02-28T06:00:00,1,ceiling_to_next_hour_no_interpolation,False,3276.515376,2022-02-28T07:00:00,deployment_forecast,"{""1"":22.305646896362305,""2"":21.521059036254883,""3"":34.6705436706543,""4"":31.02470588684082,""5"":14.713329315185547,""6"":25.228315353393555}",21.82746119169916,idw,1.0,5,1.3737762150447286,1.814698465911891,6,0.4104465887506945,0.28638909396123524,3.491753076796133,supported
motorbike-1,1097215585:1:r,68,motorbike,10.7806839,106.67626845,"[[10.7807328,106.6761789],[10.780635,106.676358]]",3.2231411361072557,2022-02-28T06:00:00,2022-02-28T06:05:25.477767189,2022-02-28T06:05:27.089337757,2022-02-28T07:00:00,2022-02-28T06:05:28.700908325,2022-02-28T06:00:00,1,ceiling_to_next_hour_no_interpolation,False,3272.910662,2022-02-28T07:00:00,deployment_forecast,"{""1"":22.305646896362305,""2"":21.521059036254883,""3"":34.6705436706543,""4"":31.02470588684082,""5"":14.713329315185547,""6"":25.228315353393555}",21.759424270510458,idw,1.0,5,1.3489867639884912,1.8364112116360858,6,0.4164665317035508,0.28822758384657327,3.4694805634297343,supported
motorbike-1,1097215585:0:r,69,motorbike,10.78056155,106.6765067,"[[10.780635,106.676358],[10.7804881,106.6766554]]",5.236024588114581,2022-02-28T06:00:00,2022-02-28T06:05:28.700908325,2022-02-28T06:05:31.318920619,2022-02-28T07:00:00,2022-02-28T06:05:33.936932913,2022-02-28T06:00:00,1,ceiling_to_next_hour_no_interpolation,False,3268.681079,2022-02-28T07:00:00,deployment_forecast,"{""1"":22.305646896362305,""2"":21.521059036254883,""3"":34.6705436706543,""4"":31.02470588684082,""5"":14.713329315185547,""6"":25.228315353393555}",21.677829396589605,idw,1.0,5,1.319828725540325,1.8623113972343133,6,0.42367417708518956,0.29061761956336163,3.4409475980928126,supported
motorbike-1,1097215588:0:f,70,motorbike,10.7804729,106.6766609,"[[10.7804881,106.6766554],[10.7804577,106.6766664]]",0.5166044316323298,2022-02-28T06:00:00,2022-02-28T06:05:33.936932913,2022-02-28T06:05:34.195235129,2022-02-28T07:00:00,2022-02-28T06:05:34.453537345,2022-02-28T06:00:00,1,ceiling_to_next_hour_no_interpolation,False,3265.804764,2022-02-28T07:00:00,deployment_forecast,"{""1"":22.305646896362305,""2"":21.521059036254883,""3"":34.6705436706543,""4"":31.02470588684082,""5"":14.713329315185547,""6"":25.228315353393555}",21.62310814848063,idw,1.0,5,1.300592265881729,1.8791285031289695,6,0.4284790752257214,0.2923396959326872,3.4206781149223584,supported
motorbike-1,1097215588:1:f,71,motorbike,10.78039035,106.67679335,"[[10.7804577,106.6766664],[10.780323,106.6769203]]",4.538910519965493,2022-02-28T06:00:00,2022-02-28T06:05:34.453537345,2022-02-28T06:05:36.722992605,2022-02-28T07:00:00,2022-02-28T06:05:38.992447865,2022-02-28T06:00:00,1,ceiling_to_next_hour_no_interpolation,False,3263.277007,2022-02-28T07:00:00,deployment_forecast,"{""1"":22.305646896362305,""2"":21.521059036254883,""3"":34.6705436706543,""4"":31.02470588684082,""5"":14.713329315185547,""6"":25.228315353393555}",21.574815960674446,idw,1.0,5,1.283827487993675,1.8936181844744961,6,0.4327012917130488,0.2939357369426082,3.40210418236845,supported
motorbike-1,1097215588:2:f,72,motorbike,10.7803265,106.67693550000001,"[[10.780323,106.6769203],[10.78033,106.6769507]]",0.49113755408011484,2022-02-28T06:00:00,2022-02-28T06:05:38.992447865,2022-02-28T06:05:39.238016642,2022-02-28T07:00:00,2022-02-28T06:05:39.483585419,2022-02-28T06:00:00,1,ceiling_to_next_hour_no_interpolation,False,3260.761983,2022-02-28T07:00:00,deployment_forecast,"{""1"":22.305646896362305,""2"":21.521059036254883,""3"":34.6705436706543,""4"":31.02470588684082,""5"":14.713329315185547,""6"":25.228315353393555}",21.525090702960227,idw,1.0,5,1.266799786983291,1.9091924400534928,6,0.4370778813520109,0.2956376114295726,3.3825195487287383,supported
motorbike-1,1097215589:1:r,73,motorbike,10.7802972,106.67701220000001,"[[10.78033,106.6769507],[10.7802644,106.6770737]]",2.201477291474228,2022-02-28T06:00:00,2022-02-28T06:05:39.483585419,2022-02-28T06:05:40.584324065,2022-02-28T07:00:00,2022-02-28T06:05:41.685062710,2022-02-28T06:00:00,1,ceiling_to_next_hour_no_interpolation,False,3259.415675,2022-02-28T07:00:00,deployment_forecast,"{""1"":22.305646896362305,""2"":21.521059036254883,""3"":34.6705436706543,""4"":31.02470588684082,""5"":14.713329315185547,""6"":25.228315353393555}",21.498586628077703,idw,1.0,5,1.2578115984915672,1.917600564280996,6,0.4394149550112363,0.2965720025175925,3.371862453336877,supported
motorbike-1,1097215589:0:r,74,motorbike,10.7802528,106.67709479999999,"[[10.7802644,106.6770737],[10.7802412,106.6771159]]",0.760663223784838,2022-02-28T06:00:00,2022-02-28T06:05:41.685062710,2022-02-28T06:05:42.065394322,2022-02-28T07:00:00,2022-02-28T06:05:42.445725934,2022-02-28T06:00:00,1,ceiling_to_next_hour_no_interpolation,False,3257.934605,2022-02-28T07:00:00,deployment_forecast,"{""1"":22.305646896362305,""2"":21.521059036254883,""3"":34.6705436706543,""4"":31.02470588684082,""5"":14.713329315185547,""6"":25.228315353393555}",21.468412270240908,idw,1.0,5,1.2476365264202296,1.926678890248415,6,0.442052186211995,0.2976662609842356,3.3594670645356075,supported
motorbike-1,225192895:0:f,75,motorbike,10.78022685,106.67712225,"[[10.7802412,106.6771159],[10.7802125,106.6771286]]",0.5010882417937077,2022-02-28T06:00:00,2022-02-28T06:05:42.445725934,2022-02-28T06:05:42.696270055,2022-02-28T07:00:00,2022-02-28T06:05:42.946814176,2022-02-28T06:00:00,1,ceiling_to_next_hour_no_interpolation,False,3257.303729,2022-02-28T07:00:00,deployment_forecast,"{""1"":22.305646896362305,""2"":21.521059036254883,""3"":34.6705436706543,""4"":31.02470588684082,""5"":14.713329315185547,""6"":25.228315353393555}",21.45707716975358,idw,1.0,5,1.2438253403286466,1.9297157134827503,6,0.44302540949283836,0.2980882648459861,3.3547110635726374,supported
motorbike-1,225192895:1:f,76,motorbike,10.78016795,106.67722380000001,"[[10.7802125,106.6771286],[10.7801234,106.677319]]",3.317352505439519,2022-02-28T06:00:00,2022-02-28T06:05:42.946814176,2022-02-28T06:05:44.605490429,2022-02-28T07:00:00,2022-02-28T06:05:46.264166681,2022-02-28T06:00:00,1,ceiling_to_next_hour_no_interpolation,False,3255.394509,2022-02-28T07:00:00,deployment_forecast,"{""1"":22.305646896362305,""2"":21.521059036254883,""3"":34.6705436706543,""4"":31.02470588684082,""5"":14.713329315185547,""6"":25.228315353393555}",21.41909223372426,idw,1.0,5,1.2311561511416722,1.9409102798831814,6,0.44633357783949296,0.29951507325604504,3.3387301317724827,supported
motorbike-1,225192895:2:f,77,motorbike,10.780083000000001,106.67739664999999,"[[10.7801234,106.677319],[10.7800426,106.6774743]]",2.7642540039816876,2022-02-28T06:00:00,2022-02-28T06:05:46.264166681,2022-02-28T06:05:47.646293683,2022-02-28T07:00:00,2022-02-28T06:05:49.028420685,2022-02-28T06:00:00,1,ceiling_to_next_hour_no_interpolation,False,3252.353706,2022-02-28T07:00:00,deployment_forecast,"{""1"":22.305646896362305,""2"":21.521059036254883,""3"":34.6705436706543,""4"":31.02470588684082,""5"":14.713329315185547,""6"":25.228315353393555}",21.35540492078264,idw,1.0,5,1.2101821391979848,1.959974104956523,6,0.45189237686317824,0.301991425157902,3.3113522990830977,supported
motorbike-1,225192895:3:f,78,motorbike,10.77988375,106.6777793,"[[10.7800426,106.6774743],[10.7797249,106.6780843]]",10.860120742829416,2022-02-28T06:00:00,2022-02-28T06:05:49.028420685,2022-02-28T06:05:54.458481057,2022-02-28T07:00:00,2022-02-28T06:05:59.888541428,2022-02-28T06:00:00,1,ceiling_to_next_hour_no_interpolation,False,3245.541518,2022-02-28T07:00:00,deployment_forecast,"{""1"":22.305646896362305,""2"":21.521059036254883,""3"":34.6705436706543,""4"":31.02470588684082,""5"":14.713329315185547,""6"":25.228315353393555}",21.209628278638323,idw,1.0,5,1.1633493078456,2.0023635138558484,6,0.4645525528726919,0.30807454059778766,3.245967674120687,supported
motorbike-1,225192895:4:f,79,motorbike,10.77970455,106.6781224,"[[10.7797249,106.6780843],[10.7796842,106.6781605]]",1.3643027566394288,2022-02-28T06:00:00,2022-02-28T06:05:59.888541428,2022-02-28T06:06:00.570692807,2022-02-28T07:00:00,2022-02-28T06:06:01.252844185,2022-02-28T06:00:00,1,ceiling_to_next_hour_no_interpolation,False,3239.429307,2022-02-28T07:00:00,deployment_forecast,"{""1"":22.305646896362305,""2"":21.521059036254883,""3"":34.6705436706543,""4"":31.02470588684082,""5"":14.713329315185547,""6"":25.228315353393555}",21.074575484320466,idw,1.0,5,1.1213708097027104,2.040558012227132,6,0.4762264130885455,0.31420315458557,3.182654233115474,supported
motorbike-1,225192895:5:f,80,motorbike,10.77965825,106.6782035,"[[10.7796842,106.6781605],[10.7796323,106.6782465]]",1.587612338053972,2022-02-28T06:00:00,2022-02-28T06:06:01.252844185,2022-02-28T06:06:02.046650354,2022-02-28T07:00:00,2022-02-28T06:06:02.840456523,2022-02-28T06:00:00,1,ceiling_to_next_hour_no_interpolation,False,3237.953349,2022-02-28T07:00:00,deployment_forecast,"{""1"":22.305646896362305,""2"":21.521059036254883,""3"":34.6705436706543,""4"":31.02470588684082,""5"":14.713329315185547,""6"":25.228315353393555}",21.04156048263998,idw,1.0,5,1.1113089071614608,2.0496299620270992,6,0.4790674822119218,0.3157713976229302,3.1668479397685116,supported
motorbike-1,225192895:6:f,81,motorbike,10.779581149999999,106.6783358,"[[10.7796323,106.6782465],[10.77953,106.6784251]]",3.2519701562963097,2022-02-28T06:00:00,2022-02-28T06:06:02.840456523,2022-02-28T06:06:04.466441601,2022-02-28T07:00:00,2022-02-28T06:06:06.092426679,2022-02-28T06:00:00,1,ceiling_to_next_hour_no_interpolation,False,3235.533558,2022-02-28T07:00:00,deployment_forecast,"{""1"":22.305646896362305,""2"":21.521059036254883,""3"":34.6705436706543,""4"":31.02470588684082,""5"":14.713329315185547,""6"":25.228315353393555}",20.986985593028486,idw,1.0,5,1.0948450507511536,2.064461167820103,6,0.483755941821478,0.31842238166926456,3.140482759904324,supported
motorbike-1,1486139602:0:f,82,motorbike,10.7795217,106.678456,"[[10.77953,106.6784251],[10.7795134,106.6784869]]",1.0077702880873294,2022-02-28T06:00:00,2022-02-28T06:06:06.092426679,2022-02-28T06:06:06.596311823,2022-02-28T07:00:00,2022-02-28T06:06:07.100196967,2022-02-28T06:00:00,1,ceiling_to_next_hour_no_interpolation,False,3233.403688,2022-02-28T07:00:00,deployment_forecast,"{""1"":22.305646896362305,""2"":21.521059036254883,""3"":34.6705436706543,""4"":31.02470588684082,""5"":14.713329315185547,""6"":25.228315353393555}",20.938140717167993,idw,1.0,5,1.0802782134446143,2.077901685070953,6,0.48795950748446654,0.32085681897346924,3.1166549715207617,supported
motorbike-1,1486139601:0:r,83,motorbike,10.779471000000001,106.67856245,"[[10.7795134,106.6784869],[10.7794286,106.678638]]",2.7372535764615678,2022-02-28T06:00:00,2022-02-28T06:06:07.100196967,2022-02-28T06:06:08.468823755,2022-02-28T07:00:00,2022-02-28T06:06:09.837450544,2022-02-28T06:00:00,1,ceiling_to_next_hour_no_interpolation,False,3231.531176,2022-02-28T07:00:00,deployment_forecast,"{""1"":22.305646896362305,""2"":21.521059036254883,""3"":34.6705436706543,""4"":31.02470588684082,""5"":14.713329315185547,""6"":25.228315353393555}",20.894680927068574,idw,1.0,5,1.0674508461631649,2.089807311976745,6,0.4916970342969172,0.32307161743337676,3.0952889267848427,supported
motorbike-1,32588532:12:r,84,motorbike,10.7793509,106.67879310000001,"[[10.7794286,106.678638],[10.7792732,106.6789482]]",5.477150236762506,2022-02-28T06:00:00,2022-02-28T06:06:09.837450544,2022-02-28T06:06:12.576025662,2022-02-28T07:00:00,2022-02-28T06:06:15.314600780,2022-02-28T06:00:00,1,ceiling_to_next_hour_no_interpolation,False,3227.423974,2022-02-28T07:00:00,deployment_forecast,"{""1"":22.305646896362305,""2"":21.521059036254883,""3"":34.6705436706543,""4"":31.02470588684082,""5"":14.713329315185547,""6"":25.228315353393555}",20.797762896865198,idw,1.0,5,1.0393009083525588,2.1157115579497914,6,0.500002064805575,0.3281718112009863,3.04718432805174,moderate reliability
motorbike-1,32588532:11:r,85,motorbike,10.77923475,106.679011,"[[10.7792732,106.6789482],[10.7791963,106.6790738]]",2.3279385221688593,2022-02-28T06:00:00,2022-02-28T06:06:15.314600780,2022-02-28T06:06:16.478570042,2022-02-28T07:00:00,2022-02-28T06:06:17.642539303,2022-02-28T06:00:00,1,ceiling_to_next_hour_no_interpolation,False,3223.521429,2022-02-28T07:00:00,deployment_forecast,"{""1"":22.305646896362305,""2"":21.521059036254883,""3"":34.6705436706543,""4"":31.02470588684082,""5"":14.713329315185547,""6"":25.228315353393555}",20.703950853716794,idw,1.0,5,1.0126315957201866,2.1402640574782605,6,0.5080170915062516,0.33331675338954575,3.00014922691661,moderate reliability
motorbike-1,32588532:10:r,86,motorbike,10.77910535,106.679231,"[[10.7791963,106.6790738],[10.7790144,106.6793882]]",5.739335896191901,2022-02-28T06:00:00,2022-02-28T06:06:17.642539303,2022-02-28T06:06:20.512207251,2022-02-28T07:00:00,2022-02-28T06:06:23.381875199,2022-02-28T06:00:00,1,ceiling_to_next_hour_no_interpolation,False,3219.487792,2022-02-28T07:00:00,deployment_forecast,"{""1"":22.305646896362305,""2"":21.521059036254883,""3"":34.6705436706543,""4"":31.02470588684082,""5"":14.713329315185547,""6"":25.228315353393555}",20.605722726792056,idw,1.0,5,0.985310182713703,2.1652086206497563,6,0.5163748491264734,0.3389159002420515,2.9505844939284542,supported
motorbike-1,32588532:9:r,87,motorbike,10.7790049,106.6794067,"[[10.7790144,106.6793882],[10.7789954,106.6794252]]",0.6567137361645851,2022-02-28T06:00:00,2022-02-28T06:06:23.381875199,2022-02-28T06:06:23.710232067,2022-02-28T07:00:00,2022-02-28T06:06:24.038588935,2022-02-28T06:00:00,1,ceiling_to_next_hour_no_interpolation,False,3216.289767,2022-02-28T07:00:00,deployment_forecast,"{""1"":22.305646896362305,""2"":21.521059036254883,""3"":34.6705436706543,""4"":31.02470588684082,""5"":14.713329315185547,""6"":25.228315353393555}",20.52619377588092,idw,1.0,5,0.9636166000136572,2.1851595684400964,6,0.5231309844482899,0.34360734988374364,2.910298631092556,supported
motorbike-1,32588532:8:r,88,motorbike,10.7789408,106.67953155000001,"[[10.7789954,106.6794252],[10.7788862,106.6796379]]",3.7750367476998847,2022-02-28T06:00:00,2022-02-28T06:06:24.038588935,2022-02-28T06:06:25.926107309,2022-02-28T07:00:00,2022-02-28T06:06:27.813625683,2022-02-28T06:00:00,1,ceiling_to_next_hour_no_interpolation,False,3214.073892,2022-02-28T07:00:00,deployment_forecast,"{""1"":22.305646896362305,""2"":21.521059036254883,""3"":34.6705436706543,""4"":31.02470588684082,""5"":14.713329315185547,""6"":25.228315353393555}",20.469835205661933,idw,1.0,5,0.9484598170466534,2.19929989921331,6,0.5279194544617177,0.3470183665067811,2.881691854141268,supported
motorbike-1,32588532:7:r,89,motorbike,10.778831199999999,106.67974004999999,"[[10.7788862,106.6796379],[10.7787762,106.6798422]]",3.664588498414887,2022-02-28T06:00:00,2022-02-28T06:06:27.813625683,2022-02-28T06:06:29.645919932,2022-02-28T07:00:00,2022-02-28T06:06:31.478214181,2022-02-28T06:00:00,1,ceiling_to_next_hour_no_interpolation,False,3210.35408,2022-02-28T07:00:00,deployment_forecast,"{""1"":22.305646896362305,""2"":21.521059036254883,""3"":34.6705436706543,""4"":31.02470588684082,""5"":14.713329315185547,""6"":25.228315353393555}",20.3738902238447,idw,1.0,5,0.92308065288407,2.222974553615966,6,0.5360542667935095,0.35298327261239937,2.832995435163498,supported
motorbike-1,32588532:6:r,90,motorbike,10.778702599999999,106.6799786,"[[10.7787762,106.6798422],[10.778629,106.680115]]",4.8957435981788056,2022-02-28T06:00:00,2022-02-28T06:06:31.478214181,2022-02-28T06:06:33.926085980,2022-02-28T07:00:00,2022-02-28T06:06:36.373957779,2022-02-28T06:00:00,1,ceiling_to_next_hour_no_interpolation,False,3206.073914,2022-02-28T07:00:00,deployment_forecast,"{""1"":22.305646896362305,""2"":21.521059036254883,""3"":34.6705436706543,""4"":31.02470588684082,""5"":14.713329315185547,""6"":25.228315353393555}",20.261344471707996,idw,1.0,5,0.8939718410133928,2.2501506431397567,6,0.5455714845874707,0.36022980641693725,2.7760057113169028,supported
motorbike-1,32588532:5:r,91,motorbike,10.778577949999999,106.6802124,"[[10.778629,106.680115],[10.7785269,106.6803098]]",3.472973591974128,2022-02-28T06:00:00,2022-02-28T06:06:36.373957779,2022-02-28T06:06:38.110444575,2022-02-28T07:00:00,2022-02-28T06:06:39.846931371,2022-02-28T06:00:00,1,ceiling_to_next_hour_no_interpolation,False,3201.889555,2022-02-28T07:00:00,deployment_forecast,"{""1"":22.305646896362305,""2"":21.521059036254883,""3"":34.6705436706543,""4"":31.02470588684082,""5"":14.713329315185547,""6"":25.228315353393555}",20.148722882915795,idw,1.0,5,0.8655270481159453,2.276833095132194,6,0.5550745084517016,0.36774778851589596,2.719254965572077,supported
motorbike-1,32588532:4:r,92,motorbike,10.7784668,106.6804233,"[[10.7785269,106.6803098],[10.7784067,106.6805368]]",4.0563052185951705,2022-02-28T06:00:00,2022-02-28T06:06:39.846931371,2022-02-28T06:06:41.875083981,2022-02-28T07:00:00,2022-02-28T06:06:43.903236590,2022-02-28T06:00:00,1,ceiling_to_next_hour_no_interpolation,False,3198.124916,2022-02-28T07:00:00,deployment_forecast,"{""1"":22.305646896362305,""2"":21.521059036254883,""3"":34.6705436706543,""4"":31.02470588684082,""5"":14.713329315185547,""6"":25.228315353393555}",20.045124690214436,idw,1.0,5,0.8399442174282462,2.3009375407783725,6,0.5637988367680801,0.37489495464033074,2.6674138651969503,supported
motorbike-1,32588532:3:r,93,motorbike,10.77834985,106.68064849999999,"[[10.7784067,106.6805368],[10.778293,106.6807602]]",3.9576061375485585,2022-02-28T06:00:00,2022-02-28T06:06:43.903236590,2022-02-28T06:06:45.882039659,2022-02-28T07:00:00,2022-02-28T06:06:47.860842727,2022-02-28T06:00:00,1,ceiling_to_next_hour_no_interpolation,False,3194.11796,2022-02-28T07:00:00,deployment_forecast,"{""1"":22.305646896362305,""2"":21.521059036254883,""3"":34.6705436706543,""4"":31.02470588684082,""5"":14.713329315185547,""6"":25.228315353393555}",19.932393770804538,idw,1.0,5,0.8127185045933961,2.32670541283232,6,0.5732745932182033,0.3829204399028242,2.6115085427504874,supported
motorbike-1,32588532:2:r,94,motorbike,10.77818945,106.6809685,"[[10.778293,106.6807602],[10.7780859,106.6811768]]",7.34423562342613,2022-02-28T06:00:00,2022-02-28T06:06:47.860842727,2022-02-28T06:06:51.532960538,2022-02-28T07:00:00,2022-02-28T06:06:55.205078351,2022-02-28T06:00:00,1,ceiling_to_next_hour_no_interpolation,False,3188.467039,2022-02-28T07:00:00,deployment_forecast,"{""1"":22.305646896362305,""2"":21.521059036254883,""3"":34.6705436706543,""4"":31.02470588684082,""5"":14.713329315185547,""6"":25.228315353393555}",19.768707686940925,idw,1.0,5,0.7742732560069462,2.3633316444769608,6,0.5870046403766526,0.3950277185866061,2.531467927308902,supported
motorbike-1,32588532:1:r,95,motorbike,10.7780725,106.68120379999999,"[[10.7780859,106.6811768],[10.7780591,106.6812308]]",0.9516443535935579,2022-02-28T06:00:00,2022-02-28T06:06:55.205078351,2022-02-28T06:06:55.680900528,2022-02-28T07:00:00,2022-02-28T06:06:56.156722704,2022-02-28T06:00:00,1,ceiling_to_next_hour_no_interpolation,False,3184.319099,2022-02-28T07:00:00,deployment_forecast,"{""1"":22.305646896362305,""2"":21.521059036254883,""3"":34.6705436706543,""4"":31.02470588684082,""5"":14.713329315185547,""6"":25.228315353393555}",19.64517786926192,idw,1.0,5,0.7460850114099555,2.3903040197636254,6,0.5973416485731744,0.4045131384918127,2.4721075901969494,supported
motorbike-1,32588532:0:r,96,motorbike,10.77800455,106.6813405,"[[10.7780591,106.6812308],[10.77795,106.6814502]]",3.868032637363131,2022-02-28T06:00:00,2022-02-28T06:06:56.156722704,2022-02-28T06:06:58.090739023,2022-02-28T07:00:00,2022-02-28T06:07:00.024755342,2022-02-28T06:00:00,1,ceiling_to_next_hour_no_interpolation,False,3181.90926,2022-02-28T07:00:00,deployment_forecast,"{""1"":22.305646896362305,""2"":21.521059036254883,""3"":34.6705436706543,""4"":31.02470588684082,""5"":14.713329315185547,""6"":25.228315353393555}",19.572090274479294,idw,1.0,5,0.7297306903641856,2.4059935088719318,6,0.6034477742632287,0.4102640898786666,2.437454373098422,supported
motorbike-1,1265743179:0:f,97,motorbike,10.777926350000001,106.68143905,"[[10.77795,106.6814502],[10.7779027,106.6814279]]",0.8346570135598238,2022-02-28T06:00:00,2022-02-28T06:07:00.024755342,2022-02-28T06:07:00.442083849,2022-02-28T07:00:00,2022-02-28T06:07:00.859412355,2022-02-28T06:00:00,1,ceiling_to_next_hour_no_interpolation,False,3179.557916,2022-02-28T07:00:00,deployment_forecast,"{""1"":22.305646896362305,""2"":21.521059036254883,""3"":34.6705436706543,""4"":31.02470588684082,""5"":14.713329315185547,""6"":25.228315353393555}",19.51486714579842,idw,1.0,5,0.717158673764144,2.417691334475982,6,0.6081989310581405,0.41482056457718836,2.4106808711840597,supported
motorbike-1,1265743179:1:f,98,motorbike,10.77787695,106.68142135,"[[10.7779027,106.6814279],[10.7778512,106.6814148]]",0.8499779929181599,2022-02-28T06:00:00,2022-02-28T06:07:00.859412355,2022-02-28T06:07:01.284401352,2022-02-28T07:00:00,2022-02-28T06:07:01.709390348,2022-02-28T06:00:00,1,ceiling_to_next_hour_no_interpolation,False,3178.7155979999998,2022-02-28T07:00:00,deployment_forecast,"{""1"":22.305646896362305,""2"":21.521059036254883,""3"":34.6705436706543,""4"":31.02470588684082,""5"":14.713329315185547,""6"":25.228315353393555}",19.516821204758294,idw,1.0,5,0.7177293207029777,2.4164211097645576,6,0.607987153350273,0.414628517247716,2.4117974485642026,supported
motorbike-1,1174211369:0:f,99,motorbike,10.77780965,106.6814148,"[[10.7778512,106.6814148],[10.7777681,106.6814148]]",1.3306048081324344,2022-02-28T06:00:00,2022-02-28T06:07:01.709390348,2022-02-28T06:07:02.374692752,2022-02-28T07:00:00,2022-02-28T06:07:03.039995156,2022-02-28T06:00:00,1,ceiling_to_next_hour_no_interpolation,False,3177.625307,2022-02-28T07:00:00,deployment_forecast,"{""1"":22.305646896362305,""2"":21.521059036254883,""3"":34.6705436706543,""4"":31.02470588684082,""5"":14.713329315185547,""6"":25.228315353393555}",19.511368720469374,idw,1.0,5,0.716712026300517,2.416616209076449,6,0.6083838056270456,0.41502506435779984,2.409493030372459,supported
motorbike-1,1174211369:1:f,100,motorbike,10.7777284,106.6814272,"[[10.7777681,106.6814148],[10.7776887,106.6814396]]",1.3298611062110497,2022-02-28T06:00:00,2022-02-28T06:07:03.039995156,2022-02-28T06:07:03.704925710,2022-02-28T07:00:00,2022-02-28T06:07:04.369856263,2022-02-28T06:00:00,1,ceiling_to_next_hour_no_interpolation,False,3176.295074,2022-02-28T07:00:00,deployment_forecast,"{""1"":22.305646896362305,""2"":21.521059036254883,""3"":34.6705436706543,""4"":31.02470588684082,""5"":14.713329315185547,""6"":25.228315353393555}",19.49541598182108,idw,1.0,5,0.7134193123037852,2.419083432879778,6,0.6096541113663632,0.41626690125580007,2.4023048601346524,supported
motorbike-1,1174211369:2:f,101,motorbike,10.77765435,106.6814633,"[[10.7776887,106.6814396],[10.77762,106.681487]]",1.3288960009831357,2022-02-28T06:00:00,2022-02-28T06:07:04.369856263,2022-02-28T06:07:05.034304263,2022-02-28T07:00:00,2022-02-28T06:07:05.698752264,2022-02-28T06:00:00,1,ceiling_to_next_hour_no_interpolation,False,3174.965695,2022-02-28T07:00:00,deployment_forecast,"{""1"":22.305646896362305,""2"":21.521059036254883,""3"":34.6705436706543,""4"":31.02470588684082,""5"":14.713329315185547,""6"":25.228315353393555}",19.46917817703607,idw,1.0,5,0.7078543709114219,2.4240459676441475,6,0.6117988621187074,0.4183599570981757,2.3902861233091963,supported
motorbike-1,1265471315:0:f,102,motorbike,10.77759615,106.68151625,"[[10.77762,106.681487],[10.7775723,106.6815455]]",1.195865382923049,2022-02-28T06:00:00,2022-02-28T06:07:05.698752264,2022-02-28T06:07:06.296684955,2022-02-28T07:00:00,2022-02-28T06:07:06.894617647,2022-02-28T06:00:00,1,ceiling_to_next_hour_no_interpolation,False,3173.703315,2022-02-28T07:00:00,deployment_forecast,"{""1"":22.305646896362305,""2"":21.521059036254883,""3"":34.6705436706543,""4"":31.02470588684082,""5"":14.713329315185547,""6"":25.228315353393555}",19.436679902548033,idw,1.0,5,0.700899603745171,2.430624543227716,6,0.6144850159083598,0.42099290426835684,2.37533694715805,supported
motorbike-1,1265471315:1:f,103,motorbike,10.77755695,106.68158015,"[[10.7775723,106.6815455],[10.7775416,106.6816148]]",1.195777160425992,2022-02-28T06:00:00,2022-02-28T06:07:06.894617647,2022-02-28T06:07:07.492506227,2022-02-28T07:00:00,2022-02-28T06:07:08.090394807,2022-02-28T06:00:00,1,ceiling_to_next_hour_no_interpolation,False,3172.507493,2022-02-28T07:00:00,deployment_forecast,"{""1"":22.305646896362305,""2"":21.521059036254883,""3"":34.6705436706543,""4"":31.02470588684082,""5"":14.713329315185547,""6"":25.228315353393555}",19.40087933032364,idw,1.0,5,0.6932093274823476,2.4381198041701375,6,0.6174645686819756,0.4239331742528018,2.3588623413643854,supported
motorbike-1,1265471315:2:f,104,motorbike,10.777535749999998,106.6816523,"[[10.7775416,106.6816148],[10.7775299,106.6816898]]",1.1945060470871889,2022-02-28T06:00:00,2022-02-28T06:07:08.090394807,2022-02-28T06:07:08.687647831,2022-02-28T07:00:00,2022-02-28T06:07:09.284900854,2022-02-28T06:00:00,1,ceiling_to_next_hour_no_interpolation,False,3171.312352,2022-02-28T07:00:00,deployment_forecast,"{""1"":22.305646896362305,""2"":21.521059036254883,""3"":34.6705436706543,""4"":31.02470588684082,""5"":14.713329315185547,""6"":25.228315353393555}",19.362812690481846,idw,1.0,5,0.685023431796625,2.4462448168713613,6,0.6206482404874556,0.4270998668629976,2.341372773878138,supported
motorbike-1,1265471315:3:f,105,motorbike,10.77753405,106.6817276,"[[10.7775299,106.6816898],[10.7775382,106.6817654]]",1.1965648454588744,2022-02-28T06:00:00,2022-02-28T06:07:09.284900854,2022-02-28T06:07:09.883183277,2022-02-28T07:00:00,2022-02-28T06:07:10.481465700,2022-02-28T06:00:00,1,ceiling_to_next_hour_no_interpolation,False,3170.116816,2022-02-28T07:00:00,deployment_forecast,"{""1"":22.305646896362305,""2"":21.521059036254883,""3"":34.6705436706543,""4"":31.02470588684082,""5"":14.713329315185547,""6"":25.228315353393555}",19.32511542969096,idw,1.0,5,0.6769132371564299,2.4544219021110885,6,0.6238150007935719,0.43027586521021965,2.324090382135262,supported
motorbike-1,1265471315:4:f,106,motorbike,10.777546749999999,106.68179015000001,"[[10.7775382,106.6817654],[10.7775553,106.6818149]]",0.8253577846899858,2022-02-28T06:00:00,2022-02-28T06:07:10.481465700,2022-02-28T06:07:10.894144592,2022-02-28T07:00:00,2022-02-28T06:07:11.306823484,2022-02-28T06:00:00,1,ceiling_to_next_hour_no_interpolation,False,3169.105855,2022-02-28T07:00:00,deployment_forecast,"{""1"":22.305646896362305,""2"":21.521059036254883,""3"":34.6705436706543,""4"":31.02470588684082,""5"":14.713329315185547,""6"":25.228315353393555}",19.295241875377727,idw,1.0,5,0.6704839233494697,2.4610067515973415,6,0.6263346056911048,0.4328213997816375,2.3104218056327843,supported
motorbike-1,1265471315:5:f,107,motorbike,10.77756815,106.68183765,"[[10.7775553,106.6818149],[10.777581,106.6818604]]",0.8255701430185027,2022-02-28T06:00:00,2022-02-28T06:07:11.306823484,2022-02-28T06:07:11.719608556,2022-02-28T07:00:00,2022-02-28T06:07:12.132393627,2022-02-28T06:00:00,1,ceiling_to_next_hour_no_interpolation,False,3168.280391,2022-02-28T07:00:00,deployment_forecast,"{""1"":22.305646896362305,""2"":21.521059036254883,""3"":34.6705436706543,""4"":31.02470588684082,""5"":14.713329315185547,""6"":25.228315353393555}",19.27387100891027,idw,1.0,5,0.6658700651485154,2.465837139975482,6,0.6281464988329472,0.434661327236653,2.3006417579347844,supported
motorbike-1,1265743178:0:f,108,motorbike,10.77759775,106.68188035,"[[10.777581,106.6818604],[10.7776145,106.6819003]]",0.8256078261615925,2022-02-28T06:00:00,2022-02-28T06:07:12.132393627,2022-02-28T06:07:12.545197540,2022-02-28T07:00:00,2022-02-28T06:07:12.958001453,2022-02-28T06:00:00,1,ceiling_to_next_hour_no_interpolation,False,3167.454802,2022-02-28T07:00:00,deployment_forecast,"{""1"":22.305646896362305,""2"":21.521059036254883,""3"":34.6705436706543,""4"":31.02470588684082,""5"":14.713329315185547,""6"":25.228315353393555}",19.25591310708173,idw,1.0,5,0.6619744327241454,2.470033220493485,6,0.6296783010605818,0.4362222880812736,2.292409231079196,supported
motorbike-1,1265743178:1:f,109,motorbike,10.77763735,106.68191905,"[[10.7776145,106.6819003],[10.7776602,106.6819378]]",0.9398928539138994,2022-02-28T06:00:00,2022-02-28T06:07:12.958001453,2022-02-28T06:07:13.427947880,2022-02-28T07:00:00,2022-02-28T06:07:13.897894307,2022-02-28T06:00:00,1,ceiling_to_next_hour_no_interpolation,False,3166.572052,2022-02-28T07:00:00,deployment_forecast,"{""1"":22.305646896362305,""2"":21.521059036254883,""3"":34.6705436706543,""4"":31.02470588684082,""5"":14.713329315185547,""6"":25.228315353393555}",19.241292666938513,idw,1.0,5,0.658769855544855,2.473660052512534,6,0.6309383619998925,0.4375087062081071,2.285668801124008,supported
motorbike-1,723823268:3:r,110,motorbike,10.77762945,106.6819909,"[[10.7776602,106.6819378],[10.7775987,106.682044]]",1.939136585620488,2022-02-28T06:00:00,2022-02-28T06:07:13.897894307,2022-02-28T06:07:14.867462600,2022-02-28T07:00:00,2022-02-28T06:07:15.837030893,2022-02-28T06:00:00,1,ceiling_to_next_hour_no_interpolation,False,3165.132537,2022-02-28T07:00:00,deployment_forecast,"{""1"":22.305646896362305,""2"":21.521059036254883,""3"":34.6705436706543,""4"":31.02470588684082,""5"":14.713329315185547,""6"":25.228315353393555}",19.20379562907937,idw,1.0,5,0.6509162519066006,2.481556446875014,6,0.6340749763277549,0.44074892665129123,2.2688654232189958,supported
motorbike-1,723823268:2:r,111,motorbike,10.77758935,106.6820613,"[[10.7775987,106.682044],[10.77758,106.6820786]]",0.6211758407745192,2022-02-28T06:00:00,2022-02-28T06:07:15.837030893,2022-02-28T06:07:16.147618813,2022-02-28T07:00:00,2022-02-28T06:07:16.458206734,2022-02-28T06:00:00,1,ceiling_to_next_hour_no_interpolation,False,3163.852381,2022-02-28T07:00:00,deployment_forecast,"{""1"":22.305646896362305,""2"":21.521059036254883,""3"":34.6705436706543,""4"":31.02470588684082,""5"":14.713329315185547,""6"":25.228315353393555}",19.16263598447812,idw,1.0,5,0.6424508035734214,2.4897542474603567,6,0.6374890035096422,0.4443130037045834,2.250665615595811,supported
motorbike-1,723823268:1:r,112,motorbike,10.777403849999999,106.68240405,"[[10.77758,106.6820786],[10.7772277,106.6827295]]",11.689613381615095,2022-02-28T06:00:00,2022-02-28T06:07:16.458206734,2022-02-28T06:07:22.303013424,2022-02-28T07:00:00,2022-02-28T06:07:28.147820115,2022-02-28T06:00:00,1,ceiling_to_next_hour_no_interpolation,False,3157.696986,2022-02-28T07:00:00,deployment_forecast,"{""1"":22.305646896362305,""2"":21.521059036254883,""3"":34.6705436706543,""4"":31.02470588684082,""5"":14.713329315185547,""6"":25.228315353393555}",18.959584560423227,idw,1.0,5,0.6016171604802674,2.5295866863497967,6,0.6543130580601628,0.4623552184560941,2.1628392198950848,supported
motorbike-1,723823268:0:r,113,motorbike,10.7772167,106.68274985,"[[10.7772277,106.6827295],[10.7772057,106.6827702]]",0.7307147344789957,2022-02-28T06:00:00,2022-02-28T06:07:28.147820115,2022-02-28T06:07:28.513177483,2022-02-28T07:00:00,2022-02-28T06:07:28.878534850,2022-02-28T06:00:00,1,ceiling_to_next_hour_no_interpolation,False,3151.486822,2022-02-28T07:00:00,deployment_forecast,"{""1"":22.305646896362305,""2"":21.521059036254883,""3"":34.6705436706543,""4"":31.02470588684082,""5"":14.713329315185547,""6"":25.228315353393555}",18.74812541949068,idw,1.0,5,0.5607090433673004,2.569868478555264,6,0.6717912012298312,0.4819367005518264,2.074961294408543,supported
motorbike-1,1180975823:1:r,114,motorbike,10.7771777,106.6828212,"[[10.7772057,106.6827702],[10.7771497,106.6828722]]",1.8379915274394778,2022-02-28T06:00:00,2022-02-28T06:07:28.878534850,2022-02-28T06:07:29.797530613,2022-02-28T07:00:00,2022-02-28T06:07:30.716526377,2022-02-28T06:00:00,1,ceiling_to_next_hour_no_interpolation,False,3150.202469,2022-02-28T07:00:00,deployment_forecast,"{""1"":22.305646896362305,""2"":21.521059036254883,""3"":34.6705436706543,""4"":31.02470588684082,""5"":14.713329315185547,""6"":25.228315353393555}",18.703629018965124,idw,1.0,5,0.5523033478286309,2.5781974834670875,6,0.6754636215242718,0.4861586991010074,2.056941492251759,supported
motorbike-1,1180975823:0:r,115,motorbike,10.77706565,106.6830288,"[[10.7771497,106.6828722],[10.7769816,106.6831854]]",5.613877404367747,2022-02-28T06:00:00,2022-02-28T06:07:30.716526377,2022-02-28T06:07:33.523465079,2022-02-28T07:00:00,2022-02-28T06:07:36.330403782,2022-02-28T06:00:00,1,ceiling_to_next_hour_no_interpolation,False,3146.476534,2022-02-28T07:00:00,deployment_forecast,"{""1"":22.305646896362305,""2"":21.521059036254883,""3"":34.6705436706543,""4"":31.02470588684082,""5"":14.713329315185547,""6"":25.228315353393555}",18.572738909172404,idw,1.0,5,0.5279652616064264,2.602430753295272,6,0.6862573456178918,0.49878245251405756,2.0048820782680123,supported
motorbike-1,724496035:0:f,116,motorbike,10.776949299999998,106.6832103,"[[10.7769816,106.6831854],[10.776917,106.6832352]]",1.297521772306145,2022-02-28T06:00:00,2022-02-28T06:07:36.330403782,2022-02-28T06:07:36.979164668,2022-02-28T07:00:00,2022-02-28T06:07:37.627925554,2022-02-28T06:00:00,1,ceiling_to_next_hour_no_interpolation,False,3143.020835,2022-02-28T07:00:00,deployment_forecast,"{""1"":22.305646896362305,""2"":21.521059036254883,""3"":34.6705436706543,""4"":31.02470588684082,""5"":14.713329315185547,""6"":25.228315353393555}",18.454634246846165,idw,1.0,5,0.5065459456341311,2.6239475290835594,6,0.6959742190812737,0.5104206104818777,1.9591685356434183,supported
motorbike-1,724496035:1:f,117,motorbike,10.776843,106.68337265,"[[10.776917,106.6832352],[10.776769,106.6835101]]",4.9308883343466,2022-02-28T06:00:00,2022-02-28T06:07:37.627925554,2022-02-28T06:07:40.093369721,2022-02-28T07:00:00,2022-02-28T06:07:42.558813888,2022-02-28T06:00:00,1,ceiling_to_next_hour_no_interpolation,False,3139.90663,2022-02-28T07:00:00,deployment_forecast,"{""1"":22.305646896362305,""2"":21.521059036254883,""3"":34.6705436706543,""4"":31.02470588684082,""5"":14.713329315185547,""6"":25.228315353393555}",18.347633668883084,idw,1.0,5,0.4875362816473546,2.6432631179897457,6,0.7047678546794218,0.5211743506586557,1.91874369630088,supported
motorbike-1,724496035:2:f,118,motorbike,10.77676205,106.68352305,"[[10.776769,106.6835101],[10.7767551,106.683536]]",0.4642310275931574,2022-02-28T06:00:00,2022-02-28T06:07:42.558813888,2022-02-28T06:07:42.790929402,2022-02-28T07:00:00,2022-02-28T06:07:43.023044916,2022-02-28T06:00:00,1,ceiling_to_next_hour_no_interpolation,False,3137.20907,2022-02-28T07:00:00,deployment_forecast,"{""1"":22.305646896362305,""2"":21.521059036254883,""3"":34.6705436706543,""4"":31.02470588684082,""5"":14.713329315185547,""6"":25.228315353393555}",18.248998579619084,idw,1.0,5,0.47028051923936876,2.660881298032419,6,0.7128759592380818,0.5312747597711919,1.8822652151415542,supported
motorbike-1,724496035:3:f,119,motorbike,10.77672415,106.68359665,"[[10.7767551,106.683536],[10.7766932,106.6836573]]",2.1500891190646234,2022-02-28T06:00:00,2022-02-28T06:07:43.023044916,2022-02-28T06:07:44.098089475,2022-02-28T07:00:00,2022-02-28T06:07:45.173134035,2022-02-28T06:00:00,1,ceiling_to_next_hour_no_interpolation,False,3135.90191,2022-02-28T07:00:00,deployment_forecast,"{""1"":22.305646896362305,""2"":21.521059036254883,""3"":34.6705436706543,""4"":31.02470588684082,""5"":14.713329315185547,""6"":25.228315353393555}",18.200466902635554,idw,1.0,5,0.46189454151088255,2.669478734098462,6,0.7168636246909992,0.5363073982840475,1.8646022844353238,supported
motorbike-1,230934665:0:f,120,motorbike,10.776661650000001,106.6837128,"[[10.7766932,106.6836573],[10.7766301,106.6837683]]",2.01725942427719,2022-02-28T06:00:00,2022-02-28T06:07:45.173134035,2022-02-28T06:07:46.181763747,2022-02-28T07:00:00,2022-02-28T06:07:47.190393459,2022-02-28T06:00:00,1,ceiling_to_next_hour_no_interpolation,False,3133.818236,2022-02-28T07:00:00,deployment_forecast,"{""1"":22.305646896362305,""2"":21.521059036254883,""3"":34.6705436706543,""4"":31.02470588684082,""5"":14.713329315185547,""6"":25.228315353393555}",18.123174347606827,idw,1.0,5,0.4486931496754087,2.6831002038289506,6,0.7232096149816948,0.5444047718320538,1.8368685429313156,supported
motorbike-1,230934665:1:f,121,motorbike,10.77642075,106.68415025,"[[10.7766301,106.6837683],[10.7762114,106.6845322]]",13.759707309120344,2022-02-28T06:00:00,2022-02-28T06:07:47.190393459,2022-02-28T06:07:54.070247114,2022-02-28T07:00:00,2022-02-28T06:08:00.950100768,2022-02-28T06:00:00,1,ceiling_to_next_hour_no_interpolation,False,3125.929752,2022-02-28T07:00:00,deployment_forecast,"{""1"":22.305646896362305,""2"":21.521059036254883,""3"":34.6705436706543,""4"":31.02470588684082,""5"":14.713329315185547,""6"":25.228315353393555}",17.827121735946466,idw,1.0,5,0.3997500594837268,2.7345808587116553,6,0.7474769518696034,0.5763649907570157,1.7350116957773039,supported
motorbike-1,230934665:2:f,122,motorbike,10.77613665,106.6846811,"[[10.7762114,106.6845322],[10.7760619,106.68483]]",5.260521440441843,2022-02-28T06:00:00,2022-02-28T06:08:00.950100768,2022-02-28T06:08:03.580361489,2022-02-28T07:00:00,2022-02-28T06:08:06.210622209,2022-02-28T06:00:00,1,ceiling_to_next_hour_no_interpolation,False,3116.419638,2022-02-28T07:00:00,deployment_forecast,"{""1"":22.305646896362305,""2"":21.521059036254883,""3"":34.6705436706543,""4"":31.02470588684082,""5"":14.713329315185547,""6"":25.228315353393555}",17.462016111944415,idw,1.0,5,0.34266845953031344,2.797063617621889,6,0.7773342054481929,0.6178349075233375,1.6185553581111423,supported
motorbike-1,230934665:3:f,123,motorbike,10.7759745,106.68499320000001,"[[10.7760619,106.68483],[10.7758871,106.6851564]]",5.847543231044468,2022-02-28T06:00:00,2022-02-28T06:08:06.210622209,2022-02-28T06:08:09.134393824,2022-02-28T07:00:00,2022-02-28T06:08:12.058165440,2022-02-28T06:00:00,1,ceiling_to_next_hour_no_interpolation,False,3110.865606,2022-02-28T07:00:00,deployment_forecast,"{""1"":22.305646896362305,""2"":21.521059036254883,""3"":34.6705436706543,""4"":31.02470588684082,""5"":14.713329315185547,""6"":25.228315353393555}",17.24741830636086,idw,1.0,5,0.31069208641439605,2.833778189938214,6,0.7948508224357944,0.6432579408176907,1.554586327731655,supported
motorbike-1,230934665:4:f,124,motorbike,10.775871200000001,106.6851859,"[[10.7758871,106.6851564],[10.7758553,106.6852154]]",1.0585621519123405,2022-02-28T06:00:00,2022-02-28T06:08:12.058165440,2022-02-28T06:08:12.587446516,2022-02-28T07:00:00,2022-02-28T06:08:13.116727592,2022-02-28T06:00:00,1,ceiling_to_next_hour_no_interpolation,False,3107.412553,2022-02-28T07:00:00,deployment_forecast,"{""1"":22.305646896362305,""2"":21.521059036254883,""3"":34.6705436706543,""4"":31.02470588684082,""5"":14.713329315185547,""6"":25.228315353393555}",17.11697017855305,idw,1.0,5,0.2918121514845064,2.8565346507331952,6,0.8054868376093616,0.6590866169005352,1.5172512600887982,supported
motorbike-1,35113721:20:r,125,motorbike,10.7758763,106.68523625,"[[10.7758553,106.6852154],[10.7758973,106.6852571]]",0.939420520864047,2022-02-28T06:00:00,2022-02-28T06:08:13.116727592,2022-02-28T06:08:13.586437852,2022-02-28T07:00:00,2022-02-28T06:08:14.056148113,2022-02-28T06:00:00,1,ceiling_to_next_hour_no_interpolation,False,3106.413562,2022-02-28T07:00:00,deployment_forecast,"{""1"":22.305646896362305,""2"":21.521059036254883,""3"":34.6705436706543,""4"":31.02470588684082,""5"":14.713329315185547,""6"":25.228315353393555}",17.07914958672472,idw,1.0,5,0.2863043535339746,2.861844484535199,6,0.8085759620746173,0.6637406963051261,1.5066124550848592,supported
motorbike-1,35113721:19:r,126,motorbike,10.7761119,106.68547000000001,"[[10.7758973,106.6852571],[10.7763265,106.6856829]]",9.596308675194344,2022-02-28T06:00:00,2022-02-28T06:08:14.056148113,2022-02-28T06:08:18.854302450,2022-02-28T07:00:00,2022-02-28T06:08:23.652456788,2022-02-28T06:00:00,1,ceiling_to_next_hour_no_interpolation,False,3101.145697,2022-02-28T07:00:00,deployment_forecast,"{""1"":22.305646896362305,""2"":21.521059036254883,""3"":34.6705436706543,""4"":31.02470588684082,""5"":14.713329315185547,""6"":25.228315353393555}",16.87841155042329,idw,1.0,5,0.25710109492702155,2.882448510249931,6,0.8249955554224322,0.68890116072699,1.4515870447143835,supported
motorbike-1,35113721:18:r,127,motorbike,10.77656155,106.68591620000001,"[[10.7763265,106.6856829],[10.7767966,106.6861495]]",10.51322699839001,2022-02-28T06:00:00,2022-02-28T06:08:23.652456788,2022-02-28T06:08:28.909070287,2022-02-28T07:00:00,2022-02-28T06:08:34.165683786,2022-02-28T06:00:00,1,ceiling_to_next_hour_no_interpolation,False,3091.090929,2022-02-28T07:00:00,deployment_forecast,"{""1"":22.305646896362305,""2"":21.521059036254883,""3"":34.6705436706543,""4"":31.02470588684082,""5"":14.713329315185547,""6"":25.228315353393555}",16.522157707592594,idw,1.0,5,0.20794053172765303,2.922648424857808,6,0.8540764347807451,0.7351677152875675,1.3602338340018658,supported
motorbike-1,35113721:17:r,128,motorbike,10.7770799,106.68643055,"[[10.7767966,106.6861495],[10.7773632,106.6867116]]",12.668232817288866,2022-02-28T06:00:00,2022-02-28T06:08:34.165683786,2022-02-28T06:08:40.499800195,2022-02-28T07:00:00,2022-02-28T06:08:46.833916603,2022-02-28T06:00:00,1,ceiling_to_next_hour_no_interpolation,False,3079.500199,2022-02-28T07:00:00,deployment_forecast,"{""1"":22.305646896362305,""2"":21.521059036254883,""3"":34.6705436706543,""4"":31.02470588684082,""5"":14.713329315185547,""6"":25.228315353393555}",16.23170673455132,idw,1.0,5,0.17024972027380011,2.9703495710911842,6,0.8777858199557342,0.7744909288859984,1.2911707067226292,supported
motorbike-1,35113721:16:r,129,motorbike,10.7774105,106.68675855000001,"[[10.7773632,106.6867116],[10.7774578,106.6868055]]",2.1156609211953934,2022-02-28T06:00:00,2022-02-28T06:08:46.833916603,2022-02-28T06:08:47.891747064,2022-02-28T07:00:00,2022-02-28T06:08:48.949577525,2022-02-28T06:00:00,1,ceiling_to_next_hour_no_interpolation,False,3072.108252,2022-02-28T07:00:00,deployment_forecast,"{""1"":22.305646896362305,""2"":21.521059036254883,""3"":34.6705436706543,""4"":31.02470588684082,""5"":14.713329315185547,""6"":25.228315353393555}",16.17526197764891,idw,1.0,5,0.1632866987140167,3.0014991435166296,6,0.8825008010763924,0.7824719538942706,1.2780010772566581,supported
motorbike-1,35113721:15:r,130,motorbike,10.77767845,106.68702445,"[[10.7774578,106.6868055],[10.7778991,106.6872434]]",9.867875024072822,2022-02-28T06:00:00,2022-02-28T06:08:48.949577525,2022-02-28T06:08:53.883515037,2022-02-28T07:00:00,2022-02-28T06:08:58.817452549,2022-02-28T06:00:00,1,ceiling_to_next_hour_no_interpolation,False,3066.116484,2022-02-28T07:00:00,deployment_forecast,"{""1"":22.305646896362305,""2"":21.521059036254883,""3"":34.6705436706543,""4"":31.02470588684082,""5"":14.713329315185547,""6"":25.228315353393555}",16.220869423844956,idw,1.0,5,0.1692509449954644,3.027155438161633,6,0.8789793986616854,0.7764774185088491,1.2878674590697108,supported
motorbike-1,327048054:15:f,131,motorbike,10.77772005,106.68743755,"[[10.7778991,106.6872434],[10.777541,106.6876317]]",8.377553549688649,2022-02-28T06:00:00,2022-02-28T06:08:58.817452549,2022-02-28T06:09:03.006229324,2022-02-28T07:00:00,2022-02-28T06:09:07.195006098,2022-02-28T06:00:00,1,ceiling_to_next_hour_no_interpolation,False,3056.99377,2022-02-28T07:00:00,deployment_forecast,"{""1"":22.305646896362305,""2"":21.521059036254883,""3"":34.6705436706543,""4"":31.02470588684082,""5"":14.713329315185547,""6"":25.228315353393555}",16.110215421932853,idw,1.0,5,0.15593357754992687,3.0715805597712555,6,0.8879962796334855,0.7918356153262239,1.2628883832006161,supported
motorbike-1,327048054:16:f,132,motorbike,10.7775106,106.68766465,"[[10.777541,106.6876317],[10.7774802,106.6876976]]",1.4220678452535473,2022-02-28T06:00:00,2022-02-28T06:09:07.195006098,2022-02-28T06:09:07.906040021,2022-02-28T07:00:00,2022-02-28T06:09:08.617073944,2022-02-28T06:00:00,1,ceiling_to_next_hour_no_interpolation,False,3052.093959,2022-02-28T07:00:00,deployment_forecast,"{""1"":22.305646896362305,""2"":21.521059036254883,""3"":34.6705436706543,""4"":31.02470588684082,""5"":14.713329315185547,""6"":25.228315353393555}",15.881054372800024,idw,1.0,5,0.12823904740958064,3.09865416178647,6,0.9063932945643134,0.8238454966561922,1.213819829153379,supported
motorbike-1,327048054:17:f,133,motorbike,10.77729705,106.687896,"[[10.7774802,106.6876976],[10.7771139,106.6880944]]",8.564905326364073,2022-02-28T06:00:00,2022-02-28T06:09:08.617073944,2022-02-28T06:09:12.899526607,2022-02-28T07:00:00,2022-02-28T06:09:17.181979270,2022-02-28T06:00:00,1,ceiling_to_next_hour_no_interpolation,False,3047.100473,2022-02-28T07:00:00,deployment_forecast,"{""1"":22.305646896362305,""2"":21.521059036254883,""3"":34.6705436706543,""4"":31.02470588684082,""5"":14.713329315185547,""6"":25.228315353393555}",15.673202097949801,idw,1.0,5,0.10394617073309052,3.126376447106535,6,0.9230736716461346,0.8536113497045941,1.1714933269643921,supported
