route_id,segment_index,edge_id,start_node,end_node,road_type,direction,mode,segment_geometry,representative_latitude,representative_longitude,segment_duration_seconds,entry_elapsed_seconds,cumulative_elapsed_seconds,entry_timestamp,target_arrival_timestamp,estimated_arrival_timestamp
walking-1,1,242307850:0:f,2498079018,2498079021,service,forward,walking,"[[10.7802867, 106.6595074], [10.7813987, 106.6605783]]",10.780842700000001,106.66004285,122.55383185446013,0.0,122.55383185446013,2026-08-20T08:00:00+07:00,2026-08-20T08:01:01.276915927+07:00,2026-08-20T08:02:02.553831854+07:00
walking-1,2,242307850:1:f,2498079021,366433075,service,forward,walking,"[[10.7813987, 106.6605783], [10.7807714, 106.6607314]]",10.781085050000002,106.66065485,51.64518500951226,122.55383185446013,174.1990168639724,2026-08-20T08:02:02.553831854+07:00,2026-08-20T08:02:28.376424359+07:00,2026-08-20T08:02:54.199016864+07:00
walking-1,3,1277704606:0:r,366433075,1349033429,residential,reverse,walking,"[[10.7807714, 106.6607314], [10.7810596, 106.6614957]]",10.7809155,106.66111355000001,64.38646018927858,174.1990168639724,238.58547705325097,2026-08-20T08:02:54.199016864+07:00,2026-08-20T08:03:26.392246959+07:00,2026-08-20T08:03:58.585477053+07:00
walking-1,4,520723335:2:r,1349033429,4415686093,tertiary,reverse,walking,"[[10.7810596, 106.6614957], [10.7813997, 106.6623673]]",10.78122965,106.66193150000001,73.75876521296139,238.58547705325097,312.34424226621235,2026-08-20T08:03:58.585477053+07:00,2026-08-20T08:04:35.464859660+07:00,2026-08-20T08:05:12.344242266+07:00
walking-1,5,520723335:1:r,4415686093,4415547496,tertiary,reverse,walking,"[[10.7813997, 106.6623673], [10.7817477, 106.6632592]]",10.7815737,106.66281325,75.47594564187467,312.34424226621235,387.820187908087,2026-08-20T08:05:12.344242266+07:00,2026-08-20T08:05:50.082215087+07:00,2026-08-20T08:06:27.820187908+07:00
walking-1,6,520723335:0:r,4415547496,366413355,tertiary,reverse,walking,"[[10.7817477, 106.6632592], [10.7822562, 106.6645756]]",10.782001950000002,106.6639174,111.24762763960305,387.820187908087,499.0678155476901,2026-08-20T08:06:27.820187908+07:00,2026-08-20T08:07:23.444001728+07:00,2026-08-20T08:08:19.067815548+07:00
walking-1,7,32579174:7:f,366413355,366382549,residential,forward,walking,"[[10.7822562, 106.6645756], [10.7818835, 106.665204]]",10.78206985,106.6648898,57.73087078415001,499.0678155476901,556.7986863318401,2026-08-20T08:08:19.067815548+07:00,2026-08-20T08:08:47.933250940+07:00,2026-08-20T08:09:16.798686332+07:00
walking-1,8,32579174:8:f,366382549,366457844,residential,forward,walking,"[[10.7818835, 106.665204], [10.7815821, 106.6657795]]",10.7817328,106.66549175,51.29195726692396,556.7986863318401,608.0906435987641,2026-08-20T08:09:16.798686332+07:00,2026-08-20T08:09:42.444664965+07:00,2026-08-20T08:10:08.090643599+07:00
walking-1,9,32579174:9:f,366457844,2930534054,residential,forward,walking,"[[10.7815821, 106.6657795], [10.7814678, 106.6659784]]",10.78152495,106.66587895,18.122923604608644,608.0906435987641,626.2135672033728,2026-08-20T08:10:08.090643599+07:00,2026-08-20T08:10:17.152105401+07:00,2026-08-20T08:10:26.213567203+07:00
walking-1,10,289494377:7:r,2930534054,5772254959,residential,reverse,walking,"[[10.7814678, 106.6659784], [10.7816144, 106.6661531]]",10.7815411,106.66606575,18.07020624647736,626.2135672033728,644.2837734498502,2026-08-20T08:10:26.213567203+07:00,2026-08-20T08:10:35.248670327+07:00,2026-08-20T08:10:44.283773450+07:00
walking-1,11,289494377:6:r,5772254959,5772452208,residential,reverse,walking,"[[10.7816144, 106.6661531], [10.7816538, 106.6662]]",10.781634100000002,106.66617655,4.853405452161755,644.2837734498502,649.1371789020119,2026-08-20T08:10:44.283773450+07:00,2026-08-20T08:10:46.710476176+07:00,2026-08-20T08:10:49.137178902+07:00
walking-1,12,289494377:5:r,5772452208,2930534057,residential,reverse,walking,"[[10.7816538, 106.6662], [10.7817639, 106.6663312]]",10.781708850000001,106.6662656,13.570915259319548,649.1371789020119,662.7080941613315,2026-08-20T08:10:49.137178902+07:00,2026-08-20T08:10:55.922636532+07:00,2026-08-20T08:11:02.708094161+07:00
walking-1,13,289494377:4:r,2930534057,13174777970,residential,reverse,walking,"[[10.7817639, 106.6663312], [10.7817693, 106.6663406]]",10.781766600000001,106.6663359,0.8564144222165885,662.7080941613315,663.5645085835481,2026-08-20T08:11:02.708094161+07:00,2026-08-20T08:11:03.136301372+07:00,2026-08-20T08:11:03.564508584+07:00
walking-1,14,289494377:3:r,13174777970,13174777972,residential,reverse,walking,"[[10.7817693, 106.6663406], [10.7817702, 106.6663515]]",10.78176975,106.66634605,0.8602766362044205,663.5645085835481,664.4247852197525,2026-08-20T08:11:03.564508584+07:00,2026-08-20T08:11:03.994646902+07:00,2026-08-20T08:11:04.424785220+07:00
walking-1,15,289494377:2:r,13174777972,13174777971,residential,reverse,walking,"[[10.7817702, 106.6663515], [10.7817664, 106.6663618]]",10.7817683,106.66635665000001,0.8653102680407531,664.4247852197525,665.2900954877932,2026-08-20T08:11:04.424785220+07:00,2026-08-20T08:11:04.857440354+07:00,2026-08-20T08:11:05.290095488+07:00
walking-1,16,289494377:1:r,13174777971,5772254960,residential,reverse,walking,"[[10.7817664, 106.6663618], [10.7817586, 106.6663696]]",10.7817625,106.6663657,0.8753758019212898,665.2900954877932,666.1654712897146,2026-08-20T08:11:05.290095488+07:00,2026-08-20T08:11:05.727783389+07:00,2026-08-20T08:11:06.165471290+07:00
walking-1,17,289494377:0:r,5772254960,2930534062,residential,reverse,walking,"[[10.7817586, 106.6663696], [10.7815428, 106.6665411]]",10.7816507,106.66645535,21.91853549655546,666.1654712897146,688.08400678627,2026-08-20T08:11:06.165471290+07:00,2026-08-20T08:11:17.124739038+07:00,2026-08-20T08:11:28.084006786+07:00
walking-1,18,694637565:0:f,2930534062,4120155315,residential,forward,walking,"[[10.7815428, 106.6665411], [10.781474, 106.6665947]]",10.7815084,106.6665679,6.936150109063491,688.08400678627,695.0201568953336,2026-08-20T08:11:28.084006786+07:00,2026-08-20T08:11:31.552081841+07:00,2026-08-20T08:11:35.020156895+07:00
walking-1,19,410150107:0:f,4120155315,5074798763,residential,forward,walking,"[[10.781474, 106.6665947], [10.781708, 106.6668532]]",10.781590999999999,106.66672395,27.645781520675644,695.0201568953336,722.6659384160092,2026-08-20T08:11:35.020156895+07:00,2026-08-20T08:11:48.843047656+07:00,2026-08-20T08:12:02.665938416+07:00
walking-1,20,520723263:0:f,5074798763,4120155316,residential,forward,walking,"[[10.781708, 106.6668532], [10.7817826, 106.6669348]]",10.7817453,106.66689400000001,8.766787040109001,722.6659384160092,731.4327254561182,2026-08-20T08:12:02.665938416+07:00,2026-08-20T08:12:07.049331936+07:00,2026-08-20T08:12:11.432725456+07:00
walking-1,21,520723263:1:f,4120155316,4120155317,residential,forward,walking,"[[10.7817826, 106.6669348], [10.7818855, 106.6670827]]",10.78183405,106.66700875000001,14.253757154967932,731.4327254561182,745.6864826110861,2026-08-20T08:12:11.432725456+07:00,2026-08-20T08:12:18.559604034+07:00,2026-08-20T08:12:25.686482611+07:00
walking-1,22,520723263:2:f,4120155317,4120155318,residential,forward,walking,"[[10.7818855, 106.6670827], [10.7818644, 106.6671751]]",10.781874949999999,106.6671289,7.460753130743864,745.6864826110861,753.1472357418301,2026-08-20T08:12:25.686482611+07:00,2026-08-20T08:12:29.416859176+07:00,2026-08-20T08:12:33.147235742+07:00
walking-1,23,520723263:3:f,4120155318,5074798794,residential,forward,walking,"[[10.7818644, 106.6671751], [10.7817621, 106.6672668]]",10.781813249999999,106.66722095,10.912892630563881,753.1472357418301,764.0601283723939,2026-08-20T08:12:33.147235742+07:00,2026-08-20T08:12:38.603682057+07:00,2026-08-20T08:12:44.060128372+07:00
walking-1,24,520723263:4:f,5074798794,4120155319,residential,forward,walking,"[[10.7817621, 106.6672668], [10.7814073, 106.6675849]]",10.7815847,106.66742585,37.85172910894005,764.0601283723939,801.911857481334,2026-08-20T08:12:44.060128372+07:00,2026-08-20T08:13:02.985992927+07:00,2026-08-20T08:13:21.911857481+07:00
walking-1,25,520723263:5:f,4120155319,5074798792,residential,forward,walking,"[[10.7814073, 106.6675849], [10.7813718, 106.6676167]]",10.78138955,106.6676008,3.7858561431603572,801.911857481334,805.6977136244943,2026-08-20T08:13:21.911857481+07:00,2026-08-20T08:13:23.804785553+07:00,2026-08-20T08:13:25.697713624+07:00
walking-1,26,520723263:6:f,5074798792,4120155276,residential,forward,walking,"[[10.7813718, 106.6676167], [10.7810966, 106.6678628]]",10.7812342,106.66773975,29.326725459023578,805.6977136244943,835.0244390835179,2026-08-20T08:13:25.697713624+07:00,2026-08-20T08:13:40.361076354+07:00,2026-08-20T08:13:55.024439084+07:00
walking-1,27,410150095:5:f,4120155276,5074798790,residential,forward,walking,"[[10.7810966, 106.6678628], [10.7810635, 106.6679227]]",10.78108005,106.66789275,5.405162770737246,835.0244390835179,840.4296018542551,2026-08-20T08:13:55.024439084+07:00,2026-08-20T08:13:57.727020469+07:00,2026-08-20T08:14:00.429601854+07:00
walking-1,28,410150095:6:f,5074798790,5074798789,residential,forward,walking,"[[10.7810635, 106.6679227], [10.780941, 106.668144]]",10.78100225,106.66803335,19.977668831805644,840.4296018542551,860.4072706860608,2026-08-20T08:14:00.429601854+07:00,2026-08-20T08:14:10.418436270+07:00,2026-08-20T08:14:20.407270686+07:00
walking-1,29,410150095:7:f,5074798789,4120155272,residential,forward,walking,"[[10.780941, 106.668144], [10.7808012, 106.6683849]]",10.7808711,106.66826445000001,22.005173165028964,860.4072706860608,882.4124438510897,2026-08-20T08:14:20.407270686+07:00,2026-08-20T08:14:31.409857269+07:00,2026-08-20T08:14:42.412443851+07:00
walking-1,30,410150095:0:r,4120155272,4120155271,residential,reverse,walking,"[[10.7808012, 106.6683849], [10.7809462, 106.6685844]]",10.7808737,106.66848465000001,19.517793840779778,882.4124438510897,901.9302376918695,2026-08-20T08:14:42.412443851+07:00,2026-08-20T08:14:52.171340771+07:00,2026-08-20T08:15:01.930237692+07:00
walking-1,31,410149784:1:r,4120155271,4120151675,residential,reverse,walking,"[[10.7809462, 106.6685844], [10.7809123, 106.6686089]]",10.78092925,106.66859665,3.3284914141052027,901.9302376918695,905.2587291059747,2026-08-20T08:15:01.930237692+07:00,2026-08-20T08:15:03.594483399+07:00,2026-08-20T08:15:05.258729106+07:00
walking-1,32,410149784:0:r,4120151675,4120151674,residential,reverse,walking,"[[10.7809123, 106.6686089], [10.780507, 106.6689134]]",10.78070965,106.66876115,40.328881267721414,905.2587291059747,945.5876103736961,2026-08-20T08:15:05.258729106+07:00,2026-08-20T08:15:25.423169740+07:00,2026-08-20T08:15:45.587610374+07:00
walking-1,33,716044137:15:r,4120151674,366403850,secondary,reverse,walking,"[[10.780507, 106.6689134], [10.7805677, 106.6689967]]",10.78053735,106.66895505,8.156982173967327,945.5876103736961,953.7445925476634,2026-08-20T08:15:45.587610374+07:00,2026-08-20T08:15:49.666101461+07:00,2026-08-20T08:15:53.744592548+07:00
walking-1,34,716044137:14:r,366403850,13441558876,secondary,reverse,walking,"[[10.7805677, 106.6689967], [10.7808711, 106.6694055]]",10.7807194,106.6692011,40.29530387682751,953.7445925476634,994.0398964244908,2026-08-20T08:15:53.744592548+07:00,2026-08-20T08:16:13.892244486+07:00,2026-08-20T08:16:34.039896424+07:00
walking-1,35,716044137:13:r,13441558876,366464770,secondary,reverse,walking,"[[10.7808711, 106.6694055], [10.7808899, 106.6694309]]",10.7808805,106.6694182,2.5012025933203543,994.0398964244908,996.5410990178112,2026-08-20T08:16:34.039896424+07:00,2026-08-20T08:16:35.290497721+07:00,2026-08-20T08:16:36.541099018+07:00
walking-1,36,716044137:12:r,366464770,13441558874,secondary,reverse,walking,"[[10.7808899, 106.6694309], [10.7809051, 106.6694517]]",10.7808975,106.66944129999999,2.03885914762541,996.5410990178112,998.5799581654367,2026-08-20T08:16:36.541099018+07:00,2026-08-20T08:16:37.560528592+07:00,2026-08-20T08:16:38.579958165+07:00
walking-1,37,716044137:11:r,13441558874,366434727,secondary,reverse,walking,"[[10.7809051, 106.6694517], [10.7811107, 106.669732]]",10.781007899999999,106.66959184999999,27.51219888450912,998.5799581654367,1026.0921570499459,2026-08-20T08:16:38.579958165+07:00,2026-08-20T08:16:52.336057608+07:00,2026-08-20T08:17:06.092157050+07:00
walking-1,38,716044137:10:r,366434727,3718387279,secondary,reverse,walking,"[[10.7811107, 106.669732], [10.7811663, 106.6698044]]",10.7811385,106.6697682,7.2275162089596074,1026.0921570499459,1033.3196732589054,2026-08-20T08:17:06.092157050+07:00,2026-08-20T08:17:09.705915154+07:00,2026-08-20T08:17:13.319673259+07:00
walking-1,39,716044137:9:r,3718387279,3718387319,secondary,reverse,walking,"[[10.7811663, 106.6698044], [10.7816116, 106.6703849]]",10.78138895,106.67009465000001,57.92531156076102,1033.3196732589054,1091.2449848196663,2026-08-20T08:17:13.319673259+07:00,2026-08-20T08:17:42.282329039+07:00,2026-08-20T08:18:11.244984820+07:00
walking-1,40,716044137:8:r,3718387319,5063701425,secondary,reverse,walking,"[[10.7816116, 106.6703849], [10.7818565, 106.6707042]]",10.78173405,106.67054455,31.859709290272065,1091.2449848196663,1123.1046941099385,2026-08-20T08:18:11.244984820+07:00,2026-08-20T08:18:27.174839465+07:00,2026-08-20T08:18:43.104694110+07:00
walking-1,41,716044137:7:r,5063701425,5063701430,secondary,reverse,walking,"[[10.7818565, 106.6707042], [10.7821688, 106.6711112]]",10.78201265,106.6709077,40.61702961073166,1123.1046941099385,1163.72172372067,2026-08-20T08:18:43.104694110+07:00,2026-08-20T08:19:03.413208915+07:00,2026-08-20T08:19:23.721723721+07:00
walking-1,42,716044137:6:r,5063701430,3718387308,secondary,reverse,walking,"[[10.7821688, 106.6711112], [10.7822208, 106.671179]]",10.7821948,106.67114509999999,6.764972400637592,1163.72172372067,1170.4866961213077,2026-08-20T08:19:23.721723721+07:00,2026-08-20T08:19:27.104209921+07:00,2026-08-20T08:19:30.486696121+07:00
walking-1,43,716044137:5:r,3718387308,5063701421,secondary,reverse,walking,"[[10.7822208, 106.671179], [10.782292, 106.6712731]]",10.7822564,106.67122605,9.341498243507912,1170.4866961213077,1179.8281943648155,2026-08-20T08:19:30.486696121+07:00,2026-08-20T08:19:35.157445243+07:00,2026-08-20T08:19:39.828194365+07:00
walking-1,44,716044137:4:r,5063701421,13540705422,secondary,reverse,walking,"[[10.782292, 106.6712731], [10.7823458, 106.6713442]]",10.7823189,106.67130864999999,7.058375565838252,1179.8281943648155,1186.8865699306539,2026-08-20T08:19:39.828194365+07:00,2026-08-20T08:19:43.357382148+07:00,2026-08-20T08:19:46.886569931+07:00
walking-1,45,716044137:3:r,13540705422,13540705424,secondary,reverse,walking,"[[10.7823458, 106.6713442], [10.7824965, 106.6715399]]",10.782421150000001,106.67144205,19.556489624045543,1186.8865699306539,1206.4430595546994,2026-08-20T08:19:46.886569931+07:00,2026-08-20T08:19:56.664814743+07:00,2026-08-20T08:20:06.443059555+07:00
walking-1,46,716044137:2:r,13540705424,5074798961,secondary,reverse,walking,"[[10.7824965, 106.6715399], [10.7825682, 106.6716378]]",10.78253235,106.67158885,9.603868227829262,1206.4430595546994,1216.0469277825287,2026-08-20T08:20:06.443059555+07:00,2026-08-20T08:20:11.244993669+07:00,2026-08-20T08:20:16.046927783+07:00
walking-1,47,716044137:1:r,5074798961,5063701411,secondary,reverse,walking,"[[10.7825682, 106.6716378], [10.7825973, 106.6716762]]",10.78258275,106.671657,3.814240604446116,1216.0469277825287,1219.8611683869747,2026-08-20T08:20:16.046927783+07:00,2026-08-20T08:20:17.954048085+07:00,2026-08-20T08:20:19.861168387+07:00
walking-1,48,716044137:0:r,5063701411,4875861250,secondary,reverse,walking,"[[10.7825973, 106.6716762], [10.7829178, 106.6720996]]",10.78275755,106.6718879,42.038469107322456,1219.8611683869747,1261.8996374942972,2026-08-20T08:20:19.861168387+07:00,2026-08-20T08:20:40.880402941+07:00,2026-08-20T08:21:01.899637494+07:00
walking-1,49,495852561:4:r,4875861250,11395678546,primary,reverse,walking,"[[10.7829178, 106.6720996], [10.7827408, 106.6724336]]",10.7828293,106.6722666,29.846595624398258,1261.8996374942972,1291.7462331186955,2026-08-20T08:21:01.899637494+07:00,2026-08-20T08:21:16.822935306+07:00,2026-08-20T08:21:31.746233119+07:00
walking-1,50,495852561:3:r,11395678546,5063701408,primary,reverse,walking,"[[10.7827408, 106.6724336], [10.7827246, 106.6724641]]",10.7827327,106.67244885,2.7269142096456354,1291.7462331186955,1294.4731473283412,2026-08-20T08:21:31.746233119+07:00,2026-08-20T08:21:33.109690224+07:00,2026-08-20T08:21:34.473147328+07:00
walking-1,51,495852561:2:r,5063701408,411918284,primary,reverse,walking,"[[10.7827246, 106.6724641], [10.7825681, 106.6727592]]",10.78264635,106.67261165,26.37482266197882,1294.4731473283412,1320.84796999032,2026-08-20T08:21:34.473147328+07:00,2026-08-20T08:21:47.660558659+07:00,2026-08-20T08:22:00.847969990+07:00
walking-1,52,495852561:1:r,411918284,5063701402,primary,reverse,walking,"[[10.7825681, 106.6727592], [10.782487, 106.6729096]]",10.782527550000001,106.6728344,13.493375829992404,1320.84796999032,1334.3413458203124,2026-08-20T08:22:00.847969990+07:00,2026-08-20T08:22:07.594657905+07:00,2026-08-20T08:22:14.341345820+07:00
walking-1,53,495852561:0:r,5063701402,11771724356,primary,reverse,walking,"[[10.782487, 106.6729096], [10.7824523, 106.672974]]",10.78246965,106.67294179999999,5.776735503007723,1334.3413458203124,1340.1180813233202,2026-08-20T08:22:14.341345820+07:00,2026-08-20T08:22:17.229713572+07:00,2026-08-20T08:22:20.118081323+07:00
walking-1,54,500897933:9:r,11771724356,366470932,primary,reverse,walking,"[[10.7824523, 106.672974], [10.7822806, 106.6732878]]",10.78236645,106.67313089999999,28.249546361288505,1340.1180813233202,1368.3676276846088,2026-08-20T08:22:20.118081323+07:00,2026-08-20T08:22:34.242854504+07:00,2026-08-20T08:22:48.367627685+07:00
walking-1,55,500897933:8:r,366470932,5063701380,primary,reverse,walking,"[[10.7822806, 106.6732878], [10.7821696, 106.6734948]]",10.7822251,106.67339129999999,18.54750207466979,1368.3676276846088,1386.9151297592787,2026-08-20T08:22:48.367627685+07:00,2026-08-20T08:22:57.641378722+07:00,2026-08-20T08:23:06.915129759+07:00
walking-1,56,500897933:7:r,5063701380,411926299,primary,reverse,walking,"[[10.7821696, 106.6734948], [10.7819667, 106.6738904]]",10.78206815,106.67369260000001,35.09816307799212,1386.9151297592787,1422.0132928372707,2026-08-20T08:23:06.915129759+07:00,2026-08-20T08:23:24.464211298+07:00,2026-08-20T08:23:42.013292837+07:00
walking-1,57,500897933:6:r,411926299,366434259,primary,reverse,walking,"[[10.7819667, 106.6738904], [10.7817734, 106.6742377]]",10.78187005,106.67406405,31.39361698611284,1422.0132928372707,1453.4069098233836,2026-08-20T08:23:42.013292837+07:00,2026-08-20T08:23:57.710101330+07:00,2026-08-20T08:24:13.406909823+07:00
walking-1,58,500897933:5:r,366434259,9488493337,primary,reverse,walking,"[[10.7817734, 106.6742377], [10.7817019, 106.6743707]]",10.78173765,106.6743042,11.923964944699646,1453.4069098233836,1465.3308747680833,2026-08-20T08:24:13.406909823+07:00,2026-08-20T08:24:19.368892296+07:00,2026-08-20T08:24:25.330874768+07:00
walking-1,59,500897933:4:r,9488493337,5063701284,primary,reverse,walking,"[[10.7817019, 106.6743707], [10.7815756, 106.6746059]]",10.781638749999999,106.67448830000001,21.08113659032649,1465.3308747680833,1486.4120113584097,2026-08-20T08:24:25.330874768+07:00,2026-08-20T08:24:35.871443063+07:00,2026-08-20T08:24:46.412011358+07:00
walking-1,60,500897933:3:r,5063701284,411918265,primary,reverse,walking,"[[10.7815756, 106.6746059], [10.7814583, 106.6748564]]",10.78151695,106.67473115,21.82491459470385,1486.4120113584097,1508.2369259531135,2026-08-20T08:24:46.412011358+07:00,2026-08-20T08:24:57.324468656+07:00,2026-08-20T08:25:08.236925953+07:00
walking-1,61,500897933:2:r,411918265,8366363067,primary,reverse,walking,"[[10.7814583, 106.6748564], [10.7812809, 106.6751601]]",10.781369600000001,106.67500824999999,27.788821632502835,1508.2369259531135,1536.0257475856163,2026-08-20T08:25:08.236925953+07:00,2026-08-20T08:25:22.131336768+07:00,2026-08-20T08:25:36.025747586+07:00
walking-1,62,500897933:1:r,8366363067,366368374,primary,reverse,walking,"[[10.7812809, 106.6751601], [10.7812241, 106.675257]]",10.7812525,106.67520855000001,8.87454713276529,1536.0257475856163,1544.9002947183815,2026-08-20T08:25:36.025747586+07:00,2026-08-20T08:25:40.463021152+07:00,2026-08-20T08:25:44.900294718+07:00
walking-1,63,500897933:0:r,366368374,4918435013,primary,reverse,walking,"[[10.7812241, 106.675257], [10.7810495, 106.6755908]]",10.781136799999999,106.6754239,29.742094242832376,1544.9002947183815,1574.6423889612138,2026-08-20T08:25:44.900294718+07:00,2026-08-20T08:25:59.771341840+07:00,2026-08-20T08:26:14.642388961+07:00
walking-1,64,1255192198:0:r,4918435013,5778141550,primary,reverse,walking,"[[10.7810495, 106.6755908], [10.7809641, 106.6757488]]",10.7810068,106.6756698,14.183060662456333,1574.6423889612138,1588.82544962367,2026-08-20T08:26:14.642388961+07:00,2026-08-20T08:26:21.733919292+07:00,2026-08-20T08:26:28.825449624+07:00
walking-1,65,496279185:1:r,5778141550,5063700700,primary,reverse,walking,"[[10.7809641, 106.6757488], [10.7808806, 106.6759049]]",10.78092235,106.67582684999999,13.978947673972476,1588.82544962367,1602.8043972976425,2026-08-20T08:26:28.825449624+07:00,2026-08-20T08:26:35.814923461+07:00,2026-08-20T08:26:42.804397298+07:00
walking-1,66,496279185:0:r,5063700700,4879876935,primary,reverse,walking,"[[10.7808806, 106.6759049], [10.7808527, 106.6759568]]",10.78086665,106.67593085,4.653002962790118,1602.8043972976425,1607.4574002604327,2026-08-20T08:26:42.804397298+07:00,2026-08-20T08:26:45.130898779+07:00,2026-08-20T08:26:47.457400260+07:00
walking-1,67,1097215585:2:r,4879876935,411924698,primary,reverse,walking,"[[10.7808527, 106.6759568], [10.7807328, 106.6761789]]",10.78079275,106.67606785,19.931435684471452,1607.4574002604327,1627.388835944904,2026-08-20T08:26:47.457400260+07:00,2026-08-20T08:26:57.423118103+07:00,2026-08-20T08:27:07.388835945+07:00
walking-1,68,1097215585:1:r,411924698,5063700697,primary,reverse,walking,"[[10.7807328, 106.6761789], [10.780635, 106.676358]]",10.7806839,106.67626845,16.11570568053628,1627.388835944904,1643.5045416254402,2026-08-20T08:27:07.388835945+07:00,2026-08-20T08:27:15.446688785+07:00,2026-08-20T08:27:23.504541625+07:00
walking-1,69,1097215585:0:r,5063700697,10046834524,primary,reverse,walking,"[[10.780635, 106.676358], [10.7804881, 106.6766554]]",10.78056155,106.6765067,26.180122940572904,1643.5045416254402,1669.684664566013,2026-08-20T08:27:23.504541625+07:00,2026-08-20T08:27:36.594603096+07:00,2026-08-20T08:27:49.684664566+07:00
walking-1,70,1097215590:3:r,10046834524,10046834529,primary,reverse,walking,"[[10.7804881, 106.6766554], [10.7804852, 106.6766819]]",10.78048665,106.67666865000001,2.097050295574779,1669.684664566013,1671.7817148615877,2026-08-20T08:27:49.684664566+07:00,2026-08-20T08:27:50.733189714+07:00,2026-08-20T08:27:51.781714862+07:00
walking-1,71,1097215590:2:r,10046834529,10972385529,primary,reverse,walking,"[[10.7804852, 106.6766819], [10.7803621, 106.6769143]]",10.78042365,106.67679810000001,20.765432626888177,1671.7817148615877,1692.547147488476,2026-08-20T08:27:51.781714862+07:00,2026-08-20T08:28:02.164431175+07:00,2026-08-20T08:28:12.547147488+07:00
walking-1,72,1097215590:1:r,10972385529,10046834530,primary,reverse,walking,"[[10.7803621, 106.6769143], [10.7803517, 106.6769339]]",10.780356900000001,106.67692410000001,1.7519890086030239,1692.547147488476,1694.299136497079,2026-08-20T08:28:12.547147488+07:00,2026-08-20T08:28:13.423141993+07:00,2026-08-20T08:28:14.299136497+07:00
walking-1,73,1097215590:0:r,10046834530,10046834527,primary,reverse,walking,"[[10.7803517, 106.6769339], [10.78033, 106.6769507]]",10.78034085,106.67694230000001,2.182665512959513,1694.299136497079,1696.4818020100386,2026-08-20T08:28:14.299136497+07:00,2026-08-20T08:28:15.390469254+07:00,2026-08-20T08:28:16.481802010+07:00
walking-1,74,1097215589:1:r,10046834527,5778164496,primary,reverse,walking,"[[10.78033, 106.6769507], [10.7802644, 106.6770737]]",10.7802972,106.67701220000001,11.00738645737114,1696.4818020100386,1707.4891884674098,2026-08-20T08:28:16.481802010+07:00,2026-08-20T08:28:21.985495239+07:00,2026-08-20T08:28:27.489188467+07:00
walking-1,75,1097215589:0:r,5778164496,10046800715,primary,reverse,walking,"[[10.7802644, 106.6770737], [10.7802412, 106.6771159]]",10.7802528,106.67709479999999,3.8033161189241897,1707.4891884674098,1711.292504586334,2026-08-20T08:28:27.489188467+07:00,2026-08-20T08:28:29.390846527+07:00,2026-08-20T08:28:31.292504586+07:00
walking-1,76,225192895:0:f,10046800715,4877811748,primary,forward,walking,"[[10.7802412, 106.6771159], [10.7802125, 106.6771286]]",10.78022685,106.67712225,2.5054412089685383,1711.292504586334,1713.7979457953024,2026-08-20T08:28:31.292504586+07:00,2026-08-20T08:28:32.545225191+07:00,2026-08-20T08:28:33.797945795+07:00
walking-1,77,225192895:1:f,4877811748,5778164526,primary,forward,walking,"[[10.7802125, 106.6771286], [10.7801234, 106.677319]]",10.78016795,106.67722380000001,16.586762527197596,1713.7979457953024,1730.3847083225,2026-08-20T08:28:33.797945795+07:00,2026-08-20T08:28:42.091327059+07:00,2026-08-20T08:28:50.384708323+07:00
walking-1,78,225192895:2:f,5778164526,5059499528,primary,forward,walking,"[[10.7801234, 106.677319], [10.7800426, 106.6774743]]",10.780083000000001,106.67739664999999,13.821270019908438,1730.3847083225,1744.2059783424086,2026-08-20T08:28:50.384708323+07:00,2026-08-20T08:28:57.295343332+07:00,2026-08-20T08:29:04.205978342+07:00
walking-1,79,225192895:3:f,5059499528,411925476,primary,forward,walking,"[[10.7800426, 106.6774743], [10.7797249, 106.6780843]]",10.77988375,106.6777793,54.30060371414708,1744.2059783424086,1798.5065820565555,2026-08-20T08:29:04.205978342+07:00,2026-08-20T08:29:31.356280199+07:00,2026-08-20T08:29:58.506582057+07:00
walking-1,80,225192895:4:f,411925476,11811380955,primary,forward,walking,"[[10.7797249, 106.6780843], [10.7796842, 106.6781605]]",10.77970455,106.6781224,6.821513783197145,1798.5065820565555,1805.3280958397527,2026-08-20T08:29:58.506582057+07:00,2026-08-20T08:30:01.917338948+07:00,2026-08-20T08:30:05.328095840+07:00
walking-1,81,225192895:5:f,11811380955,11846659094,primary,forward,walking,"[[10.7796842, 106.6781605], [10.7796323, 106.6782465]]",10.77965825,106.6782035,7.938061690269861,1805.3280958397527,1813.2661575300226,2026-08-20T08:30:05.328095840+07:00,2026-08-20T08:30:09.297126685+07:00,2026-08-20T08:30:13.266157529+07:00
walking-1,82,225192895:6:f,11846659094,13623759834,primary,forward,walking,"[[10.7796323, 106.6782465], [10.77953, 106.6784251]]",10.779581149999999,106.6783358,16.25985078148155,1813.2661575300226,1829.5260083115043,2026-08-20T08:30:13.266157529+07:00,2026-08-20T08:30:21.396082921+07:00,2026-08-20T08:30:29.526008312+07:00
walking-1,83,1486139602:0:f,13623759834,13623759833,primary,forward,walking,"[[10.77953, 106.6784251], [10.7795134, 106.6784869]]",10.7795217,106.678456,5.038851440436647,1829.5260083115043,1834.564859751941,2026-08-20T08:30:29.526008312+07:00,2026-08-20T08:30:32.045434032+07:00,2026-08-20T08:30:34.564859752+07:00
walking-1,84,1486139601:0:r,13623759833,2690659614,primary,reverse,walking,"[[10.7795134, 106.6784869], [10.7794286, 106.678638]]",10.779471000000001,106.67856245,13.68626788230784,1834.564859751941,1848.2511276342489,2026-08-20T08:30:34.564859752+07:00,2026-08-20T08:30:41.407993693+07:00,2026-08-20T08:30:48.251127634+07:00
walking-1,85,1158093921:0:f,2690659614,13475788560,tertiary,forward,walking,"[[10.7794286, 106.678638], [10.7800321, 106.6791969]]",10.77973035,106.67891745,65.31943670573489,1848.2511276342489,1913.5705643399838,2026-08-20T08:30:48.251127634+07:00,2026-08-20T08:31:20.910845987+07:00,2026-08-20T08:31:53.570564340+07:00
walking-1,86,1158093921:1:f,13475788560,13202259511,tertiary,forward,walking,"[[10.7800321, 106.6791969], [10.7800789, 106.6792402]]",10.7800555,106.67921855,5.063176379038127,1913.5705643399838,1918.633740719022,2026-08-20T08:31:53.570564340+07:00,2026-08-20T08:31:56.102152530+07:00,2026-08-20T08:31:58.633740719+07:00
walking-1,87,1158093921:2:f,13202259511,13441558879,tertiary,forward,walking,"[[10.7800789, 106.6792402], [10.7803411, 106.679483]]",10.78021,106.6793616,28.37782046798715,1918.633740719022,1947.0115611870092,2026-08-20T08:31:58.633740719+07:00,2026-08-20T08:32:12.822650953+07:00,2026-08-20T08:32:27.011561187+07:00
walking-1,88,1158093921:3:f,13441558879,5778872974,tertiary,forward,walking,"[[10.7803411, 106.679483], [10.7803745, 106.6795139]]",10.7803578,106.67949845000001,3.6133488152871673,1947.0115611870092,1950.6249100022962,2026-08-20T08:32:27.011561187+07:00,2026-08-20T08:32:28.818235595+07:00,2026-08-20T08:32:30.624910002+07:00
walking-1,89,1176186457:0:f,5778872974,13441558878,tertiary,forward,walking,"[[10.7803745, 106.6795139], [10.780407, 106.6795459]]",10.78039075,106.6795299,3.6199585965494925,1950.6249100022962,1954.2448685988456,2026-08-20T08:32:30.624910002+07:00,2026-08-20T08:32:32.434889301+07:00,2026-08-20T08:32:34.244868599+07:00
walking-1,90,1176186457:1:f,13441558878,12067818219,tertiary,forward,walking,"[[10.780407, 106.6795459], [10.7804234, 106.6795621]]",10.7804152,106.679554,1.829549221001255,1954.2448685988456,1956.074417819847,2026-08-20T08:32:34.244868599+07:00,2026-08-20T08:32:35.159643209+07:00,2026-08-20T08:32:36.074417820+07:00
walking-1,91,1176186457:2:f,12067818219,5778164492,tertiary,forward,walking,"[[10.7804234, 106.6795621], [10.7805301, 106.6796675]]",10.78047675,106.6796148,11.90329133402572,1956.074417819847,1967.9777091538726,2026-08-20T08:32:36.074417820+07:00,2026-08-20T08:32:42.026063487+07:00,2026-08-20T08:32:47.977709154+07:00
walking-1,92,1176186457:3:f,5778164492,411917856,tertiary,forward,walking,"[[10.7805301, 106.6796675], [10.7807539, 106.6798779]]",10.780642,106.6797727,24.38964921600754,1967.9777091538726,1992.36735836988,2026-08-20T08:32:47.977709154+07:00,2026-08-20T08:33:00.172533762+07:00,2026-08-20T08:33:12.367358370+07:00
walking-1,93,1177449718:0:f,411917856,11050300613,tertiary,forward,walking,"[[10.7807539, 106.6798779], [10.7805838, 106.6801291]]",10.780668850000001,106.6800035,23.995132715376197,1992.36735836988,2016.3624910852564,2026-08-20T08:33:12.367358370+07:00,2026-08-20T08:33:24.364924728+07:00,2026-08-20T08:33:36.362491085+07:00
walking-1,94,1177449718:1:f,11050300613,9218211174,tertiary,forward,walking,"[[10.7805838, 106.6801291], [10.7804449, 106.6803593]]",10.78051435,106.6802442,21.247151807407477,2016.3624910852564,2037.609642892664,2026-08-20T08:33:36.362491085+07:00,2026-08-20T08:33:46.986066989+07:00,2026-08-20T08:33:57.609642893+07:00
walking-1,95,1177449718:2:f,9218211174,10028966994,tertiary,forward,walking,"[[10.7804449, 106.6803593], [10.7802469, 106.6806875]]",10.7803459,106.6805234,30.291089647674255,2037.609642892664,2067.900732540338,2026-08-20T08:33:57.609642893+07:00,2026-08-20T08:34:12.755187717+07:00,2026-08-20T08:34:27.900732540+07:00
walking-1,96,1177449718:3:f,10028966994,6702164762,tertiary,forward,walking,"[[10.7802469, 106.6806875], [10.7801795, 106.6807992]]",10.780213199999999,106.68074335,10.309831655801363,2067.900732540338,2078.2105641961393,2026-08-20T08:34:27.900732540+07:00,2026-08-20T08:34:33.055648368+07:00,2026-08-20T08:34:38.210564196+07:00
walking-1,97,1177449718:4:f,6702164762,411926137,tertiary,forward,walking,"[[10.7801795, 106.6807992], [10.7801372, 106.6808694]]",10.78015835,106.6808343,6.476948206882794,2078.2105641961393,2084.687512403022,2026-08-20T08:34:38.210564196+07:00,2026-08-20T08:34:41.449038300+07:00,2026-08-20T08:34:44.687512403+07:00
walking-1,98,319309752:0:f,411926137,6702164758,tertiary,forward,walking,"[[10.7801372, 106.6808694], [10.780105, 106.6809283]]",10.7801211,106.68089885,5.301358228019439,2084.687512403022,2089.9888706310417,2026-08-20T08:34:44.687512403+07:00,2026-08-20T08:34:47.338191517+07:00,2026-08-20T08:34:49.988870631+07:00
walking-1,99,319309752:1:f,6702164758,9333624312,tertiary,forward,walking,"[[10.780105, 106.6809283], [10.7800801, 106.6809739]]",10.780092549999999,106.6809511,4.103147858439347,2089.9888706310417,2094.0920184894812,2026-08-20T08:34:49.988870631+07:00,2026-08-20T08:34:52.040444560+07:00,2026-08-20T08:34:54.092018489+07:00
walking-1,100,319309752:2:f,9333624312,411918501,tertiary,forward,walking,"[[10.7800801, 106.6809739], [10.7798105, 106.6814676]]",10.7799453,106.68122075,44.424328090335464,2094.0920184894812,2138.516346579817,2026-08-20T08:34:54.092018489+07:00,2026-08-20T08:35:16.304182535+07:00,2026-08-20T08:35:38.516346580+07:00
walking-1,101,319309752:3:f,411918501,6573748228,tertiary,forward,walking,"[[10.7798105, 106.6814676], [10.7794251, 106.6821552]]",10.7796178,106.6818114,62.26151857033467,2138.516346579817,2200.7778651501517,2026-08-20T08:35:38.516346580+07:00,2026-08-20T08:36:09.647105865+07:00,2026-08-20T08:36:40.777865150+07:00
walking-1,102,1177449289:0:f,6573748228,8841272238,tertiary,forward,walking,"[[10.7794251, 106.6821552], [10.7793768, 106.6822392]]",10.77940095,106.68219719999999,7.654916287996721,2200.7778651501517,2208.4327814381486,2026-08-20T08:36:40.777865150+07:00,2026-08-20T08:36:44.605323294+07:00,2026-08-20T08:36:48.432781438+07:00
walking-1,103,1177449289:1:f,8841272238,13943884058,tertiary,forward,walking,"[[10.7793768, 106.6822392], [10.7789872, 106.6829163]]",10.779181999999999,106.68257775000001,61.71494776592845,2208.4327814381486,2270.147729204077,2026-08-20T08:36:48.432781438+07:00,2026-08-20T08:37:19.290255321+07:00,2026-08-20T08:37:50.147729204+07:00
walking-1,104,1177449289:2:f,13943884058,12923547872,tertiary,forward,walking,"[[10.7789872, 106.6829163], [10.7789461, 106.6829877]]",10.778966650000001,106.682952,6.5085065116300616,2270.147729204077,2276.656235715707,2026-08-20T08:37:50.147729204+07:00,2026-08-20T08:37:53.401982460+07:00,2026-08-20T08:37:56.656235716+07:00
walking-1,105,1177449289:3:f,12923547872,6702164754,tertiary,forward,walking,"[[10.7789461, 106.6829877], [10.7789334, 106.6830098]]",10.77893975,106.68299875,2.0136710667886644,2276.656235715707,2278.6699067824957,2026-08-20T08:37:56.656235716+07:00,2026-08-20T08:37:57.663071249+07:00,2026-08-20T08:37:58.669906782+07:00
walking-1,106,1177449289:4:f,6702164754,411926052,tertiary,forward,walking,"[[10.7789334, 106.6830098], [10.7789053, 106.6830576]]",10.778919349999999,106.6830337,4.381095543757483,2278.6699067824957,2283.051002326253,2026-08-20T08:37:58.669906782+07:00,2026-08-20T08:38:00.860454554+07:00,2026-08-20T08:38:03.051002326+07:00
walking-1,107,1180975825:0:f,411926052,6702164760,tertiary,forward,walking,"[[10.7789053, 106.6830576], [10.7788503, 106.6831545]]",10.7788778,106.68310604999999,8.801625990373804,2283.051002326253,2291.852628316627,2026-08-20T08:38:03.051002326+07:00,2026-08-20T08:38:07.451815321+07:00,2026-08-20T08:38:11.852628317+07:00
walking-1,108,1180975825:1:f,6702164760,12923547869,tertiary,forward,walking,"[[10.7788503, 106.6831545], [10.7788436, 106.6831662]]",10.77884695,106.68316035000001,1.0651114601759353,2291.852628316627,2292.917739776803,2026-08-20T08:38:11.852628317+07:00,2026-08-20T08:38:12.385184047+07:00,2026-08-20T08:38:12.917739777+07:00
walking-1,109,1180975825:2:f,12923547869,12923547871,tertiary,forward,walking,"[[10.7788436, 106.6831662], [10.7788378, 106.6831764]]",10.7788407,106.6831713,0.9269089299619121,2292.917739776803,2293.844648706765,2026-08-20T08:38:12.917739777+07:00,2026-08-20T08:38:13.381194242+07:00,2026-08-20T08:38:13.844648707+07:00
walking-1,110,1180975825:3:f,12923547871,411926172,tertiary,forward,walking,"[[10.7788378, 106.6831764], [10.7783866, 106.6839633]]",10.7786122,106.68356985,71.65909438540541,2293.844648706765,2365.50374309217,2026-08-20T08:38:13.844648707+07:00,2026-08-20T08:38:49.674195899+07:00,2026-08-20T08:39:25.503743092+07:00
walking-1,111,700026885:0:f,411926172,4932267125,tertiary,forward,walking,"[[10.7783866, 106.6839633], [10.7782467, 106.6842069]]",10.77831665,106.6840851,22.19244463154661,2365.50374309217,2387.696187723717,2026-08-20T08:39:25.503743092+07:00,2026-08-20T08:39:36.599965408+07:00,2026-08-20T08:39:47.696187724+07:00
walking-1,112,700026885:1:f,4932267125,3081520486,tertiary,forward,walking,"[[10.7782467, 106.6842069], [10.7781194, 106.6844284]]",10.778183049999999,106.68431765,20.182818836647968,2387.696187723717,2407.879006560365,2026-08-20T08:39:47.696187724+07:00,2026-08-20T08:39:57.787597142+07:00,2026-08-20T08:40:07.879006560+07:00
walking-1,113,700026885:2:f,3081520486,3257247348,tertiary,forward,walking,"[[10.7781194, 106.6844284], [10.7778559, 106.6848872]]",10.77798765,106.6846578,41.79803818015592,2407.879006560365,2449.6770447405206,2026-08-20T08:40:07.879006560+07:00,2026-08-20T08:40:28.778025650+07:00,2026-08-20T08:40:49.677044741+07:00
walking-1,114,700026885:3:f,3257247348,411926049,tertiary,forward,walking,"[[10.7778559, 106.6848872], [10.7774209, 106.6853982]]",10.7776384,106.6851427,53.17937560207352,2449.6770447405206,2502.856420342594,2026-08-20T08:40:49.677044741+07:00,2026-08-20T08:41:16.266732542+07:00,2026-08-20T08:41:42.856420343+07:00
walking-1,115,700026885:4:f,411926049,3257259160,tertiary,forward,walking,"[[10.7774209, 106.6853982], [10.7767966, 106.6861495]]",10.77710875,106.68577385,77.39267769478117,2502.856420342594,2580.249098037375,2026-08-20T08:41:42.856420343+07:00,2026-08-20T08:42:21.552759190+07:00,2026-08-20T08:43:00.249098037+07:00
walking-1,116,35113721:17:r,3257259160,411919270,tertiary,reverse,walking,"[[10.7767966, 106.6861495], [10.7773632, 106.6867116]]",10.7770799,106.68643055,63.34116408644434,2580.249098037375,2643.5902621238192,2026-08-20T08:43:00.249098037+07:00,2026-08-20T08:43:31.919680081+07:00,2026-08-20T08:44:03.590262124+07:00
walking-1,117,35113721:16:r,411919270,14072280071,tertiary,reverse,walking,"[[10.7773632, 106.6867116], [10.7774578, 106.6868055]]",10.7774105,106.68675855000001,10.578304605976967,2643.5902621238192,2654.168566729796,2026-08-20T08:44:03.590262124+07:00,2026-08-20T08:44:08.879414427+07:00,2026-08-20T08:44:14.168566730+07:00
walking-1,118,35113721:15:r,14072280071,5778300422,tertiary,reverse,walking,"[[10.7774578, 106.6868055], [10.7778991, 106.6872434]]",10.77767845,106.68702445,49.33937512036412,2654.168566729796,2703.50794185016,2026-08-20T08:44:14.168566730+07:00,2026-08-20T08:44:38.838254290+07:00,2026-08-20T08:45:03.507941850+07:00
walking-1,119,327048054:15:f,5778300422,5778300433,tertiary,forward,walking,"[[10.7778991, 106.6872434], [10.777541, 106.6876317]]",10.77772005,106.68743755,41.88776774844325,2703.50794185016,2745.3957095986034,2026-08-20T08:45:03.507941850+07:00,2026-08-20T08:45:24.451825724+07:00,2026-08-20T08:45:45.395709599+07:00
walking-1,120,327048054:16:f,5778300433,411926144,tertiary,forward,walking,"[[10.777541, 106.6876317], [10.7774802, 106.6876976]]",10.7775106,106.68766465,7.110339226267737,2745.3957095986034,2752.506048824871,2026-08-20T08:45:45.395709599+07:00,2026-08-20T08:45:48.950879212+07:00,2026-08-20T08:45:52.506048825+07:00
walking-1,121,327048054:17:f,411926144,411926143,tertiary,forward,walking,"[[10.7774802, 106.6876976], [10.7771139, 106.6880944]]",10.77729705,106.687896,42.82452663182037,2752.506048824871,2795.3305754566913,2026-08-20T08:45:52.506048825+07:00,2026-08-20T08:46:13.918312141+07:00,2026-08-20T08:46:35.330575457+07:00
walking-2,1,242307850:0:f,2498079018,2498079021,service,forward,walking,"[[10.7802867, 106.6595074], [10.7813987, 106.6605783]]",10.780842700000001,106.66004285,122.55383185446013,0.0,122.55383185446013,2026-08-20T08:00:00+07:00,2026-08-20T08:01:01.276915927+07:00,2026-08-20T08:02:02.553831854+07:00
walking-2,2,242307850:1:f,2498079021,366433075,service,forward,walking,"[[10.7813987, 106.6605783], [10.7807714, 106.6607314]]",10.781085050000002,106.66065485,51.64518500951226,122.55383185446013,174.1990168639724,2026-08-20T08:02:02.553831854+07:00,2026-08-20T08:02:28.376424359+07:00,2026-08-20T08:02:54.199016864+07:00
walking-2,3,1277704606:0:r,366433075,1349033429,residential,reverse,walking,"[[10.7807714, 106.6607314], [10.7810596, 106.6614957]]",10.7809155,106.66111355000001,64.38646018927858,174.1990168639724,238.58547705325097,2026-08-20T08:02:54.199016864+07:00,2026-08-20T08:03:26.392246959+07:00,2026-08-20T08:03:58.585477053+07:00
walking-2,4,520723335:2:r,1349033429,4415686093,tertiary,reverse,walking,"[[10.7810596, 106.6614957], [10.7813997, 106.6623673]]",10.78122965,106.66193150000001,73.75876521296139,238.58547705325097,312.34424226621235,2026-08-20T08:03:58.585477053+07:00,2026-08-20T08:04:35.464859660+07:00,2026-08-20T08:05:12.344242266+07:00
walking-2,5,520723335:1:r,4415686093,4415547496,tertiary,reverse,walking,"[[10.7813997, 106.6623673], [10.7817477, 106.6632592]]",10.7815737,106.66281325,75.47594564187467,312.34424226621235,387.820187908087,2026-08-20T08:05:12.344242266+07:00,2026-08-20T08:05:50.082215087+07:00,2026-08-20T08:06:27.820187908+07:00
walking-2,6,520723335:0:r,4415547496,366413355,tertiary,reverse,walking,"[[10.7817477, 106.6632592], [10.7822562, 106.6645756]]",10.782001950000002,106.6639174,111.24762763960305,387.820187908087,499.0678155476901,2026-08-20T08:06:27.820187908+07:00,2026-08-20T08:07:23.444001728+07:00,2026-08-20T08:08:19.067815548+07:00
walking-2,7,32579174:7:f,366413355,366382549,residential,forward,walking,"[[10.7822562, 106.6645756], [10.7818835, 106.665204]]",10.78206985,106.6648898,57.73087078415001,499.0678155476901,556.7986863318401,2026-08-20T08:08:19.067815548+07:00,2026-08-20T08:08:47.933250940+07:00,2026-08-20T08:09:16.798686332+07:00
walking-2,8,32579174:8:f,366382549,366457844,residential,forward,walking,"[[10.7818835, 106.665204], [10.7815821, 106.6657795]]",10.7817328,106.66549175,51.29195726692396,556.7986863318401,608.0906435987641,2026-08-20T08:09:16.798686332+07:00,2026-08-20T08:09:42.444664965+07:00,2026-08-20T08:10:08.090643599+07:00
walking-2,9,32579174:9:f,366457844,2930534054,residential,forward,walking,"[[10.7815821, 106.6657795], [10.7814678, 106.6659784]]",10.78152495,106.66587895,18.122923604608644,608.0906435987641,626.2135672033728,2026-08-20T08:10:08.090643599+07:00,2026-08-20T08:10:17.152105401+07:00,2026-08-20T08:10:26.213567203+07:00
walking-2,10,289494377:7:r,2930534054,5772254959,residential,reverse,walking,"[[10.7814678, 106.6659784], [10.7816144, 106.6661531]]",10.7815411,106.66606575,18.07020624647736,626.2135672033728,644.2837734498502,2026-08-20T08:10:26.213567203+07:00,2026-08-20T08:10:35.248670327+07:00,2026-08-20T08:10:44.283773450+07:00
walking-2,11,289494377:6:r,5772254959,5772452208,residential,reverse,walking,"[[10.7816144, 106.6661531], [10.7816538, 106.6662]]",10.781634100000002,106.66617655,4.853405452161755,644.2837734498502,649.1371789020119,2026-08-20T08:10:44.283773450+07:00,2026-08-20T08:10:46.710476176+07:00,2026-08-20T08:10:49.137178902+07:00
walking-2,12,289494377:5:r,5772452208,2930534057,residential,reverse,walking,"[[10.7816538, 106.6662], [10.7817639, 106.6663312]]",10.781708850000001,106.6662656,13.570915259319548,649.1371789020119,662.7080941613315,2026-08-20T08:10:49.137178902+07:00,2026-08-20T08:10:55.922636532+07:00,2026-08-20T08:11:02.708094161+07:00
walking-2,13,289494377:4:r,2930534057,13174777970,residential,reverse,walking,"[[10.7817639, 106.6663312], [10.7817693, 106.6663406]]",10.781766600000001,106.6663359,0.8564144222165885,662.7080941613315,663.5645085835481,2026-08-20T08:11:02.708094161+07:00,2026-08-20T08:11:03.136301372+07:00,2026-08-20T08:11:03.564508584+07:00
walking-2,14,289494377:3:r,13174777970,13174777972,residential,reverse,walking,"[[10.7817693, 106.6663406], [10.7817702, 106.6663515]]",10.78176975,106.66634605,0.8602766362044205,663.5645085835481,664.4247852197525,2026-08-20T08:11:03.564508584+07:00,2026-08-20T08:11:03.994646902+07:00,2026-08-20T08:11:04.424785220+07:00
walking-2,15,289494377:2:r,13174777972,13174777971,residential,reverse,walking,"[[10.7817702, 106.6663515], [10.7817664, 106.6663618]]",10.7817683,106.66635665000001,0.8653102680407531,664.4247852197525,665.2900954877932,2026-08-20T08:11:04.424785220+07:00,2026-08-20T08:11:04.857440354+07:00,2026-08-20T08:11:05.290095488+07:00
walking-2,16,289494377:1:r,13174777971,5772254960,residential,reverse,walking,"[[10.7817664, 106.6663618], [10.7817586, 106.6663696]]",10.7817625,106.6663657,0.8753758019212898,665.2900954877932,666.1654712897146,2026-08-20T08:11:05.290095488+07:00,2026-08-20T08:11:05.727783389+07:00,2026-08-20T08:11:06.165471290+07:00
walking-2,17,289494377:0:r,5772254960,2930534062,residential,reverse,walking,"[[10.7817586, 106.6663696], [10.7815428, 106.6665411]]",10.7816507,106.66645535,21.91853549655546,666.1654712897146,688.08400678627,2026-08-20T08:11:06.165471290+07:00,2026-08-20T08:11:17.124739038+07:00,2026-08-20T08:11:28.084006786+07:00
walking-2,18,694637565:0:f,2930534062,4120155315,residential,forward,walking,"[[10.7815428, 106.6665411], [10.781474, 106.6665947]]",10.7815084,106.6665679,6.936150109063491,688.08400678627,695.0201568953336,2026-08-20T08:11:28.084006786+07:00,2026-08-20T08:11:31.552081841+07:00,2026-08-20T08:11:35.020156895+07:00
walking-2,19,410150107:0:f,4120155315,5074798763,residential,forward,walking,"[[10.781474, 106.6665947], [10.781708, 106.6668532]]",10.781590999999999,106.66672395,27.645781520675644,695.0201568953336,722.6659384160092,2026-08-20T08:11:35.020156895+07:00,2026-08-20T08:11:48.843047656+07:00,2026-08-20T08:12:02.665938416+07:00
walking-2,20,520723263:0:f,5074798763,4120155316,residential,forward,walking,"[[10.781708, 106.6668532], [10.7817826, 106.6669348]]",10.7817453,106.66689400000001,8.766787040109001,722.6659384160092,731.4327254561182,2026-08-20T08:12:02.665938416+07:00,2026-08-20T08:12:07.049331936+07:00,2026-08-20T08:12:11.432725456+07:00
walking-2,21,520723263:1:f,4120155316,4120155317,residential,forward,walking,"[[10.7817826, 106.6669348], [10.7818855, 106.6670827]]",10.78183405,106.66700875000001,14.253757154967932,731.4327254561182,745.6864826110861,2026-08-20T08:12:11.432725456+07:00,2026-08-20T08:12:18.559604034+07:00,2026-08-20T08:12:25.686482611+07:00
walking-2,22,520723263:2:f,4120155317,4120155318,residential,forward,walking,"[[10.7818855, 106.6670827], [10.7818644, 106.6671751]]",10.781874949999999,106.6671289,7.460753130743864,745.6864826110861,753.1472357418301,2026-08-20T08:12:25.686482611+07:00,2026-08-20T08:12:29.416859176+07:00,2026-08-20T08:12:33.147235742+07:00
walking-2,23,520723263:3:f,4120155318,5074798794,residential,forward,walking,"[[10.7818644, 106.6671751], [10.7817621, 106.6672668]]",10.781813249999999,106.66722095,10.912892630563881,753.1472357418301,764.0601283723939,2026-08-20T08:12:33.147235742+07:00,2026-08-20T08:12:38.603682057+07:00,2026-08-20T08:12:44.060128372+07:00
walking-2,24,520723263:4:f,5074798794,4120155319,residential,forward,walking,"[[10.7817621, 106.6672668], [10.7814073, 106.6675849]]",10.7815847,106.66742585,37.85172910894005,764.0601283723939,801.911857481334,2026-08-20T08:12:44.060128372+07:00,2026-08-20T08:13:02.985992927+07:00,2026-08-20T08:13:21.911857481+07:00
walking-2,25,520723263:5:f,4120155319,5074798792,residential,forward,walking,"[[10.7814073, 106.6675849], [10.7813718, 106.6676167]]",10.78138955,106.6676008,3.7858561431603572,801.911857481334,805.6977136244943,2026-08-20T08:13:21.911857481+07:00,2026-08-20T08:13:23.804785553+07:00,2026-08-20T08:13:25.697713624+07:00
walking-2,26,520723263:6:f,5074798792,4120155276,residential,forward,walking,"[[10.7813718, 106.6676167], [10.7810966, 106.6678628]]",10.7812342,106.66773975,29.326725459023578,805.6977136244943,835.0244390835179,2026-08-20T08:13:25.697713624+07:00,2026-08-20T08:13:40.361076354+07:00,2026-08-20T08:13:55.024439084+07:00
walking-2,27,410150095:5:f,4120155276,5074798790,residential,forward,walking,"[[10.7810966, 106.6678628], [10.7810635, 106.6679227]]",10.78108005,106.66789275,5.405162770737246,835.0244390835179,840.4296018542551,2026-08-20T08:13:55.024439084+07:00,2026-08-20T08:13:57.727020469+07:00,2026-08-20T08:14:00.429601854+07:00
walking-2,28,410150095:6:f,5074798790,5074798789,residential,forward,walking,"[[10.7810635, 106.6679227], [10.780941, 106.668144]]",10.78100225,106.66803335,19.977668831805644,840.4296018542551,860.4072706860608,2026-08-20T08:14:00.429601854+07:00,2026-08-20T08:14:10.418436270+07:00,2026-08-20T08:14:20.407270686+07:00
walking-2,29,410150095:7:f,5074798789,4120155272,residential,forward,walking,"[[10.780941, 106.668144], [10.7808012, 106.6683849]]",10.7808711,106.66826445000001,22.005173165028964,860.4072706860608,882.4124438510897,2026-08-20T08:14:20.407270686+07:00,2026-08-20T08:14:31.409857269+07:00,2026-08-20T08:14:42.412443851+07:00
walking-2,30,410150095:0:r,4120155272,4120155271,residential,reverse,walking,"[[10.7808012, 106.6683849], [10.7809462, 106.6685844]]",10.7808737,106.66848465000001,19.517793840779778,882.4124438510897,901.9302376918695,2026-08-20T08:14:42.412443851+07:00,2026-08-20T08:14:52.171340771+07:00,2026-08-20T08:15:01.930237692+07:00
walking-2,31,410149784:1:r,4120155271,4120151675,residential,reverse,walking,"[[10.7809462, 106.6685844], [10.7809123, 106.6686089]]",10.78092925,106.66859665,3.3284914141052027,901.9302376918695,905.2587291059747,2026-08-20T08:15:01.930237692+07:00,2026-08-20T08:15:03.594483399+07:00,2026-08-20T08:15:05.258729106+07:00
walking-2,32,410149784:0:r,4120151675,4120151674,residential,reverse,walking,"[[10.7809123, 106.6686089], [10.780507, 106.6689134]]",10.78070965,106.66876115,40.328881267721414,905.2587291059747,945.5876103736961,2026-08-20T08:15:05.258729106+07:00,2026-08-20T08:15:25.423169740+07:00,2026-08-20T08:15:45.587610374+07:00
walking-2,33,716044137:15:r,4120151674,366403850,secondary,reverse,walking,"[[10.780507, 106.6689134], [10.7805677, 106.6689967]]",10.78053735,106.66895505,8.156982173967327,945.5876103736961,953.7445925476634,2026-08-20T08:15:45.587610374+07:00,2026-08-20T08:15:49.666101461+07:00,2026-08-20T08:15:53.744592548+07:00
walking-2,34,716044137:14:r,366403850,13441558876,secondary,reverse,walking,"[[10.7805677, 106.6689967], [10.7808711, 106.6694055]]",10.7807194,106.6692011,40.29530387682751,953.7445925476634,994.0398964244908,2026-08-20T08:15:53.744592548+07:00,2026-08-20T08:16:13.892244486+07:00,2026-08-20T08:16:34.039896424+07:00
walking-2,35,716044137:13:r,13441558876,366464770,secondary,reverse,walking,"[[10.7808711, 106.6694055], [10.7808899, 106.6694309]]",10.7808805,106.6694182,2.5012025933203543,994.0398964244908,996.5410990178112,2026-08-20T08:16:34.039896424+07:00,2026-08-20T08:16:35.290497721+07:00,2026-08-20T08:16:36.541099018+07:00
walking-2,36,716044137:12:r,366464770,13441558874,secondary,reverse,walking,"[[10.7808899, 106.6694309], [10.7809051, 106.6694517]]",10.7808975,106.66944129999999,2.03885914762541,996.5410990178112,998.5799581654367,2026-08-20T08:16:36.541099018+07:00,2026-08-20T08:16:37.560528592+07:00,2026-08-20T08:16:38.579958165+07:00
walking-2,37,716044137:11:r,13441558874,366434727,secondary,reverse,walking,"[[10.7809051, 106.6694517], [10.7811107, 106.669732]]",10.781007899999999,106.66959184999999,27.51219888450912,998.5799581654367,1026.0921570499459,2026-08-20T08:16:38.579958165+07:00,2026-08-20T08:16:52.336057608+07:00,2026-08-20T08:17:06.092157050+07:00
walking-2,38,716044137:10:r,366434727,3718387279,secondary,reverse,walking,"[[10.7811107, 106.669732], [10.7811663, 106.6698044]]",10.7811385,106.6697682,7.2275162089596074,1026.0921570499459,1033.3196732589054,2026-08-20T08:17:06.092157050+07:00,2026-08-20T08:17:09.705915154+07:00,2026-08-20T08:17:13.319673259+07:00
walking-2,39,716044137:9:r,3718387279,3718387319,secondary,reverse,walking,"[[10.7811663, 106.6698044], [10.7816116, 106.6703849]]",10.78138895,106.67009465000001,57.92531156076102,1033.3196732589054,1091.2449848196663,2026-08-20T08:17:13.319673259+07:00,2026-08-20T08:17:42.282329039+07:00,2026-08-20T08:18:11.244984820+07:00
walking-2,40,716044137:8:r,3718387319,5063701425,secondary,reverse,walking,"[[10.7816116, 106.6703849], [10.7818565, 106.6707042]]",10.78173405,106.67054455,31.859709290272065,1091.2449848196663,1123.1046941099385,2026-08-20T08:18:11.244984820+07:00,2026-08-20T08:18:27.174839465+07:00,2026-08-20T08:18:43.104694110+07:00
walking-2,41,716044137:7:r,5063701425,5063701430,secondary,reverse,walking,"[[10.7818565, 106.6707042], [10.7821688, 106.6711112]]",10.78201265,106.6709077,40.61702961073166,1123.1046941099385,1163.72172372067,2026-08-20T08:18:43.104694110+07:00,2026-08-20T08:19:03.413208915+07:00,2026-08-20T08:19:23.721723721+07:00
walking-2,42,716044137:6:r,5063701430,3718387308,secondary,reverse,walking,"[[10.7821688, 106.6711112], [10.7822208, 106.671179]]",10.7821948,106.67114509999999,6.764972400637592,1163.72172372067,1170.4866961213077,2026-08-20T08:19:23.721723721+07:00,2026-08-20T08:19:27.104209921+07:00,2026-08-20T08:19:30.486696121+07:00
walking-2,43,716044137:5:r,3718387308,5063701421,secondary,reverse,walking,"[[10.7822208, 106.671179], [10.782292, 106.6712731]]",10.7822564,106.67122605,9.341498243507912,1170.4866961213077,1179.8281943648155,2026-08-20T08:19:30.486696121+07:00,2026-08-20T08:19:35.157445243+07:00,2026-08-20T08:19:39.828194365+07:00
walking-2,44,716044137:4:r,5063701421,13540705422,secondary,reverse,walking,"[[10.782292, 106.6712731], [10.7823458, 106.6713442]]",10.7823189,106.67130864999999,7.058375565838252,1179.8281943648155,1186.8865699306539,2026-08-20T08:19:39.828194365+07:00,2026-08-20T08:19:43.357382148+07:00,2026-08-20T08:19:46.886569931+07:00
walking-2,45,716044137:3:r,13540705422,13540705424,secondary,reverse,walking,"[[10.7823458, 106.6713442], [10.7824965, 106.6715399]]",10.782421150000001,106.67144205,19.556489624045543,1186.8865699306539,1206.4430595546994,2026-08-20T08:19:46.886569931+07:00,2026-08-20T08:19:56.664814743+07:00,2026-08-20T08:20:06.443059555+07:00
walking-2,46,716044137:2:r,13540705424,5074798961,secondary,reverse,walking,"[[10.7824965, 106.6715399], [10.7825682, 106.6716378]]",10.78253235,106.67158885,9.603868227829262,1206.4430595546994,1216.0469277825287,2026-08-20T08:20:06.443059555+07:00,2026-08-20T08:20:11.244993669+07:00,2026-08-20T08:20:16.046927783+07:00
walking-2,47,716044137:1:r,5074798961,5063701411,secondary,reverse,walking,"[[10.7825682, 106.6716378], [10.7825973, 106.6716762]]",10.78258275,106.671657,3.814240604446116,1216.0469277825287,1219.8611683869747,2026-08-20T08:20:16.046927783+07:00,2026-08-20T08:20:17.954048085+07:00,2026-08-20T08:20:19.861168387+07:00
walking-2,48,716044137:0:r,5063701411,4875861250,secondary,reverse,walking,"[[10.7825973, 106.6716762], [10.7829178, 106.6720996]]",10.78275755,106.6718879,42.038469107322456,1219.8611683869747,1261.8996374942972,2026-08-20T08:20:19.861168387+07:00,2026-08-20T08:20:40.880402941+07:00,2026-08-20T08:21:01.899637494+07:00
walking-2,49,495852561:4:r,4875861250,11395678546,primary,reverse,walking,"[[10.7829178, 106.6720996], [10.7827408, 106.6724336]]",10.7828293,106.6722666,29.846595624398258,1261.8996374942972,1291.7462331186955,2026-08-20T08:21:01.899637494+07:00,2026-08-20T08:21:16.822935306+07:00,2026-08-20T08:21:31.746233119+07:00
walking-2,50,495852561:3:r,11395678546,5063701408,primary,reverse,walking,"[[10.7827408, 106.6724336], [10.7827246, 106.6724641]]",10.7827327,106.67244885,2.7269142096456354,1291.7462331186955,1294.4731473283412,2026-08-20T08:21:31.746233119+07:00,2026-08-20T08:21:33.109690224+07:00,2026-08-20T08:21:34.473147328+07:00
walking-2,51,495852561:2:r,5063701408,411918284,primary,reverse,walking,"[[10.7827246, 106.6724641], [10.7825681, 106.6727592]]",10.78264635,106.67261165,26.37482266197882,1294.4731473283412,1320.84796999032,2026-08-20T08:21:34.473147328+07:00,2026-08-20T08:21:47.660558659+07:00,2026-08-20T08:22:00.847969990+07:00
walking-2,52,495852561:1:r,411918284,5063701402,primary,reverse,walking,"[[10.7825681, 106.6727592], [10.782487, 106.6729096]]",10.782527550000001,106.6728344,13.493375829992404,1320.84796999032,1334.3413458203124,2026-08-20T08:22:00.847969990+07:00,2026-08-20T08:22:07.594657905+07:00,2026-08-20T08:22:14.341345820+07:00
walking-2,53,495852561:0:r,5063701402,11771724356,primary,reverse,walking,"[[10.782487, 106.6729096], [10.7824523, 106.672974]]",10.78246965,106.67294179999999,5.776735503007723,1334.3413458203124,1340.1180813233202,2026-08-20T08:22:14.341345820+07:00,2026-08-20T08:22:17.229713572+07:00,2026-08-20T08:22:20.118081323+07:00
walking-2,54,500897933:9:r,11771724356,366470932,primary,reverse,walking,"[[10.7824523, 106.672974], [10.7822806, 106.6732878]]",10.78236645,106.67313089999999,28.249546361288505,1340.1180813233202,1368.3676276846088,2026-08-20T08:22:20.118081323+07:00,2026-08-20T08:22:34.242854504+07:00,2026-08-20T08:22:48.367627685+07:00
walking-2,55,500897933:8:r,366470932,5063701380,primary,reverse,walking,"[[10.7822806, 106.6732878], [10.7821696, 106.6734948]]",10.7822251,106.67339129999999,18.54750207466979,1368.3676276846088,1386.9151297592787,2026-08-20T08:22:48.367627685+07:00,2026-08-20T08:22:57.641378722+07:00,2026-08-20T08:23:06.915129759+07:00
walking-2,56,500897933:7:r,5063701380,411926299,primary,reverse,walking,"[[10.7821696, 106.6734948], [10.7819667, 106.6738904]]",10.78206815,106.67369260000001,35.09816307799212,1386.9151297592787,1422.0132928372707,2026-08-20T08:23:06.915129759+07:00,2026-08-20T08:23:24.464211298+07:00,2026-08-20T08:23:42.013292837+07:00
walking-2,57,500897933:6:r,411926299,366434259,primary,reverse,walking,"[[10.7819667, 106.6738904], [10.7817734, 106.6742377]]",10.78187005,106.67406405,31.39361698611284,1422.0132928372707,1453.4069098233836,2026-08-20T08:23:42.013292837+07:00,2026-08-20T08:23:57.710101330+07:00,2026-08-20T08:24:13.406909823+07:00
walking-2,58,500897933:5:r,366434259,9488493337,primary,reverse,walking,"[[10.7817734, 106.6742377], [10.7817019, 106.6743707]]",10.78173765,106.6743042,11.923964944699646,1453.4069098233836,1465.3308747680833,2026-08-20T08:24:13.406909823+07:00,2026-08-20T08:24:19.368892296+07:00,2026-08-20T08:24:25.330874768+07:00
walking-2,59,500897933:4:r,9488493337,5063701284,primary,reverse,walking,"[[10.7817019, 106.6743707], [10.7815756, 106.6746059]]",10.781638749999999,106.67448830000001,21.08113659032649,1465.3308747680833,1486.4120113584097,2026-08-20T08:24:25.330874768+07:00,2026-08-20T08:24:35.871443063+07:00,2026-08-20T08:24:46.412011358+07:00
walking-2,60,500897933:3:r,5063701284,411918265,primary,reverse,walking,"[[10.7815756, 106.6746059], [10.7814583, 106.6748564]]",10.78151695,106.67473115,21.82491459470385,1486.4120113584097,1508.2369259531135,2026-08-20T08:24:46.412011358+07:00,2026-08-20T08:24:57.324468656+07:00,2026-08-20T08:25:08.236925953+07:00
walking-2,61,500897933:2:r,411918265,8366363067,primary,reverse,walking,"[[10.7814583, 106.6748564], [10.7812809, 106.6751601]]",10.781369600000001,106.67500824999999,27.788821632502835,1508.2369259531135,1536.0257475856163,2026-08-20T08:25:08.236925953+07:00,2026-08-20T08:25:22.131336768+07:00,2026-08-20T08:25:36.025747586+07:00
walking-2,62,500897933:1:r,8366363067,366368374,primary,reverse,walking,"[[10.7812809, 106.6751601], [10.7812241, 106.675257]]",10.7812525,106.67520855000001,8.87454713276529,1536.0257475856163,1544.9002947183815,2026-08-20T08:25:36.025747586+07:00,2026-08-20T08:25:40.463021152+07:00,2026-08-20T08:25:44.900294718+07:00
walking-2,63,500897933:0:r,366368374,4918435013,primary,reverse,walking,"[[10.7812241, 106.675257], [10.7810495, 106.6755908]]",10.781136799999999,106.6754239,29.742094242832376,1544.9002947183815,1574.6423889612138,2026-08-20T08:25:44.900294718+07:00,2026-08-20T08:25:59.771341840+07:00,2026-08-20T08:26:14.642388961+07:00
walking-2,64,1255192198:0:r,4918435013,5778141550,primary,reverse,walking,"[[10.7810495, 106.6755908], [10.7809641, 106.6757488]]",10.7810068,106.6756698,14.183060662456333,1574.6423889612138,1588.82544962367,2026-08-20T08:26:14.642388961+07:00,2026-08-20T08:26:21.733919292+07:00,2026-08-20T08:26:28.825449624+07:00
walking-2,65,496279185:1:r,5778141550,5063700700,primary,reverse,walking,"[[10.7809641, 106.6757488], [10.7808806, 106.6759049]]",10.78092235,106.67582684999999,13.978947673972476,1588.82544962367,1602.8043972976425,2026-08-20T08:26:28.825449624+07:00,2026-08-20T08:26:35.814923461+07:00,2026-08-20T08:26:42.804397298+07:00
walking-2,66,496279185:0:r,5063700700,4879876935,primary,reverse,walking,"[[10.7808806, 106.6759049], [10.7808527, 106.6759568]]",10.78086665,106.67593085,4.653002962790118,1602.8043972976425,1607.4574002604327,2026-08-20T08:26:42.804397298+07:00,2026-08-20T08:26:45.130898779+07:00,2026-08-20T08:26:47.457400260+07:00
walking-2,67,1097215585:2:r,4879876935,411924698,primary,reverse,walking,"[[10.7808527, 106.6759568], [10.7807328, 106.6761789]]",10.78079275,106.67606785,19.931435684471452,1607.4574002604327,1627.388835944904,2026-08-20T08:26:47.457400260+07:00,2026-08-20T08:26:57.423118103+07:00,2026-08-20T08:27:07.388835945+07:00
walking-2,68,1097215585:1:r,411924698,5063700697,primary,reverse,walking,"[[10.7807328, 106.6761789], [10.780635, 106.676358]]",10.7806839,106.67626845,16.11570568053628,1627.388835944904,1643.5045416254402,2026-08-20T08:27:07.388835945+07:00,2026-08-20T08:27:15.446688785+07:00,2026-08-20T08:27:23.504541625+07:00
walking-2,69,1097215585:0:r,5063700697,10046834524,primary,reverse,walking,"[[10.780635, 106.676358], [10.7804881, 106.6766554]]",10.78056155,106.6765067,26.180122940572904,1643.5045416254402,1669.684664566013,2026-08-20T08:27:23.504541625+07:00,2026-08-20T08:27:36.594603096+07:00,2026-08-20T08:27:49.684664566+07:00
walking-2,70,1097215590:3:r,10046834524,10046834529,primary,reverse,walking,"[[10.7804881, 106.6766554], [10.7804852, 106.6766819]]",10.78048665,106.67666865000001,2.097050295574779,1669.684664566013,1671.7817148615877,2026-08-20T08:27:49.684664566+07:00,2026-08-20T08:27:50.733189714+07:00,2026-08-20T08:27:51.781714862+07:00
walking-2,71,1097215590:2:r,10046834529,10972385529,primary,reverse,walking,"[[10.7804852, 106.6766819], [10.7803621, 106.6769143]]",10.78042365,106.67679810000001,20.765432626888177,1671.7817148615877,1692.547147488476,2026-08-20T08:27:51.781714862+07:00,2026-08-20T08:28:02.164431175+07:00,2026-08-20T08:28:12.547147488+07:00
walking-2,72,1097215590:1:r,10972385529,10046834530,primary,reverse,walking,"[[10.7803621, 106.6769143], [10.7803517, 106.6769339]]",10.780356900000001,106.67692410000001,1.7519890086030239,1692.547147488476,1694.299136497079,2026-08-20T08:28:12.547147488+07:00,2026-08-20T08:28:13.423141993+07:00,2026-08-20T08:28:14.299136497+07:00
walking-2,73,1097215590:0:r,10046834530,10046834527,primary,reverse,walking,"[[10.7803517, 106.6769339], [10.78033, 106.6769507]]",10.78034085,106.67694230000001,2.182665512959513,1694.299136497079,1696.4818020100386,2026-08-20T08:28:14.299136497+07:00,2026-08-20T08:28:15.390469254+07:00,2026-08-20T08:28:16.481802010+07:00
walking-2,74,1097215589:1:r,10046834527,5778164496,primary,reverse,walking,"[[10.78033, 106.6769507], [10.7802644, 106.6770737]]",10.7802972,106.67701220000001,11.00738645737114,1696.4818020100386,1707.4891884674098,2026-08-20T08:28:16.481802010+07:00,2026-08-20T08:28:21.985495239+07:00,2026-08-20T08:28:27.489188467+07:00
walking-2,75,1097215589:0:r,5778164496,10046800715,primary,reverse,walking,"[[10.7802644, 106.6770737], [10.7802412, 106.6771159]]",10.7802528,106.67709479999999,3.8033161189241897,1707.4891884674098,1711.292504586334,2026-08-20T08:28:27.489188467+07:00,2026-08-20T08:28:29.390846527+07:00,2026-08-20T08:28:31.292504586+07:00
walking-2,76,1193672266:3:r,10046800715,10046800716,primary,reverse,walking,"[[10.7802412, 106.6771159], [10.7802475, 106.677146]]",10.78024435,106.67713094999999,2.420426782615294,1711.292504586334,1713.7129313689493,2026-08-20T08:28:31.292504586+07:00,2026-08-20T08:28:32.502717977+07:00,2026-08-20T08:28:33.712931369+07:00
walking-2,77,1193672266:2:r,10046800716,8366389872,primary,reverse,walking,"[[10.7802475, 106.677146], [10.7802025, 106.6772351]]",10.780225,106.67719055,7.879377722565324,1713.7129313689493,1721.5923090915146,2026-08-20T08:28:33.712931369+07:00,2026-08-20T08:28:37.652620230+07:00,2026-08-20T08:28:41.592309092+07:00
walking-2,78,1193672266:1:r,8366389872,10046834517,primary,reverse,walking,"[[10.7802025, 106.6772351], [10.7800209, 106.6775952]]",10.780111699999999,106.67741515,31.8348924617854,1721.5923090915146,1753.4272015533,2026-08-20T08:28:41.592309092+07:00,2026-08-20T08:28:57.509755321+07:00,2026-08-20T08:29:13.427201553+07:00
walking-2,79,1193672266:0:r,10046834517,10046834518,primary,reverse,walking,"[[10.7800209, 106.6775952], [10.779754, 106.6781027]]",10.77988745,106.67784895,45.27359496958059,1753.4272015533,1798.7007965228806,2026-08-20T08:29:13.427201553+07:00,2026-08-20T08:29:36.063999037+07:00,2026-08-20T08:29:58.700796523+07:00
walking-2,80,1097215586:1:r,10046834518,11242742187,primary,reverse,walking,"[[10.779754, 106.6781027], [10.7796653, 106.678265]]",10.779709650000001,106.67818385,14.606925082949179,1798.7007965228806,1813.3077216058298,2026-08-20T08:29:58.700796523+07:00,2026-08-20T08:30:06.004259064+07:00,2026-08-20T08:30:13.307721606+07:00
walking-2,81,1097215586:0:r,11242742187,10046834521,primary,reverse,walking,"[[10.7796653, 106.678265], [10.7795613, 106.6784453]]",10.7796133,106.67835515,16.443983040142005,1813.3077216058298,1829.7517046459718,2026-08-20T08:30:13.307721606+07:00,2026-08-20T08:30:21.529713126+07:00,2026-08-20T08:30:29.751704646+07:00
walking-2,82,1486139603:0:r,10046834521,13623759833,primary,reverse,walking,"[[10.7795613, 106.6784453], [10.7795134, 106.6784869]]",10.77953735,106.67846610000001,5.040906964332247,1829.7517046459718,1834.792611610304,2026-08-20T08:30:29.751704646+07:00,2026-08-20T08:30:32.272158128+07:00,2026-08-20T08:30:34.792611610+07:00
walking-2,83,1486139601:0:r,13623759833,2690659614,primary,reverse,walking,"[[10.7795134, 106.6784869], [10.7794286, 106.678638]]",10.779471000000001,106.67856245,13.68626788230784,1834.792611610304,1848.478879492612,2026-08-20T08:30:34.792611610+07:00,2026-08-20T08:30:41.635745551+07:00,2026-08-20T08:30:48.478879493+07:00
walking-2,84,1158093921:0:f,2690659614,13475788560,tertiary,forward,walking,"[[10.7794286, 106.678638], [10.7800321, 106.6791969]]",10.77973035,106.67891745,65.31943670573489,1848.478879492612,1913.7983161983468,2026-08-20T08:30:48.478879493+07:00,2026-08-20T08:31:21.138597845+07:00,2026-08-20T08:31:53.798316198+07:00
walking-2,85,1158093921:1:f,13475788560,13202259511,tertiary,forward,walking,"[[10.7800321, 106.6791969], [10.7800789, 106.6792402]]",10.7800555,106.67921855,5.063176379038127,1913.7983161983468,1918.861492577385,2026-08-20T08:31:53.798316198+07:00,2026-08-20T08:31:56.329904388+07:00,2026-08-20T08:31:58.861492577+07:00
walking-2,86,1158093921:2:f,13202259511,13441558879,tertiary,forward,walking,"[[10.7800789, 106.6792402], [10.7803411, 106.679483]]",10.78021,106.6793616,28.37782046798715,1918.861492577385,1947.2393130453722,2026-08-20T08:31:58.861492577+07:00,2026-08-20T08:32:13.050402811+07:00,2026-08-20T08:32:27.239313045+07:00
walking-2,87,1158093921:3:f,13441558879,5778872974,tertiary,forward,walking,"[[10.7803411, 106.679483], [10.7803745, 106.6795139]]",10.7803578,106.67949845000001,3.6133488152871673,1947.2393130453722,1950.8526618606593,2026-08-20T08:32:27.239313045+07:00,2026-08-20T08:32:29.045987453+07:00,2026-08-20T08:32:30.852661861+07:00
walking-2,88,1176186457:0:f,5778872974,13441558878,tertiary,forward,walking,"[[10.7803745, 106.6795139], [10.780407, 106.6795459]]",10.78039075,106.6795299,3.6199585965494925,1950.8526618606593,1954.4726204572087,2026-08-20T08:32:30.852661861+07:00,2026-08-20T08:32:32.662641159+07:00,2026-08-20T08:32:34.472620457+07:00
walking-2,89,1176186457:1:f,13441558878,12067818219,tertiary,forward,walking,"[[10.780407, 106.6795459], [10.7804234, 106.6795621]]",10.7804152,106.679554,1.829549221001255,1954.4726204572087,1956.30216967821,2026-08-20T08:32:34.472620457+07:00,2026-08-20T08:32:35.387395068+07:00,2026-08-20T08:32:36.302169678+07:00
walking-2,90,1176186457:2:f,12067818219,5778164492,tertiary,forward,walking,"[[10.7804234, 106.6795621], [10.7805301, 106.6796675]]",10.78047675,106.6796148,11.90329133402572,1956.30216967821,1968.2054610122357,2026-08-20T08:32:36.302169678+07:00,2026-08-20T08:32:42.253815345+07:00,2026-08-20T08:32:48.205461012+07:00
walking-2,91,1176186457:3:f,5778164492,411917856,tertiary,forward,walking,"[[10.7805301, 106.6796675], [10.7807539, 106.6798779]]",10.780642,106.6797727,24.38964921600754,1968.2054610122357,1992.5951102282431,2026-08-20T08:32:48.205461012+07:00,2026-08-20T08:33:00.400285620+07:00,2026-08-20T08:33:12.595110228+07:00
walking-2,92,1177449718:0:f,411917856,11050300613,tertiary,forward,walking,"[[10.7807539, 106.6798779], [10.7805838, 106.6801291]]",10.780668850000001,106.6800035,23.995132715376197,1992.5951102282431,2016.5902429436194,2026-08-20T08:33:12.595110228+07:00,2026-08-20T08:33:24.592676586+07:00,2026-08-20T08:33:36.590242944+07:00
walking-2,93,1177449718:1:f,11050300613,9218211174,tertiary,forward,walking,"[[10.7805838, 106.6801291], [10.7804449, 106.6803593]]",10.78051435,106.6802442,21.247151807407477,2016.5902429436194,2037.8373947510267,2026-08-20T08:33:36.590242944+07:00,2026-08-20T08:33:47.213818847+07:00,2026-08-20T08:33:57.837394751+07:00
walking-2,94,1177449718:2:f,9218211174,10028966994,tertiary,forward,walking,"[[10.7804449, 106.6803593], [10.7802469, 106.6806875]]",10.7803459,106.6805234,30.291089647674255,2037.8373947510267,2068.128484398701,2026-08-20T08:33:57.837394751+07:00,2026-08-20T08:34:12.982939575+07:00,2026-08-20T08:34:28.128484399+07:00
walking-2,95,1177449718:3:f,10028966994,6702164762,tertiary,forward,walking,"[[10.7802469, 106.6806875], [10.7801795, 106.6807992]]",10.780213199999999,106.68074335,10.309831655801363,2068.128484398701,2078.438316054502,2026-08-20T08:34:28.128484399+07:00,2026-08-20T08:34:33.283400227+07:00,2026-08-20T08:34:38.438316055+07:00
walking-2,96,1177449718:4:f,6702164762,411926137,tertiary,forward,walking,"[[10.7801795, 106.6807992], [10.7801372, 106.6808694]]",10.78015835,106.6808343,6.476948206882794,2078.438316054502,2084.915264261385,2026-08-20T08:34:38.438316055+07:00,2026-08-20T08:34:41.676790158+07:00,2026-08-20T08:34:44.915264261+07:00
walking-2,97,319309752:0:f,411926137,6702164758,tertiary,forward,walking,"[[10.7801372, 106.6808694], [10.780105, 106.6809283]]",10.7801211,106.68089885,5.301358228019439,2084.915264261385,2090.2166224894045,2026-08-20T08:34:44.915264261+07:00,2026-08-20T08:34:47.565943375+07:00,2026-08-20T08:34:50.216622489+07:00
walking-2,98,319309752:1:f,6702164758,9333624312,tertiary,forward,walking,"[[10.780105, 106.6809283], [10.7800801, 106.6809739]]",10.780092549999999,106.6809511,4.103147858439347,2090.2166224894045,2094.319770347844,2026-08-20T08:34:50.216622489+07:00,2026-08-20T08:34:52.268196419+07:00,2026-08-20T08:34:54.319770348+07:00
walking-2,99,319309752:2:f,9333624312,411918501,tertiary,forward,walking,"[[10.7800801, 106.6809739], [10.7798105, 106.6814676]]",10.7799453,106.68122075,44.424328090335464,2094.319770347844,2138.7440984381797,2026-08-20T08:34:54.319770348+07:00,2026-08-20T08:35:16.531934393+07:00,2026-08-20T08:35:38.744098438+07:00
walking-2,100,319309752:3:f,411918501,6573748228,tertiary,forward,walking,"[[10.7798105, 106.6814676], [10.7794251, 106.6821552]]",10.7796178,106.6818114,62.26151857033467,2138.7440984381797,2201.0056170085145,2026-08-20T08:35:38.744098438+07:00,2026-08-20T08:36:09.874857723+07:00,2026-08-20T08:36:41.005617009+07:00
walking-2,101,1177449289:0:f,6573748228,8841272238,tertiary,forward,walking,"[[10.7794251, 106.6821552], [10.7793768, 106.6822392]]",10.77940095,106.68219719999999,7.654916287996721,2201.0056170085145,2208.6605332965114,2026-08-20T08:36:41.005617009+07:00,2026-08-20T08:36:44.833075153+07:00,2026-08-20T08:36:48.660533297+07:00
walking-2,102,1177449289:1:f,8841272238,13943884058,tertiary,forward,walking,"[[10.7793768, 106.6822392], [10.7789872, 106.6829163]]",10.779181999999999,106.68257775000001,61.71494776592845,2208.6605332965114,2270.37548106244,2026-08-20T08:36:48.660533297+07:00,2026-08-20T08:37:19.518007179+07:00,2026-08-20T08:37:50.375481062+07:00
walking-2,103,1177449289:2:f,13943884058,12923547872,tertiary,forward,walking,"[[10.7789872, 106.6829163], [10.7789461, 106.6829877]]",10.778966650000001,106.682952,6.5085065116300616,2270.37548106244,2276.88398757407,2026-08-20T08:37:50.375481062+07:00,2026-08-20T08:37:53.629734318+07:00,2026-08-20T08:37:56.883987574+07:00
walking-2,104,1177449289:3:f,12923547872,6702164754,tertiary,forward,walking,"[[10.7789461, 106.6829877], [10.7789334, 106.6830098]]",10.77893975,106.68299875,2.0136710667886644,2276.88398757407,2278.8976586408585,2026-08-20T08:37:56.883987574+07:00,2026-08-20T08:37:57.890823107+07:00,2026-08-20T08:37:58.897658641+07:00
walking-2,105,1177449289:4:f,6702164754,411926052,tertiary,forward,walking,"[[10.7789334, 106.6830098], [10.7789053, 106.6830576]]",10.778919349999999,106.6830337,4.381095543757483,2278.8976586408585,2283.278754184616,2026-08-20T08:37:58.897658641+07:00,2026-08-20T08:38:01.088206413+07:00,2026-08-20T08:38:03.278754185+07:00
walking-2,106,1180975825:0:f,411926052,6702164760,tertiary,forward,walking,"[[10.7789053, 106.6830576], [10.7788503, 106.6831545]]",10.7788778,106.68310604999999,8.801625990373804,2283.278754184616,2292.08038017499,2026-08-20T08:38:03.278754185+07:00,2026-08-20T08:38:07.679567180+07:00,2026-08-20T08:38:12.080380175+07:00
walking-2,107,1180975825:1:f,6702164760,12923547869,tertiary,forward,walking,"[[10.7788503, 106.6831545], [10.7788436, 106.6831662]]",10.77884695,106.68316035000001,1.0651114601759353,2292.08038017499,2293.145491635166,2026-08-20T08:38:12.080380175+07:00,2026-08-20T08:38:12.612935905+07:00,2026-08-20T08:38:13.145491635+07:00
walking-2,108,1180975825:2:f,12923547869,12923547871,tertiary,forward,walking,"[[10.7788436, 106.6831662], [10.7788378, 106.6831764]]",10.7788407,106.6831713,0.9269089299619121,2293.145491635166,2294.0724005651277,2026-08-20T08:38:13.145491635+07:00,2026-08-20T08:38:13.608946100+07:00,2026-08-20T08:38:14.072400565+07:00
walking-2,109,1180975825:3:f,12923547871,411926172,tertiary,forward,walking,"[[10.7788378, 106.6831764], [10.7783866, 106.6839633]]",10.7786122,106.68356985,71.65909438540541,2294.0724005651277,2365.731494950533,2026-08-20T08:38:14.072400565+07:00,2026-08-20T08:38:49.901947758+07:00,2026-08-20T08:39:25.731494951+07:00
walking-2,110,700026885:0:f,411926172,4932267125,tertiary,forward,walking,"[[10.7783866, 106.6839633], [10.7782467, 106.6842069]]",10.77831665,106.6840851,22.19244463154661,2365.731494950533,2387.9239395820796,2026-08-20T08:39:25.731494951+07:00,2026-08-20T08:39:36.827717266+07:00,2026-08-20T08:39:47.923939582+07:00
walking-2,111,700026885:1:f,4932267125,3081520486,tertiary,forward,walking,"[[10.7782467, 106.6842069], [10.7781194, 106.6844284]]",10.778183049999999,106.68431765,20.182818836647968,2387.9239395820796,2408.1067584187276,2026-08-20T08:39:47.923939582+07:00,2026-08-20T08:39:58.015349+07:00,2026-08-20T08:40:08.106758419+07:00
walking-2,112,700026885:2:f,3081520486,3257247348,tertiary,forward,walking,"[[10.7781194, 106.6844284], [10.7778559, 106.6848872]]",10.77798765,106.6846578,41.79803818015592,2408.1067584187276,2449.9047965988834,2026-08-20T08:40:08.106758419+07:00,2026-08-20T08:40:29.005777509+07:00,2026-08-20T08:40:49.904796599+07:00
walking-2,113,700026885:3:f,3257247348,411926049,tertiary,forward,walking,"[[10.7778559, 106.6848872], [10.7774209, 106.6853982]]",10.7776384,106.6851427,53.17937560207352,2449.9047965988834,2503.084172200957,2026-08-20T08:40:49.904796599+07:00,2026-08-20T08:41:16.494484400+07:00,2026-08-20T08:41:43.084172201+07:00
walking-2,114,700026885:4:f,411926049,3257259160,tertiary,forward,walking,"[[10.7774209, 106.6853982], [10.7767966, 106.6861495]]",10.77710875,106.68577385,77.39267769478117,2503.084172200957,2580.476849895738,2026-08-20T08:41:43.084172201+07:00,2026-08-20T08:42:21.780511048+07:00,2026-08-20T08:43:00.476849896+07:00
walking-2,115,35113721:17:r,3257259160,411919270,tertiary,reverse,walking,"[[10.7767966, 106.6861495], [10.7773632, 106.6867116]]",10.7770799,106.68643055,63.34116408644434,2580.476849895738,2643.818013982182,2026-08-20T08:43:00.476849896+07:00,2026-08-20T08:43:32.147431939+07:00,2026-08-20T08:44:03.818013982+07:00
walking-2,116,35113721:16:r,411919270,14072280071,tertiary,reverse,walking,"[[10.7773632, 106.6867116], [10.7774578, 106.6868055]]",10.7774105,106.68675855000001,10.578304605976967,2643.818013982182,2654.396318588159,2026-08-20T08:44:03.818013982+07:00,2026-08-20T08:44:09.107166285+07:00,2026-08-20T08:44:14.396318588+07:00
walking-2,117,35113721:15:r,14072280071,5778300422,tertiary,reverse,walking,"[[10.7774578, 106.6868055], [10.7778991, 106.6872434]]",10.77767845,106.68702445,49.33937512036412,2654.396318588159,2703.735693708523,2026-08-20T08:44:14.396318588+07:00,2026-08-20T08:44:39.066006148+07:00,2026-08-20T08:45:03.735693709+07:00
walking-2,118,327048054:15:f,5778300422,5778300433,tertiary,forward,walking,"[[10.7778991, 106.6872434], [10.777541, 106.6876317]]",10.77772005,106.68743755,41.88776774844325,2703.735693708523,2745.623461456966,2026-08-20T08:45:03.735693709+07:00,2026-08-20T08:45:24.679577583+07:00,2026-08-20T08:45:45.623461457+07:00
walking-2,119,327048054:16:f,5778300433,411926144,tertiary,forward,walking,"[[10.777541, 106.6876317], [10.7774802, 106.6876976]]",10.7775106,106.68766465,7.110339226267737,2745.623461456966,2752.7338006832338,2026-08-20T08:45:45.623461457+07:00,2026-08-20T08:45:49.178631070+07:00,2026-08-20T08:45:52.733800683+07:00
walking-2,120,327048054:17:f,411926144,411926143,tertiary,forward,walking,"[[10.7774802, 106.6876976], [10.7771139, 106.6880944]]",10.77729705,106.687896,42.82452663182037,2752.7338006832338,2795.558327315054,2026-08-20T08:45:52.733800683+07:00,2026-08-20T08:46:14.146063999+07:00,2026-08-20T08:46:35.558327315+07:00
walking-3,1,242307850:0:f,2498079018,2498079021,service,forward,walking,"[[10.7802867, 106.6595074], [10.7813987, 106.6605783]]",10.780842700000001,106.66004285,122.55383185446013,0.0,122.55383185446013,2026-08-20T08:00:00+07:00,2026-08-20T08:01:01.276915927+07:00,2026-08-20T08:02:02.553831854+07:00
walking-3,2,242307850:1:f,2498079021,366433075,service,forward,walking,"[[10.7813987, 106.6605783], [10.7807714, 106.6607314]]",10.781085050000002,106.66065485,51.64518500951226,122.55383185446013,174.1990168639724,2026-08-20T08:02:02.553831854+07:00,2026-08-20T08:02:28.376424359+07:00,2026-08-20T08:02:54.199016864+07:00
walking-3,3,1277704606:0:r,366433075,1349033429,residential,reverse,walking,"[[10.7807714, 106.6607314], [10.7810596, 106.6614957]]",10.7809155,106.66111355000001,64.38646018927858,174.1990168639724,238.58547705325097,2026-08-20T08:02:54.199016864+07:00,2026-08-20T08:03:26.392246959+07:00,2026-08-20T08:03:58.585477053+07:00
walking-3,4,520723335:2:r,1349033429,4415686093,tertiary,reverse,walking,"[[10.7810596, 106.6614957], [10.7813997, 106.6623673]]",10.78122965,106.66193150000001,73.75876521296139,238.58547705325097,312.34424226621235,2026-08-20T08:03:58.585477053+07:00,2026-08-20T08:04:35.464859660+07:00,2026-08-20T08:05:12.344242266+07:00
walking-3,5,520723335:1:r,4415686093,4415547496,tertiary,reverse,walking,"[[10.7813997, 106.6623673], [10.7817477, 106.6632592]]",10.7815737,106.66281325,75.47594564187467,312.34424226621235,387.820187908087,2026-08-20T08:05:12.344242266+07:00,2026-08-20T08:05:50.082215087+07:00,2026-08-20T08:06:27.820187908+07:00
walking-3,6,520723335:0:r,4415547496,366413355,tertiary,reverse,walking,"[[10.7817477, 106.6632592], [10.7822562, 106.6645756]]",10.782001950000002,106.6639174,111.24762763960305,387.820187908087,499.0678155476901,2026-08-20T08:06:27.820187908+07:00,2026-08-20T08:07:23.444001728+07:00,2026-08-20T08:08:19.067815548+07:00
walking-3,7,32579174:7:f,366413355,366382549,residential,forward,walking,"[[10.7822562, 106.6645756], [10.7818835, 106.665204]]",10.78206985,106.6648898,57.73087078415001,499.0678155476901,556.7986863318401,2026-08-20T08:08:19.067815548+07:00,2026-08-20T08:08:47.933250940+07:00,2026-08-20T08:09:16.798686332+07:00
walking-3,8,32579174:8:f,366382549,366457844,residential,forward,walking,"[[10.7818835, 106.665204], [10.7815821, 106.6657795]]",10.7817328,106.66549175,51.29195726692396,556.7986863318401,608.0906435987641,2026-08-20T08:09:16.798686332+07:00,2026-08-20T08:09:42.444664965+07:00,2026-08-20T08:10:08.090643599+07:00
walking-3,9,32579174:9:f,366457844,2930534054,residential,forward,walking,"[[10.7815821, 106.6657795], [10.7814678, 106.6659784]]",10.78152495,106.66587895,18.122923604608644,608.0906435987641,626.2135672033728,2026-08-20T08:10:08.090643599+07:00,2026-08-20T08:10:17.152105401+07:00,2026-08-20T08:10:26.213567203+07:00
walking-3,10,289494377:7:r,2930534054,5772254959,residential,reverse,walking,"[[10.7814678, 106.6659784], [10.7816144, 106.6661531]]",10.7815411,106.66606575,18.07020624647736,626.2135672033728,644.2837734498502,2026-08-20T08:10:26.213567203+07:00,2026-08-20T08:10:35.248670327+07:00,2026-08-20T08:10:44.283773450+07:00
walking-3,11,289494377:6:r,5772254959,5772452208,residential,reverse,walking,"[[10.7816144, 106.6661531], [10.7816538, 106.6662]]",10.781634100000002,106.66617655,4.853405452161755,644.2837734498502,649.1371789020119,2026-08-20T08:10:44.283773450+07:00,2026-08-20T08:10:46.710476176+07:00,2026-08-20T08:10:49.137178902+07:00
walking-3,12,289494377:5:r,5772452208,2930534057,residential,reverse,walking,"[[10.7816538, 106.6662], [10.7817639, 106.6663312]]",10.781708850000001,106.6662656,13.570915259319548,649.1371789020119,662.7080941613315,2026-08-20T08:10:49.137178902+07:00,2026-08-20T08:10:55.922636532+07:00,2026-08-20T08:11:02.708094161+07:00
walking-3,13,289494377:4:r,2930534057,13174777970,residential,reverse,walking,"[[10.7817639, 106.6663312], [10.7817693, 106.6663406]]",10.781766600000001,106.6663359,0.8564144222165885,662.7080941613315,663.5645085835481,2026-08-20T08:11:02.708094161+07:00,2026-08-20T08:11:03.136301372+07:00,2026-08-20T08:11:03.564508584+07:00
walking-3,14,289494377:3:r,13174777970,13174777972,residential,reverse,walking,"[[10.7817693, 106.6663406], [10.7817702, 106.6663515]]",10.78176975,106.66634605,0.8602766362044205,663.5645085835481,664.4247852197525,2026-08-20T08:11:03.564508584+07:00,2026-08-20T08:11:03.994646902+07:00,2026-08-20T08:11:04.424785220+07:00
walking-3,15,289494377:2:r,13174777972,13174777971,residential,reverse,walking,"[[10.7817702, 106.6663515], [10.7817664, 106.6663618]]",10.7817683,106.66635665000001,0.8653102680407531,664.4247852197525,665.2900954877932,2026-08-20T08:11:04.424785220+07:00,2026-08-20T08:11:04.857440354+07:00,2026-08-20T08:11:05.290095488+07:00
walking-3,16,289494377:1:r,13174777971,5772254960,residential,reverse,walking,"[[10.7817664, 106.6663618], [10.7817586, 106.6663696]]",10.7817625,106.6663657,0.8753758019212898,665.2900954877932,666.1654712897146,2026-08-20T08:11:05.290095488+07:00,2026-08-20T08:11:05.727783389+07:00,2026-08-20T08:11:06.165471290+07:00
walking-3,17,289494377:0:r,5772254960,2930534062,residential,reverse,walking,"[[10.7817586, 106.6663696], [10.7815428, 106.6665411]]",10.7816507,106.66645535,21.91853549655546,666.1654712897146,688.08400678627,2026-08-20T08:11:06.165471290+07:00,2026-08-20T08:11:17.124739038+07:00,2026-08-20T08:11:28.084006786+07:00
walking-3,18,694637565:0:f,2930534062,4120155315,residential,forward,walking,"[[10.7815428, 106.6665411], [10.781474, 106.6665947]]",10.7815084,106.6665679,6.936150109063491,688.08400678627,695.0201568953336,2026-08-20T08:11:28.084006786+07:00,2026-08-20T08:11:31.552081841+07:00,2026-08-20T08:11:35.020156895+07:00
walking-3,19,410150107:0:f,4120155315,5074798763,residential,forward,walking,"[[10.781474, 106.6665947], [10.781708, 106.6668532]]",10.781590999999999,106.66672395,27.645781520675644,695.0201568953336,722.6659384160092,2026-08-20T08:11:35.020156895+07:00,2026-08-20T08:11:48.843047656+07:00,2026-08-20T08:12:02.665938416+07:00
walking-3,20,520723263:0:f,5074798763,4120155316,residential,forward,walking,"[[10.781708, 106.6668532], [10.7817826, 106.6669348]]",10.7817453,106.66689400000001,8.766787040109001,722.6659384160092,731.4327254561182,2026-08-20T08:12:02.665938416+07:00,2026-08-20T08:12:07.049331936+07:00,2026-08-20T08:12:11.432725456+07:00
walking-3,21,520723263:1:f,4120155316,4120155317,residential,forward,walking,"[[10.7817826, 106.6669348], [10.7818855, 106.6670827]]",10.78183405,106.66700875000001,14.253757154967932,731.4327254561182,745.6864826110861,2026-08-20T08:12:11.432725456+07:00,2026-08-20T08:12:18.559604034+07:00,2026-08-20T08:12:25.686482611+07:00
walking-3,22,520723263:2:f,4120155317,4120155318,residential,forward,walking,"[[10.7818855, 106.6670827], [10.7818644, 106.6671751]]",10.781874949999999,106.6671289,7.460753130743864,745.6864826110861,753.1472357418301,2026-08-20T08:12:25.686482611+07:00,2026-08-20T08:12:29.416859176+07:00,2026-08-20T08:12:33.147235742+07:00
walking-3,23,520723263:3:f,4120155318,5074798794,residential,forward,walking,"[[10.7818644, 106.6671751], [10.7817621, 106.6672668]]",10.781813249999999,106.66722095,10.912892630563881,753.1472357418301,764.0601283723939,2026-08-20T08:12:33.147235742+07:00,2026-08-20T08:12:38.603682057+07:00,2026-08-20T08:12:44.060128372+07:00
walking-3,24,520723263:4:f,5074798794,4120155319,residential,forward,walking,"[[10.7817621, 106.6672668], [10.7814073, 106.6675849]]",10.7815847,106.66742585,37.85172910894005,764.0601283723939,801.911857481334,2026-08-20T08:12:44.060128372+07:00,2026-08-20T08:13:02.985992927+07:00,2026-08-20T08:13:21.911857481+07:00
walking-3,25,520723263:5:f,4120155319,5074798792,residential,forward,walking,"[[10.7814073, 106.6675849], [10.7813718, 106.6676167]]",10.78138955,106.6676008,3.7858561431603572,801.911857481334,805.6977136244943,2026-08-20T08:13:21.911857481+07:00,2026-08-20T08:13:23.804785553+07:00,2026-08-20T08:13:25.697713624+07:00
walking-3,26,520723263:6:f,5074798792,4120155276,residential,forward,walking,"[[10.7813718, 106.6676167], [10.7810966, 106.6678628]]",10.7812342,106.66773975,29.326725459023578,805.6977136244943,835.0244390835179,2026-08-20T08:13:25.697713624+07:00,2026-08-20T08:13:40.361076354+07:00,2026-08-20T08:13:55.024439084+07:00
walking-3,27,410150095:5:f,4120155276,5074798790,residential,forward,walking,"[[10.7810966, 106.6678628], [10.7810635, 106.6679227]]",10.78108005,106.66789275,5.405162770737246,835.0244390835179,840.4296018542551,2026-08-20T08:13:55.024439084+07:00,2026-08-20T08:13:57.727020469+07:00,2026-08-20T08:14:00.429601854+07:00
walking-3,28,410150095:6:f,5074798790,5074798789,residential,forward,walking,"[[10.7810635, 106.6679227], [10.780941, 106.668144]]",10.78100225,106.66803335,19.977668831805644,840.4296018542551,860.4072706860608,2026-08-20T08:14:00.429601854+07:00,2026-08-20T08:14:10.418436270+07:00,2026-08-20T08:14:20.407270686+07:00
walking-3,29,410150095:7:f,5074798789,4120155272,residential,forward,walking,"[[10.780941, 106.668144], [10.7808012, 106.6683849]]",10.7808711,106.66826445000001,22.005173165028964,860.4072706860608,882.4124438510897,2026-08-20T08:14:20.407270686+07:00,2026-08-20T08:14:31.409857269+07:00,2026-08-20T08:14:42.412443851+07:00
walking-3,30,410150095:0:r,4120155272,4120155271,residential,reverse,walking,"[[10.7808012, 106.6683849], [10.7809462, 106.6685844]]",10.7808737,106.66848465000001,19.517793840779778,882.4124438510897,901.9302376918695,2026-08-20T08:14:42.412443851+07:00,2026-08-20T08:14:52.171340771+07:00,2026-08-20T08:15:01.930237692+07:00
walking-3,31,410149784:1:r,4120155271,4120151675,residential,reverse,walking,"[[10.7809462, 106.6685844], [10.7809123, 106.6686089]]",10.78092925,106.66859665,3.3284914141052027,901.9302376918695,905.2587291059747,2026-08-20T08:15:01.930237692+07:00,2026-08-20T08:15:03.594483399+07:00,2026-08-20T08:15:05.258729106+07:00
walking-3,32,410149784:0:r,4120151675,4120151674,residential,reverse,walking,"[[10.7809123, 106.6686089], [10.780507, 106.6689134]]",10.78070965,106.66876115,40.328881267721414,905.2587291059747,945.5876103736961,2026-08-20T08:15:05.258729106+07:00,2026-08-20T08:15:25.423169740+07:00,2026-08-20T08:15:45.587610374+07:00
walking-3,33,716044137:15:r,4120151674,366403850,secondary,reverse,walking,"[[10.780507, 106.6689134], [10.7805677, 106.6689967]]",10.78053735,106.66895505,8.156982173967327,945.5876103736961,953.7445925476634,2026-08-20T08:15:45.587610374+07:00,2026-08-20T08:15:49.666101461+07:00,2026-08-20T08:15:53.744592548+07:00
walking-3,34,716044137:14:r,366403850,13441558876,secondary,reverse,walking,"[[10.7805677, 106.6689967], [10.7808711, 106.6694055]]",10.7807194,106.6692011,40.29530387682751,953.7445925476634,994.0398964244908,2026-08-20T08:15:53.744592548+07:00,2026-08-20T08:16:13.892244486+07:00,2026-08-20T08:16:34.039896424+07:00
walking-3,35,716044137:13:r,13441558876,366464770,secondary,reverse,walking,"[[10.7808711, 106.6694055], [10.7808899, 106.6694309]]",10.7808805,106.6694182,2.5012025933203543,994.0398964244908,996.5410990178112,2026-08-20T08:16:34.039896424+07:00,2026-08-20T08:16:35.290497721+07:00,2026-08-20T08:16:36.541099018+07:00
walking-3,36,716044137:12:r,366464770,13441558874,secondary,reverse,walking,"[[10.7808899, 106.6694309], [10.7809051, 106.6694517]]",10.7808975,106.66944129999999,2.03885914762541,996.5410990178112,998.5799581654367,2026-08-20T08:16:36.541099018+07:00,2026-08-20T08:16:37.560528592+07:00,2026-08-20T08:16:38.579958165+07:00
walking-3,37,716044137:11:r,13441558874,366434727,secondary,reverse,walking,"[[10.7809051, 106.6694517], [10.7811107, 106.669732]]",10.781007899999999,106.66959184999999,27.51219888450912,998.5799581654367,1026.0921570499459,2026-08-20T08:16:38.579958165+07:00,2026-08-20T08:16:52.336057608+07:00,2026-08-20T08:17:06.092157050+07:00
walking-3,38,716044137:10:r,366434727,3718387279,secondary,reverse,walking,"[[10.7811107, 106.669732], [10.7811663, 106.6698044]]",10.7811385,106.6697682,7.2275162089596074,1026.0921570499459,1033.3196732589054,2026-08-20T08:17:06.092157050+07:00,2026-08-20T08:17:09.705915154+07:00,2026-08-20T08:17:13.319673259+07:00
walking-3,39,716044137:9:r,3718387279,3718387319,secondary,reverse,walking,"[[10.7811663, 106.6698044], [10.7816116, 106.6703849]]",10.78138895,106.67009465000001,57.92531156076102,1033.3196732589054,1091.2449848196663,2026-08-20T08:17:13.319673259+07:00,2026-08-20T08:17:42.282329039+07:00,2026-08-20T08:18:11.244984820+07:00
walking-3,40,716044137:8:r,3718387319,5063701425,secondary,reverse,walking,"[[10.7816116, 106.6703849], [10.7818565, 106.6707042]]",10.78173405,106.67054455,31.859709290272065,1091.2449848196663,1123.1046941099385,2026-08-20T08:18:11.244984820+07:00,2026-08-20T08:18:27.174839465+07:00,2026-08-20T08:18:43.104694110+07:00
walking-3,41,716044137:7:r,5063701425,5063701430,secondary,reverse,walking,"[[10.7818565, 106.6707042], [10.7821688, 106.6711112]]",10.78201265,106.6709077,40.61702961073166,1123.1046941099385,1163.72172372067,2026-08-20T08:18:43.104694110+07:00,2026-08-20T08:19:03.413208915+07:00,2026-08-20T08:19:23.721723721+07:00
walking-3,42,716044137:6:r,5063701430,3718387308,secondary,reverse,walking,"[[10.7821688, 106.6711112], [10.7822208, 106.671179]]",10.7821948,106.67114509999999,6.764972400637592,1163.72172372067,1170.4866961213077,2026-08-20T08:19:23.721723721+07:00,2026-08-20T08:19:27.104209921+07:00,2026-08-20T08:19:30.486696121+07:00
walking-3,43,716044137:5:r,3718387308,5063701421,secondary,reverse,walking,"[[10.7822208, 106.671179], [10.782292, 106.6712731]]",10.7822564,106.67122605,9.341498243507912,1170.4866961213077,1179.8281943648155,2026-08-20T08:19:30.486696121+07:00,2026-08-20T08:19:35.157445243+07:00,2026-08-20T08:19:39.828194365+07:00
walking-3,44,716044137:4:r,5063701421,13540705422,secondary,reverse,walking,"[[10.782292, 106.6712731], [10.7823458, 106.6713442]]",10.7823189,106.67130864999999,7.058375565838252,1179.8281943648155,1186.8865699306539,2026-08-20T08:19:39.828194365+07:00,2026-08-20T08:19:43.357382148+07:00,2026-08-20T08:19:46.886569931+07:00
walking-3,45,716044137:3:r,13540705422,13540705424,secondary,reverse,walking,"[[10.7823458, 106.6713442], [10.7824965, 106.6715399]]",10.782421150000001,106.67144205,19.556489624045543,1186.8865699306539,1206.4430595546994,2026-08-20T08:19:46.886569931+07:00,2026-08-20T08:19:56.664814743+07:00,2026-08-20T08:20:06.443059555+07:00
walking-3,46,716044137:2:r,13540705424,5074798961,secondary,reverse,walking,"[[10.7824965, 106.6715399], [10.7825682, 106.6716378]]",10.78253235,106.67158885,9.603868227829262,1206.4430595546994,1216.0469277825287,2026-08-20T08:20:06.443059555+07:00,2026-08-20T08:20:11.244993669+07:00,2026-08-20T08:20:16.046927783+07:00
walking-3,47,716044137:1:r,5074798961,5063701411,secondary,reverse,walking,"[[10.7825682, 106.6716378], [10.7825973, 106.6716762]]",10.78258275,106.671657,3.814240604446116,1216.0469277825287,1219.8611683869747,2026-08-20T08:20:16.046927783+07:00,2026-08-20T08:20:17.954048085+07:00,2026-08-20T08:20:19.861168387+07:00
walking-3,48,716044137:0:r,5063701411,4875861250,secondary,reverse,walking,"[[10.7825973, 106.6716762], [10.7829178, 106.6720996]]",10.78275755,106.6718879,42.038469107322456,1219.8611683869747,1261.8996374942972,2026-08-20T08:20:19.861168387+07:00,2026-08-20T08:20:40.880402941+07:00,2026-08-20T08:21:01.899637494+07:00
walking-3,49,495852561:4:r,4875861250,11395678546,primary,reverse,walking,"[[10.7829178, 106.6720996], [10.7827408, 106.6724336]]",10.7828293,106.6722666,29.846595624398258,1261.8996374942972,1291.7462331186955,2026-08-20T08:21:01.899637494+07:00,2026-08-20T08:21:16.822935306+07:00,2026-08-20T08:21:31.746233119+07:00
walking-3,50,495852561:3:r,11395678546,5063701408,primary,reverse,walking,"[[10.7827408, 106.6724336], [10.7827246, 106.6724641]]",10.7827327,106.67244885,2.7269142096456354,1291.7462331186955,1294.4731473283412,2026-08-20T08:21:31.746233119+07:00,2026-08-20T08:21:33.109690224+07:00,2026-08-20T08:21:34.473147328+07:00
walking-3,51,495852561:2:r,5063701408,411918284,primary,reverse,walking,"[[10.7827246, 106.6724641], [10.7825681, 106.6727592]]",10.78264635,106.67261165,26.37482266197882,1294.4731473283412,1320.84796999032,2026-08-20T08:21:34.473147328+07:00,2026-08-20T08:21:47.660558659+07:00,2026-08-20T08:22:00.847969990+07:00
walking-3,52,495852561:1:r,411918284,5063701402,primary,reverse,walking,"[[10.7825681, 106.6727592], [10.782487, 106.6729096]]",10.782527550000001,106.6728344,13.493375829992404,1320.84796999032,1334.3413458203124,2026-08-20T08:22:00.847969990+07:00,2026-08-20T08:22:07.594657905+07:00,2026-08-20T08:22:14.341345820+07:00
walking-3,53,495852561:0:r,5063701402,11771724356,primary,reverse,walking,"[[10.782487, 106.6729096], [10.7824523, 106.672974]]",10.78246965,106.67294179999999,5.776735503007723,1334.3413458203124,1340.1180813233202,2026-08-20T08:22:14.341345820+07:00,2026-08-20T08:22:17.229713572+07:00,2026-08-20T08:22:20.118081323+07:00
walking-3,54,500897933:9:r,11771724356,366470932,primary,reverse,walking,"[[10.7824523, 106.672974], [10.7822806, 106.6732878]]",10.78236645,106.67313089999999,28.249546361288505,1340.1180813233202,1368.3676276846088,2026-08-20T08:22:20.118081323+07:00,2026-08-20T08:22:34.242854504+07:00,2026-08-20T08:22:48.367627685+07:00
walking-3,55,500897933:8:r,366470932,5063701380,primary,reverse,walking,"[[10.7822806, 106.6732878], [10.7821696, 106.6734948]]",10.7822251,106.67339129999999,18.54750207466979,1368.3676276846088,1386.9151297592787,2026-08-20T08:22:48.367627685+07:00,2026-08-20T08:22:57.641378722+07:00,2026-08-20T08:23:06.915129759+07:00
walking-3,56,500897933:7:r,5063701380,411926299,primary,reverse,walking,"[[10.7821696, 106.6734948], [10.7819667, 106.6738904]]",10.78206815,106.67369260000001,35.09816307799212,1386.9151297592787,1422.0132928372707,2026-08-20T08:23:06.915129759+07:00,2026-08-20T08:23:24.464211298+07:00,2026-08-20T08:23:42.013292837+07:00
walking-3,57,500897933:6:r,411926299,366434259,primary,reverse,walking,"[[10.7819667, 106.6738904], [10.7817734, 106.6742377]]",10.78187005,106.67406405,31.39361698611284,1422.0132928372707,1453.4069098233836,2026-08-20T08:23:42.013292837+07:00,2026-08-20T08:23:57.710101330+07:00,2026-08-20T08:24:13.406909823+07:00
walking-3,58,500897933:5:r,366434259,9488493337,primary,reverse,walking,"[[10.7817734, 106.6742377], [10.7817019, 106.6743707]]",10.78173765,106.6743042,11.923964944699646,1453.4069098233836,1465.3308747680833,2026-08-20T08:24:13.406909823+07:00,2026-08-20T08:24:19.368892296+07:00,2026-08-20T08:24:25.330874768+07:00
walking-3,59,500897933:4:r,9488493337,5063701284,primary,reverse,walking,"[[10.7817019, 106.6743707], [10.7815756, 106.6746059]]",10.781638749999999,106.67448830000001,21.08113659032649,1465.3308747680833,1486.4120113584097,2026-08-20T08:24:25.330874768+07:00,2026-08-20T08:24:35.871443063+07:00,2026-08-20T08:24:46.412011358+07:00
walking-3,60,500897933:3:r,5063701284,411918265,primary,reverse,walking,"[[10.7815756, 106.6746059], [10.7814583, 106.6748564]]",10.78151695,106.67473115,21.82491459470385,1486.4120113584097,1508.2369259531135,2026-08-20T08:24:46.412011358+07:00,2026-08-20T08:24:57.324468656+07:00,2026-08-20T08:25:08.236925953+07:00
walking-3,61,500897933:2:r,411918265,8366363067,primary,reverse,walking,"[[10.7814583, 106.6748564], [10.7812809, 106.6751601]]",10.781369600000001,106.67500824999999,27.788821632502835,1508.2369259531135,1536.0257475856163,2026-08-20T08:25:08.236925953+07:00,2026-08-20T08:25:22.131336768+07:00,2026-08-20T08:25:36.025747586+07:00
walking-3,62,500897933:1:r,8366363067,366368374,primary,reverse,walking,"[[10.7812809, 106.6751601], [10.7812241, 106.675257]]",10.7812525,106.67520855000001,8.87454713276529,1536.0257475856163,1544.9002947183815,2026-08-20T08:25:36.025747586+07:00,2026-08-20T08:25:40.463021152+07:00,2026-08-20T08:25:44.900294718+07:00
walking-3,63,500897933:0:r,366368374,4918435013,primary,reverse,walking,"[[10.7812241, 106.675257], [10.7810495, 106.6755908]]",10.781136799999999,106.6754239,29.742094242832376,1544.9002947183815,1574.6423889612138,2026-08-20T08:25:44.900294718+07:00,2026-08-20T08:25:59.771341840+07:00,2026-08-20T08:26:14.642388961+07:00
walking-3,64,1255192198:0:r,4918435013,5778141550,primary,reverse,walking,"[[10.7810495, 106.6755908], [10.7809641, 106.6757488]]",10.7810068,106.6756698,14.183060662456333,1574.6423889612138,1588.82544962367,2026-08-20T08:26:14.642388961+07:00,2026-08-20T08:26:21.733919292+07:00,2026-08-20T08:26:28.825449624+07:00
walking-3,65,496279185:1:r,5778141550,5063700700,primary,reverse,walking,"[[10.7809641, 106.6757488], [10.7808806, 106.6759049]]",10.78092235,106.67582684999999,13.978947673972476,1588.82544962367,1602.8043972976425,2026-08-20T08:26:28.825449624+07:00,2026-08-20T08:26:35.814923461+07:00,2026-08-20T08:26:42.804397298+07:00
walking-3,66,496279185:0:r,5063700700,4879876935,primary,reverse,walking,"[[10.7808806, 106.6759049], [10.7808527, 106.6759568]]",10.78086665,106.67593085,4.653002962790118,1602.8043972976425,1607.4574002604327,2026-08-20T08:26:42.804397298+07:00,2026-08-20T08:26:45.130898779+07:00,2026-08-20T08:26:47.457400260+07:00
walking-3,67,1097215585:2:r,4879876935,411924698,primary,reverse,walking,"[[10.7808527, 106.6759568], [10.7807328, 106.6761789]]",10.78079275,106.67606785,19.931435684471452,1607.4574002604327,1627.388835944904,2026-08-20T08:26:47.457400260+07:00,2026-08-20T08:26:57.423118103+07:00,2026-08-20T08:27:07.388835945+07:00
walking-3,68,1097215585:1:r,411924698,5063700697,primary,reverse,walking,"[[10.7807328, 106.6761789], [10.780635, 106.676358]]",10.7806839,106.67626845,16.11570568053628,1627.388835944904,1643.5045416254402,2026-08-20T08:27:07.388835945+07:00,2026-08-20T08:27:15.446688785+07:00,2026-08-20T08:27:23.504541625+07:00
walking-3,69,1097215585:0:r,5063700697,10046834524,primary,reverse,walking,"[[10.780635, 106.676358], [10.7804881, 106.6766554]]",10.78056155,106.6765067,26.180122940572904,1643.5045416254402,1669.684664566013,2026-08-20T08:27:23.504541625+07:00,2026-08-20T08:27:36.594603096+07:00,2026-08-20T08:27:49.684664566+07:00
walking-3,70,1097215588:0:f,10046834524,10046834525,primary,forward,walking,"[[10.7804881, 106.6766554], [10.7804577, 106.6766664]]",10.7804729,106.6766609,2.5830221581616497,1669.684664566013,1672.2676867241746,2026-08-20T08:27:49.684664566+07:00,2026-08-20T08:27:50.976175645+07:00,2026-08-20T08:27:52.267686724+07:00
walking-3,71,1097215588:1:f,10046834525,10046834526,primary,forward,walking,"[[10.7804577, 106.6766664], [10.780323, 106.6769203]]",10.78039035,106.67679335,22.694552599827468,1672.2676867241746,1694.962239324002,2026-08-20T08:27:52.267686724+07:00,2026-08-20T08:28:03.614963024+07:00,2026-08-20T08:28:14.962239324+07:00
walking-3,72,1097215588:2:f,10046834526,10046834527,primary,forward,walking,"[[10.780323, 106.6769203], [10.78033, 106.6769507]]",10.7803265,106.67693550000001,2.455687770400574,1694.962239324002,1697.4179270944026,2026-08-20T08:28:14.962239324+07:00,2026-08-20T08:28:16.190083209+07:00,2026-08-20T08:28:17.417927094+07:00
walking-3,73,1097215589:1:r,10046834527,5778164496,primary,reverse,walking,"[[10.78033, 106.6769507], [10.7802644, 106.6770737]]",10.7802972,106.67701220000001,11.00738645737114,1697.4179270944026,1708.4253135517738,2026-08-20T08:28:17.417927094+07:00,2026-08-20T08:28:22.921620323+07:00,2026-08-20T08:28:28.425313552+07:00
walking-3,74,1097215589:0:r,5778164496,10046800715,primary,reverse,walking,"[[10.7802644, 106.6770737], [10.7802412, 106.6771159]]",10.7802528,106.67709479999999,3.8033161189241897,1708.4253135517738,1712.228629670698,2026-08-20T08:28:28.425313552+07:00,2026-08-20T08:28:30.326971611+07:00,2026-08-20T08:28:32.228629671+07:00
walking-3,75,225192895:0:f,10046800715,4877811748,primary,forward,walking,"[[10.7802412, 106.6771159], [10.7802125, 106.6771286]]",10.78022685,106.67712225,2.5054412089685383,1712.228629670698,1714.7340708796664,2026-08-20T08:28:32.228629671+07:00,2026-08-20T08:28:33.481350275+07:00,2026-08-20T08:28:34.734070880+07:00
walking-3,76,225192895:1:f,4877811748,5778164526,primary,forward,walking,"[[10.7802125, 106.6771286], [10.7801234, 106.677319]]",10.78016795,106.67722380000001,16.586762527197596,1714.7340708796664,1731.320833406864,2026-08-20T08:28:34.734070880+07:00,2026-08-20T08:28:43.027452143+07:00,2026-08-20T08:28:51.320833407+07:00
walking-3,77,225192895:2:f,5778164526,5059499528,primary,forward,walking,"[[10.7801234, 106.677319], [10.7800426, 106.6774743]]",10.780083000000001,106.67739664999999,13.821270019908438,1731.320833406864,1745.1421034267726,2026-08-20T08:28:51.320833407+07:00,2026-08-20T08:28:58.231468417+07:00,2026-08-20T08:29:05.142103427+07:00
walking-3,78,225192895:3:f,5059499528,411925476,primary,forward,walking,"[[10.7800426, 106.6774743], [10.7797249, 106.6780843]]",10.77988375,106.6777793,54.30060371414708,1745.1421034267726,1799.4427071409195,2026-08-20T08:29:05.142103427+07:00,2026-08-20T08:29:32.292405284+07:00,2026-08-20T08:29:59.442707141+07:00
walking-3,79,225192895:4:f,411925476,11811380955,primary,forward,walking,"[[10.7797249, 106.6780843], [10.7796842, 106.6781605]]",10.77970455,106.6781224,6.821513783197145,1799.4427071409195,1806.2642209241167,2026-08-20T08:29:59.442707141+07:00,2026-08-20T08:30:02.853464033+07:00,2026-08-20T08:30:06.264220924+07:00
walking-3,80,225192895:5:f,11811380955,11846659094,primary,forward,walking,"[[10.7796842, 106.6781605], [10.7796323, 106.6782465]]",10.77965825,106.6782035,7.938061690269861,1806.2642209241167,1814.2022826143866,2026-08-20T08:30:06.264220924+07:00,2026-08-20T08:30:10.233251769+07:00,2026-08-20T08:30:14.202282614+07:00
walking-3,81,225192895:6:f,11846659094,13623759834,primary,forward,walking,"[[10.7796323, 106.6782465], [10.77953, 106.6784251]]",10.779581149999999,106.6783358,16.25985078148155,1814.2022826143866,1830.4621333958682,2026-08-20T08:30:14.202282614+07:00,2026-08-20T08:30:22.332208005+07:00,2026-08-20T08:30:30.462133396+07:00
walking-3,82,1486139602:0:f,13623759834,13623759833,primary,forward,walking,"[[10.77953, 106.6784251], [10.7795134, 106.6784869]]",10.7795217,106.678456,5.038851440436647,1830.4621333958682,1835.500984836305,2026-08-20T08:30:30.462133396+07:00,2026-08-20T08:30:32.981559116+07:00,2026-08-20T08:30:35.500984836+07:00
walking-3,83,1486139601:0:r,13623759833,2690659614,primary,reverse,walking,"[[10.7795134, 106.6784869], [10.7794286, 106.678638]]",10.779471000000001,106.67856245,13.68626788230784,1835.500984836305,1849.1872527186129,2026-08-20T08:30:35.500984836+07:00,2026-08-20T08:30:42.344118777+07:00,2026-08-20T08:30:49.187252719+07:00
walking-3,84,1158093921:0:f,2690659614,13475788560,tertiary,forward,walking,"[[10.7794286, 106.678638], [10.7800321, 106.6791969]]",10.77973035,106.67891745,65.31943670573489,1849.1872527186129,1914.5066894243478,2026-08-20T08:30:49.187252719+07:00,2026-08-20T08:31:21.846971071+07:00,2026-08-20T08:31:54.506689424+07:00
walking-3,85,1158093921:1:f,13475788560,13202259511,tertiary,forward,walking,"[[10.7800321, 106.6791969], [10.7800789, 106.6792402]]",10.7800555,106.67921855,5.063176379038127,1914.5066894243478,1919.569865803386,2026-08-20T08:31:54.506689424+07:00,2026-08-20T08:31:57.038277614+07:00,2026-08-20T08:31:59.569865803+07:00
walking-3,86,1158093921:2:f,13202259511,13441558879,tertiary,forward,walking,"[[10.7800789, 106.6792402], [10.7803411, 106.679483]]",10.78021,106.6793616,28.37782046798715,1919.569865803386,1947.9476862713732,2026-08-20T08:31:59.569865803+07:00,2026-08-20T08:32:13.758776037+07:00,2026-08-20T08:32:27.947686271+07:00
walking-3,87,1158093921:3:f,13441558879,5778872974,tertiary,forward,walking,"[[10.7803411, 106.679483], [10.7803745, 106.6795139]]",10.7803578,106.67949845000001,3.6133488152871673,1947.9476862713732,1951.5610350866602,2026-08-20T08:32:27.947686271+07:00,2026-08-20T08:32:29.754360679+07:00,2026-08-20T08:32:31.561035087+07:00
walking-3,88,1176186457:0:f,5778872974,13441558878,tertiary,forward,walking,"[[10.7803745, 106.6795139], [10.780407, 106.6795459]]",10.78039075,106.6795299,3.6199585965494925,1951.5610350866602,1955.1809936832096,2026-08-20T08:32:31.561035087+07:00,2026-08-20T08:32:33.371014385+07:00,2026-08-20T08:32:35.180993683+07:00
walking-3,89,1176186457:1:f,13441558878,12067818219,tertiary,forward,walking,"[[10.780407, 106.6795459], [10.7804234, 106.6795621]]",10.7804152,106.679554,1.829549221001255,1955.1809936832096,1957.010542904211,2026-08-20T08:32:35.180993683+07:00,2026-08-20T08:32:36.095768294+07:00,2026-08-20T08:32:37.010542904+07:00
walking-3,90,1176186457:2:f,12067818219,5778164492,tertiary,forward,walking,"[[10.7804234, 106.6795621], [10.7805301, 106.6796675]]",10.78047675,106.6796148,11.90329133402572,1957.010542904211,1968.9138342382366,2026-08-20T08:32:37.010542904+07:00,2026-08-20T08:32:42.962188571+07:00,2026-08-20T08:32:48.913834238+07:00
walking-3,91,1176186457:3:f,5778164492,411917856,tertiary,forward,walking,"[[10.7805301, 106.6796675], [10.7807539, 106.6798779]]",10.780642,106.6797727,24.38964921600754,1968.9138342382366,1993.303483454244,2026-08-20T08:32:48.913834238+07:00,2026-08-20T08:33:01.108658846+07:00,2026-08-20T08:33:13.303483454+07:00
walking-3,92,1177449718:0:f,411917856,11050300613,tertiary,forward,walking,"[[10.7807539, 106.6798779], [10.7805838, 106.6801291]]",10.780668850000001,106.6800035,23.995132715376197,1993.303483454244,2017.2986161696203,2026-08-20T08:33:13.303483454+07:00,2026-08-20T08:33:25.301049812+07:00,2026-08-20T08:33:37.298616170+07:00
walking-3,93,1177449718:1:f,11050300613,9218211174,tertiary,forward,walking,"[[10.7805838, 106.6801291], [10.7804449, 106.6803593]]",10.78051435,106.6802442,21.247151807407477,2017.2986161696203,2038.545767977028,2026-08-20T08:33:37.298616170+07:00,2026-08-20T08:33:47.922192073+07:00,2026-08-20T08:33:58.545767977+07:00
walking-3,94,1177449718:2:f,9218211174,10028966994,tertiary,forward,walking,"[[10.7804449, 106.6803593], [10.7802469, 106.6806875]]",10.7803459,106.6805234,30.291089647674255,2038.545767977028,2068.836857624702,2026-08-20T08:33:58.545767977+07:00,2026-08-20T08:34:13.691312801+07:00,2026-08-20T08:34:28.836857625+07:00
walking-3,95,1177449718:3:f,10028966994,6702164762,tertiary,forward,walking,"[[10.7802469, 106.6806875], [10.7801795, 106.6807992]]",10.780213199999999,106.68074335,10.309831655801363,2068.836857624702,2079.1466892805033,2026-08-20T08:34:28.836857625+07:00,2026-08-20T08:34:33.991773453+07:00,2026-08-20T08:34:39.146689281+07:00
walking-3,96,1177449718:4:f,6702164762,411926137,tertiary,forward,walking,"[[10.7801795, 106.6807992], [10.7801372, 106.6808694]]",10.78015835,106.6808343,6.476948206882794,2079.1466892805033,2085.623637487386,2026-08-20T08:34:39.146689281+07:00,2026-08-20T08:34:42.385163384+07:00,2026-08-20T08:34:45.623637487+07:00
walking-3,97,319309752:0:f,411926137,6702164758,tertiary,forward,walking,"[[10.7801372, 106.6808694], [10.780105, 106.6809283]]",10.7801211,106.68089885,5.301358228019439,2085.623637487386,2090.9249957154057,2026-08-20T08:34:45.623637487+07:00,2026-08-20T08:34:48.274316601+07:00,2026-08-20T08:34:50.924995715+07:00
walking-3,98,319309752:1:f,6702164758,9333624312,tertiary,forward,walking,"[[10.780105, 106.6809283], [10.7800801, 106.6809739]]",10.780092549999999,106.6809511,4.103147858439347,2090.9249957154057,2095.028143573845,2026-08-20T08:34:50.924995715+07:00,2026-08-20T08:34:52.976569645+07:00,2026-08-20T08:34:55.028143574+07:00
walking-3,99,319309752:2:f,9333624312,411918501,tertiary,forward,walking,"[[10.7800801, 106.6809739], [10.7798105, 106.6814676]]",10.7799453,106.68122075,44.424328090335464,2095.028143573845,2139.452471664181,2026-08-20T08:34:55.028143574+07:00,2026-08-20T08:35:17.240307619+07:00,2026-08-20T08:35:39.452471664+07:00
walking-3,100,319309752:3:f,411918501,6573748228,tertiary,forward,walking,"[[10.7798105, 106.6814676], [10.7794251, 106.6821552]]",10.7796178,106.6818114,62.26151857033467,2139.452471664181,2201.7139902345157,2026-08-20T08:35:39.452471664+07:00,2026-08-20T08:36:10.583230949+07:00,2026-08-20T08:36:41.713990235+07:00
walking-3,101,1177449289:0:f,6573748228,8841272238,tertiary,forward,walking,"[[10.7794251, 106.6821552], [10.7793768, 106.6822392]]",10.77940095,106.68219719999999,7.654916287996721,2201.7139902345157,2209.3689065225126,2026-08-20T08:36:41.713990235+07:00,2026-08-20T08:36:45.541448379+07:00,2026-08-20T08:36:49.368906523+07:00
walking-3,102,1177449289:1:f,8841272238,13943884058,tertiary,forward,walking,"[[10.7793768, 106.6822392], [10.7789872, 106.6829163]]",10.779181999999999,106.68257775000001,61.71494776592845,2209.3689065225126,2271.083854288441,2026-08-20T08:36:49.368906523+07:00,2026-08-20T08:37:20.226380405+07:00,2026-08-20T08:37:51.083854288+07:00
walking-3,103,1177449289:2:f,13943884058,12923547872,tertiary,forward,walking,"[[10.7789872, 106.6829163], [10.7789461, 106.6829877]]",10.778966650000001,106.682952,6.5085065116300616,2271.083854288441,2277.592360800071,2026-08-20T08:37:51.083854288+07:00,2026-08-20T08:37:54.338107544+07:00,2026-08-20T08:37:57.592360800+07:00
walking-3,104,1177449289:3:f,12923547872,6702164754,tertiary,forward,walking,"[[10.7789461, 106.6829877], [10.7789334, 106.6830098]]",10.77893975,106.68299875,2.0136710667886644,2277.592360800071,2279.6060318668597,2026-08-20T08:37:57.592360800+07:00,2026-08-20T08:37:58.599196333+07:00,2026-08-20T08:37:59.606031867+07:00
walking-3,105,1177449289:4:f,6702164754,411926052,tertiary,forward,walking,"[[10.7789334, 106.6830098], [10.7789053, 106.6830576]]",10.778919349999999,106.6830337,4.381095543757483,2279.6060318668597,2283.987127410617,2026-08-20T08:37:59.606031867+07:00,2026-08-20T08:38:01.796579639+07:00,2026-08-20T08:38:03.987127411+07:00
walking-3,106,1180975825:0:f,411926052,6702164760,tertiary,forward,walking,"[[10.7789053, 106.6830576], [10.7788503, 106.6831545]]",10.7788778,106.68310604999999,8.801625990373804,2283.987127410617,2292.788753400991,2026-08-20T08:38:03.987127411+07:00,2026-08-20T08:38:08.387940406+07:00,2026-08-20T08:38:12.788753401+07:00
walking-3,107,1180975825:1:f,6702164760,12923547869,tertiary,forward,walking,"[[10.7788503, 106.6831545], [10.7788436, 106.6831662]]",10.77884695,106.68316035000001,1.0651114601759353,2292.788753400991,2293.853864861167,2026-08-20T08:38:12.788753401+07:00,2026-08-20T08:38:13.321309131+07:00,2026-08-20T08:38:13.853864861+07:00
walking-3,108,1180975825:2:f,12923547869,12923547871,tertiary,forward,walking,"[[10.7788436, 106.6831662], [10.7788378, 106.6831764]]",10.7788407,106.6831713,0.9269089299619121,2293.853864861167,2294.780773791129,2026-08-20T08:38:13.853864861+07:00,2026-08-20T08:38:14.317319326+07:00,2026-08-20T08:38:14.780773791+07:00
walking-3,109,1180975825:3:f,12923547871,411926172,tertiary,forward,walking,"[[10.7788378, 106.6831764], [10.7783866, 106.6839633]]",10.7786122,106.68356985,71.65909438540541,2294.780773791129,2366.439868176534,2026-08-20T08:38:14.780773791+07:00,2026-08-20T08:38:50.610320984+07:00,2026-08-20T08:39:26.439868177+07:00
walking-3,110,700026885:0:f,411926172,4932267125,tertiary,forward,walking,"[[10.7783866, 106.6839633], [10.7782467, 106.6842069]]",10.77831665,106.6840851,22.19244463154661,2366.439868176534,2388.6323128080808,2026-08-20T08:39:26.439868177+07:00,2026-08-20T08:39:37.536090492+07:00,2026-08-20T08:39:48.632312808+07:00
walking-3,111,700026885:1:f,4932267125,3081520486,tertiary,forward,walking,"[[10.7782467, 106.6842069], [10.7781194, 106.6844284]]",10.778183049999999,106.68431765,20.182818836647968,2388.6323128080808,2408.815131644729,2026-08-20T08:39:48.632312808+07:00,2026-08-20T08:39:58.723722226+07:00,2026-08-20T08:40:08.815131645+07:00
walking-3,112,700026885:2:f,3081520486,3257247348,tertiary,forward,walking,"[[10.7781194, 106.6844284], [10.7778559, 106.6848872]]",10.77798765,106.6846578,41.79803818015592,2408.815131644729,2450.6131698248846,2026-08-20T08:40:08.815131645+07:00,2026-08-20T08:40:29.714150735+07:00,2026-08-20T08:40:50.613169825+07:00
walking-3,113,700026885:3:f,3257247348,411926049,tertiary,forward,walking,"[[10.7778559, 106.6848872], [10.7774209, 106.6853982]]",10.7776384,106.6851427,53.17937560207352,2450.6131698248846,2503.792545426958,2026-08-20T08:40:50.613169825+07:00,2026-08-20T08:41:17.202857626+07:00,2026-08-20T08:41:43.792545427+07:00
walking-3,114,700026885:4:f,411926049,3257259160,tertiary,forward,walking,"[[10.7774209, 106.6853982], [10.7767966, 106.6861495]]",10.77710875,106.68577385,77.39267769478117,2503.792545426958,2581.185223121739,2026-08-20T08:41:43.792545427+07:00,2026-08-20T08:42:22.488884274+07:00,2026-08-20T08:43:01.185223122+07:00
walking-3,115,35113721:17:r,3257259160,411919270,tertiary,reverse,walking,"[[10.7767966, 106.6861495], [10.7773632, 106.6867116]]",10.7770799,106.68643055,63.34116408644434,2581.185223121739,2644.526387208183,2026-08-20T08:43:01.185223122+07:00,2026-08-20T08:43:32.855805165+07:00,2026-08-20T08:44:04.526387208+07:00
walking-3,116,35113721:16:r,411919270,14072280071,tertiary,reverse,walking,"[[10.7773632, 106.6867116], [10.7774578, 106.6868055]]",10.7774105,106.68675855000001,10.578304605976967,2644.526387208183,2655.10469181416,2026-08-20T08:44:04.526387208+07:00,2026-08-20T08:44:09.815539511+07:00,2026-08-20T08:44:15.104691814+07:00
walking-3,117,35113721:15:r,14072280071,5778300422,tertiary,reverse,walking,"[[10.7774578, 106.6868055], [10.7778991, 106.6872434]]",10.77767845,106.68702445,49.33937512036412,2655.10469181416,2704.444066934524,2026-08-20T08:44:15.104691814+07:00,2026-08-20T08:44:39.774379374+07:00,2026-08-20T08:45:04.444066935+07:00
walking-3,118,327048054:15:f,5778300422,5778300433,tertiary,forward,walking,"[[10.7778991, 106.6872434], [10.777541, 106.6876317]]",10.77772005,106.68743755,41.88776774844325,2704.444066934524,2746.3318346829674,2026-08-20T08:45:04.444066935+07:00,2026-08-20T08:45:25.387950809+07:00,2026-08-20T08:45:46.331834683+07:00
walking-3,119,327048054:16:f,5778300433,411926144,tertiary,forward,walking,"[[10.777541, 106.6876317], [10.7774802, 106.6876976]]",10.7775106,106.68766465,7.110339226267737,2746.3318346829674,2753.442173909235,2026-08-20T08:45:46.331834683+07:00,2026-08-20T08:45:49.887004296+07:00,2026-08-20T08:45:53.442173909+07:00
walking-3,120,327048054:17:f,411926144,411926143,tertiary,forward,walking,"[[10.7774802, 106.6876976], [10.7771139, 106.6880944]]",10.77729705,106.687896,42.82452663182037,2753.442173909235,2796.2667005410553,2026-08-20T08:45:53.442173909+07:00,2026-08-20T08:46:14.854437225+07:00,2026-08-20T08:46:36.266700541+07:00
walking-4,1,242307850:0:f,2498079018,2498079021,service,forward,walking,"[[10.7802867, 106.6595074], [10.7813987, 106.6605783]]",10.780842700000001,106.66004285,122.55383185446013,0.0,122.55383185446013,2026-08-20T08:00:00+07:00,2026-08-20T08:01:01.276915927+07:00,2026-08-20T08:02:02.553831854+07:00
walking-4,2,242307850:1:f,2498079021,366433075,service,forward,walking,"[[10.7813987, 106.6605783], [10.7807714, 106.6607314]]",10.781085050000002,106.66065485,51.64518500951226,122.55383185446013,174.1990168639724,2026-08-20T08:02:02.553831854+07:00,2026-08-20T08:02:28.376424359+07:00,2026-08-20T08:02:54.199016864+07:00
walking-4,3,1277704606:0:r,366433075,1349033429,residential,reverse,walking,"[[10.7807714, 106.6607314], [10.7810596, 106.6614957]]",10.7809155,106.66111355000001,64.38646018927858,174.1990168639724,238.58547705325097,2026-08-20T08:02:54.199016864+07:00,2026-08-20T08:03:26.392246959+07:00,2026-08-20T08:03:58.585477053+07:00
walking-4,4,520723335:2:r,1349033429,4415686093,tertiary,reverse,walking,"[[10.7810596, 106.6614957], [10.7813997, 106.6623673]]",10.78122965,106.66193150000001,73.75876521296139,238.58547705325097,312.34424226621235,2026-08-20T08:03:58.585477053+07:00,2026-08-20T08:04:35.464859660+07:00,2026-08-20T08:05:12.344242266+07:00
walking-4,5,520723335:1:r,4415686093,4415547496,tertiary,reverse,walking,"[[10.7813997, 106.6623673], [10.7817477, 106.6632592]]",10.7815737,106.66281325,75.47594564187467,312.34424226621235,387.820187908087,2026-08-20T08:05:12.344242266+07:00,2026-08-20T08:05:50.082215087+07:00,2026-08-20T08:06:27.820187908+07:00
walking-4,6,520723335:0:r,4415547496,366413355,tertiary,reverse,walking,"[[10.7817477, 106.6632592], [10.7822562, 106.6645756]]",10.782001950000002,106.6639174,111.24762763960305,387.820187908087,499.0678155476901,2026-08-20T08:06:27.820187908+07:00,2026-08-20T08:07:23.444001728+07:00,2026-08-20T08:08:19.067815548+07:00
walking-4,7,32579174:7:f,366413355,366382549,residential,forward,walking,"[[10.7822562, 106.6645756], [10.7818835, 106.665204]]",10.78206985,106.6648898,57.73087078415001,499.0678155476901,556.7986863318401,2026-08-20T08:08:19.067815548+07:00,2026-08-20T08:08:47.933250940+07:00,2026-08-20T08:09:16.798686332+07:00
walking-4,8,32579174:8:f,366382549,366457844,residential,forward,walking,"[[10.7818835, 106.665204], [10.7815821, 106.6657795]]",10.7817328,106.66549175,51.29195726692396,556.7986863318401,608.0906435987641,2026-08-20T08:09:16.798686332+07:00,2026-08-20T08:09:42.444664965+07:00,2026-08-20T08:10:08.090643599+07:00
walking-4,9,32579174:9:f,366457844,2930534054,residential,forward,walking,"[[10.7815821, 106.6657795], [10.7814678, 106.6659784]]",10.78152495,106.66587895,18.122923604608644,608.0906435987641,626.2135672033728,2026-08-20T08:10:08.090643599+07:00,2026-08-20T08:10:17.152105401+07:00,2026-08-20T08:10:26.213567203+07:00
walking-4,10,289494377:7:r,2930534054,5772254959,residential,reverse,walking,"[[10.7814678, 106.6659784], [10.7816144, 106.6661531]]",10.7815411,106.66606575,18.07020624647736,626.2135672033728,644.2837734498502,2026-08-20T08:10:26.213567203+07:00,2026-08-20T08:10:35.248670327+07:00,2026-08-20T08:10:44.283773450+07:00
walking-4,11,289494377:6:r,5772254959,5772452208,residential,reverse,walking,"[[10.7816144, 106.6661531], [10.7816538, 106.6662]]",10.781634100000002,106.66617655,4.853405452161755,644.2837734498502,649.1371789020119,2026-08-20T08:10:44.283773450+07:00,2026-08-20T08:10:46.710476176+07:00,2026-08-20T08:10:49.137178902+07:00
walking-4,12,289494377:5:r,5772452208,2930534057,residential,reverse,walking,"[[10.7816538, 106.6662], [10.7817639, 106.6663312]]",10.781708850000001,106.6662656,13.570915259319548,649.1371789020119,662.7080941613315,2026-08-20T08:10:49.137178902+07:00,2026-08-20T08:10:55.922636532+07:00,2026-08-20T08:11:02.708094161+07:00
walking-4,13,289494377:4:r,2930534057,13174777970,residential,reverse,walking,"[[10.7817639, 106.6663312], [10.7817693, 106.6663406]]",10.781766600000001,106.6663359,0.8564144222165885,662.7080941613315,663.5645085835481,2026-08-20T08:11:02.708094161+07:00,2026-08-20T08:11:03.136301372+07:00,2026-08-20T08:11:03.564508584+07:00
walking-4,14,289494377:3:r,13174777970,13174777972,residential,reverse,walking,"[[10.7817693, 106.6663406], [10.7817702, 106.6663515]]",10.78176975,106.66634605,0.8602766362044205,663.5645085835481,664.4247852197525,2026-08-20T08:11:03.564508584+07:00,2026-08-20T08:11:03.994646902+07:00,2026-08-20T08:11:04.424785220+07:00
walking-4,15,289494377:2:r,13174777972,13174777971,residential,reverse,walking,"[[10.7817702, 106.6663515], [10.7817664, 106.6663618]]",10.7817683,106.66635665000001,0.8653102680407531,664.4247852197525,665.2900954877932,2026-08-20T08:11:04.424785220+07:00,2026-08-20T08:11:04.857440354+07:00,2026-08-20T08:11:05.290095488+07:00
walking-4,16,289494377:1:r,13174777971,5772254960,residential,reverse,walking,"[[10.7817664, 106.6663618], [10.7817586, 106.6663696]]",10.7817625,106.6663657,0.8753758019212898,665.2900954877932,666.1654712897146,2026-08-20T08:11:05.290095488+07:00,2026-08-20T08:11:05.727783389+07:00,2026-08-20T08:11:06.165471290+07:00
walking-4,17,289494377:0:r,5772254960,2930534062,residential,reverse,walking,"[[10.7817586, 106.6663696], [10.7815428, 106.6665411]]",10.7816507,106.66645535,21.91853549655546,666.1654712897146,688.08400678627,2026-08-20T08:11:06.165471290+07:00,2026-08-20T08:11:17.124739038+07:00,2026-08-20T08:11:28.084006786+07:00
walking-4,18,694637565:0:f,2930534062,4120155315,residential,forward,walking,"[[10.7815428, 106.6665411], [10.781474, 106.6665947]]",10.7815084,106.6665679,6.936150109063491,688.08400678627,695.0201568953336,2026-08-20T08:11:28.084006786+07:00,2026-08-20T08:11:31.552081841+07:00,2026-08-20T08:11:35.020156895+07:00
walking-4,19,410150107:0:f,4120155315,5074798763,residential,forward,walking,"[[10.781474, 106.6665947], [10.781708, 106.6668532]]",10.781590999999999,106.66672395,27.645781520675644,695.0201568953336,722.6659384160092,2026-08-20T08:11:35.020156895+07:00,2026-08-20T08:11:48.843047656+07:00,2026-08-20T08:12:02.665938416+07:00
walking-4,20,520723263:0:f,5074798763,4120155316,residential,forward,walking,"[[10.781708, 106.6668532], [10.7817826, 106.6669348]]",10.7817453,106.66689400000001,8.766787040109001,722.6659384160092,731.4327254561182,2026-08-20T08:12:02.665938416+07:00,2026-08-20T08:12:07.049331936+07:00,2026-08-20T08:12:11.432725456+07:00
walking-4,21,520723263:1:f,4120155316,4120155317,residential,forward,walking,"[[10.7817826, 106.6669348], [10.7818855, 106.6670827]]",10.78183405,106.66700875000001,14.253757154967932,731.4327254561182,745.6864826110861,2026-08-20T08:12:11.432725456+07:00,2026-08-20T08:12:18.559604034+07:00,2026-08-20T08:12:25.686482611+07:00
walking-4,22,520723263:2:f,4120155317,4120155318,residential,forward,walking,"[[10.7818855, 106.6670827], [10.7818644, 106.6671751]]",10.781874949999999,106.6671289,7.460753130743864,745.6864826110861,753.1472357418301,2026-08-20T08:12:25.686482611+07:00,2026-08-20T08:12:29.416859176+07:00,2026-08-20T08:12:33.147235742+07:00
walking-4,23,520723263:3:f,4120155318,5074798794,residential,forward,walking,"[[10.7818644, 106.6671751], [10.7817621, 106.6672668]]",10.781813249999999,106.66722095,10.912892630563881,753.1472357418301,764.0601283723939,2026-08-20T08:12:33.147235742+07:00,2026-08-20T08:12:38.603682057+07:00,2026-08-20T08:12:44.060128372+07:00
walking-4,24,520723263:4:f,5074798794,4120155319,residential,forward,walking,"[[10.7817621, 106.6672668], [10.7814073, 106.6675849]]",10.7815847,106.66742585,37.85172910894005,764.0601283723939,801.911857481334,2026-08-20T08:12:44.060128372+07:00,2026-08-20T08:13:02.985992927+07:00,2026-08-20T08:13:21.911857481+07:00
walking-4,25,520723263:5:f,4120155319,5074798792,residential,forward,walking,"[[10.7814073, 106.6675849], [10.7813718, 106.6676167]]",10.78138955,106.6676008,3.7858561431603572,801.911857481334,805.6977136244943,2026-08-20T08:13:21.911857481+07:00,2026-08-20T08:13:23.804785553+07:00,2026-08-20T08:13:25.697713624+07:00
walking-4,26,520723263:6:f,5074798792,4120155276,residential,forward,walking,"[[10.7813718, 106.6676167], [10.7810966, 106.6678628]]",10.7812342,106.66773975,29.326725459023578,805.6977136244943,835.0244390835179,2026-08-20T08:13:25.697713624+07:00,2026-08-20T08:13:40.361076354+07:00,2026-08-20T08:13:55.024439084+07:00
walking-4,27,410150095:5:f,4120155276,5074798790,residential,forward,walking,"[[10.7810966, 106.6678628], [10.7810635, 106.6679227]]",10.78108005,106.66789275,5.405162770737246,835.0244390835179,840.4296018542551,2026-08-20T08:13:55.024439084+07:00,2026-08-20T08:13:57.727020469+07:00,2026-08-20T08:14:00.429601854+07:00
walking-4,28,410150095:6:f,5074798790,5074798789,residential,forward,walking,"[[10.7810635, 106.6679227], [10.780941, 106.668144]]",10.78100225,106.66803335,19.977668831805644,840.4296018542551,860.4072706860608,2026-08-20T08:14:00.429601854+07:00,2026-08-20T08:14:10.418436270+07:00,2026-08-20T08:14:20.407270686+07:00
walking-4,29,410150095:7:f,5074798789,4120155272,residential,forward,walking,"[[10.780941, 106.668144], [10.7808012, 106.6683849]]",10.7808711,106.66826445000001,22.005173165028964,860.4072706860608,882.4124438510897,2026-08-20T08:14:20.407270686+07:00,2026-08-20T08:14:31.409857269+07:00,2026-08-20T08:14:42.412443851+07:00
walking-4,30,410150095:0:r,4120155272,4120155271,residential,reverse,walking,"[[10.7808012, 106.6683849], [10.7809462, 106.6685844]]",10.7808737,106.66848465000001,19.517793840779778,882.4124438510897,901.9302376918695,2026-08-20T08:14:42.412443851+07:00,2026-08-20T08:14:52.171340771+07:00,2026-08-20T08:15:01.930237692+07:00
walking-4,31,410149784:1:r,4120155271,4120151675,residential,reverse,walking,"[[10.7809462, 106.6685844], [10.7809123, 106.6686089]]",10.78092925,106.66859665,3.3284914141052027,901.9302376918695,905.2587291059747,2026-08-20T08:15:01.930237692+07:00,2026-08-20T08:15:03.594483399+07:00,2026-08-20T08:15:05.258729106+07:00
walking-4,32,410149784:0:r,4120151675,4120151674,residential,reverse,walking,"[[10.7809123, 106.6686089], [10.780507, 106.6689134]]",10.78070965,106.66876115,40.328881267721414,905.2587291059747,945.5876103736961,2026-08-20T08:15:05.258729106+07:00,2026-08-20T08:15:25.423169740+07:00,2026-08-20T08:15:45.587610374+07:00
walking-4,33,716044137:15:r,4120151674,366403850,secondary,reverse,walking,"[[10.780507, 106.6689134], [10.7805677, 106.6689967]]",10.78053735,106.66895505,8.156982173967327,945.5876103736961,953.7445925476634,2026-08-20T08:15:45.587610374+07:00,2026-08-20T08:15:49.666101461+07:00,2026-08-20T08:15:53.744592548+07:00
walking-4,34,716044137:14:r,366403850,13441558876,secondary,reverse,walking,"[[10.7805677, 106.6689967], [10.7808711, 106.6694055]]",10.7807194,106.6692011,40.29530387682751,953.7445925476634,994.0398964244908,2026-08-20T08:15:53.744592548+07:00,2026-08-20T08:16:13.892244486+07:00,2026-08-20T08:16:34.039896424+07:00
walking-4,35,716044137:13:r,13441558876,366464770,secondary,reverse,walking,"[[10.7808711, 106.6694055], [10.7808899, 106.6694309]]",10.7808805,106.6694182,2.5012025933203543,994.0398964244908,996.5410990178112,2026-08-20T08:16:34.039896424+07:00,2026-08-20T08:16:35.290497721+07:00,2026-08-20T08:16:36.541099018+07:00
walking-4,36,716044137:12:r,366464770,13441558874,secondary,reverse,walking,"[[10.7808899, 106.6694309], [10.7809051, 106.6694517]]",10.7808975,106.66944129999999,2.03885914762541,996.5410990178112,998.5799581654367,2026-08-20T08:16:36.541099018+07:00,2026-08-20T08:16:37.560528592+07:00,2026-08-20T08:16:38.579958165+07:00
walking-4,37,716044137:11:r,13441558874,366434727,secondary,reverse,walking,"[[10.7809051, 106.6694517], [10.7811107, 106.669732]]",10.781007899999999,106.66959184999999,27.51219888450912,998.5799581654367,1026.0921570499459,2026-08-20T08:16:38.579958165+07:00,2026-08-20T08:16:52.336057608+07:00,2026-08-20T08:17:06.092157050+07:00
walking-4,38,716044137:10:r,366434727,3718387279,secondary,reverse,walking,"[[10.7811107, 106.669732], [10.7811663, 106.6698044]]",10.7811385,106.6697682,7.2275162089596074,1026.0921570499459,1033.3196732589054,2026-08-20T08:17:06.092157050+07:00,2026-08-20T08:17:09.705915154+07:00,2026-08-20T08:17:13.319673259+07:00
walking-4,39,716044137:9:r,3718387279,3718387319,secondary,reverse,walking,"[[10.7811663, 106.6698044], [10.7816116, 106.6703849]]",10.78138895,106.67009465000001,57.92531156076102,1033.3196732589054,1091.2449848196663,2026-08-20T08:17:13.319673259+07:00,2026-08-20T08:17:42.282329039+07:00,2026-08-20T08:18:11.244984820+07:00
walking-4,40,716044137:8:r,3718387319,5063701425,secondary,reverse,walking,"[[10.7816116, 106.6703849], [10.7818565, 106.6707042]]",10.78173405,106.67054455,31.859709290272065,1091.2449848196663,1123.1046941099385,2026-08-20T08:18:11.244984820+07:00,2026-08-20T08:18:27.174839465+07:00,2026-08-20T08:18:43.104694110+07:00
walking-4,41,716044137:7:r,5063701425,5063701430,secondary,reverse,walking,"[[10.7818565, 106.6707042], [10.7821688, 106.6711112]]",10.78201265,106.6709077,40.61702961073166,1123.1046941099385,1163.72172372067,2026-08-20T08:18:43.104694110+07:00,2026-08-20T08:19:03.413208915+07:00,2026-08-20T08:19:23.721723721+07:00
walking-4,42,716044137:6:r,5063701430,3718387308,secondary,reverse,walking,"[[10.7821688, 106.6711112], [10.7822208, 106.671179]]",10.7821948,106.67114509999999,6.764972400637592,1163.72172372067,1170.4866961213077,2026-08-20T08:19:23.721723721+07:00,2026-08-20T08:19:27.104209921+07:00,2026-08-20T08:19:30.486696121+07:00
walking-4,43,716044137:5:r,3718387308,5063701421,secondary,reverse,walking,"[[10.7822208, 106.671179], [10.782292, 106.6712731]]",10.7822564,106.67122605,9.341498243507912,1170.4866961213077,1179.8281943648155,2026-08-20T08:19:30.486696121+07:00,2026-08-20T08:19:35.157445243+07:00,2026-08-20T08:19:39.828194365+07:00
walking-4,44,716044137:4:r,5063701421,13540705422,secondary,reverse,walking,"[[10.782292, 106.6712731], [10.7823458, 106.6713442]]",10.7823189,106.67130864999999,7.058375565838252,1179.8281943648155,1186.8865699306539,2026-08-20T08:19:39.828194365+07:00,2026-08-20T08:19:43.357382148+07:00,2026-08-20T08:19:46.886569931+07:00
walking-4,45,716044137:3:r,13540705422,13540705424,secondary,reverse,walking,"[[10.7823458, 106.6713442], [10.7824965, 106.6715399]]",10.782421150000001,106.67144205,19.556489624045543,1186.8865699306539,1206.4430595546994,2026-08-20T08:19:46.886569931+07:00,2026-08-20T08:19:56.664814743+07:00,2026-08-20T08:20:06.443059555+07:00
walking-4,46,716044137:2:r,13540705424,5074798961,secondary,reverse,walking,"[[10.7824965, 106.6715399], [10.7825682, 106.6716378]]",10.78253235,106.67158885,9.603868227829262,1206.4430595546994,1216.0469277825287,2026-08-20T08:20:06.443059555+07:00,2026-08-20T08:20:11.244993669+07:00,2026-08-20T08:20:16.046927783+07:00
walking-4,47,716044137:1:r,5074798961,5063701411,secondary,reverse,walking,"[[10.7825682, 106.6716378], [10.7825973, 106.6716762]]",10.78258275,106.671657,3.814240604446116,1216.0469277825287,1219.8611683869747,2026-08-20T08:20:16.046927783+07:00,2026-08-20T08:20:17.954048085+07:00,2026-08-20T08:20:19.861168387+07:00
walking-4,48,716044137:0:r,5063701411,4875861250,secondary,reverse,walking,"[[10.7825973, 106.6716762], [10.7829178, 106.6720996]]",10.78275755,106.6718879,42.038469107322456,1219.8611683869747,1261.8996374942972,2026-08-20T08:20:19.861168387+07:00,2026-08-20T08:20:40.880402941+07:00,2026-08-20T08:21:01.899637494+07:00
walking-4,49,495852561:4:r,4875861250,11395678546,primary,reverse,walking,"[[10.7829178, 106.6720996], [10.7827408, 106.6724336]]",10.7828293,106.6722666,29.846595624398258,1261.8996374942972,1291.7462331186955,2026-08-20T08:21:01.899637494+07:00,2026-08-20T08:21:16.822935306+07:00,2026-08-20T08:21:31.746233119+07:00
walking-4,50,495852561:3:r,11395678546,5063701408,primary,reverse,walking,"[[10.7827408, 106.6724336], [10.7827246, 106.6724641]]",10.7827327,106.67244885,2.7269142096456354,1291.7462331186955,1294.4731473283412,2026-08-20T08:21:31.746233119+07:00,2026-08-20T08:21:33.109690224+07:00,2026-08-20T08:21:34.473147328+07:00
walking-4,51,495852561:2:r,5063701408,411918284,primary,reverse,walking,"[[10.7827246, 106.6724641], [10.7825681, 106.6727592]]",10.78264635,106.67261165,26.37482266197882,1294.4731473283412,1320.84796999032,2026-08-20T08:21:34.473147328+07:00,2026-08-20T08:21:47.660558659+07:00,2026-08-20T08:22:00.847969990+07:00
walking-4,52,495852561:1:r,411918284,5063701402,primary,reverse,walking,"[[10.7825681, 106.6727592], [10.782487, 106.6729096]]",10.782527550000001,106.6728344,13.493375829992404,1320.84796999032,1334.3413458203124,2026-08-20T08:22:00.847969990+07:00,2026-08-20T08:22:07.594657905+07:00,2026-08-20T08:22:14.341345820+07:00
walking-4,53,495852561:0:r,5063701402,11771724356,primary,reverse,walking,"[[10.782487, 106.6729096], [10.7824523, 106.672974]]",10.78246965,106.67294179999999,5.776735503007723,1334.3413458203124,1340.1180813233202,2026-08-20T08:22:14.341345820+07:00,2026-08-20T08:22:17.229713572+07:00,2026-08-20T08:22:20.118081323+07:00
walking-4,54,500897933:9:r,11771724356,366470932,primary,reverse,walking,"[[10.7824523, 106.672974], [10.7822806, 106.6732878]]",10.78236645,106.67313089999999,28.249546361288505,1340.1180813233202,1368.3676276846088,2026-08-20T08:22:20.118081323+07:00,2026-08-20T08:22:34.242854504+07:00,2026-08-20T08:22:48.367627685+07:00
walking-4,55,500897933:8:r,366470932,5063701380,primary,reverse,walking,"[[10.7822806, 106.6732878], [10.7821696, 106.6734948]]",10.7822251,106.67339129999999,18.54750207466979,1368.3676276846088,1386.9151297592787,2026-08-20T08:22:48.367627685+07:00,2026-08-20T08:22:57.641378722+07:00,2026-08-20T08:23:06.915129759+07:00
walking-4,56,500897933:7:r,5063701380,411926299,primary,reverse,walking,"[[10.7821696, 106.6734948], [10.7819667, 106.6738904]]",10.78206815,106.67369260000001,35.09816307799212,1386.9151297592787,1422.0132928372707,2026-08-20T08:23:06.915129759+07:00,2026-08-20T08:23:24.464211298+07:00,2026-08-20T08:23:42.013292837+07:00
walking-4,57,500897933:6:r,411926299,366434259,primary,reverse,walking,"[[10.7819667, 106.6738904], [10.7817734, 106.6742377]]",10.78187005,106.67406405,31.39361698611284,1422.0132928372707,1453.4069098233836,2026-08-20T08:23:42.013292837+07:00,2026-08-20T08:23:57.710101330+07:00,2026-08-20T08:24:13.406909823+07:00
walking-4,58,500897933:5:r,366434259,9488493337,primary,reverse,walking,"[[10.7817734, 106.6742377], [10.7817019, 106.6743707]]",10.78173765,106.6743042,11.923964944699646,1453.4069098233836,1465.3308747680833,2026-08-20T08:24:13.406909823+07:00,2026-08-20T08:24:19.368892296+07:00,2026-08-20T08:24:25.330874768+07:00
walking-4,59,500897933:4:r,9488493337,5063701284,primary,reverse,walking,"[[10.7817019, 106.6743707], [10.7815756, 106.6746059]]",10.781638749999999,106.67448830000001,21.08113659032649,1465.3308747680833,1486.4120113584097,2026-08-20T08:24:25.330874768+07:00,2026-08-20T08:24:35.871443063+07:00,2026-08-20T08:24:46.412011358+07:00
walking-4,60,500897933:3:r,5063701284,411918265,primary,reverse,walking,"[[10.7815756, 106.6746059], [10.7814583, 106.6748564]]",10.78151695,106.67473115,21.82491459470385,1486.4120113584097,1508.2369259531135,2026-08-20T08:24:46.412011358+07:00,2026-08-20T08:24:57.324468656+07:00,2026-08-20T08:25:08.236925953+07:00
walking-4,61,500897933:2:r,411918265,8366363067,primary,reverse,walking,"[[10.7814583, 106.6748564], [10.7812809, 106.6751601]]",10.781369600000001,106.67500824999999,27.788821632502835,1508.2369259531135,1536.0257475856163,2026-08-20T08:25:08.236925953+07:00,2026-08-20T08:25:22.131336768+07:00,2026-08-20T08:25:36.025747586+07:00
walking-4,62,500897933:1:r,8366363067,366368374,primary,reverse,walking,"[[10.7812809, 106.6751601], [10.7812241, 106.675257]]",10.7812525,106.67520855000001,8.87454713276529,1536.0257475856163,1544.9002947183815,2026-08-20T08:25:36.025747586+07:00,2026-08-20T08:25:40.463021152+07:00,2026-08-20T08:25:44.900294718+07:00
walking-4,63,500897933:0:r,366368374,4918435013,primary,reverse,walking,"[[10.7812241, 106.675257], [10.7810495, 106.6755908]]",10.781136799999999,106.6754239,29.742094242832376,1544.9002947183815,1574.6423889612138,2026-08-20T08:25:44.900294718+07:00,2026-08-20T08:25:59.771341840+07:00,2026-08-20T08:26:14.642388961+07:00
walking-4,64,1255192198:0:r,4918435013,5778141550,primary,reverse,walking,"[[10.7810495, 106.6755908], [10.7809641, 106.6757488]]",10.7810068,106.6756698,14.183060662456333,1574.6423889612138,1588.82544962367,2026-08-20T08:26:14.642388961+07:00,2026-08-20T08:26:21.733919292+07:00,2026-08-20T08:26:28.825449624+07:00
walking-4,65,496279185:1:r,5778141550,5063700700,primary,reverse,walking,"[[10.7809641, 106.6757488], [10.7808806, 106.6759049]]",10.78092235,106.67582684999999,13.978947673972476,1588.82544962367,1602.8043972976425,2026-08-20T08:26:28.825449624+07:00,2026-08-20T08:26:35.814923461+07:00,2026-08-20T08:26:42.804397298+07:00
walking-4,66,496279185:0:r,5063700700,4879876935,primary,reverse,walking,"[[10.7808806, 106.6759049], [10.7808527, 106.6759568]]",10.78086665,106.67593085,4.653002962790118,1602.8043972976425,1607.4574002604327,2026-08-20T08:26:42.804397298+07:00,2026-08-20T08:26:45.130898779+07:00,2026-08-20T08:26:47.457400260+07:00
walking-4,67,1097215585:2:r,4879876935,411924698,primary,reverse,walking,"[[10.7808527, 106.6759568], [10.7807328, 106.6761789]]",10.78079275,106.67606785,19.931435684471452,1607.4574002604327,1627.388835944904,2026-08-20T08:26:47.457400260+07:00,2026-08-20T08:26:57.423118103+07:00,2026-08-20T08:27:07.388835945+07:00
walking-4,68,1097215585:1:r,411924698,5063700697,primary,reverse,walking,"[[10.7807328, 106.6761789], [10.780635, 106.676358]]",10.7806839,106.67626845,16.11570568053628,1627.388835944904,1643.5045416254402,2026-08-20T08:27:07.388835945+07:00,2026-08-20T08:27:15.446688785+07:00,2026-08-20T08:27:23.504541625+07:00
walking-4,69,1097215585:0:r,5063700697,10046834524,primary,reverse,walking,"[[10.780635, 106.676358], [10.7804881, 106.6766554]]",10.78056155,106.6765067,26.180122940572904,1643.5045416254402,1669.684664566013,2026-08-20T08:27:23.504541625+07:00,2026-08-20T08:27:36.594603096+07:00,2026-08-20T08:27:49.684664566+07:00
walking-4,70,1097215588:0:f,10046834524,10046834525,primary,forward,walking,"[[10.7804881, 106.6766554], [10.7804577, 106.6766664]]",10.7804729,106.6766609,2.5830221581616497,1669.684664566013,1672.2676867241746,2026-08-20T08:27:49.684664566+07:00,2026-08-20T08:27:50.976175645+07:00,2026-08-20T08:27:52.267686724+07:00
walking-4,71,1097215588:1:f,10046834525,10046834526,primary,forward,walking,"[[10.7804577, 106.6766664], [10.780323, 106.6769203]]",10.78039035,106.67679335,22.694552599827468,1672.2676867241746,1694.962239324002,2026-08-20T08:27:52.267686724+07:00,2026-08-20T08:28:03.614963024+07:00,2026-08-20T08:28:14.962239324+07:00
walking-4,72,1097215588:2:f,10046834526,10046834527,primary,forward,walking,"[[10.780323, 106.6769203], [10.78033, 106.6769507]]",10.7803265,106.67693550000001,2.455687770400574,1694.962239324002,1697.4179270944026,2026-08-20T08:28:14.962239324+07:00,2026-08-20T08:28:16.190083209+07:00,2026-08-20T08:28:17.417927094+07:00
walking-4,73,1097215589:1:r,10046834527,5778164496,primary,reverse,walking,"[[10.78033, 106.6769507], [10.7802644, 106.6770737]]",10.7802972,106.67701220000001,11.00738645737114,1697.4179270944026,1708.4253135517738,2026-08-20T08:28:17.417927094+07:00,2026-08-20T08:28:22.921620323+07:00,2026-08-20T08:28:28.425313552+07:00
walking-4,74,1097215589:0:r,5778164496,10046800715,primary,reverse,walking,"[[10.7802644, 106.6770737], [10.7802412, 106.6771159]]",10.7802528,106.67709479999999,3.8033161189241897,1708.4253135517738,1712.228629670698,2026-08-20T08:28:28.425313552+07:00,2026-08-20T08:28:30.326971611+07:00,2026-08-20T08:28:32.228629671+07:00
walking-4,75,1193672266:3:r,10046800715,10046800716,primary,reverse,walking,"[[10.7802412, 106.6771159], [10.7802475, 106.677146]]",10.78024435,106.67713094999999,2.420426782615294,1712.228629670698,1714.6490564533133,2026-08-20T08:28:32.228629671+07:00,2026-08-20T08:28:33.438843062+07:00,2026-08-20T08:28:34.649056453+07:00
walking-4,76,1193672266:2:r,10046800716,8366389872,primary,reverse,walking,"[[10.7802475, 106.677146], [10.7802025, 106.6772351]]",10.780225,106.67719055,7.879377722565324,1714.6490564533133,1722.5284341758786,2026-08-20T08:28:34.649056453+07:00,2026-08-20T08:28:38.588745315+07:00,2026-08-20T08:28:42.528434176+07:00
walking-4,77,1193672266:1:r,8366389872,10046834517,primary,reverse,walking,"[[10.7802025, 106.6772351], [10.7800209, 106.6775952]]",10.780111699999999,106.67741515,31.8348924617854,1722.5284341758786,1754.363326637664,2026-08-20T08:28:42.528434176+07:00,2026-08-20T08:28:58.445880407+07:00,2026-08-20T08:29:14.363326638+07:00
walking-4,78,1193672266:0:r,10046834517,10046834518,primary,reverse,walking,"[[10.7800209, 106.6775952], [10.779754, 106.6781027]]",10.77988745,106.67784895,45.27359496958059,1754.363326637664,1799.6369216072446,2026-08-20T08:29:14.363326638+07:00,2026-08-20T08:29:37.000124122+07:00,2026-08-20T08:29:59.636921607+07:00
walking-4,79,1097215586:1:r,10046834518,11242742187,primary,reverse,walking,"[[10.779754, 106.6781027], [10.7796653, 106.678265]]",10.779709650000001,106.67818385,14.606925082949179,1799.6369216072446,1814.2438466901938,2026-08-20T08:29:59.636921607+07:00,2026-08-20T08:30:06.940384149+07:00,2026-08-20T08:30:14.243846690+07:00
walking-4,80,1097215586:0:r,11242742187,10046834521,primary,reverse,walking,"[[10.7796653, 106.678265], [10.7795613, 106.6784453]]",10.7796133,106.67835515,16.443983040142005,1814.2438466901938,1830.6878297303358,2026-08-20T08:30:14.243846690+07:00,2026-08-20T08:30:22.465838210+07:00,2026-08-20T08:30:30.687829730+07:00
walking-4,81,1486139603:0:r,10046834521,13623759833,primary,reverse,walking,"[[10.7795613, 106.6784453], [10.7795134, 106.6784869]]",10.77953735,106.67846610000001,5.040906964332247,1830.6878297303358,1835.728736694668,2026-08-20T08:30:30.687829730+07:00,2026-08-20T08:30:33.208283213+07:00,2026-08-20T08:30:35.728736695+07:00
walking-4,82,1486139601:0:r,13623759833,2690659614,primary,reverse,walking,"[[10.7795134, 106.6784869], [10.7794286, 106.678638]]",10.779471000000001,106.67856245,13.68626788230784,1835.728736694668,1849.415004576976,2026-08-20T08:30:35.728736695+07:00,2026-08-20T08:30:42.571870636+07:00,2026-08-20T08:30:49.415004577+07:00
walking-4,83,1158093921:0:f,2690659614,13475788560,tertiary,forward,walking,"[[10.7794286, 106.678638], [10.7800321, 106.6791969]]",10.77973035,106.67891745,65.31943670573489,1849.415004576976,1914.7344412827108,2026-08-20T08:30:49.415004577+07:00,2026-08-20T08:31:22.074722930+07:00,2026-08-20T08:31:54.734441283+07:00
walking-4,84,1158093921:1:f,13475788560,13202259511,tertiary,forward,walking,"[[10.7800321, 106.6791969], [10.7800789, 106.6792402]]",10.7800555,106.67921855,5.063176379038127,1914.7344412827108,1919.797617661749,2026-08-20T08:31:54.734441283+07:00,2026-08-20T08:31:57.266029472+07:00,2026-08-20T08:31:59.797617662+07:00
walking-4,85,1158093921:2:f,13202259511,13441558879,tertiary,forward,walking,"[[10.7800789, 106.6792402], [10.7803411, 106.679483]]",10.78021,106.6793616,28.37782046798715,1919.797617661749,1948.1754381297362,2026-08-20T08:31:59.797617662+07:00,2026-08-20T08:32:13.986527896+07:00,2026-08-20T08:32:28.175438130+07:00
walking-4,86,1158093921:3:f,13441558879,5778872974,tertiary,forward,walking,"[[10.7803411, 106.679483], [10.7803745, 106.6795139]]",10.7803578,106.67949845000001,3.6133488152871673,1948.1754381297362,1951.7887869450233,2026-08-20T08:32:28.175438130+07:00,2026-08-20T08:32:29.982112537+07:00,2026-08-20T08:32:31.788786945+07:00
walking-4,87,1176186457:0:f,5778872974,13441558878,tertiary,forward,walking,"[[10.7803745, 106.6795139], [10.780407, 106.6795459]]",10.78039075,106.6795299,3.6199585965494925,1951.7887869450233,1955.4087455415727,2026-08-20T08:32:31.788786945+07:00,2026-08-20T08:32:33.598766243+07:00,2026-08-20T08:32:35.408745542+07:00
walking-4,88,1176186457:1:f,13441558878,12067818219,tertiary,forward,walking,"[[10.780407, 106.6795459], [10.7804234, 106.6795621]]",10.7804152,106.679554,1.829549221001255,1955.4087455415727,1957.238294762574,2026-08-20T08:32:35.408745542+07:00,2026-08-20T08:32:36.323520152+07:00,2026-08-20T08:32:37.238294763+07:00
walking-4,89,1176186457:2:f,12067818219,5778164492,tertiary,forward,walking,"[[10.7804234, 106.6795621], [10.7805301, 106.6796675]]",10.78047675,106.6796148,11.90329133402572,1957.238294762574,1969.1415860965997,2026-08-20T08:32:37.238294763+07:00,2026-08-20T08:32:43.189940430+07:00,2026-08-20T08:32:49.141586097+07:00
walking-4,90,1176186457:3:f,5778164492,411917856,tertiary,forward,walking,"[[10.7805301, 106.6796675], [10.7807539, 106.6798779]]",10.780642,106.6797727,24.38964921600754,1969.1415860965997,1993.5312353126071,2026-08-20T08:32:49.141586097+07:00,2026-08-20T08:33:01.336410705+07:00,2026-08-20T08:33:13.531235313+07:00
walking-4,91,1177449718:0:f,411917856,11050300613,tertiary,forward,walking,"[[10.7807539, 106.6798779], [10.7805838, 106.6801291]]",10.780668850000001,106.6800035,23.995132715376197,1993.5312353126071,2017.5263680279834,2026-08-20T08:33:13.531235313+07:00,2026-08-20T08:33:25.528801670+07:00,2026-08-20T08:33:37.526368028+07:00
walking-4,92,1177449718:1:f,11050300613,9218211174,tertiary,forward,walking,"[[10.7805838, 106.6801291], [10.7804449, 106.6803593]]",10.78051435,106.6802442,21.247151807407477,2017.5263680279834,2038.7735198353907,2026-08-20T08:33:37.526368028+07:00,2026-08-20T08:33:48.149943932+07:00,2026-08-20T08:33:58.773519835+07:00
walking-4,93,1177449718:2:f,9218211174,10028966994,tertiary,forward,walking,"[[10.7804449, 106.6803593], [10.7802469, 106.6806875]]",10.7803459,106.6805234,30.291089647674255,2038.7735198353907,2069.064609483065,2026-08-20T08:33:58.773519835+07:00,2026-08-20T08:34:13.919064659+07:00,2026-08-20T08:34:29.064609482+07:00
walking-4,94,1177449718:3:f,10028966994,6702164762,tertiary,forward,walking,"[[10.7802469, 106.6806875], [10.7801795, 106.6807992]]",10.780213199999999,106.68074335,10.309831655801363,2069.064609483065,2079.374441138866,2026-08-20T08:34:29.064609482+07:00,2026-08-20T08:34:34.219525311+07:00,2026-08-20T08:34:39.374441139+07:00
walking-4,95,1177449718:4:f,6702164762,411926137,tertiary,forward,walking,"[[10.7801795, 106.6807992], [10.7801372, 106.6808694]]",10.78015835,106.6808343,6.476948206882794,2079.374441138866,2085.851389345749,2026-08-20T08:34:39.374441139+07:00,2026-08-20T08:34:42.612915242+07:00,2026-08-20T08:34:45.851389346+07:00
walking-4,96,319309752:0:f,411926137,6702164758,tertiary,forward,walking,"[[10.7801372, 106.6808694], [10.780105, 106.6809283]]",10.7801211,106.68089885,5.301358228019439,2085.851389345749,2091.1527475737685,2026-08-20T08:34:45.851389346+07:00,2026-08-20T08:34:48.502068460+07:00,2026-08-20T08:34:51.152747574+07:00
walking-4,97,319309752:1:f,6702164758,9333624312,tertiary,forward,walking,"[[10.780105, 106.6809283], [10.7800801, 106.6809739]]",10.780092549999999,106.6809511,4.103147858439347,2091.1527475737685,2095.255895432208,2026-08-20T08:34:51.152747574+07:00,2026-08-20T08:34:53.204321503+07:00,2026-08-20T08:34:55.255895431+07:00
walking-4,98,319309752:2:f,9333624312,411918501,tertiary,forward,walking,"[[10.7800801, 106.6809739], [10.7798105, 106.6814676]]",10.7799453,106.68122075,44.424328090335464,2095.255895432208,2139.6802235225437,2026-08-20T08:34:55.255895431+07:00,2026-08-20T08:35:17.468059477+07:00,2026-08-20T08:35:39.680223523+07:00
walking-4,99,319309752:3:f,411918501,6573748228,tertiary,forward,walking,"[[10.7798105, 106.6814676], [10.7794251, 106.6821552]]",10.7796178,106.6818114,62.26151857033467,2139.6802235225437,2201.9417420928785,2026-08-20T08:35:39.680223523+07:00,2026-08-20T08:36:10.810982808+07:00,2026-08-20T08:36:41.941742093+07:00
walking-4,100,1177449289:0:f,6573748228,8841272238,tertiary,forward,walking,"[[10.7794251, 106.6821552], [10.7793768, 106.6822392]]",10.77940095,106.68219719999999,7.654916287996721,2201.9417420928785,2209.5966583808754,2026-08-20T08:36:41.941742093+07:00,2026-08-20T08:36:45.769200237+07:00,2026-08-20T08:36:49.596658381+07:00
walking-4,101,1177449289:1:f,8841272238,13943884058,tertiary,forward,walking,"[[10.7793768, 106.6822392], [10.7789872, 106.6829163]]",10.779181999999999,106.68257775000001,61.71494776592845,2209.5966583808754,2271.311606146804,2026-08-20T08:36:49.596658381+07:00,2026-08-20T08:37:20.454132264+07:00,2026-08-20T08:37:51.311606147+07:00
walking-4,102,1177449289:2:f,13943884058,12923547872,tertiary,forward,walking,"[[10.7789872, 106.6829163], [10.7789461, 106.6829877]]",10.778966650000001,106.682952,6.5085065116300616,2271.311606146804,2277.820112658434,2026-08-20T08:37:51.311606147+07:00,2026-08-20T08:37:54.565859403+07:00,2026-08-20T08:37:57.820112658+07:00
walking-4,103,1177449289:3:f,12923547872,6702164754,tertiary,forward,walking,"[[10.7789461, 106.6829877], [10.7789334, 106.6830098]]",10.77893975,106.68299875,2.0136710667886644,2277.820112658434,2279.8337837252225,2026-08-20T08:37:57.820112658+07:00,2026-08-20T08:37:58.826948192+07:00,2026-08-20T08:37:59.833783725+07:00
walking-4,104,1177449289:4:f,6702164754,411926052,tertiary,forward,walking,"[[10.7789334, 106.6830098], [10.7789053, 106.6830576]]",10.778919349999999,106.6830337,4.381095543757483,2279.8337837252225,2284.21487926898,2026-08-20T08:37:59.833783725+07:00,2026-08-20T08:38:02.024331497+07:00,2026-08-20T08:38:04.214879269+07:00
walking-4,105,1180975825:0:f,411926052,6702164760,tertiary,forward,walking,"[[10.7789053, 106.6830576], [10.7788503, 106.6831545]]",10.7788778,106.68310604999999,8.801625990373804,2284.21487926898,2293.016505259354,2026-08-20T08:38:04.214879269+07:00,2026-08-20T08:38:08.615692264+07:00,2026-08-20T08:38:13.016505259+07:00
walking-4,106,1180975825:1:f,6702164760,12923547869,tertiary,forward,walking,"[[10.7788503, 106.6831545], [10.7788436, 106.6831662]]",10.77884695,106.68316035000001,1.0651114601759353,2293.016505259354,2294.08161671953,2026-08-20T08:38:13.016505259+07:00,2026-08-20T08:38:13.549060989+07:00,2026-08-20T08:38:14.081616720+07:00
walking-4,107,1180975825:2:f,12923547869,12923547871,tertiary,forward,walking,"[[10.7788436, 106.6831662], [10.7788378, 106.6831764]]",10.7788407,106.6831713,0.9269089299619121,2294.08161671953,2295.0085256494917,2026-08-20T08:38:14.081616720+07:00,2026-08-20T08:38:14.545071185+07:00,2026-08-20T08:38:15.008525649+07:00
walking-4,108,1180975825:3:f,12923547871,411926172,tertiary,forward,walking,"[[10.7788378, 106.6831764], [10.7783866, 106.6839633]]",10.7786122,106.68356985,71.65909438540541,2295.0085256494917,2366.667620034897,2026-08-20T08:38:15.008525649+07:00,2026-08-20T08:38:50.838072842+07:00,2026-08-20T08:39:26.667620035+07:00
walking-4,109,700026885:0:f,411926172,4932267125,tertiary,forward,walking,"[[10.7783866, 106.6839633], [10.7782467, 106.6842069]]",10.77831665,106.6840851,22.19244463154661,2366.667620034897,2388.8600646664436,2026-08-20T08:39:26.667620035+07:00,2026-08-20T08:39:37.763842351+07:00,2026-08-20T08:39:48.860064666+07:00
walking-4,110,700026885:1:f,4932267125,3081520486,tertiary,forward,walking,"[[10.7782467, 106.6842069], [10.7781194, 106.6844284]]",10.778183049999999,106.68431765,20.182818836647968,2388.8600646664436,2409.0428835030916,2026-08-20T08:39:48.860064666+07:00,2026-08-20T08:39:58.951474085+07:00,2026-08-20T08:40:09.042883503+07:00
walking-4,111,700026885:2:f,3081520486,3257247348,tertiary,forward,walking,"[[10.7781194, 106.6844284], [10.7778559, 106.6848872]]",10.77798765,106.6846578,41.79803818015592,2409.0428835030916,2450.8409216832474,2026-08-20T08:40:09.042883503+07:00,2026-08-20T08:40:29.941902593+07:00,2026-08-20T08:40:50.840921683+07:00
walking-4,112,700026885:3:f,3257247348,411926049,tertiary,forward,walking,"[[10.7778559, 106.6848872], [10.7774209, 106.6853982]]",10.7776384,106.6851427,53.17937560207352,2450.8409216832474,2504.020297285321,2026-08-20T08:40:50.840921683+07:00,2026-08-20T08:41:17.430609484+07:00,2026-08-20T08:41:44.020297285+07:00
walking-4,113,700026885:4:f,411926049,3257259160,tertiary,forward,walking,"[[10.7774209, 106.6853982], [10.7767966, 106.6861495]]",10.77710875,106.68577385,77.39267769478117,2504.020297285321,2581.412974980102,2026-08-20T08:41:44.020297285+07:00,2026-08-20T08:42:22.716636133+07:00,2026-08-20T08:43:01.412974980+07:00
walking-4,114,35113721:17:r,3257259160,411919270,tertiary,reverse,walking,"[[10.7767966, 106.6861495], [10.7773632, 106.6867116]]",10.7770799,106.68643055,63.34116408644434,2581.412974980102,2644.754139066546,2026-08-20T08:43:01.412974980+07:00,2026-08-20T08:43:33.083557023+07:00,2026-08-20T08:44:04.754139067+07:00
walking-4,115,35113721:16:r,411919270,14072280071,tertiary,reverse,walking,"[[10.7773632, 106.6867116], [10.7774578, 106.6868055]]",10.7774105,106.68675855000001,10.578304605976967,2644.754139066546,2655.332443672523,2026-08-20T08:44:04.754139067+07:00,2026-08-20T08:44:10.043291370+07:00,2026-08-20T08:44:15.332443673+07:00
walking-4,116,35113721:15:r,14072280071,5778300422,tertiary,reverse,walking,"[[10.7774578, 106.6868055], [10.7778991, 106.6872434]]",10.77767845,106.68702445,49.33937512036412,2655.332443672523,2704.671818792887,2026-08-20T08:44:15.332443673+07:00,2026-08-20T08:44:40.002131233+07:00,2026-08-20T08:45:04.671818793+07:00
walking-4,117,327048054:15:f,5778300422,5778300433,tertiary,forward,walking,"[[10.7778991, 106.6872434], [10.777541, 106.6876317]]",10.77772005,106.68743755,41.88776774844325,2704.671818792887,2746.55958654133,2026-08-20T08:45:04.671818793+07:00,2026-08-20T08:45:25.615702667+07:00,2026-08-20T08:45:46.559586541+07:00
walking-4,118,327048054:16:f,5778300433,411926144,tertiary,forward,walking,"[[10.777541, 106.6876317], [10.7774802, 106.6876976]]",10.7775106,106.68766465,7.110339226267737,2746.55958654133,2753.6699257675978,2026-08-20T08:45:46.559586541+07:00,2026-08-20T08:45:50.114756154+07:00,2026-08-20T08:45:53.669925768+07:00
walking-4,119,327048054:17:f,411926144,411926143,tertiary,forward,walking,"[[10.7774802, 106.6876976], [10.7771139, 106.6880944]]",10.77729705,106.687896,42.82452663182037,2753.6699257675978,2796.494452399418,2026-08-20T08:45:53.669925768+07:00,2026-08-20T08:46:15.082189084+07:00,2026-08-20T08:46:36.494452399+07:00
walking-5,1,242307850:0:f,2498079018,2498079021,service,forward,walking,"[[10.7802867, 106.6595074], [10.7813987, 106.6605783]]",10.780842700000001,106.66004285,122.55383185446013,0.0,122.55383185446013,2026-08-20T08:00:00+07:00,2026-08-20T08:01:01.276915927+07:00,2026-08-20T08:02:02.553831854+07:00
walking-5,2,242307850:1:f,2498079021,366433075,service,forward,walking,"[[10.7813987, 106.6605783], [10.7807714, 106.6607314]]",10.781085050000002,106.66065485,51.64518500951226,122.55383185446013,174.1990168639724,2026-08-20T08:02:02.553831854+07:00,2026-08-20T08:02:28.376424359+07:00,2026-08-20T08:02:54.199016864+07:00
walking-5,3,1277704606:0:r,366433075,1349033429,residential,reverse,walking,"[[10.7807714, 106.6607314], [10.7810596, 106.6614957]]",10.7809155,106.66111355000001,64.38646018927858,174.1990168639724,238.58547705325097,2026-08-20T08:02:54.199016864+07:00,2026-08-20T08:03:26.392246959+07:00,2026-08-20T08:03:58.585477053+07:00
walking-5,4,520723335:2:r,1349033429,4415686093,tertiary,reverse,walking,"[[10.7810596, 106.6614957], [10.7813997, 106.6623673]]",10.78122965,106.66193150000001,73.75876521296139,238.58547705325097,312.34424226621235,2026-08-20T08:03:58.585477053+07:00,2026-08-20T08:04:35.464859660+07:00,2026-08-20T08:05:12.344242266+07:00
walking-5,5,520723335:1:r,4415686093,4415547496,tertiary,reverse,walking,"[[10.7813997, 106.6623673], [10.7817477, 106.6632592]]",10.7815737,106.66281325,75.47594564187467,312.34424226621235,387.820187908087,2026-08-20T08:05:12.344242266+07:00,2026-08-20T08:05:50.082215087+07:00,2026-08-20T08:06:27.820187908+07:00
walking-5,6,520723335:0:r,4415547496,366413355,tertiary,reverse,walking,"[[10.7817477, 106.6632592], [10.7822562, 106.6645756]]",10.782001950000002,106.6639174,111.24762763960305,387.820187908087,499.0678155476901,2026-08-20T08:06:27.820187908+07:00,2026-08-20T08:07:23.444001728+07:00,2026-08-20T08:08:19.067815548+07:00
walking-5,7,32579174:7:f,366413355,366382549,residential,forward,walking,"[[10.7822562, 106.6645756], [10.7818835, 106.665204]]",10.78206985,106.6648898,57.73087078415001,499.0678155476901,556.7986863318401,2026-08-20T08:08:19.067815548+07:00,2026-08-20T08:08:47.933250940+07:00,2026-08-20T08:09:16.798686332+07:00
walking-5,8,32579174:8:f,366382549,366457844,residential,forward,walking,"[[10.7818835, 106.665204], [10.7815821, 106.6657795]]",10.7817328,106.66549175,51.29195726692396,556.7986863318401,608.0906435987641,2026-08-20T08:09:16.798686332+07:00,2026-08-20T08:09:42.444664965+07:00,2026-08-20T08:10:08.090643599+07:00
walking-5,9,32579174:9:f,366457844,2930534054,residential,forward,walking,"[[10.7815821, 106.6657795], [10.7814678, 106.6659784]]",10.78152495,106.66587895,18.122923604608644,608.0906435987641,626.2135672033728,2026-08-20T08:10:08.090643599+07:00,2026-08-20T08:10:17.152105401+07:00,2026-08-20T08:10:26.213567203+07:00
walking-5,10,289494377:7:r,2930534054,5772254959,residential,reverse,walking,"[[10.7814678, 106.6659784], [10.7816144, 106.6661531]]",10.7815411,106.66606575,18.07020624647736,626.2135672033728,644.2837734498502,2026-08-20T08:10:26.213567203+07:00,2026-08-20T08:10:35.248670327+07:00,2026-08-20T08:10:44.283773450+07:00
walking-5,11,289494377:6:r,5772254959,5772452208,residential,reverse,walking,"[[10.7816144, 106.6661531], [10.7816538, 106.6662]]",10.781634100000002,106.66617655,4.853405452161755,644.2837734498502,649.1371789020119,2026-08-20T08:10:44.283773450+07:00,2026-08-20T08:10:46.710476176+07:00,2026-08-20T08:10:49.137178902+07:00
walking-5,12,289494377:5:r,5772452208,2930534057,residential,reverse,walking,"[[10.7816538, 106.6662], [10.7817639, 106.6663312]]",10.781708850000001,106.6662656,13.570915259319548,649.1371789020119,662.7080941613315,2026-08-20T08:10:49.137178902+07:00,2026-08-20T08:10:55.922636532+07:00,2026-08-20T08:11:02.708094161+07:00
walking-5,13,289494377:4:r,2930534057,13174777970,residential,reverse,walking,"[[10.7817639, 106.6663312], [10.7817693, 106.6663406]]",10.781766600000001,106.6663359,0.8564144222165885,662.7080941613315,663.5645085835481,2026-08-20T08:11:02.708094161+07:00,2026-08-20T08:11:03.136301372+07:00,2026-08-20T08:11:03.564508584+07:00
walking-5,14,289494377:3:r,13174777970,13174777972,residential,reverse,walking,"[[10.7817693, 106.6663406], [10.7817702, 106.6663515]]",10.78176975,106.66634605,0.8602766362044205,663.5645085835481,664.4247852197525,2026-08-20T08:11:03.564508584+07:00,2026-08-20T08:11:03.994646902+07:00,2026-08-20T08:11:04.424785220+07:00
walking-5,15,289494377:2:r,13174777972,13174777971,residential,reverse,walking,"[[10.7817702, 106.6663515], [10.7817664, 106.6663618]]",10.7817683,106.66635665000001,0.8653102680407531,664.4247852197525,665.2900954877932,2026-08-20T08:11:04.424785220+07:00,2026-08-20T08:11:04.857440354+07:00,2026-08-20T08:11:05.290095488+07:00
walking-5,16,289494377:1:r,13174777971,5772254960,residential,reverse,walking,"[[10.7817664, 106.6663618], [10.7817586, 106.6663696]]",10.7817625,106.6663657,0.8753758019212898,665.2900954877932,666.1654712897146,2026-08-20T08:11:05.290095488+07:00,2026-08-20T08:11:05.727783389+07:00,2026-08-20T08:11:06.165471290+07:00
walking-5,17,289494377:0:r,5772254960,2930534062,residential,reverse,walking,"[[10.7817586, 106.6663696], [10.7815428, 106.6665411]]",10.7816507,106.66645535,21.91853549655546,666.1654712897146,688.08400678627,2026-08-20T08:11:06.165471290+07:00,2026-08-20T08:11:17.124739038+07:00,2026-08-20T08:11:28.084006786+07:00
walking-5,18,694637565:0:f,2930534062,4120155315,residential,forward,walking,"[[10.7815428, 106.6665411], [10.781474, 106.6665947]]",10.7815084,106.6665679,6.936150109063491,688.08400678627,695.0201568953336,2026-08-20T08:11:28.084006786+07:00,2026-08-20T08:11:31.552081841+07:00,2026-08-20T08:11:35.020156895+07:00
walking-5,19,410150107:0:f,4120155315,5074798763,residential,forward,walking,"[[10.781474, 106.6665947], [10.781708, 106.6668532]]",10.781590999999999,106.66672395,27.645781520675644,695.0201568953336,722.6659384160092,2026-08-20T08:11:35.020156895+07:00,2026-08-20T08:11:48.843047656+07:00,2026-08-20T08:12:02.665938416+07:00
walking-5,20,520723263:0:f,5074798763,4120155316,residential,forward,walking,"[[10.781708, 106.6668532], [10.7817826, 106.6669348]]",10.7817453,106.66689400000001,8.766787040109001,722.6659384160092,731.4327254561182,2026-08-20T08:12:02.665938416+07:00,2026-08-20T08:12:07.049331936+07:00,2026-08-20T08:12:11.432725456+07:00
walking-5,21,520723263:1:f,4120155316,4120155317,residential,forward,walking,"[[10.7817826, 106.6669348], [10.7818855, 106.6670827]]",10.78183405,106.66700875000001,14.253757154967932,731.4327254561182,745.6864826110861,2026-08-20T08:12:11.432725456+07:00,2026-08-20T08:12:18.559604034+07:00,2026-08-20T08:12:25.686482611+07:00
walking-5,22,520723263:2:f,4120155317,4120155318,residential,forward,walking,"[[10.7818855, 106.6670827], [10.7818644, 106.6671751]]",10.781874949999999,106.6671289,7.460753130743864,745.6864826110861,753.1472357418301,2026-08-20T08:12:25.686482611+07:00,2026-08-20T08:12:29.416859176+07:00,2026-08-20T08:12:33.147235742+07:00
walking-5,23,520723263:3:f,4120155318,5074798794,residential,forward,walking,"[[10.7818644, 106.6671751], [10.7817621, 106.6672668]]",10.781813249999999,106.66722095,10.912892630563881,753.1472357418301,764.0601283723939,2026-08-20T08:12:33.147235742+07:00,2026-08-20T08:12:38.603682057+07:00,2026-08-20T08:12:44.060128372+07:00
walking-5,24,520723263:4:f,5074798794,4120155319,residential,forward,walking,"[[10.7817621, 106.6672668], [10.7814073, 106.6675849]]",10.7815847,106.66742585,37.85172910894005,764.0601283723939,801.911857481334,2026-08-20T08:12:44.060128372+07:00,2026-08-20T08:13:02.985992927+07:00,2026-08-20T08:13:21.911857481+07:00
walking-5,25,520723263:5:f,4120155319,5074798792,residential,forward,walking,"[[10.7814073, 106.6675849], [10.7813718, 106.6676167]]",10.78138955,106.6676008,3.7858561431603572,801.911857481334,805.6977136244943,2026-08-20T08:13:21.911857481+07:00,2026-08-20T08:13:23.804785553+07:00,2026-08-20T08:13:25.697713624+07:00
walking-5,26,520723263:6:f,5074798792,4120155276,residential,forward,walking,"[[10.7813718, 106.6676167], [10.7810966, 106.6678628]]",10.7812342,106.66773975,29.326725459023578,805.6977136244943,835.0244390835179,2026-08-20T08:13:25.697713624+07:00,2026-08-20T08:13:40.361076354+07:00,2026-08-20T08:13:55.024439084+07:00
walking-5,27,410150095:5:f,4120155276,5074798790,residential,forward,walking,"[[10.7810966, 106.6678628], [10.7810635, 106.6679227]]",10.78108005,106.66789275,5.405162770737246,835.0244390835179,840.4296018542551,2026-08-20T08:13:55.024439084+07:00,2026-08-20T08:13:57.727020469+07:00,2026-08-20T08:14:00.429601854+07:00
walking-5,28,410150095:6:f,5074798790,5074798789,residential,forward,walking,"[[10.7810635, 106.6679227], [10.780941, 106.668144]]",10.78100225,106.66803335,19.977668831805644,840.4296018542551,860.4072706860608,2026-08-20T08:14:00.429601854+07:00,2026-08-20T08:14:10.418436270+07:00,2026-08-20T08:14:20.407270686+07:00
walking-5,29,410150095:7:f,5074798789,4120155272,residential,forward,walking,"[[10.780941, 106.668144], [10.7808012, 106.6683849]]",10.7808711,106.66826445000001,22.005173165028964,860.4072706860608,882.4124438510897,2026-08-20T08:14:20.407270686+07:00,2026-08-20T08:14:31.409857269+07:00,2026-08-20T08:14:42.412443851+07:00
walking-5,30,410150095:0:r,4120155272,4120155271,residential,reverse,walking,"[[10.7808012, 106.6683849], [10.7809462, 106.6685844]]",10.7808737,106.66848465000001,19.517793840779778,882.4124438510897,901.9302376918695,2026-08-20T08:14:42.412443851+07:00,2026-08-20T08:14:52.171340771+07:00,2026-08-20T08:15:01.930237692+07:00
walking-5,31,410149784:1:r,4120155271,4120151675,residential,reverse,walking,"[[10.7809462, 106.6685844], [10.7809123, 106.6686089]]",10.78092925,106.66859665,3.3284914141052027,901.9302376918695,905.2587291059747,2026-08-20T08:15:01.930237692+07:00,2026-08-20T08:15:03.594483399+07:00,2026-08-20T08:15:05.258729106+07:00
walking-5,32,410149784:0:r,4120151675,4120151674,residential,reverse,walking,"[[10.7809123, 106.6686089], [10.780507, 106.6689134]]",10.78070965,106.66876115,40.328881267721414,905.2587291059747,945.5876103736961,2026-08-20T08:15:05.258729106+07:00,2026-08-20T08:15:25.423169740+07:00,2026-08-20T08:15:45.587610374+07:00
walking-5,33,716044137:15:r,4120151674,366403850,secondary,reverse,walking,"[[10.780507, 106.6689134], [10.7805677, 106.6689967]]",10.78053735,106.66895505,8.156982173967327,945.5876103736961,953.7445925476634,2026-08-20T08:15:45.587610374+07:00,2026-08-20T08:15:49.666101461+07:00,2026-08-20T08:15:53.744592548+07:00
walking-5,34,716044137:14:r,366403850,13441558876,secondary,reverse,walking,"[[10.7805677, 106.6689967], [10.7808711, 106.6694055]]",10.7807194,106.6692011,40.29530387682751,953.7445925476634,994.0398964244908,2026-08-20T08:15:53.744592548+07:00,2026-08-20T08:16:13.892244486+07:00,2026-08-20T08:16:34.039896424+07:00
walking-5,35,716044137:13:r,13441558876,366464770,secondary,reverse,walking,"[[10.7808711, 106.6694055], [10.7808899, 106.6694309]]",10.7808805,106.6694182,2.5012025933203543,994.0398964244908,996.5410990178112,2026-08-20T08:16:34.039896424+07:00,2026-08-20T08:16:35.290497721+07:00,2026-08-20T08:16:36.541099018+07:00
walking-5,36,716044137:12:r,366464770,13441558874,secondary,reverse,walking,"[[10.7808899, 106.6694309], [10.7809051, 106.6694517]]",10.7808975,106.66944129999999,2.03885914762541,996.5410990178112,998.5799581654367,2026-08-20T08:16:36.541099018+07:00,2026-08-20T08:16:37.560528592+07:00,2026-08-20T08:16:38.579958165+07:00
walking-5,37,716044137:11:r,13441558874,366434727,secondary,reverse,walking,"[[10.7809051, 106.6694517], [10.7811107, 106.669732]]",10.781007899999999,106.66959184999999,27.51219888450912,998.5799581654367,1026.0921570499459,2026-08-20T08:16:38.579958165+07:00,2026-08-20T08:16:52.336057608+07:00,2026-08-20T08:17:06.092157050+07:00
walking-5,38,716044137:10:r,366434727,3718387279,secondary,reverse,walking,"[[10.7811107, 106.669732], [10.7811663, 106.6698044]]",10.7811385,106.6697682,7.2275162089596074,1026.0921570499459,1033.3196732589054,2026-08-20T08:17:06.092157050+07:00,2026-08-20T08:17:09.705915154+07:00,2026-08-20T08:17:13.319673259+07:00
walking-5,39,716044137:9:r,3718387279,3718387319,secondary,reverse,walking,"[[10.7811663, 106.6698044], [10.7816116, 106.6703849]]",10.78138895,106.67009465000001,57.92531156076102,1033.3196732589054,1091.2449848196663,2026-08-20T08:17:13.319673259+07:00,2026-08-20T08:17:42.282329039+07:00,2026-08-20T08:18:11.244984820+07:00
walking-5,40,716044137:8:r,3718387319,5063701425,secondary,reverse,walking,"[[10.7816116, 106.6703849], [10.7818565, 106.6707042]]",10.78173405,106.67054455,31.859709290272065,1091.2449848196663,1123.1046941099385,2026-08-20T08:18:11.244984820+07:00,2026-08-20T08:18:27.174839465+07:00,2026-08-20T08:18:43.104694110+07:00
walking-5,41,716044137:7:r,5063701425,5063701430,secondary,reverse,walking,"[[10.7818565, 106.6707042], [10.7821688, 106.6711112]]",10.78201265,106.6709077,40.61702961073166,1123.1046941099385,1163.72172372067,2026-08-20T08:18:43.104694110+07:00,2026-08-20T08:19:03.413208915+07:00,2026-08-20T08:19:23.721723721+07:00
walking-5,42,716044137:6:r,5063701430,3718387308,secondary,reverse,walking,"[[10.7821688, 106.6711112], [10.7822208, 106.671179]]",10.7821948,106.67114509999999,6.764972400637592,1163.72172372067,1170.4866961213077,2026-08-20T08:19:23.721723721+07:00,2026-08-20T08:19:27.104209921+07:00,2026-08-20T08:19:30.486696121+07:00
walking-5,43,716044137:5:r,3718387308,5063701421,secondary,reverse,walking,"[[10.7822208, 106.671179], [10.782292, 106.6712731]]",10.7822564,106.67122605,9.341498243507912,1170.4866961213077,1179.8281943648155,2026-08-20T08:19:30.486696121+07:00,2026-08-20T08:19:35.157445243+07:00,2026-08-20T08:19:39.828194365+07:00
walking-5,44,716044137:4:r,5063701421,13540705422,secondary,reverse,walking,"[[10.782292, 106.6712731], [10.7823458, 106.6713442]]",10.7823189,106.67130864999999,7.058375565838252,1179.8281943648155,1186.8865699306539,2026-08-20T08:19:39.828194365+07:00,2026-08-20T08:19:43.357382148+07:00,2026-08-20T08:19:46.886569931+07:00
walking-5,45,716044137:3:r,13540705422,13540705424,secondary,reverse,walking,"[[10.7823458, 106.6713442], [10.7824965, 106.6715399]]",10.782421150000001,106.67144205,19.556489624045543,1186.8865699306539,1206.4430595546994,2026-08-20T08:19:46.886569931+07:00,2026-08-20T08:19:56.664814743+07:00,2026-08-20T08:20:06.443059555+07:00
walking-5,46,716044137:2:r,13540705424,5074798961,secondary,reverse,walking,"[[10.7824965, 106.6715399], [10.7825682, 106.6716378]]",10.78253235,106.67158885,9.603868227829262,1206.4430595546994,1216.0469277825287,2026-08-20T08:20:06.443059555+07:00,2026-08-20T08:20:11.244993669+07:00,2026-08-20T08:20:16.046927783+07:00
walking-5,47,716044137:1:r,5074798961,5063701411,secondary,reverse,walking,"[[10.7825682, 106.6716378], [10.7825973, 106.6716762]]",10.78258275,106.671657,3.814240604446116,1216.0469277825287,1219.8611683869747,2026-08-20T08:20:16.046927783+07:00,2026-08-20T08:20:17.954048085+07:00,2026-08-20T08:20:19.861168387+07:00
walking-5,48,716044137:0:r,5063701411,4875861250,secondary,reverse,walking,"[[10.7825973, 106.6716762], [10.7829178, 106.6720996]]",10.78275755,106.6718879,42.038469107322456,1219.8611683869747,1261.8996374942972,2026-08-20T08:20:19.861168387+07:00,2026-08-20T08:20:40.880402941+07:00,2026-08-20T08:21:01.899637494+07:00
walking-5,49,495852561:4:r,4875861250,11395678546,primary,reverse,walking,"[[10.7829178, 106.6720996], [10.7827408, 106.6724336]]",10.7828293,106.6722666,29.846595624398258,1261.8996374942972,1291.7462331186955,2026-08-20T08:21:01.899637494+07:00,2026-08-20T08:21:16.822935306+07:00,2026-08-20T08:21:31.746233119+07:00
walking-5,50,495852561:3:r,11395678546,5063701408,primary,reverse,walking,"[[10.7827408, 106.6724336], [10.7827246, 106.6724641]]",10.7827327,106.67244885,2.7269142096456354,1291.7462331186955,1294.4731473283412,2026-08-20T08:21:31.746233119+07:00,2026-08-20T08:21:33.109690224+07:00,2026-08-20T08:21:34.473147328+07:00
walking-5,51,495852561:2:r,5063701408,411918284,primary,reverse,walking,"[[10.7827246, 106.6724641], [10.7825681, 106.6727592]]",10.78264635,106.67261165,26.37482266197882,1294.4731473283412,1320.84796999032,2026-08-20T08:21:34.473147328+07:00,2026-08-20T08:21:47.660558659+07:00,2026-08-20T08:22:00.847969990+07:00
walking-5,52,495852561:1:r,411918284,5063701402,primary,reverse,walking,"[[10.7825681, 106.6727592], [10.782487, 106.6729096]]",10.782527550000001,106.6728344,13.493375829992404,1320.84796999032,1334.3413458203124,2026-08-20T08:22:00.847969990+07:00,2026-08-20T08:22:07.594657905+07:00,2026-08-20T08:22:14.341345820+07:00
walking-5,53,495852561:0:r,5063701402,11771724356,primary,reverse,walking,"[[10.782487, 106.6729096], [10.7824523, 106.672974]]",10.78246965,106.67294179999999,5.776735503007723,1334.3413458203124,1340.1180813233202,2026-08-20T08:22:14.341345820+07:00,2026-08-20T08:22:17.229713572+07:00,2026-08-20T08:22:20.118081323+07:00
walking-5,54,500897933:9:r,11771724356,366470932,primary,reverse,walking,"[[10.7824523, 106.672974], [10.7822806, 106.6732878]]",10.78236645,106.67313089999999,28.249546361288505,1340.1180813233202,1368.3676276846088,2026-08-20T08:22:20.118081323+07:00,2026-08-20T08:22:34.242854504+07:00,2026-08-20T08:22:48.367627685+07:00
walking-5,55,500897933:8:r,366470932,5063701380,primary,reverse,walking,"[[10.7822806, 106.6732878], [10.7821696, 106.6734948]]",10.7822251,106.67339129999999,18.54750207466979,1368.3676276846088,1386.9151297592787,2026-08-20T08:22:48.367627685+07:00,2026-08-20T08:22:57.641378722+07:00,2026-08-20T08:23:06.915129759+07:00
walking-5,56,500897933:7:r,5063701380,411926299,primary,reverse,walking,"[[10.7821696, 106.6734948], [10.7819667, 106.6738904]]",10.78206815,106.67369260000001,35.09816307799212,1386.9151297592787,1422.0132928372707,2026-08-20T08:23:06.915129759+07:00,2026-08-20T08:23:24.464211298+07:00,2026-08-20T08:23:42.013292837+07:00
walking-5,57,500897933:6:r,411926299,366434259,primary,reverse,walking,"[[10.7819667, 106.6738904], [10.7817734, 106.6742377]]",10.78187005,106.67406405,31.39361698611284,1422.0132928372707,1453.4069098233836,2026-08-20T08:23:42.013292837+07:00,2026-08-20T08:23:57.710101330+07:00,2026-08-20T08:24:13.406909823+07:00
walking-5,58,500897933:5:r,366434259,9488493337,primary,reverse,walking,"[[10.7817734, 106.6742377], [10.7817019, 106.6743707]]",10.78173765,106.6743042,11.923964944699646,1453.4069098233836,1465.3308747680833,2026-08-20T08:24:13.406909823+07:00,2026-08-20T08:24:19.368892296+07:00,2026-08-20T08:24:25.330874768+07:00
walking-5,59,500897933:4:r,9488493337,5063701284,primary,reverse,walking,"[[10.7817019, 106.6743707], [10.7815756, 106.6746059]]",10.781638749999999,106.67448830000001,21.08113659032649,1465.3308747680833,1486.4120113584097,2026-08-20T08:24:25.330874768+07:00,2026-08-20T08:24:35.871443063+07:00,2026-08-20T08:24:46.412011358+07:00
walking-5,60,500897933:3:r,5063701284,411918265,primary,reverse,walking,"[[10.7815756, 106.6746059], [10.7814583, 106.6748564]]",10.78151695,106.67473115,21.82491459470385,1486.4120113584097,1508.2369259531135,2026-08-20T08:24:46.412011358+07:00,2026-08-20T08:24:57.324468656+07:00,2026-08-20T08:25:08.236925953+07:00
walking-5,61,500897933:2:r,411918265,8366363067,primary,reverse,walking,"[[10.7814583, 106.6748564], [10.7812809, 106.6751601]]",10.781369600000001,106.67500824999999,27.788821632502835,1508.2369259531135,1536.0257475856163,2026-08-20T08:25:08.236925953+07:00,2026-08-20T08:25:22.131336768+07:00,2026-08-20T08:25:36.025747586+07:00
walking-5,62,500897933:1:r,8366363067,366368374,primary,reverse,walking,"[[10.7812809, 106.6751601], [10.7812241, 106.675257]]",10.7812525,106.67520855000001,8.87454713276529,1536.0257475856163,1544.9002947183815,2026-08-20T08:25:36.025747586+07:00,2026-08-20T08:25:40.463021152+07:00,2026-08-20T08:25:44.900294718+07:00
walking-5,63,500897933:0:r,366368374,4918435013,primary,reverse,walking,"[[10.7812241, 106.675257], [10.7810495, 106.6755908]]",10.781136799999999,106.6754239,29.742094242832376,1544.9002947183815,1574.6423889612138,2026-08-20T08:25:44.900294718+07:00,2026-08-20T08:25:59.771341840+07:00,2026-08-20T08:26:14.642388961+07:00
walking-5,64,1255192198:0:r,4918435013,5778141550,primary,reverse,walking,"[[10.7810495, 106.6755908], [10.7809641, 106.6757488]]",10.7810068,106.6756698,14.183060662456333,1574.6423889612138,1588.82544962367,2026-08-20T08:26:14.642388961+07:00,2026-08-20T08:26:21.733919292+07:00,2026-08-20T08:26:28.825449624+07:00
walking-5,65,496279185:1:r,5778141550,5063700700,primary,reverse,walking,"[[10.7809641, 106.6757488], [10.7808806, 106.6759049]]",10.78092235,106.67582684999999,13.978947673972476,1588.82544962367,1602.8043972976425,2026-08-20T08:26:28.825449624+07:00,2026-08-20T08:26:35.814923461+07:00,2026-08-20T08:26:42.804397298+07:00
walking-5,66,496279185:0:r,5063700700,4879876935,primary,reverse,walking,"[[10.7808806, 106.6759049], [10.7808527, 106.6759568]]",10.78086665,106.67593085,4.653002962790118,1602.8043972976425,1607.4574002604327,2026-08-20T08:26:42.804397298+07:00,2026-08-20T08:26:45.130898779+07:00,2026-08-20T08:26:47.457400260+07:00
walking-5,67,1097215585:2:r,4879876935,411924698,primary,reverse,walking,"[[10.7808527, 106.6759568], [10.7807328, 106.6761789]]",10.78079275,106.67606785,19.931435684471452,1607.4574002604327,1627.388835944904,2026-08-20T08:26:47.457400260+07:00,2026-08-20T08:26:57.423118103+07:00,2026-08-20T08:27:07.388835945+07:00
walking-5,68,1097215585:1:r,411924698,5063700697,primary,reverse,walking,"[[10.7807328, 106.6761789], [10.780635, 106.676358]]",10.7806839,106.67626845,16.11570568053628,1627.388835944904,1643.5045416254402,2026-08-20T08:27:07.388835945+07:00,2026-08-20T08:27:15.446688785+07:00,2026-08-20T08:27:23.504541625+07:00
walking-5,69,1097215585:0:r,5063700697,10046834524,primary,reverse,walking,"[[10.780635, 106.676358], [10.7804881, 106.6766554]]",10.78056155,106.6765067,26.180122940572904,1643.5045416254402,1669.684664566013,2026-08-20T08:27:23.504541625+07:00,2026-08-20T08:27:36.594603096+07:00,2026-08-20T08:27:49.684664566+07:00
walking-5,70,1097215590:3:r,10046834524,10046834529,primary,reverse,walking,"[[10.7804881, 106.6766554], [10.7804852, 106.6766819]]",10.78048665,106.67666865000001,2.097050295574779,1669.684664566013,1671.7817148615877,2026-08-20T08:27:49.684664566+07:00,2026-08-20T08:27:50.733189714+07:00,2026-08-20T08:27:51.781714862+07:00
walking-5,71,1097215590:2:r,10046834529,10972385529,primary,reverse,walking,"[[10.7804852, 106.6766819], [10.7803621, 106.6769143]]",10.78042365,106.67679810000001,20.765432626888177,1671.7817148615877,1692.547147488476,2026-08-20T08:27:51.781714862+07:00,2026-08-20T08:28:02.164431175+07:00,2026-08-20T08:28:12.547147488+07:00
walking-5,72,1097215590:1:r,10972385529,10046834530,primary,reverse,walking,"[[10.7803621, 106.6769143], [10.7803517, 106.6769339]]",10.780356900000001,106.67692410000001,1.7519890086030239,1692.547147488476,1694.299136497079,2026-08-20T08:28:12.547147488+07:00,2026-08-20T08:28:13.423141993+07:00,2026-08-20T08:28:14.299136497+07:00
walking-5,73,1097215590:0:r,10046834530,10046834527,primary,reverse,walking,"[[10.7803517, 106.6769339], [10.78033, 106.6769507]]",10.78034085,106.67694230000001,2.182665512959513,1694.299136497079,1696.4818020100386,2026-08-20T08:28:14.299136497+07:00,2026-08-20T08:28:15.390469254+07:00,2026-08-20T08:28:16.481802010+07:00
walking-5,74,1097215589:1:r,10046834527,5778164496,primary,reverse,walking,"[[10.78033, 106.6769507], [10.7802644, 106.6770737]]",10.7802972,106.67701220000001,11.00738645737114,1696.4818020100386,1707.4891884674098,2026-08-20T08:28:16.481802010+07:00,2026-08-20T08:28:21.985495239+07:00,2026-08-20T08:28:27.489188467+07:00
walking-5,75,1097215589:0:r,5778164496,10046800715,primary,reverse,walking,"[[10.7802644, 106.6770737], [10.7802412, 106.6771159]]",10.7802528,106.67709479999999,3.8033161189241897,1707.4891884674098,1711.292504586334,2026-08-20T08:28:27.489188467+07:00,2026-08-20T08:28:29.390846527+07:00,2026-08-20T08:28:31.292504586+07:00
walking-5,76,225192895:0:f,10046800715,4877811748,primary,forward,walking,"[[10.7802412, 106.6771159], [10.7802125, 106.6771286]]",10.78022685,106.67712225,2.5054412089685383,1711.292504586334,1713.7979457953024,2026-08-20T08:28:31.292504586+07:00,2026-08-20T08:28:32.545225191+07:00,2026-08-20T08:28:33.797945795+07:00
walking-5,77,225192895:1:f,4877811748,5778164526,primary,forward,walking,"[[10.7802125, 106.6771286], [10.7801234, 106.677319]]",10.78016795,106.67722380000001,16.586762527197596,1713.7979457953024,1730.3847083225,2026-08-20T08:28:33.797945795+07:00,2026-08-20T08:28:42.091327059+07:00,2026-08-20T08:28:50.384708323+07:00
walking-5,78,225192895:2:f,5778164526,5059499528,primary,forward,walking,"[[10.7801234, 106.677319], [10.7800426, 106.6774743]]",10.780083000000001,106.67739664999999,13.821270019908438,1730.3847083225,1744.2059783424086,2026-08-20T08:28:50.384708323+07:00,2026-08-20T08:28:57.295343332+07:00,2026-08-20T08:29:04.205978342+07:00
walking-5,79,225192895:3:f,5059499528,411925476,primary,forward,walking,"[[10.7800426, 106.6774743], [10.7797249, 106.6780843]]",10.77988375,106.6777793,54.30060371414708,1744.2059783424086,1798.5065820565555,2026-08-20T08:29:04.205978342+07:00,2026-08-20T08:29:31.356280199+07:00,2026-08-20T08:29:58.506582057+07:00
walking-5,80,225192895:4:f,411925476,11811380955,primary,forward,walking,"[[10.7797249, 106.6780843], [10.7796842, 106.6781605]]",10.77970455,106.6781224,6.821513783197145,1798.5065820565555,1805.3280958397527,2026-08-20T08:29:58.506582057+07:00,2026-08-20T08:30:01.917338948+07:00,2026-08-20T08:30:05.328095840+07:00
walking-5,81,225192895:5:f,11811380955,11846659094,primary,forward,walking,"[[10.7796842, 106.6781605], [10.7796323, 106.6782465]]",10.77965825,106.6782035,7.938061690269861,1805.3280958397527,1813.2661575300226,2026-08-20T08:30:05.328095840+07:00,2026-08-20T08:30:09.297126685+07:00,2026-08-20T08:30:13.266157529+07:00
walking-5,82,225192895:6:f,11846659094,13623759834,primary,forward,walking,"[[10.7796323, 106.6782465], [10.77953, 106.6784251]]",10.779581149999999,106.6783358,16.25985078148155,1813.2661575300226,1829.5260083115043,2026-08-20T08:30:13.266157529+07:00,2026-08-20T08:30:21.396082921+07:00,2026-08-20T08:30:29.526008312+07:00
walking-5,83,1486139602:0:f,13623759834,13623759833,primary,forward,walking,"[[10.77953, 106.6784251], [10.7795134, 106.6784869]]",10.7795217,106.678456,5.038851440436647,1829.5260083115043,1834.564859751941,2026-08-20T08:30:29.526008312+07:00,2026-08-20T08:30:32.045434032+07:00,2026-08-20T08:30:34.564859752+07:00
walking-5,84,1486139601:0:r,13623759833,2690659614,primary,reverse,walking,"[[10.7795134, 106.6784869], [10.7794286, 106.678638]]",10.779471000000001,106.67856245,13.68626788230784,1834.564859751941,1848.2511276342489,2026-08-20T08:30:34.564859752+07:00,2026-08-20T08:30:41.407993693+07:00,2026-08-20T08:30:48.251127634+07:00
walking-5,85,1158093921:0:f,2690659614,13475788560,tertiary,forward,walking,"[[10.7794286, 106.678638], [10.7800321, 106.6791969]]",10.77973035,106.67891745,65.31943670573489,1848.2511276342489,1913.5705643399838,2026-08-20T08:30:48.251127634+07:00,2026-08-20T08:31:20.910845987+07:00,2026-08-20T08:31:53.570564340+07:00
walking-5,86,1158093921:1:f,13475788560,13202259511,tertiary,forward,walking,"[[10.7800321, 106.6791969], [10.7800789, 106.6792402]]",10.7800555,106.67921855,5.063176379038127,1913.5705643399838,1918.633740719022,2026-08-20T08:31:53.570564340+07:00,2026-08-20T08:31:56.102152530+07:00,2026-08-20T08:31:58.633740719+07:00
walking-5,87,1158093921:2:f,13202259511,13441558879,tertiary,forward,walking,"[[10.7800789, 106.6792402], [10.7803411, 106.679483]]",10.78021,106.6793616,28.37782046798715,1918.633740719022,1947.0115611870092,2026-08-20T08:31:58.633740719+07:00,2026-08-20T08:32:12.822650953+07:00,2026-08-20T08:32:27.011561187+07:00
walking-5,88,1158093921:3:f,13441558879,5778872974,tertiary,forward,walking,"[[10.7803411, 106.679483], [10.7803745, 106.6795139]]",10.7803578,106.67949845000001,3.6133488152871673,1947.0115611870092,1950.6249100022962,2026-08-20T08:32:27.011561187+07:00,2026-08-20T08:32:28.818235595+07:00,2026-08-20T08:32:30.624910002+07:00
walking-5,89,1176186457:0:f,5778872974,13441558878,tertiary,forward,walking,"[[10.7803745, 106.6795139], [10.780407, 106.6795459]]",10.78039075,106.6795299,3.6199585965494925,1950.6249100022962,1954.2448685988456,2026-08-20T08:32:30.624910002+07:00,2026-08-20T08:32:32.434889301+07:00,2026-08-20T08:32:34.244868599+07:00
walking-5,90,1176186457:1:f,13441558878,12067818219,tertiary,forward,walking,"[[10.780407, 106.6795459], [10.7804234, 106.6795621]]",10.7804152,106.679554,1.829549221001255,1954.2448685988456,1956.074417819847,2026-08-20T08:32:34.244868599+07:00,2026-08-20T08:32:35.159643209+07:00,2026-08-20T08:32:36.074417820+07:00
walking-5,91,1176186457:2:f,12067818219,5778164492,tertiary,forward,walking,"[[10.7804234, 106.6795621], [10.7805301, 106.6796675]]",10.78047675,106.6796148,11.90329133402572,1956.074417819847,1967.9777091538726,2026-08-20T08:32:36.074417820+07:00,2026-08-20T08:32:42.026063487+07:00,2026-08-20T08:32:47.977709154+07:00
walking-5,92,1176186457:3:f,5778164492,411917856,tertiary,forward,walking,"[[10.7805301, 106.6796675], [10.7807539, 106.6798779]]",10.780642,106.6797727,24.38964921600754,1967.9777091538726,1992.36735836988,2026-08-20T08:32:47.977709154+07:00,2026-08-20T08:33:00.172533762+07:00,2026-08-20T08:33:12.367358370+07:00
walking-5,93,1177449718:0:f,411917856,11050300613,tertiary,forward,walking,"[[10.7807539, 106.6798779], [10.7805838, 106.6801291]]",10.780668850000001,106.6800035,23.995132715376197,1992.36735836988,2016.3624910852564,2026-08-20T08:33:12.367358370+07:00,2026-08-20T08:33:24.364924728+07:00,2026-08-20T08:33:36.362491085+07:00
walking-5,94,1177449718:1:f,11050300613,9218211174,tertiary,forward,walking,"[[10.7805838, 106.6801291], [10.7804449, 106.6803593]]",10.78051435,106.6802442,21.247151807407477,2016.3624910852564,2037.609642892664,2026-08-20T08:33:36.362491085+07:00,2026-08-20T08:33:46.986066989+07:00,2026-08-20T08:33:57.609642893+07:00
walking-5,95,1177449718:2:f,9218211174,10028966994,tertiary,forward,walking,"[[10.7804449, 106.6803593], [10.7802469, 106.6806875]]",10.7803459,106.6805234,30.291089647674255,2037.609642892664,2067.900732540338,2026-08-20T08:33:57.609642893+07:00,2026-08-20T08:34:12.755187717+07:00,2026-08-20T08:34:27.900732540+07:00
walking-5,96,1177449718:3:f,10028966994,6702164762,tertiary,forward,walking,"[[10.7802469, 106.6806875], [10.7801795, 106.6807992]]",10.780213199999999,106.68074335,10.309831655801363,2067.900732540338,2078.2105641961393,2026-08-20T08:34:27.900732540+07:00,2026-08-20T08:34:33.055648368+07:00,2026-08-20T08:34:38.210564196+07:00
walking-5,97,1177449718:4:f,6702164762,411926137,tertiary,forward,walking,"[[10.7801795, 106.6807992], [10.7801372, 106.6808694]]",10.78015835,106.6808343,6.476948206882794,2078.2105641961393,2084.687512403022,2026-08-20T08:34:38.210564196+07:00,2026-08-20T08:34:41.449038300+07:00,2026-08-20T08:34:44.687512403+07:00
walking-5,98,319309752:0:f,411926137,6702164758,tertiary,forward,walking,"[[10.7801372, 106.6808694], [10.780105, 106.6809283]]",10.7801211,106.68089885,5.301358228019439,2084.687512403022,2089.9888706310417,2026-08-20T08:34:44.687512403+07:00,2026-08-20T08:34:47.338191517+07:00,2026-08-20T08:34:49.988870631+07:00
walking-5,99,319309752:1:f,6702164758,9333624312,tertiary,forward,walking,"[[10.780105, 106.6809283], [10.7800801, 106.6809739]]",10.780092549999999,106.6809511,4.103147858439347,2089.9888706310417,2094.0920184894812,2026-08-20T08:34:49.988870631+07:00,2026-08-20T08:34:52.040444560+07:00,2026-08-20T08:34:54.092018489+07:00
walking-5,100,319309752:2:f,9333624312,411918501,tertiary,forward,walking,"[[10.7800801, 106.6809739], [10.7798105, 106.6814676]]",10.7799453,106.68122075,44.424328090335464,2094.0920184894812,2138.516346579817,2026-08-20T08:34:54.092018489+07:00,2026-08-20T08:35:16.304182535+07:00,2026-08-20T08:35:38.516346580+07:00
walking-5,101,319309752:3:f,411918501,6573748228,tertiary,forward,walking,"[[10.7798105, 106.6814676], [10.7794251, 106.6821552]]",10.7796178,106.6818114,62.26151857033467,2138.516346579817,2200.7778651501517,2026-08-20T08:35:38.516346580+07:00,2026-08-20T08:36:09.647105865+07:00,2026-08-20T08:36:40.777865150+07:00
walking-5,102,1177449289:0:f,6573748228,8841272238,tertiary,forward,walking,"[[10.7794251, 106.6821552], [10.7793768, 106.6822392]]",10.77940095,106.68219719999999,7.654916287996721,2200.7778651501517,2208.4327814381486,2026-08-20T08:36:40.777865150+07:00,2026-08-20T08:36:44.605323294+07:00,2026-08-20T08:36:48.432781438+07:00
walking-5,103,1177449289:1:f,8841272238,13943884058,tertiary,forward,walking,"[[10.7793768, 106.6822392], [10.7789872, 106.6829163]]",10.779181999999999,106.68257775000001,61.71494776592845,2208.4327814381486,2270.147729204077,2026-08-20T08:36:48.432781438+07:00,2026-08-20T08:37:19.290255321+07:00,2026-08-20T08:37:50.147729204+07:00
walking-5,104,1177449289:2:f,13943884058,12923547872,tertiary,forward,walking,"[[10.7789872, 106.6829163], [10.7789461, 106.6829877]]",10.778966650000001,106.682952,6.5085065116300616,2270.147729204077,2276.656235715707,2026-08-20T08:37:50.147729204+07:00,2026-08-20T08:37:53.401982460+07:00,2026-08-20T08:37:56.656235716+07:00
walking-5,105,1177449289:3:f,12923547872,6702164754,tertiary,forward,walking,"[[10.7789461, 106.6829877], [10.7789334, 106.6830098]]",10.77893975,106.68299875,2.0136710667886644,2276.656235715707,2278.6699067824957,2026-08-20T08:37:56.656235716+07:00,2026-08-20T08:37:57.663071249+07:00,2026-08-20T08:37:58.669906782+07:00
walking-5,106,1177449289:4:f,6702164754,411926052,tertiary,forward,walking,"[[10.7789334, 106.6830098], [10.7789053, 106.6830576]]",10.778919349999999,106.6830337,4.381095543757483,2278.6699067824957,2283.051002326253,2026-08-20T08:37:58.669906782+07:00,2026-08-20T08:38:00.860454554+07:00,2026-08-20T08:38:03.051002326+07:00
walking-5,107,1180975825:0:f,411926052,6702164760,tertiary,forward,walking,"[[10.7789053, 106.6830576], [10.7788503, 106.6831545]]",10.7788778,106.68310604999999,8.801625990373804,2283.051002326253,2291.852628316627,2026-08-20T08:38:03.051002326+07:00,2026-08-20T08:38:07.451815321+07:00,2026-08-20T08:38:11.852628317+07:00
walking-5,108,1180975825:1:f,6702164760,12923547869,tertiary,forward,walking,"[[10.7788503, 106.6831545], [10.7788436, 106.6831662]]",10.77884695,106.68316035000001,1.0651114601759353,2291.852628316627,2292.917739776803,2026-08-20T08:38:11.852628317+07:00,2026-08-20T08:38:12.385184047+07:00,2026-08-20T08:38:12.917739777+07:00
walking-5,109,1180975825:2:f,12923547869,12923547871,tertiary,forward,walking,"[[10.7788436, 106.6831662], [10.7788378, 106.6831764]]",10.7788407,106.6831713,0.9269089299619121,2292.917739776803,2293.844648706765,2026-08-20T08:38:12.917739777+07:00,2026-08-20T08:38:13.381194242+07:00,2026-08-20T08:38:13.844648707+07:00
walking-5,110,1180975825:3:f,12923547871,411926172,tertiary,forward,walking,"[[10.7788378, 106.6831764], [10.7783866, 106.6839633]]",10.7786122,106.68356985,71.65909438540541,2293.844648706765,2365.50374309217,2026-08-20T08:38:13.844648707+07:00,2026-08-20T08:38:49.674195899+07:00,2026-08-20T08:39:25.503743092+07:00
walking-5,111,700026885:0:f,411926172,4932267125,tertiary,forward,walking,"[[10.7783866, 106.6839633], [10.7782467, 106.6842069]]",10.77831665,106.6840851,22.19244463154661,2365.50374309217,2387.696187723717,2026-08-20T08:39:25.503743092+07:00,2026-08-20T08:39:36.599965408+07:00,2026-08-20T08:39:47.696187724+07:00
walking-5,112,700026885:1:f,4932267125,3081520486,tertiary,forward,walking,"[[10.7782467, 106.6842069], [10.7781194, 106.6844284]]",10.778183049999999,106.68431765,20.182818836647968,2387.696187723717,2407.879006560365,2026-08-20T08:39:47.696187724+07:00,2026-08-20T08:39:57.787597142+07:00,2026-08-20T08:40:07.879006560+07:00
walking-5,113,700026885:2:f,3081520486,3257247348,tertiary,forward,walking,"[[10.7781194, 106.6844284], [10.7778559, 106.6848872]]",10.77798765,106.6846578,41.79803818015592,2407.879006560365,2449.6770447405206,2026-08-20T08:40:07.879006560+07:00,2026-08-20T08:40:28.778025650+07:00,2026-08-20T08:40:49.677044741+07:00
walking-5,114,700026885:3:f,3257247348,411926049,tertiary,forward,walking,"[[10.7778559, 106.6848872], [10.7774209, 106.6853982]]",10.7776384,106.6851427,53.17937560207352,2449.6770447405206,2502.856420342594,2026-08-20T08:40:49.677044741+07:00,2026-08-20T08:41:16.266732542+07:00,2026-08-20T08:41:42.856420343+07:00
walking-5,115,35113362:0:r,411926049,411917832,residential,reverse,walking,"[[10.7774209, 106.6853982], [10.778537, 106.6865528]]",10.77797895,106.6859755,127.39833451115706,2502.856420342594,2630.254754853751,2026-08-20T08:41:42.856420343+07:00,2026-08-20T08:42:46.555587598+07:00,2026-08-20T08:43:50.254754853+07:00
walking-5,116,327048054:12:f,411917832,4013900152,tertiary,forward,walking,"[[10.778537, 106.6865528], [10.7781952, 106.686923]]",10.7783661,106.6867379,39.9566909498312,2630.254754853751,2670.211445803582,2026-08-20T08:43:50.254754853+07:00,2026-08-20T08:44:10.233100329+07:00,2026-08-20T08:44:30.211445804+07:00
walking-5,117,327048054:13:f,4013900152,12946474733,tertiary,forward,walking,"[[10.7781952, 106.686923], [10.7781468, 106.6869755]]",10.778171,106.68694925,5.6624987560438615,2670.211445803582,2675.873944559626,2026-08-20T08:44:30.211445804+07:00,2026-08-20T08:44:33.042695182+07:00,2026-08-20T08:44:35.873944560+07:00
walking-5,118,327048054:14:f,12946474733,5778300422,tertiary,forward,walking,"[[10.7781468, 106.6869755], [10.7778991, 106.6872434]]",10.77802295,106.68710945000001,28.93450062701755,2675.873944559626,2704.808445186644,2026-08-20T08:44:35.873944560+07:00,2026-08-20T08:44:50.341194873+07:00,2026-08-20T08:45:04.808445187+07:00
walking-5,119,327048054:15:f,5778300422,5778300433,tertiary,forward,walking,"[[10.7778991, 106.6872434], [10.777541, 106.6876317]]",10.77772005,106.68743755,41.88776774844325,2704.808445186644,2746.6962129350873,2026-08-20T08:45:04.808445187+07:00,2026-08-20T08:45:25.752329061+07:00,2026-08-20T08:45:46.696212935+07:00
walking-5,120,327048054:16:f,5778300433,411926144,tertiary,forward,walking,"[[10.777541, 106.6876317], [10.7774802, 106.6876976]]",10.7775106,106.68766465,7.110339226267737,2746.6962129350873,2753.806552161355,2026-08-20T08:45:46.696212935+07:00,2026-08-20T08:45:50.251382547+07:00,2026-08-20T08:45:53.806552161+07:00
walking-5,121,327048054:17:f,411926144,411926143,tertiary,forward,walking,"[[10.7774802, 106.6876976], [10.7771139, 106.6880944]]",10.77729705,106.687896,42.82452663182037,2753.806552161355,2796.631078793175,2026-08-20T08:45:53.806552161+07:00,2026-08-20T08:46:15.218815477+07:00,2026-08-20T08:46:36.631078793+07:00
motorbike-1,1,242307850:0:f,2498079018,2498079021,service,forward,motorbike,"[[10.7802867, 106.6595074], [10.7813987, 106.6605783]]",10.780842700000001,106.66004285,24.510766370892025,0.0,24.510766370892025,2026-08-20T08:00:00+07:00,2026-08-20T08:00:12.255383185+07:00,2026-08-20T08:00:24.510766371+07:00
motorbike-1,2,242307850:1:f,2498079021,366433075,service,forward,motorbike,"[[10.7813987, 106.6605783], [10.7807714, 106.6607314]]",10.781085050000002,106.66065485,10.329037001902451,24.510766370892025,34.83980337279448,2026-08-20T08:00:24.510766371+07:00,2026-08-20T08:00:29.675284872+07:00,2026-08-20T08:00:34.839803373+07:00
motorbike-1,3,1277704606:0:r,366433075,1349033429,residential,reverse,motorbike,"[[10.7807714, 106.6607314], [10.7810596, 106.6614957]]",10.7809155,106.66111355000001,12.877292037855717,34.83980337279448,47.717095410650195,2026-08-20T08:00:34.839803373+07:00,2026-08-20T08:00:41.278449392+07:00,2026-08-20T08:00:47.717095411+07:00
motorbike-1,4,520723335:2:r,1349033429,4415686093,tertiary,reverse,motorbike,"[[10.7810596, 106.6614957], [10.7813997, 106.6623673]]",10.78122965,106.66193150000001,14.751753042592275,47.717095410650195,62.46884845324247,2026-08-20T08:00:47.717095411+07:00,2026-08-20T08:00:55.092971932+07:00,2026-08-20T08:01:02.468848453+07:00
motorbike-1,5,520723335:1:r,4415686093,4415547496,tertiary,reverse,motorbike,"[[10.7813997, 106.6623673], [10.7817477, 106.6632592]]",10.7815737,106.66281325,15.095189128374933,62.46884845324247,77.56403758161741,2026-08-20T08:01:02.468848453+07:00,2026-08-20T08:01:10.016443017+07:00,2026-08-20T08:01:17.564037582+07:00
motorbike-1,6,520723335:0:r,4415547496,366413355,tertiary,reverse,motorbike,"[[10.7817477, 106.6632592], [10.7822562, 106.6645756]]",10.782001950000002,106.6639174,22.24952552792061,77.56403758161741,99.81356310953802,2026-08-20T08:01:17.564037582+07:00,2026-08-20T08:01:28.688800346+07:00,2026-08-20T08:01:39.813563110+07:00
motorbike-1,7,32579174:7:f,366413355,366382549,residential,forward,motorbike,"[[10.7822562, 106.6645756], [10.7818835, 106.665204]]",10.78206985,106.6648898,11.54617415683,99.81356310953802,111.35973726636803,2026-08-20T08:01:39.813563110+07:00,2026-08-20T08:01:45.586650188+07:00,2026-08-20T08:01:51.359737266+07:00
motorbike-1,8,32579174:8:f,366382549,366457844,residential,forward,motorbike,"[[10.7818835, 106.665204], [10.7815821, 106.6657795]]",10.7817328,106.66549175,10.25839145338479,111.35973726636803,121.61812871975282,2026-08-20T08:01:51.359737266+07:00,2026-08-20T08:01:56.488932993+07:00,2026-08-20T08:02:01.618128720+07:00
motorbike-1,9,32579174:9:f,366457844,2930534054,residential,forward,motorbike,"[[10.7815821, 106.6657795], [10.7814678, 106.6659784]]",10.78152495,106.66587895,3.624584720921729,121.61812871975282,125.24271344067455,2026-08-20T08:02:01.618128720+07:00,2026-08-20T08:02:03.430421080+07:00,2026-08-20T08:02:05.242713441+07:00
motorbike-1,10,289494377:7:r,2930534054,5772254959,residential,reverse,motorbike,"[[10.7814678, 106.6659784], [10.7816144, 106.6661531]]",10.7815411,106.66606575,3.6140412492954717,125.24271344067455,128.85675468997002,2026-08-20T08:02:05.242713441+07:00,2026-08-20T08:02:07.049734065+07:00,2026-08-20T08:02:08.856754690+07:00
motorbike-1,11,289494377:6:r,5772254959,5772452208,residential,reverse,motorbike,"[[10.7816144, 106.6661531], [10.7816538, 106.6662]]",10.781634100000002,106.66617655,0.9706810904323508,128.85675468997002,129.82743578040237,2026-08-20T08:02:08.856754690+07:00,2026-08-20T08:02:09.342095235+07:00,2026-08-20T08:02:09.827435780+07:00
motorbike-1,12,289494377:5:r,5772452208,2930534057,residential,reverse,motorbike,"[[10.7816538, 106.6662], [10.7817639, 106.6663312]]",10.781708850000001,106.6662656,2.71418305186391,129.82743578040237,132.54161883226627,2026-08-20T08:02:09.827435780+07:00,2026-08-20T08:02:11.184527306+07:00,2026-08-20T08:02:12.541618832+07:00
motorbike-1,13,289494377:4:r,2930534057,13174777970,residential,reverse,motorbike,"[[10.7817639, 106.6663312], [10.7817693, 106.6663406]]",10.781766600000001,106.6663359,0.17128288444331768,132.54161883226627,132.71290171670958,2026-08-20T08:02:12.541618832+07:00,2026-08-20T08:02:12.627260274+07:00,2026-08-20T08:02:12.712901717+07:00
motorbike-1,14,289494377:3:r,13174777970,13174777972,residential,reverse,motorbike,"[[10.7817693, 106.6663406], [10.7817702, 106.6663515]]",10.78176975,106.66634605,0.1720553272408841,132.71290171670958,132.88495704395046,2026-08-20T08:02:12.712901717+07:00,2026-08-20T08:02:12.798929380+07:00,2026-08-20T08:02:12.884957044+07:00
motorbike-1,15,289494377:2:r,13174777972,13174777971,residential,reverse,motorbike,"[[10.7817702, 106.6663515], [10.7817664, 106.6663618]]",10.7817683,106.66635665000001,0.1730620536081506,132.88495704395046,133.05801909755863,2026-08-20T08:02:12.884957044+07:00,2026-08-20T08:02:12.971488071+07:00,2026-08-20T08:02:13.058019098+07:00
motorbike-1,16,289494377:1:r,13174777971,5772254960,residential,reverse,motorbike,"[[10.7817664, 106.6663618], [10.7817586, 106.6663696]]",10.7817625,106.6663657,0.17507516038425794,133.05801909755863,133.2330942579429,2026-08-20T08:02:13.058019098+07:00,2026-08-20T08:02:13.145556678+07:00,2026-08-20T08:02:13.233094258+07:00
motorbike-1,17,289494377:0:r,5772254960,2930534062,residential,reverse,motorbike,"[[10.7817586, 106.6663696], [10.7815428, 106.6665411]]",10.7816507,106.66645535,4.383707099311092,133.2330942579429,137.616801357254,2026-08-20T08:02:13.233094258+07:00,2026-08-20T08:02:15.424947808+07:00,2026-08-20T08:02:17.616801357+07:00
motorbike-1,18,694637565:0:f,2930534062,4120155315,residential,forward,motorbike,"[[10.7815428, 106.6665411], [10.781474, 106.6665947]]",10.7815084,106.6665679,1.387230021812698,137.616801357254,139.0040313790667,2026-08-20T08:02:17.616801357+07:00,2026-08-20T08:02:18.310416368+07:00,2026-08-20T08:02:19.004031379+07:00
motorbike-1,19,410150107:0:f,4120155315,5074798763,residential,forward,motorbike,"[[10.781474, 106.6665947], [10.781708, 106.6668532]]",10.781590999999999,106.66672395,5.529156304135128,139.0040313790667,144.53318768320185,2026-08-20T08:02:19.004031379+07:00,2026-08-20T08:02:21.768609531+07:00,2026-08-20T08:02:24.533187682+07:00
motorbike-1,20,520723263:0:f,5074798763,4120155316,residential,forward,motorbike,"[[10.781708, 106.6668532], [10.7817826, 106.6669348]]",10.7817453,106.66689400000001,1.7533574080218002,144.53318768320185,146.28654509122364,2026-08-20T08:02:24.533187682+07:00,2026-08-20T08:02:25.409866387+07:00,2026-08-20T08:02:26.286545091+07:00
motorbike-1,21,520723263:1:f,4120155316,4120155317,residential,forward,motorbike,"[[10.7817826, 106.6669348], [10.7818855, 106.6670827]]",10.78183405,106.66700875000001,2.850751430993586,146.28654509122364,149.13729652221724,2026-08-20T08:02:26.286545091+07:00,2026-08-20T08:02:27.711920807+07:00,2026-08-20T08:02:29.137296522+07:00
motorbike-1,22,520723263:2:f,4120155317,4120155318,residential,forward,motorbike,"[[10.7818855, 106.6670827], [10.7818644, 106.6671751]]",10.781874949999999,106.6671289,1.4921506261487727,149.13729652221724,150.629447148366,2026-08-20T08:02:29.137296522+07:00,2026-08-20T08:02:29.883371835+07:00,2026-08-20T08:02:30.629447148+07:00
motorbike-1,23,520723263:3:f,4120155318,5074798794,residential,forward,motorbike,"[[10.7818644, 106.6671751], [10.7817621, 106.6672668]]",10.781813249999999,106.66722095,2.182578526112776,150.629447148366,152.81202567447878,2026-08-20T08:02:30.629447148+07:00,2026-08-20T08:02:31.720736411+07:00,2026-08-20T08:02:32.812025674+07:00
motorbike-1,24,520723263:4:f,5074798794,4120155319,residential,forward,motorbike,"[[10.7817621, 106.6672668], [10.7814073, 106.6675849]]",10.7815847,106.66742585,7.57034582178801,152.81202567447878,160.38237149626679,2026-08-20T08:02:32.812025674+07:00,2026-08-20T08:02:36.597198585+07:00,2026-08-20T08:02:40.382371496+07:00
motorbike-1,25,520723263:5:f,4120155319,5074798792,residential,forward,motorbike,"[[10.7814073, 106.6675849], [10.7813718, 106.6676167]]",10.78138955,106.6676008,0.7571712286320714,160.38237149626679,161.13954272489886,2026-08-20T08:02:40.382371496+07:00,2026-08-20T08:02:40.760957111+07:00,2026-08-20T08:02:41.139542725+07:00
motorbike-1,26,520723263:6:f,5074798792,4120155276,residential,forward,motorbike,"[[10.7813718, 106.6676167], [10.7810966, 106.6678628]]",10.7812342,106.66773975,5.865345091804715,161.13954272489886,167.0048878167036,2026-08-20T08:02:41.139542725+07:00,2026-08-20T08:02:44.072215271+07:00,2026-08-20T08:02:47.004887817+07:00
motorbike-1,27,410150095:5:f,4120155276,5074798790,residential,forward,motorbike,"[[10.7810966, 106.6678628], [10.7810635, 106.6679227]]",10.78108005,106.66789275,1.0810325541474493,167.0048878167036,168.08592037085103,2026-08-20T08:02:47.004887817+07:00,2026-08-20T08:02:47.545404094+07:00,2026-08-20T08:02:48.085920371+07:00
motorbike-1,28,410150095:6:f,5074798790,5074798789,residential,forward,motorbike,"[[10.7810635, 106.6679227], [10.780941, 106.668144]]",10.78100225,106.66803335,3.9955337663611283,168.08592037085103,172.08145413721215,2026-08-20T08:02:48.085920371+07:00,2026-08-20T08:02:50.083687254+07:00,2026-08-20T08:02:52.081454137+07:00
motorbike-1,29,410150095:7:f,5074798789,4120155272,residential,forward,motorbike,"[[10.780941, 106.668144], [10.7808012, 106.6683849]]",10.7808711,106.66826445000001,4.401034633005793,172.08145413721215,176.48248877021794,2026-08-20T08:02:52.081454137+07:00,2026-08-20T08:02:54.281971454+07:00,2026-08-20T08:02:56.482488770+07:00
motorbike-1,30,410150095:0:r,4120155272,4120155271,residential,reverse,motorbike,"[[10.7808012, 106.6683849], [10.7809462, 106.6685844]]",10.7808737,106.66848465000001,3.903558768155955,176.48248877021794,180.3860475383739,2026-08-20T08:02:56.482488770+07:00,2026-08-20T08:02:58.434268154+07:00,2026-08-20T08:03:00.386047538+07:00
motorbike-1,31,410149784:1:r,4120155271,4120151675,residential,reverse,motorbike,"[[10.7809462, 106.6685844], [10.7809123, 106.6686089]]",10.78092925,106.66859665,0.6656982828210405,180.3860475383739,181.05174582119494,2026-08-20T08:03:00.386047538+07:00,2026-08-20T08:03:00.718896680+07:00,2026-08-20T08:03:01.051745821+07:00
motorbike-1,32,410149784:0:r,4120151675,4120151674,residential,reverse,motorbike,"[[10.7809123, 106.6686089], [10.780507, 106.6689134]]",10.78070965,106.66876115,8.065776253544282,181.05174582119494,189.1175220747392,2026-08-20T08:03:01.051745821+07:00,2026-08-20T08:03:05.084633948+07:00,2026-08-20T08:03:09.117522075+07:00
motorbike-1,33,716044137:15:r,4120151674,366403850,secondary,reverse,motorbike,"[[10.780507, 106.6689134], [10.7805677, 106.6689967]]",10.78053735,106.66895505,1.6313964347934653,189.1175220747392,190.74891850953267,2026-08-20T08:03:09.117522075+07:00,2026-08-20T08:03:09.933220292+07:00,2026-08-20T08:03:10.748918510+07:00
motorbike-1,34,716044137:14:r,366403850,13441558876,secondary,reverse,motorbike,"[[10.7805677, 106.6689967], [10.7808711, 106.6694055]]",10.7807194,106.6692011,8.059060775365502,190.74891850953267,198.80797928489818,2026-08-20T08:03:10.748918510+07:00,2026-08-20T08:03:14.778448897+07:00,2026-08-20T08:03:18.807979285+07:00
motorbike-1,35,716044137:13:r,13441558876,366464770,secondary,reverse,motorbike,"[[10.7808711, 106.6694055], [10.7808899, 106.6694309]]",10.7808805,106.6694182,0.5002405186640708,198.80797928489818,199.30821980356225,2026-08-20T08:03:18.807979285+07:00,2026-08-20T08:03:19.058099544+07:00,2026-08-20T08:03:19.308219804+07:00
motorbike-1,36,716044137:12:r,366464770,13441558874,secondary,reverse,motorbike,"[[10.7808899, 106.6694309], [10.7809051, 106.6694517]]",10.7808975,106.66944129999999,0.40777182952508195,199.30821980356225,199.71599163308733,2026-08-20T08:03:19.308219804+07:00,2026-08-20T08:03:19.512105718+07:00,2026-08-20T08:03:19.715991633+07:00
motorbike-1,37,716044137:11:r,13441558874,366434727,secondary,reverse,motorbike,"[[10.7809051, 106.6694517], [10.7811107, 106.669732]]",10.781007899999999,106.66959184999999,5.502439776901824,199.71599163308733,205.21843140998914,2026-08-20T08:03:19.715991633+07:00,2026-08-20T08:03:22.467211522+07:00,2026-08-20T08:03:25.218431410+07:00
motorbike-1,38,716044137:10:r,366434727,3718387279,secondary,reverse,motorbike,"[[10.7811107, 106.669732], [10.7811663, 106.6698044]]",10.7811385,106.6697682,1.4455032417919214,205.21843140998914,206.66393465178106,2026-08-20T08:03:25.218431410+07:00,2026-08-20T08:03:25.941183031+07:00,2026-08-20T08:03:26.663934652+07:00
motorbike-1,39,716044137:9:r,3718387279,3718387319,secondary,reverse,motorbike,"[[10.7811663, 106.6698044], [10.7816116, 106.6703849]]",10.78138895,106.67009465000001,11.585062312152202,206.66393465178106,218.24899696393325,2026-08-20T08:03:26.663934652+07:00,2026-08-20T08:03:32.456465808+07:00,2026-08-20T08:03:38.248996964+07:00
motorbike-1,40,716044137:8:r,3718387319,5063701425,secondary,reverse,motorbike,"[[10.7816116, 106.6703849], [10.7818565, 106.6707042]]",10.78173405,106.67054455,6.371941858054412,218.24899696393325,224.62093882198766,2026-08-20T08:03:38.248996964+07:00,2026-08-20T08:03:41.434967893+07:00,2026-08-20T08:03:44.620938822+07:00
motorbike-1,41,716044137:7:r,5063701425,5063701430,secondary,reverse,motorbike,"[[10.7818565, 106.6707042], [10.7821688, 106.6711112]]",10.78201265,106.6709077,8.123405922146333,224.62093882198766,232.744344744134,2026-08-20T08:03:44.620938822+07:00,2026-08-20T08:03:48.682641783+07:00,2026-08-20T08:03:52.744344744+07:00
motorbike-1,42,716044137:6:r,5063701430,3718387308,secondary,reverse,motorbike,"[[10.7821688, 106.6711112], [10.7822208, 106.671179]]",10.7821948,106.67114509999999,1.3529944801275182,232.744344744134,234.0973392242615,2026-08-20T08:03:52.744344744+07:00,2026-08-20T08:03:53.420841984+07:00,2026-08-20T08:03:54.097339224+07:00
motorbike-1,43,716044137:5:r,3718387308,5063701421,secondary,reverse,motorbike,"[[10.7822208, 106.671179], [10.782292, 106.6712731]]",10.7822564,106.67122605,1.8682996487015824,234.0973392242615,235.9656388729631,2026-08-20T08:03:54.097339224+07:00,2026-08-20T08:03:55.031489048+07:00,2026-08-20T08:03:55.965638873+07:00
motorbike-1,44,716044137:4:r,5063701421,13540705422,secondary,reverse,motorbike,"[[10.782292, 106.6712731], [10.7823458, 106.6713442]]",10.7823189,106.67130864999999,1.4116751131676504,235.9656388729631,237.37731398613076,2026-08-20T08:03:55.965638873+07:00,2026-08-20T08:03:56.671476430+07:00,2026-08-20T08:03:57.377313986+07:00
motorbike-1,45,716044137:3:r,13540705422,13540705424,secondary,reverse,motorbike,"[[10.7823458, 106.6713442], [10.7824965, 106.6715399]]",10.782421150000001,106.67144205,3.9112979248091087,237.37731398613076,241.28861191093986,2026-08-20T08:03:57.377313986+07:00,2026-08-20T08:03:59.332962949+07:00,2026-08-20T08:04:01.288611911+07:00
motorbike-1,46,716044137:2:r,13540705424,5074798961,secondary,reverse,motorbike,"[[10.7824965, 106.6715399], [10.7825682, 106.6716378]]",10.78253235,106.67158885,1.9207736455658524,241.28861191093986,243.2093855565057,2026-08-20T08:04:01.288611911+07:00,2026-08-20T08:04:02.248998734+07:00,2026-08-20T08:04:03.209385557+07:00
motorbike-1,47,716044137:1:r,5074798961,5063701411,secondary,reverse,motorbike,"[[10.7825682, 106.6716378], [10.7825973, 106.6716762]]",10.78258275,106.671657,0.7628481208892232,243.2093855565057,243.97223367739494,2026-08-20T08:04:03.209385557+07:00,2026-08-20T08:04:03.590809617+07:00,2026-08-20T08:04:03.972233677+07:00
motorbike-1,48,716044137:0:r,5063701411,4875861250,secondary,reverse,motorbike,"[[10.7825973, 106.6716762], [10.7829178, 106.6720996]]",10.78275755,106.6718879,8.407693821464491,243.97223367739494,252.37992749885944,2026-08-20T08:04:03.972233677+07:00,2026-08-20T08:04:08.176080588+07:00,2026-08-20T08:04:12.379927499+07:00
motorbike-1,49,495852561:4:r,4875861250,11395678546,primary,reverse,motorbike,"[[10.7829178, 106.6720996], [10.7827408, 106.6724336]]",10.7828293,106.6722666,5.969319124879651,252.37992749885944,258.3492466237391,2026-08-20T08:04:12.379927499+07:00,2026-08-20T08:04:15.364587061+07:00,2026-08-20T08:04:18.349246624+07:00
motorbike-1,50,495852561:3:r,11395678546,5063701408,primary,reverse,motorbike,"[[10.7827408, 106.6724336], [10.7827246, 106.6724641]]",10.7827327,106.67244885,0.545382841929127,258.3492466237391,258.89462946566823,2026-08-20T08:04:18.349246624+07:00,2026-08-20T08:04:18.621938045+07:00,2026-08-20T08:04:18.894629466+07:00
motorbike-1,51,495852561:2:r,5063701408,411918284,primary,reverse,motorbike,"[[10.7827246, 106.6724641], [10.7825681, 106.6727592]]",10.78264635,106.67261165,5.274964532395763,258.89462946566823,264.169593998064,2026-08-20T08:04:18.894629466+07:00,2026-08-20T08:04:21.532111731+07:00,2026-08-20T08:04:24.169593998+07:00
motorbike-1,52,495852561:1:r,411918284,5063701402,primary,reverse,motorbike,"[[10.7825681, 106.6727592], [10.782487, 106.6729096]]",10.782527550000001,106.6728344,2.698675165998481,264.169593998064,266.8682691640625,2026-08-20T08:04:24.169593998+07:00,2026-08-20T08:04:25.518931581+07:00,2026-08-20T08:04:26.868269164+07:00
motorbike-1,53,495852561:0:r,5063701402,11771724356,primary,reverse,motorbike,"[[10.782487, 106.6729096], [10.7824523, 106.672974]]",10.78246965,106.67294179999999,1.1553471006015446,266.8682691640625,268.02361626466404,2026-08-20T08:04:26.868269164+07:00,2026-08-20T08:04:27.445942714+07:00,2026-08-20T08:04:28.023616265+07:00
motorbike-1,54,500897933:9:r,11771724356,366470932,primary,reverse,motorbike,"[[10.7824523, 106.672974], [10.7822806, 106.6732878]]",10.78236645,106.67313089999999,5.649909272257701,268.02361626466404,273.6735255369217,2026-08-20T08:04:28.023616265+07:00,2026-08-20T08:04:30.848570901+07:00,2026-08-20T08:04:33.673525537+07:00
motorbike-1,55,500897933:8:r,366470932,5063701380,primary,reverse,motorbike,"[[10.7822806, 106.6732878], [10.7821696, 106.6734948]]",10.7822251,106.67339129999999,3.7095004149339577,273.6735255369217,277.3830259518557,2026-08-20T08:04:33.673525537+07:00,2026-08-20T08:04:35.528275744+07:00,2026-08-20T08:04:37.383025952+07:00
motorbike-1,56,500897933:7:r,5063701380,411926299,primary,reverse,motorbike,"[[10.7821696, 106.6734948], [10.7819667, 106.6738904]]",10.78206815,106.67369260000001,7.019632615598423,277.3830259518557,284.4026585674541,2026-08-20T08:04:37.383025952+07:00,2026-08-20T08:04:40.892842260+07:00,2026-08-20T08:04:44.402658567+07:00
motorbike-1,57,500897933:6:r,411926299,366434259,primary,reverse,motorbike,"[[10.7819667, 106.6738904], [10.7817734, 106.6742377]]",10.78187005,106.67406405,6.278723397222568,284.4026585674541,290.6813819646767,2026-08-20T08:04:44.402658567+07:00,2026-08-20T08:04:47.542020266+07:00,2026-08-20T08:04:50.681381965+07:00
motorbike-1,58,500897933:5:r,366434259,9488493337,primary,reverse,motorbike,"[[10.7817734, 106.6742377], [10.7817019, 106.6743707]]",10.78173765,106.6743042,2.384792988939929,290.6813819646767,293.0661749536166,2026-08-20T08:04:50.681381965+07:00,2026-08-20T08:04:51.873778459+07:00,2026-08-20T08:04:53.066174953+07:00
motorbike-1,59,500897933:4:r,9488493337,5063701284,primary,reverse,motorbike,"[[10.7817019, 106.6743707], [10.7815756, 106.6746059]]",10.781638749999999,106.67448830000001,4.2162273180652985,293.0661749536166,297.2824022716819,2026-08-20T08:04:53.066174953+07:00,2026-08-20T08:04:55.174288613+07:00,2026-08-20T08:04:57.282402272+07:00
motorbike-1,60,500897933:3:r,5063701284,411918265,primary,reverse,motorbike,"[[10.7815756, 106.6746059], [10.7814583, 106.6748564]]",10.78151695,106.67473115,4.364982918940769,297.2824022716819,301.6473851906227,2026-08-20T08:04:57.282402272+07:00,2026-08-20T08:04:59.464893731+07:00,2026-08-20T08:05:01.647385191+07:00
motorbike-1,61,500897933:2:r,411918265,8366363067,primary,reverse,motorbike,"[[10.7814583, 106.6748564], [10.7812809, 106.6751601]]",10.781369600000001,106.67500824999999,5.557764326500566,301.6473851906227,307.20514951712323,2026-08-20T08:05:01.647385191+07:00,2026-08-20T08:05:04.426267354+07:00,2026-08-20T08:05:07.205149517+07:00
motorbike-1,62,500897933:1:r,8366363067,366368374,primary,reverse,motorbike,"[[10.7812809, 106.6751601], [10.7812241, 106.675257]]",10.7812525,106.67520855000001,1.7749094265530578,307.20514951712323,308.9800589436763,2026-08-20T08:05:07.205149517+07:00,2026-08-20T08:05:08.092604230+07:00,2026-08-20T08:05:08.980058944+07:00
motorbike-1,63,500897933:0:r,366368374,4918435013,primary,reverse,motorbike,"[[10.7812241, 106.675257], [10.7810495, 106.6755908]]",10.781136799999999,106.6754239,5.948418848566475,308.9800589436763,314.92847779224275,2026-08-20T08:05:08.980058944+07:00,2026-08-20T08:05:11.954268368+07:00,2026-08-20T08:05:14.928477792+07:00
motorbike-1,64,1255192198:0:r,4918435013,5778141550,primary,reverse,motorbike,"[[10.7810495, 106.6755908], [10.7809641, 106.6757488]]",10.7810068,106.6756698,2.8366121324912665,314.92847779224275,317.765089924734,2026-08-20T08:05:14.928477792+07:00,2026-08-20T08:05:16.346783858+07:00,2026-08-20T08:05:17.765089925+07:00
motorbike-1,65,496279185:1:r,5778141550,5063700700,primary,reverse,motorbike,"[[10.7809641, 106.6757488], [10.7808806, 106.6759049]]",10.78092235,106.67582684999999,2.795789534794495,317.765089924734,320.5608794595285,2026-08-20T08:05:17.765089925+07:00,2026-08-20T08:05:19.162984692+07:00,2026-08-20T08:05:20.560879460+07:00
motorbike-1,66,496279185:0:r,5063700700,4879876935,primary,reverse,motorbike,"[[10.7808806, 106.6759049], [10.7808527, 106.6759568]]",10.78086665,106.67593085,0.9306005925580235,320.5608794595285,321.49148005208656,2026-08-20T08:05:20.560879460+07:00,2026-08-20T08:05:21.026179756+07:00,2026-08-20T08:05:21.491480052+07:00
motorbike-1,67,1097215585:2:r,4879876935,411924698,primary,reverse,motorbike,"[[10.7808527, 106.6759568], [10.7807328, 106.6761789]]",10.78079275,106.67606785,3.9862871368942905,321.49148005208656,325.47776718898086,2026-08-20T08:05:21.491480052+07:00,2026-08-20T08:05:23.484623621+07:00,2026-08-20T08:05:25.477767189+07:00
motorbike-1,68,1097215585:1:r,411924698,5063700697,primary,reverse,motorbike,"[[10.7807328, 106.6761789], [10.780635, 106.676358]]",10.7806839,106.67626845,3.2231411361072557,325.47776718898086,328.7009083250881,2026-08-20T08:05:25.477767189+07:00,2026-08-20T08:05:27.089337757+07:00,2026-08-20T08:05:28.700908325+07:00
motorbike-1,69,1097215585:0:r,5063700697,10046834524,primary,reverse,motorbike,"[[10.780635, 106.676358], [10.7804881, 106.6766554]]",10.78056155,106.6765067,5.236024588114581,328.7009083250881,333.93693291320267,2026-08-20T08:05:28.700908325+07:00,2026-08-20T08:05:31.318920619+07:00,2026-08-20T08:05:33.936932913+07:00
motorbike-1,70,1097215588:0:f,10046834524,10046834525,primary,forward,motorbike,"[[10.7804881, 106.6766554], [10.7804577, 106.6766664]]",10.7804729,106.6766609,0.5166044316323298,333.93693291320267,334.453537344835,2026-08-20T08:05:33.936932913+07:00,2026-08-20T08:05:34.195235129+07:00,2026-08-20T08:05:34.453537345+07:00
motorbike-1,71,1097215588:1:f,10046834525,10046834526,primary,forward,motorbike,"[[10.7804577, 106.6766664], [10.780323, 106.6769203]]",10.78039035,106.67679335,4.538910519965493,334.453537344835,338.9924478648005,2026-08-20T08:05:34.453537345+07:00,2026-08-20T08:05:36.722992605+07:00,2026-08-20T08:05:38.992447865+07:00
motorbike-1,72,1097215588:2:f,10046834526,10046834527,primary,forward,motorbike,"[[10.780323, 106.6769203], [10.78033, 106.6769507]]",10.7803265,106.67693550000001,0.49113755408011484,338.9924478648005,339.48358541888064,2026-08-20T08:05:38.992447865+07:00,2026-08-20T08:05:39.238016642+07:00,2026-08-20T08:05:39.483585419+07:00
motorbike-1,73,1097215589:1:r,10046834527,5778164496,primary,reverse,motorbike,"[[10.78033, 106.6769507], [10.7802644, 106.6770737]]",10.7802972,106.67701220000001,2.201477291474228,339.48358541888064,341.6850627103549,2026-08-20T08:05:39.483585419+07:00,2026-08-20T08:05:40.584324065+07:00,2026-08-20T08:05:41.685062710+07:00
motorbike-1,74,1097215589:0:r,5778164496,10046800715,primary,reverse,motorbike,"[[10.7802644, 106.6770737], [10.7802412, 106.6771159]]",10.7802528,106.67709479999999,0.760663223784838,341.6850627103549,342.4457259341397,2026-08-20T08:05:41.685062710+07:00,2026-08-20T08:05:42.065394322+07:00,2026-08-20T08:05:42.445725934+07:00
motorbike-1,75,225192895:0:f,10046800715,4877811748,primary,forward,motorbike,"[[10.7802412, 106.6771159], [10.7802125, 106.6771286]]",10.78022685,106.67712225,0.5010882417937077,342.4457259341397,342.9468141759334,2026-08-20T08:05:42.445725934+07:00,2026-08-20T08:05:42.696270055+07:00,2026-08-20T08:05:42.946814176+07:00
motorbike-1,76,225192895:1:f,4877811748,5778164526,primary,forward,motorbike,"[[10.7802125, 106.6771286], [10.7801234, 106.677319]]",10.78016795,106.67722380000001,3.317352505439519,342.9468141759334,346.26416668137296,2026-08-20T08:05:42.946814176+07:00,2026-08-20T08:05:44.605490429+07:00,2026-08-20T08:05:46.264166681+07:00
motorbike-1,77,225192895:2:f,5778164526,5059499528,primary,forward,motorbike,"[[10.7801234, 106.677319], [10.7800426, 106.6774743]]",10.780083000000001,106.67739664999999,2.7642540039816876,346.26416668137296,349.02842068535466,2026-08-20T08:05:46.264166681+07:00,2026-08-20T08:05:47.646293683+07:00,2026-08-20T08:05:49.028420685+07:00
motorbike-1,78,225192895:3:f,5059499528,411925476,primary,forward,motorbike,"[[10.7800426, 106.6774743], [10.7797249, 106.6780843]]",10.77988375,106.6777793,10.860120742829416,349.02842068535466,359.88854142818406,2026-08-20T08:05:49.028420685+07:00,2026-08-20T08:05:54.458481057+07:00,2026-08-20T08:05:59.888541428+07:00
motorbike-1,79,225192895:4:f,411925476,11811380955,primary,forward,motorbike,"[[10.7797249, 106.6780843], [10.7796842, 106.6781605]]",10.77970455,106.6781224,1.3643027566394288,359.88854142818406,361.25284418482346,2026-08-20T08:05:59.888541428+07:00,2026-08-20T08:06:00.570692807+07:00,2026-08-20T08:06:01.252844185+07:00
motorbike-1,80,225192895:5:f,11811380955,11846659094,primary,forward,motorbike,"[[10.7796842, 106.6781605], [10.7796323, 106.6782465]]",10.77965825,106.6782035,1.587612338053972,361.25284418482346,362.84045652287745,2026-08-20T08:06:01.252844185+07:00,2026-08-20T08:06:02.046650354+07:00,2026-08-20T08:06:02.840456523+07:00
motorbike-1,81,225192895:6:f,11846659094,13623759834,primary,forward,motorbike,"[[10.7796323, 106.6782465], [10.77953, 106.6784251]]",10.779581149999999,106.6783358,3.2519701562963097,362.84045652287745,366.09242667917374,2026-08-20T08:06:02.840456523+07:00,2026-08-20T08:06:04.466441601+07:00,2026-08-20T08:06:06.092426679+07:00
motorbike-1,82,1486139602:0:f,13623759834,13623759833,primary,forward,motorbike,"[[10.77953, 106.6784251], [10.7795134, 106.6784869]]",10.7795217,106.678456,1.0077702880873294,366.09242667917374,367.10019696726107,2026-08-20T08:06:06.092426679+07:00,2026-08-20T08:06:06.596311823+07:00,2026-08-20T08:06:07.100196967+07:00
motorbike-1,83,1486139601:0:r,13623759833,2690659614,primary,reverse,motorbike,"[[10.7795134, 106.6784869], [10.7794286, 106.678638]]",10.779471000000001,106.67856245,2.7372535764615678,367.10019696726107,369.83745054372264,2026-08-20T08:06:07.100196967+07:00,2026-08-20T08:06:08.468823755+07:00,2026-08-20T08:06:09.837450544+07:00
motorbike-1,84,32588532:12:r,2690659614,13475788553,primary,reverse,motorbike,"[[10.7794286, 106.678638], [10.7792732, 106.6789482]]",10.7793509,106.67879310000001,5.477150236762506,369.83745054372264,375.31460078048514,2026-08-20T08:06:09.837450544+07:00,2026-08-20T08:06:12.576025662+07:00,2026-08-20T08:06:15.314600780+07:00
motorbike-1,85,32588532:11:r,13475788553,2690659611,primary,reverse,motorbike,"[[10.7792732, 106.6789482], [10.7791963, 106.6790738]]",10.77923475,106.679011,2.3279385221688593,375.31460078048514,377.642539302654,2026-08-20T08:06:15.314600780+07:00,2026-08-20T08:06:16.478570042+07:00,2026-08-20T08:06:17.642539303+07:00
motorbike-1,86,32588532:10:r,2690659611,9448814093,primary,reverse,motorbike,"[[10.7791963, 106.6790738], [10.7790144, 106.6793882]]",10.77910535,106.679231,5.739335896191901,377.642539302654,383.3818751988459,2026-08-20T08:06:17.642539303+07:00,2026-08-20T08:06:20.512207251+07:00,2026-08-20T08:06:23.381875199+07:00
motorbike-1,87,32588532:9:r,9448814093,9448814094,primary,reverse,motorbike,"[[10.7790144, 106.6793882], [10.7789954, 106.6794252]]",10.7790049,106.6794067,0.6567137361645851,383.3818751988459,384.03858893501047,2026-08-20T08:06:23.381875199+07:00,2026-08-20T08:06:23.710232067+07:00,2026-08-20T08:06:24.038588935+07:00
motorbike-1,88,32588532:8:r,9448814094,2690659695,primary,reverse,motorbike,"[[10.7789954, 106.6794252], [10.7788862, 106.6796379]]",10.7789408,106.67953155000001,3.7750367476998847,384.03858893501047,387.8136256827103,2026-08-20T08:06:24.038588935+07:00,2026-08-20T08:06:25.926107309+07:00,2026-08-20T08:06:27.813625683+07:00
motorbike-1,89,32588532:7:r,2690659695,2690659691,primary,reverse,motorbike,"[[10.7788862, 106.6796379], [10.7787762, 106.6798422]]",10.778831199999999,106.67974004999999,3.664588498414887,387.8136256827103,391.4782141811252,2026-08-20T08:06:27.813625683+07:00,2026-08-20T08:06:29.645919932+07:00,2026-08-20T08:06:31.478214181+07:00
motorbike-1,90,32588532:6:r,2690659691,5778164489,primary,reverse,motorbike,"[[10.7787762, 106.6798422], [10.778629, 106.680115]]",10.778702599999999,106.6799786,4.8957435981788056,391.4782141811252,396.373957779304,2026-08-20T08:06:31.478214181+07:00,2026-08-20T08:06:33.926085980+07:00,2026-08-20T08:06:36.373957779+07:00
motorbike-1,91,32588532:5:r,5778164489,411921991,primary,reverse,motorbike,"[[10.778629, 106.680115], [10.7785269, 106.6803098]]",10.778577949999999,106.6802124,3.472973591974128,396.373957779304,399.8469313712782,2026-08-20T08:06:36.373957779+07:00,2026-08-20T08:06:38.110444575+07:00,2026-08-20T08:06:39.846931371+07:00
motorbike-1,92,32588532:4:r,411921991,6813499478,primary,reverse,motorbike,"[[10.7785269, 106.6803098], [10.7784067, 106.6805368]]",10.7784668,106.6804233,4.0563052185951705,399.8469313712782,403.90323658987336,2026-08-20T08:06:39.846931371+07:00,2026-08-20T08:06:41.875083981+07:00,2026-08-20T08:06:43.903236590+07:00
motorbike-1,93,32588532:3:r,6813499478,9774649665,primary,reverse,motorbike,"[[10.7784067, 106.6805368], [10.778293, 106.6807602]]",10.77834985,106.68064849999999,3.9576061375485585,403.90323658987336,407.8608427274219,2026-08-20T08:06:43.903236590+07:00,2026-08-20T08:06:45.882039659+07:00,2026-08-20T08:06:47.860842727+07:00
motorbike-1,94,32588532:2:r,9774649665,13913718109,primary,reverse,motorbike,"[[10.778293, 106.6807602], [10.7780859, 106.6811768]]",10.77818945,106.6809685,7.34423562342613,407.8608427274219,415.20507835084805,2026-08-20T08:06:47.860842727+07:00,2026-08-20T08:06:51.532960538+07:00,2026-08-20T08:06:55.205078351+07:00
motorbike-1,95,32588532:1:r,13913718109,13913718114,primary,reverse,motorbike,"[[10.7780859, 106.6811768], [10.7780591, 106.6812308]]",10.7780725,106.68120379999999,0.9516443535935579,415.20507835084805,416.1567227044416,2026-08-20T08:06:55.205078351+07:00,2026-08-20T08:06:55.680900528+07:00,2026-08-20T08:06:56.156722704+07:00
motorbike-1,96,32588532:0:r,13913718114,4646769645,primary,reverse,motorbike,"[[10.7780591, 106.6812308], [10.77795, 106.6814502]]",10.77800455,106.6813405,3.868032637363131,416.1567227044416,420.02475534180473,2026-08-20T08:06:56.156722704+07:00,2026-08-20T08:06:58.090739023+07:00,2026-08-20T08:07:00.024755342+07:00
motorbike-1,97,1265743179:0:f,4646769645,6789329104,primary,forward,motorbike,"[[10.77795, 106.6814502], [10.7779027, 106.6814279]]",10.777926350000001,106.68143905,0.8346570135598238,420.02475534180473,420.85941235536455,2026-08-20T08:07:00.024755342+07:00,2026-08-20T08:07:00.442083849+07:00,2026-08-20T08:07:00.859412355+07:00
motorbike-1,98,1265743179:1:f,6789329104,411919418,primary,forward,motorbike,"[[10.7779027, 106.6814279], [10.7778512, 106.6814148]]",10.77787695,106.68142135,0.8499779929181599,420.85941235536455,421.70939034828274,2026-08-20T08:07:00.859412355+07:00,2026-08-20T08:07:01.284401352+07:00,2026-08-20T08:07:01.709390348+07:00
motorbike-1,99,1174211369:0:f,411919418,701666211,primary,forward,motorbike,"[[10.7778512, 106.6814148], [10.7777681, 106.6814148]]",10.77780965,106.6814148,1.3306048081324344,421.70939034828274,423.03999515641516,2026-08-20T08:07:01.709390348+07:00,2026-08-20T08:07:02.374692752+07:00,2026-08-20T08:07:03.039995156+07:00
motorbike-1,100,1174211369:1:f,701666211,701666209,primary,forward,motorbike,"[[10.7777681, 106.6814148], [10.7776887, 106.6814396]]",10.7777284,106.6814272,1.3298611062110497,423.03999515641516,424.36985626262623,2026-08-20T08:07:03.039995156+07:00,2026-08-20T08:07:03.704925710+07:00,2026-08-20T08:07:04.369856263+07:00
motorbike-1,101,1174211369:2:f,701666209,411919383,primary,forward,motorbike,"[[10.7776887, 106.6814396], [10.77762, 106.681487]]",10.77765435,106.6814633,1.3288960009831357,424.36985626262623,425.6987522636094,2026-08-20T08:07:04.369856263+07:00,2026-08-20T08:07:05.034304263+07:00,2026-08-20T08:07:05.698752264+07:00
motorbike-1,102,1265471315:0:f,411919383,701666210,primary,forward,motorbike,"[[10.77762, 106.681487], [10.7775723, 106.6815455]]",10.77759615,106.68151625,1.195865382923049,425.6987522636094,426.8946176465324,2026-08-20T08:07:05.698752264+07:00,2026-08-20T08:07:06.296684955+07:00,2026-08-20T08:07:06.894617647+07:00
motorbike-1,103,1265471315:1:f,701666210,411919403,primary,forward,motorbike,"[[10.7775723, 106.6815455], [10.7775416, 106.6816148]]",10.77755695,106.68158015,1.195777160425992,426.8946176465324,428.09039480695844,2026-08-20T08:07:06.894617647+07:00,2026-08-20T08:07:07.492506227+07:00,2026-08-20T08:07:08.090394807+07:00
motorbike-1,104,1265471315:2:f,411919403,4646769638,primary,forward,motorbike,"[[10.7775416, 106.6816148], [10.7775299, 106.6816898]]",10.777535749999998,106.6816523,1.1945060470871889,428.09039480695844,429.28490085404565,2026-08-20T08:07:08.090394807+07:00,2026-08-20T08:07:08.687647831+07:00,2026-08-20T08:07:09.284900854+07:00
motorbike-1,105,1265471315:3:f,4646769638,5778245684,primary,forward,motorbike,"[[10.7775299, 106.6816898], [10.7775382, 106.6817654]]",10.77753405,106.6817276,1.1965648454588744,429.28490085404565,430.4814656995045,2026-08-20T08:07:09.284900854+07:00,2026-08-20T08:07:09.883183277+07:00,2026-08-20T08:07:10.481465700+07:00
motorbike-1,106,1265471315:4:f,5778245684,6793471365,primary,forward,motorbike,"[[10.7775382, 106.6817654], [10.7775553, 106.6818149]]",10.777546749999999,106.68179015000001,0.8253577846899858,430.4814656995045,431.30682348419447,2026-08-20T08:07:10.481465700+07:00,2026-08-20T08:07:10.894144592+07:00,2026-08-20T08:07:11.306823484+07:00
motorbike-1,107,1265471315:5:f,6793471365,4646769639,primary,forward,motorbike,"[[10.7775553, 106.6818149], [10.777581, 106.6818604]]",10.77756815,106.68183765,0.8255701430185027,431.30682348419447,432.132393627213,2026-08-20T08:07:11.306823484+07:00,2026-08-20T08:07:11.719608556+07:00,2026-08-20T08:07:12.132393627+07:00
motorbike-1,108,1265743178:0:f,4646769639,6793471367,primary,forward,motorbike,"[[10.777581, 106.6818604], [10.7776145, 106.6819003]]",10.77759775,106.68188035,0.8256078261615925,432.132393627213,432.9580014533746,2026-08-20T08:07:12.132393627+07:00,2026-08-20T08:07:12.545197540+07:00,2026-08-20T08:07:12.958001453+07:00
motorbike-1,109,1265743178:1:f,6793471367,411919210,primary,forward,motorbike,"[[10.7776145, 106.6819003], [10.7776602, 106.6819378]]",10.77763735,106.68191905,0.9398928539138994,432.9580014533746,433.8978943072885,2026-08-20T08:07:12.958001453+07:00,2026-08-20T08:07:13.427947880+07:00,2026-08-20T08:07:13.897894307+07:00
motorbike-1,110,723823268:3:r,411919210,4879876939,primary,reverse,motorbike,"[[10.7776602, 106.6819378], [10.7775987, 106.682044]]",10.77762945,106.6819909,1.939136585620488,433.8978943072885,435.83703089290896,2026-08-20T08:07:13.897894307+07:00,2026-08-20T08:07:14.867462600+07:00,2026-08-20T08:07:15.837030893+07:00
motorbike-1,111,723823268:2:r,4879876939,13913718111,primary,reverse,motorbike,"[[10.7775987, 106.682044], [10.77758, 106.6820786]]",10.77758935,106.6820613,0.6211758407745192,435.83703089290896,436.4582067336835,2026-08-20T08:07:15.837030893+07:00,2026-08-20T08:07:16.147618813+07:00,2026-08-20T08:07:16.458206734+07:00
motorbike-1,112,723823268:1:r,13913718111,6789328758,primary,reverse,motorbike,"[[10.77758, 106.6820786], [10.7772277, 106.6827295]]",10.777403849999999,106.68240405,11.689613381615095,436.4582067336835,448.1478201152986,2026-08-20T08:07:16.458206734+07:00,2026-08-20T08:07:22.303013424+07:00,2026-08-20T08:07:28.147820115+07:00
motorbike-1,113,723823268:0:r,6789328758,411926405,primary,reverse,motorbike,"[[10.7772277, 106.6827295], [10.7772057, 106.6827702]]",10.7772167,106.68274985,0.7307147344789957,448.1478201152986,448.8785348497776,2026-08-20T08:07:28.147820115+07:00,2026-08-20T08:07:28.513177483+07:00,2026-08-20T08:07:28.878534850+07:00
motorbike-1,114,1180975823:1:r,411926405,6793708683,primary,reverse,motorbike,"[[10.7772057, 106.6827702], [10.7771497, 106.6828722]]",10.7771777,106.6828212,1.8379915274394778,448.8785348497776,450.7165263772171,2026-08-20T08:07:28.878534850+07:00,2026-08-20T08:07:29.797530613+07:00,2026-08-20T08:07:30.716526377+07:00
motorbike-1,115,1180975823:0:r,6793708683,6794477957,primary,reverse,motorbike,"[[10.7771497, 106.6828722], [10.7769816, 106.6831854]]",10.77706565,106.6830288,5.613877404367747,450.7165263772171,456.3304037815849,2026-08-20T08:07:30.716526377+07:00,2026-08-20T08:07:33.523465079+07:00,2026-08-20T08:07:36.330403782+07:00
motorbike-1,116,724496035:0:f,6794477957,6794477956,primary,forward,motorbike,"[[10.7769816, 106.6831854], [10.776917, 106.6832352]]",10.776949299999998,106.6832103,1.297521772306145,456.3304037815849,457.62792555389103,2026-08-20T08:07:36.330403782+07:00,2026-08-20T08:07:36.979164668+07:00,2026-08-20T08:07:37.627925554+07:00
motorbike-1,117,724496035:1:f,6794477956,11953547343,primary,forward,motorbike,"[[10.776917, 106.6832352], [10.776769, 106.6835101]]",10.776843,106.68337265,4.9308883343466,457.62792555389103,462.55881388823764,2026-08-20T08:07:37.627925554+07:00,2026-08-20T08:07:40.093369721+07:00,2026-08-20T08:07:42.558813888+07:00
motorbike-1,118,724496035:2:f,11953547343,6793729485,primary,forward,motorbike,"[[10.776769, 106.6835101], [10.7767551, 106.683536]]",10.77676205,106.68352305,0.4642310275931574,462.55881388823764,463.0230449158308,2026-08-20T08:07:42.558813888+07:00,2026-08-20T08:07:42.790929402+07:00,2026-08-20T08:07:43.023044916+07:00
motorbike-1,119,724496035:3:f,6793729485,11953547345,primary,forward,motorbike,"[[10.7767551, 106.683536], [10.7766932, 106.6836573]]",10.77672415,106.68359665,2.1500891190646234,463.0230449158308,465.1731340348954,2026-08-20T08:07:43.023044916+07:00,2026-08-20T08:07:44.098089475+07:00,2026-08-20T08:07:45.173134035+07:00
motorbike-1,120,230934665:0:f,11953547345,11953547351,primary,forward,motorbike,"[[10.7766932, 106.6836573], [10.7766301, 106.6837683]]",10.776661650000001,106.6837128,2.01725942427719,465.1731340348954,467.1903934591726,2026-08-20T08:07:45.173134035+07:00,2026-08-20T08:07:46.181763747+07:00,2026-08-20T08:07:47.190393459+07:00
motorbike-1,121,230934665:1:f,11953547351,411921432,primary,forward,motorbike,"[[10.7766301, 106.6837683], [10.7762114, 106.6845322]]",10.77642075,106.68415025,13.759707309120344,467.1903934591726,480.95010076829294,2026-08-20T08:07:47.190393459+07:00,2026-08-20T08:07:54.070247114+07:00,2026-08-20T08:08:00.950100768+07:00
motorbike-1,122,230934665:2:f,411921432,10721790774,primary,forward,motorbike,"[[10.7762114, 106.6845322], [10.7760619, 106.68483]]",10.77613665,106.6846811,5.260521440441843,480.95010076829294,486.2106222087348,2026-08-20T08:08:00.950100768+07:00,2026-08-20T08:08:03.580361489+07:00,2026-08-20T08:08:06.210622209+07:00
motorbike-1,123,230934665:3:f,10721790774,6786750512,primary,forward,motorbike,"[[10.7760619, 106.68483], [10.7758871, 106.6851564]]",10.7759745,106.68499320000001,5.847543231044468,486.2106222087348,492.05816543977926,2026-08-20T08:08:06.210622209+07:00,2026-08-20T08:08:09.134393824+07:00,2026-08-20T08:08:12.058165440+07:00
motorbike-1,124,230934665:4:f,6786750512,2393615144,primary,forward,motorbike,"[[10.7758871, 106.6851564], [10.7758553, 106.6852154]]",10.775871200000001,106.6851859,1.0585621519123405,492.05816543977926,493.1167275916916,2026-08-20T08:08:12.058165440+07:00,2026-08-20T08:08:12.587446516+07:00,2026-08-20T08:08:13.116727592+07:00
motorbike-1,125,35113721:20:r,2393615144,411926428,tertiary,reverse,motorbike,"[[10.7758553, 106.6852154], [10.7758973, 106.6852571]]",10.7758763,106.68523625,0.939420520864047,493.1167275916916,494.0561481125556,2026-08-20T08:08:13.116727592+07:00,2026-08-20T08:08:13.586437852+07:00,2026-08-20T08:08:14.056148113+07:00
motorbike-1,126,35113721:19:r,411926428,4035870191,tertiary,reverse,motorbike,"[[10.7758973, 106.6852571], [10.7763265, 106.6856829]]",10.7761119,106.68547000000001,9.596308675194344,494.0561481125556,503.65245678774994,2026-08-20T08:08:14.056148113+07:00,2026-08-20T08:08:18.854302450+07:00,2026-08-20T08:08:23.652456788+07:00
motorbike-1,127,35113721:18:r,4035870191,3257259160,tertiary,reverse,motorbike,"[[10.7763265, 106.6856829], [10.7767966, 106.6861495]]",10.77656155,106.68591620000001,10.51322699839001,503.65245678774994,514.16568378614,2026-08-20T08:08:23.652456788+07:00,2026-08-20T08:08:28.909070287+07:00,2026-08-20T08:08:34.165683786+07:00
motorbike-1,128,35113721:17:r,3257259160,411919270,tertiary,reverse,motorbike,"[[10.7767966, 106.6861495], [10.7773632, 106.6867116]]",10.7770799,106.68643055,12.668232817288866,514.16568378614,526.8339166034289,2026-08-20T08:08:34.165683786+07:00,2026-08-20T08:08:40.499800195+07:00,2026-08-20T08:08:46.833916603+07:00
motorbike-1,129,35113721:16:r,411919270,14072280071,tertiary,reverse,motorbike,"[[10.7773632, 106.6867116], [10.7774578, 106.6868055]]",10.7774105,106.68675855000001,2.1156609211953934,526.8339166034289,528.9495775246243,2026-08-20T08:08:46.833916603+07:00,2026-08-20T08:08:47.891747064+07:00,2026-08-20T08:08:48.949577525+07:00
motorbike-1,130,35113721:15:r,14072280071,5778300422,tertiary,reverse,motorbike,"[[10.7774578, 106.6868055], [10.7778991, 106.6872434]]",10.77767845,106.68702445,9.867875024072822,528.9495775246243,538.8174525486971,2026-08-20T08:08:48.949577525+07:00,2026-08-20T08:08:53.883515037+07:00,2026-08-20T08:08:58.817452549+07:00
motorbike-1,131,327048054:15:f,5778300422,5778300433,tertiary,forward,motorbike,"[[10.7778991, 106.6872434], [10.777541, 106.6876317]]",10.77772005,106.68743755,8.377553549688649,538.8174525486971,547.1950060983858,2026-08-20T08:08:58.817452549+07:00,2026-08-20T08:09:03.006229324+07:00,2026-08-20T08:09:07.195006098+07:00
motorbike-1,132,327048054:16:f,5778300433,411926144,tertiary,forward,motorbike,"[[10.777541, 106.6876317], [10.7774802, 106.6876976]]",10.7775106,106.68766465,1.4220678452535473,547.1950060983858,548.6170739436393,2026-08-20T08:09:07.195006098+07:00,2026-08-20T08:09:07.906040021+07:00,2026-08-20T08:09:08.617073944+07:00
motorbike-1,133,327048054:17:f,411926144,411926143,tertiary,forward,motorbike,"[[10.7774802, 106.6876976], [10.7771139, 106.6880944]]",10.77729705,106.687896,8.564905326364073,548.6170739436393,557.1819792700034,2026-08-20T08:09:08.617073944+07:00,2026-08-20T08:09:12.899526607+07:00,2026-08-20T08:09:17.181979270+07:00
motorbike-2,1,242307850:0:f,2498079018,2498079021,service,forward,motorbike,"[[10.7802867, 106.6595074], [10.7813987, 106.6605783]]",10.780842700000001,106.66004285,24.510766370892025,0.0,24.510766370892025,2026-08-20T08:00:00+07:00,2026-08-20T08:00:12.255383185+07:00,2026-08-20T08:00:24.510766371+07:00
motorbike-2,2,242307850:1:f,2498079021,366433075,service,forward,motorbike,"[[10.7813987, 106.6605783], [10.7807714, 106.6607314]]",10.781085050000002,106.66065485,10.329037001902451,24.510766370892025,34.83980337279448,2026-08-20T08:00:24.510766371+07:00,2026-08-20T08:00:29.675284872+07:00,2026-08-20T08:00:34.839803373+07:00
motorbike-2,3,1277704606:0:r,366433075,1349033429,residential,reverse,motorbike,"[[10.7807714, 106.6607314], [10.7810596, 106.6614957]]",10.7809155,106.66111355000001,12.877292037855717,34.83980337279448,47.717095410650195,2026-08-20T08:00:34.839803373+07:00,2026-08-20T08:00:41.278449392+07:00,2026-08-20T08:00:47.717095411+07:00
motorbike-2,4,520723335:2:r,1349033429,4415686093,tertiary,reverse,motorbike,"[[10.7810596, 106.6614957], [10.7813997, 106.6623673]]",10.78122965,106.66193150000001,14.751753042592275,47.717095410650195,62.46884845324247,2026-08-20T08:00:47.717095411+07:00,2026-08-20T08:00:55.092971932+07:00,2026-08-20T08:01:02.468848453+07:00
motorbike-2,5,520723335:1:r,4415686093,4415547496,tertiary,reverse,motorbike,"[[10.7813997, 106.6623673], [10.7817477, 106.6632592]]",10.7815737,106.66281325,15.095189128374933,62.46884845324247,77.56403758161741,2026-08-20T08:01:02.468848453+07:00,2026-08-20T08:01:10.016443017+07:00,2026-08-20T08:01:17.564037582+07:00
motorbike-2,6,520723335:0:r,4415547496,366413355,tertiary,reverse,motorbike,"[[10.7817477, 106.6632592], [10.7822562, 106.6645756]]",10.782001950000002,106.6639174,22.24952552792061,77.56403758161741,99.81356310953802,2026-08-20T08:01:17.564037582+07:00,2026-08-20T08:01:28.688800346+07:00,2026-08-20T08:01:39.813563110+07:00
motorbike-2,7,32579174:7:f,366413355,366382549,residential,forward,motorbike,"[[10.7822562, 106.6645756], [10.7818835, 106.665204]]",10.78206985,106.6648898,11.54617415683,99.81356310953802,111.35973726636803,2026-08-20T08:01:39.813563110+07:00,2026-08-20T08:01:45.586650188+07:00,2026-08-20T08:01:51.359737266+07:00
motorbike-2,8,32579174:8:f,366382549,366457844,residential,forward,motorbike,"[[10.7818835, 106.665204], [10.7815821, 106.6657795]]",10.7817328,106.66549175,10.25839145338479,111.35973726636803,121.61812871975282,2026-08-20T08:01:51.359737266+07:00,2026-08-20T08:01:56.488932993+07:00,2026-08-20T08:02:01.618128720+07:00
motorbike-2,9,32579174:9:f,366457844,2930534054,residential,forward,motorbike,"[[10.7815821, 106.6657795], [10.7814678, 106.6659784]]",10.78152495,106.66587895,3.624584720921729,121.61812871975282,125.24271344067455,2026-08-20T08:02:01.618128720+07:00,2026-08-20T08:02:03.430421080+07:00,2026-08-20T08:02:05.242713441+07:00
motorbike-2,10,289494377:7:r,2930534054,5772254959,residential,reverse,motorbike,"[[10.7814678, 106.6659784], [10.7816144, 106.6661531]]",10.7815411,106.66606575,3.6140412492954717,125.24271344067455,128.85675468997002,2026-08-20T08:02:05.242713441+07:00,2026-08-20T08:02:07.049734065+07:00,2026-08-20T08:02:08.856754690+07:00
motorbike-2,11,289494377:6:r,5772254959,5772452208,residential,reverse,motorbike,"[[10.7816144, 106.6661531], [10.7816538, 106.6662]]",10.781634100000002,106.66617655,0.9706810904323508,128.85675468997002,129.82743578040237,2026-08-20T08:02:08.856754690+07:00,2026-08-20T08:02:09.342095235+07:00,2026-08-20T08:02:09.827435780+07:00
motorbike-2,12,289494377:5:r,5772452208,2930534057,residential,reverse,motorbike,"[[10.7816538, 106.6662], [10.7817639, 106.6663312]]",10.781708850000001,106.6662656,2.71418305186391,129.82743578040237,132.54161883226627,2026-08-20T08:02:09.827435780+07:00,2026-08-20T08:02:11.184527306+07:00,2026-08-20T08:02:12.541618832+07:00
motorbike-2,13,289494377:4:r,2930534057,13174777970,residential,reverse,motorbike,"[[10.7817639, 106.6663312], [10.7817693, 106.6663406]]",10.781766600000001,106.6663359,0.17128288444331768,132.54161883226627,132.71290171670958,2026-08-20T08:02:12.541618832+07:00,2026-08-20T08:02:12.627260274+07:00,2026-08-20T08:02:12.712901717+07:00
motorbike-2,14,289494377:3:r,13174777970,13174777972,residential,reverse,motorbike,"[[10.7817693, 106.6663406], [10.7817702, 106.6663515]]",10.78176975,106.66634605,0.1720553272408841,132.71290171670958,132.88495704395046,2026-08-20T08:02:12.712901717+07:00,2026-08-20T08:02:12.798929380+07:00,2026-08-20T08:02:12.884957044+07:00
motorbike-2,15,289494377:2:r,13174777972,13174777971,residential,reverse,motorbike,"[[10.7817702, 106.6663515], [10.7817664, 106.6663618]]",10.7817683,106.66635665000001,0.1730620536081506,132.88495704395046,133.05801909755863,2026-08-20T08:02:12.884957044+07:00,2026-08-20T08:02:12.971488071+07:00,2026-08-20T08:02:13.058019098+07:00
motorbike-2,16,289494377:1:r,13174777971,5772254960,residential,reverse,motorbike,"[[10.7817664, 106.6663618], [10.7817586, 106.6663696]]",10.7817625,106.6663657,0.17507516038425794,133.05801909755863,133.2330942579429,2026-08-20T08:02:13.058019098+07:00,2026-08-20T08:02:13.145556678+07:00,2026-08-20T08:02:13.233094258+07:00
motorbike-2,17,289494377:0:r,5772254960,2930534062,residential,reverse,motorbike,"[[10.7817586, 106.6663696], [10.7815428, 106.6665411]]",10.7816507,106.66645535,4.383707099311092,133.2330942579429,137.616801357254,2026-08-20T08:02:13.233094258+07:00,2026-08-20T08:02:15.424947808+07:00,2026-08-20T08:02:17.616801357+07:00
motorbike-2,18,694637565:0:f,2930534062,4120155315,residential,forward,motorbike,"[[10.7815428, 106.6665411], [10.781474, 106.6665947]]",10.7815084,106.6665679,1.387230021812698,137.616801357254,139.0040313790667,2026-08-20T08:02:17.616801357+07:00,2026-08-20T08:02:18.310416368+07:00,2026-08-20T08:02:19.004031379+07:00
motorbike-2,19,410150107:0:f,4120155315,5074798763,residential,forward,motorbike,"[[10.781474, 106.6665947], [10.781708, 106.6668532]]",10.781590999999999,106.66672395,5.529156304135128,139.0040313790667,144.53318768320185,2026-08-20T08:02:19.004031379+07:00,2026-08-20T08:02:21.768609531+07:00,2026-08-20T08:02:24.533187682+07:00
motorbike-2,20,520723263:0:f,5074798763,4120155316,residential,forward,motorbike,"[[10.781708, 106.6668532], [10.7817826, 106.6669348]]",10.7817453,106.66689400000001,1.7533574080218002,144.53318768320185,146.28654509122364,2026-08-20T08:02:24.533187682+07:00,2026-08-20T08:02:25.409866387+07:00,2026-08-20T08:02:26.286545091+07:00
motorbike-2,21,520723263:1:f,4120155316,4120155317,residential,forward,motorbike,"[[10.7817826, 106.6669348], [10.7818855, 106.6670827]]",10.78183405,106.66700875000001,2.850751430993586,146.28654509122364,149.13729652221724,2026-08-20T08:02:26.286545091+07:00,2026-08-20T08:02:27.711920807+07:00,2026-08-20T08:02:29.137296522+07:00
motorbike-2,22,520723263:2:f,4120155317,4120155318,residential,forward,motorbike,"[[10.7818855, 106.6670827], [10.7818644, 106.6671751]]",10.781874949999999,106.6671289,1.4921506261487727,149.13729652221724,150.629447148366,2026-08-20T08:02:29.137296522+07:00,2026-08-20T08:02:29.883371835+07:00,2026-08-20T08:02:30.629447148+07:00
motorbike-2,23,520723263:3:f,4120155318,5074798794,residential,forward,motorbike,"[[10.7818644, 106.6671751], [10.7817621, 106.6672668]]",10.781813249999999,106.66722095,2.182578526112776,150.629447148366,152.81202567447878,2026-08-20T08:02:30.629447148+07:00,2026-08-20T08:02:31.720736411+07:00,2026-08-20T08:02:32.812025674+07:00
motorbike-2,24,520723263:4:f,5074798794,4120155319,residential,forward,motorbike,"[[10.7817621, 106.6672668], [10.7814073, 106.6675849]]",10.7815847,106.66742585,7.57034582178801,152.81202567447878,160.38237149626679,2026-08-20T08:02:32.812025674+07:00,2026-08-20T08:02:36.597198585+07:00,2026-08-20T08:02:40.382371496+07:00
motorbike-2,25,520723263:5:f,4120155319,5074798792,residential,forward,motorbike,"[[10.7814073, 106.6675849], [10.7813718, 106.6676167]]",10.78138955,106.6676008,0.7571712286320714,160.38237149626679,161.13954272489886,2026-08-20T08:02:40.382371496+07:00,2026-08-20T08:02:40.760957111+07:00,2026-08-20T08:02:41.139542725+07:00
motorbike-2,26,520723263:6:f,5074798792,4120155276,residential,forward,motorbike,"[[10.7813718, 106.6676167], [10.7810966, 106.6678628]]",10.7812342,106.66773975,5.865345091804715,161.13954272489886,167.0048878167036,2026-08-20T08:02:41.139542725+07:00,2026-08-20T08:02:44.072215271+07:00,2026-08-20T08:02:47.004887817+07:00
motorbike-2,27,410150095:5:f,4120155276,5074798790,residential,forward,motorbike,"[[10.7810966, 106.6678628], [10.7810635, 106.6679227]]",10.78108005,106.66789275,1.0810325541474493,167.0048878167036,168.08592037085103,2026-08-20T08:02:47.004887817+07:00,2026-08-20T08:02:47.545404094+07:00,2026-08-20T08:02:48.085920371+07:00
motorbike-2,28,410150095:6:f,5074798790,5074798789,residential,forward,motorbike,"[[10.7810635, 106.6679227], [10.780941, 106.668144]]",10.78100225,106.66803335,3.9955337663611283,168.08592037085103,172.08145413721215,2026-08-20T08:02:48.085920371+07:00,2026-08-20T08:02:50.083687254+07:00,2026-08-20T08:02:52.081454137+07:00
motorbike-2,29,410150095:7:f,5074798789,4120155272,residential,forward,motorbike,"[[10.780941, 106.668144], [10.7808012, 106.6683849]]",10.7808711,106.66826445000001,4.401034633005793,172.08145413721215,176.48248877021794,2026-08-20T08:02:52.081454137+07:00,2026-08-20T08:02:54.281971454+07:00,2026-08-20T08:02:56.482488770+07:00
motorbike-2,30,410150095:0:r,4120155272,4120155271,residential,reverse,motorbike,"[[10.7808012, 106.6683849], [10.7809462, 106.6685844]]",10.7808737,106.66848465000001,3.903558768155955,176.48248877021794,180.3860475383739,2026-08-20T08:02:56.482488770+07:00,2026-08-20T08:02:58.434268154+07:00,2026-08-20T08:03:00.386047538+07:00
motorbike-2,31,410149784:1:r,4120155271,4120151675,residential,reverse,motorbike,"[[10.7809462, 106.6685844], [10.7809123, 106.6686089]]",10.78092925,106.66859665,0.6656982828210405,180.3860475383739,181.05174582119494,2026-08-20T08:03:00.386047538+07:00,2026-08-20T08:03:00.718896680+07:00,2026-08-20T08:03:01.051745821+07:00
motorbike-2,32,410149784:0:r,4120151675,4120151674,residential,reverse,motorbike,"[[10.7809123, 106.6686089], [10.780507, 106.6689134]]",10.78070965,106.66876115,8.065776253544282,181.05174582119494,189.1175220747392,2026-08-20T08:03:01.051745821+07:00,2026-08-20T08:03:05.084633948+07:00,2026-08-20T08:03:09.117522075+07:00
motorbike-2,33,716044137:15:r,4120151674,366403850,secondary,reverse,motorbike,"[[10.780507, 106.6689134], [10.7805677, 106.6689967]]",10.78053735,106.66895505,1.6313964347934653,189.1175220747392,190.74891850953267,2026-08-20T08:03:09.117522075+07:00,2026-08-20T08:03:09.933220292+07:00,2026-08-20T08:03:10.748918510+07:00
motorbike-2,34,716044137:14:r,366403850,13441558876,secondary,reverse,motorbike,"[[10.7805677, 106.6689967], [10.7808711, 106.6694055]]",10.7807194,106.6692011,8.059060775365502,190.74891850953267,198.80797928489818,2026-08-20T08:03:10.748918510+07:00,2026-08-20T08:03:14.778448897+07:00,2026-08-20T08:03:18.807979285+07:00
motorbike-2,35,716044137:13:r,13441558876,366464770,secondary,reverse,motorbike,"[[10.7808711, 106.6694055], [10.7808899, 106.6694309]]",10.7808805,106.6694182,0.5002405186640708,198.80797928489818,199.30821980356225,2026-08-20T08:03:18.807979285+07:00,2026-08-20T08:03:19.058099544+07:00,2026-08-20T08:03:19.308219804+07:00
motorbike-2,36,716044137:12:r,366464770,13441558874,secondary,reverse,motorbike,"[[10.7808899, 106.6694309], [10.7809051, 106.6694517]]",10.7808975,106.66944129999999,0.40777182952508195,199.30821980356225,199.71599163308733,2026-08-20T08:03:19.308219804+07:00,2026-08-20T08:03:19.512105718+07:00,2026-08-20T08:03:19.715991633+07:00
motorbike-2,37,716044137:11:r,13441558874,366434727,secondary,reverse,motorbike,"[[10.7809051, 106.6694517], [10.7811107, 106.669732]]",10.781007899999999,106.66959184999999,5.502439776901824,199.71599163308733,205.21843140998914,2026-08-20T08:03:19.715991633+07:00,2026-08-20T08:03:22.467211522+07:00,2026-08-20T08:03:25.218431410+07:00
motorbike-2,38,716044137:10:r,366434727,3718387279,secondary,reverse,motorbike,"[[10.7811107, 106.669732], [10.7811663, 106.6698044]]",10.7811385,106.6697682,1.4455032417919214,205.21843140998914,206.66393465178106,2026-08-20T08:03:25.218431410+07:00,2026-08-20T08:03:25.941183031+07:00,2026-08-20T08:03:26.663934652+07:00
motorbike-2,39,716044137:9:r,3718387279,3718387319,secondary,reverse,motorbike,"[[10.7811663, 106.6698044], [10.7816116, 106.6703849]]",10.78138895,106.67009465000001,11.585062312152202,206.66393465178106,218.24899696393325,2026-08-20T08:03:26.663934652+07:00,2026-08-20T08:03:32.456465808+07:00,2026-08-20T08:03:38.248996964+07:00
motorbike-2,40,716044137:8:r,3718387319,5063701425,secondary,reverse,motorbike,"[[10.7816116, 106.6703849], [10.7818565, 106.6707042]]",10.78173405,106.67054455,6.371941858054412,218.24899696393325,224.62093882198766,2026-08-20T08:03:38.248996964+07:00,2026-08-20T08:03:41.434967893+07:00,2026-08-20T08:03:44.620938822+07:00
motorbike-2,41,716044137:7:r,5063701425,5063701430,secondary,reverse,motorbike,"[[10.7818565, 106.6707042], [10.7821688, 106.6711112]]",10.78201265,106.6709077,8.123405922146333,224.62093882198766,232.744344744134,2026-08-20T08:03:44.620938822+07:00,2026-08-20T08:03:48.682641783+07:00,2026-08-20T08:03:52.744344744+07:00
motorbike-2,42,716044137:6:r,5063701430,3718387308,secondary,reverse,motorbike,"[[10.7821688, 106.6711112], [10.7822208, 106.671179]]",10.7821948,106.67114509999999,1.3529944801275182,232.744344744134,234.0973392242615,2026-08-20T08:03:52.744344744+07:00,2026-08-20T08:03:53.420841984+07:00,2026-08-20T08:03:54.097339224+07:00
motorbike-2,43,716044137:5:r,3718387308,5063701421,secondary,reverse,motorbike,"[[10.7822208, 106.671179], [10.782292, 106.6712731]]",10.7822564,106.67122605,1.8682996487015824,234.0973392242615,235.9656388729631,2026-08-20T08:03:54.097339224+07:00,2026-08-20T08:03:55.031489048+07:00,2026-08-20T08:03:55.965638873+07:00
motorbike-2,44,716044137:4:r,5063701421,13540705422,secondary,reverse,motorbike,"[[10.782292, 106.6712731], [10.7823458, 106.6713442]]",10.7823189,106.67130864999999,1.4116751131676504,235.9656388729631,237.37731398613076,2026-08-20T08:03:55.965638873+07:00,2026-08-20T08:03:56.671476430+07:00,2026-08-20T08:03:57.377313986+07:00
motorbike-2,45,716044137:3:r,13540705422,13540705424,secondary,reverse,motorbike,"[[10.7823458, 106.6713442], [10.7824965, 106.6715399]]",10.782421150000001,106.67144205,3.9112979248091087,237.37731398613076,241.28861191093986,2026-08-20T08:03:57.377313986+07:00,2026-08-20T08:03:59.332962949+07:00,2026-08-20T08:04:01.288611911+07:00
motorbike-2,46,716044137:2:r,13540705424,5074798961,secondary,reverse,motorbike,"[[10.7824965, 106.6715399], [10.7825682, 106.6716378]]",10.78253235,106.67158885,1.9207736455658524,241.28861191093986,243.2093855565057,2026-08-20T08:04:01.288611911+07:00,2026-08-20T08:04:02.248998734+07:00,2026-08-20T08:04:03.209385557+07:00
motorbike-2,47,716044137:1:r,5074798961,5063701411,secondary,reverse,motorbike,"[[10.7825682, 106.6716378], [10.7825973, 106.6716762]]",10.78258275,106.671657,0.7628481208892232,243.2093855565057,243.97223367739494,2026-08-20T08:04:03.209385557+07:00,2026-08-20T08:04:03.590809617+07:00,2026-08-20T08:04:03.972233677+07:00
motorbike-2,48,716044137:0:r,5063701411,4875861250,secondary,reverse,motorbike,"[[10.7825973, 106.6716762], [10.7829178, 106.6720996]]",10.78275755,106.6718879,8.407693821464491,243.97223367739494,252.37992749885944,2026-08-20T08:04:03.972233677+07:00,2026-08-20T08:04:08.176080588+07:00,2026-08-20T08:04:12.379927499+07:00
motorbike-2,49,495852561:4:r,4875861250,11395678546,primary,reverse,motorbike,"[[10.7829178, 106.6720996], [10.7827408, 106.6724336]]",10.7828293,106.6722666,5.969319124879651,252.37992749885944,258.3492466237391,2026-08-20T08:04:12.379927499+07:00,2026-08-20T08:04:15.364587061+07:00,2026-08-20T08:04:18.349246624+07:00
motorbike-2,50,495852561:3:r,11395678546,5063701408,primary,reverse,motorbike,"[[10.7827408, 106.6724336], [10.7827246, 106.6724641]]",10.7827327,106.67244885,0.545382841929127,258.3492466237391,258.89462946566823,2026-08-20T08:04:18.349246624+07:00,2026-08-20T08:04:18.621938045+07:00,2026-08-20T08:04:18.894629466+07:00
motorbike-2,51,495852561:2:r,5063701408,411918284,primary,reverse,motorbike,"[[10.7827246, 106.6724641], [10.7825681, 106.6727592]]",10.78264635,106.67261165,5.274964532395763,258.89462946566823,264.169593998064,2026-08-20T08:04:18.894629466+07:00,2026-08-20T08:04:21.532111731+07:00,2026-08-20T08:04:24.169593998+07:00
motorbike-2,52,495852561:1:r,411918284,5063701402,primary,reverse,motorbike,"[[10.7825681, 106.6727592], [10.782487, 106.6729096]]",10.782527550000001,106.6728344,2.698675165998481,264.169593998064,266.8682691640625,2026-08-20T08:04:24.169593998+07:00,2026-08-20T08:04:25.518931581+07:00,2026-08-20T08:04:26.868269164+07:00
motorbike-2,53,495852561:0:r,5063701402,11771724356,primary,reverse,motorbike,"[[10.782487, 106.6729096], [10.7824523, 106.672974]]",10.78246965,106.67294179999999,1.1553471006015446,266.8682691640625,268.02361626466404,2026-08-20T08:04:26.868269164+07:00,2026-08-20T08:04:27.445942714+07:00,2026-08-20T08:04:28.023616265+07:00
motorbike-2,54,500897933:9:r,11771724356,366470932,primary,reverse,motorbike,"[[10.7824523, 106.672974], [10.7822806, 106.6732878]]",10.78236645,106.67313089999999,5.649909272257701,268.02361626466404,273.6735255369217,2026-08-20T08:04:28.023616265+07:00,2026-08-20T08:04:30.848570901+07:00,2026-08-20T08:04:33.673525537+07:00
motorbike-2,55,500897933:8:r,366470932,5063701380,primary,reverse,motorbike,"[[10.7822806, 106.6732878], [10.7821696, 106.6734948]]",10.7822251,106.67339129999999,3.7095004149339577,273.6735255369217,277.3830259518557,2026-08-20T08:04:33.673525537+07:00,2026-08-20T08:04:35.528275744+07:00,2026-08-20T08:04:37.383025952+07:00
motorbike-2,56,500897933:7:r,5063701380,411926299,primary,reverse,motorbike,"[[10.7821696, 106.6734948], [10.7819667, 106.6738904]]",10.78206815,106.67369260000001,7.019632615598423,277.3830259518557,284.4026585674541,2026-08-20T08:04:37.383025952+07:00,2026-08-20T08:04:40.892842260+07:00,2026-08-20T08:04:44.402658567+07:00
motorbike-2,57,500897933:6:r,411926299,366434259,primary,reverse,motorbike,"[[10.7819667, 106.6738904], [10.7817734, 106.6742377]]",10.78187005,106.67406405,6.278723397222568,284.4026585674541,290.6813819646767,2026-08-20T08:04:44.402658567+07:00,2026-08-20T08:04:47.542020266+07:00,2026-08-20T08:04:50.681381965+07:00
motorbike-2,58,500897933:5:r,366434259,9488493337,primary,reverse,motorbike,"[[10.7817734, 106.6742377], [10.7817019, 106.6743707]]",10.78173765,106.6743042,2.384792988939929,290.6813819646767,293.0661749536166,2026-08-20T08:04:50.681381965+07:00,2026-08-20T08:04:51.873778459+07:00,2026-08-20T08:04:53.066174953+07:00
motorbike-2,59,500897933:4:r,9488493337,5063701284,primary,reverse,motorbike,"[[10.7817019, 106.6743707], [10.7815756, 106.6746059]]",10.781638749999999,106.67448830000001,4.2162273180652985,293.0661749536166,297.2824022716819,2026-08-20T08:04:53.066174953+07:00,2026-08-20T08:04:55.174288613+07:00,2026-08-20T08:04:57.282402272+07:00
motorbike-2,60,500897933:3:r,5063701284,411918265,primary,reverse,motorbike,"[[10.7815756, 106.6746059], [10.7814583, 106.6748564]]",10.78151695,106.67473115,4.364982918940769,297.2824022716819,301.6473851906227,2026-08-20T08:04:57.282402272+07:00,2026-08-20T08:04:59.464893731+07:00,2026-08-20T08:05:01.647385191+07:00
motorbike-2,61,500897933:2:r,411918265,8366363067,primary,reverse,motorbike,"[[10.7814583, 106.6748564], [10.7812809, 106.6751601]]",10.781369600000001,106.67500824999999,5.557764326500566,301.6473851906227,307.20514951712323,2026-08-20T08:05:01.647385191+07:00,2026-08-20T08:05:04.426267354+07:00,2026-08-20T08:05:07.205149517+07:00
motorbike-2,62,500897933:1:r,8366363067,366368374,primary,reverse,motorbike,"[[10.7812809, 106.6751601], [10.7812241, 106.675257]]",10.7812525,106.67520855000001,1.7749094265530578,307.20514951712323,308.9800589436763,2026-08-20T08:05:07.205149517+07:00,2026-08-20T08:05:08.092604230+07:00,2026-08-20T08:05:08.980058944+07:00
motorbike-2,63,500897933:0:r,366368374,4918435013,primary,reverse,motorbike,"[[10.7812241, 106.675257], [10.7810495, 106.6755908]]",10.781136799999999,106.6754239,5.948418848566475,308.9800589436763,314.92847779224275,2026-08-20T08:05:08.980058944+07:00,2026-08-20T08:05:11.954268368+07:00,2026-08-20T08:05:14.928477792+07:00
motorbike-2,64,1255192198:0:r,4918435013,5778141550,primary,reverse,motorbike,"[[10.7810495, 106.6755908], [10.7809641, 106.6757488]]",10.7810068,106.6756698,2.8366121324912665,314.92847779224275,317.765089924734,2026-08-20T08:05:14.928477792+07:00,2026-08-20T08:05:16.346783858+07:00,2026-08-20T08:05:17.765089925+07:00
motorbike-2,65,496279185:1:r,5778141550,5063700700,primary,reverse,motorbike,"[[10.7809641, 106.6757488], [10.7808806, 106.6759049]]",10.78092235,106.67582684999999,2.795789534794495,317.765089924734,320.5608794595285,2026-08-20T08:05:17.765089925+07:00,2026-08-20T08:05:19.162984692+07:00,2026-08-20T08:05:20.560879460+07:00
motorbike-2,66,496279185:0:r,5063700700,4879876935,primary,reverse,motorbike,"[[10.7808806, 106.6759049], [10.7808527, 106.6759568]]",10.78086665,106.67593085,0.9306005925580235,320.5608794595285,321.49148005208656,2026-08-20T08:05:20.560879460+07:00,2026-08-20T08:05:21.026179756+07:00,2026-08-20T08:05:21.491480052+07:00
motorbike-2,67,1097215585:2:r,4879876935,411924698,primary,reverse,motorbike,"[[10.7808527, 106.6759568], [10.7807328, 106.6761789]]",10.78079275,106.67606785,3.9862871368942905,321.49148005208656,325.47776718898086,2026-08-20T08:05:21.491480052+07:00,2026-08-20T08:05:23.484623621+07:00,2026-08-20T08:05:25.477767189+07:00
motorbike-2,68,1097215585:1:r,411924698,5063700697,primary,reverse,motorbike,"[[10.7807328, 106.6761789], [10.780635, 106.676358]]",10.7806839,106.67626845,3.2231411361072557,325.47776718898086,328.7009083250881,2026-08-20T08:05:25.477767189+07:00,2026-08-20T08:05:27.089337757+07:00,2026-08-20T08:05:28.700908325+07:00
motorbike-2,69,1097215585:0:r,5063700697,10046834524,primary,reverse,motorbike,"[[10.780635, 106.676358], [10.7804881, 106.6766554]]",10.78056155,106.6765067,5.236024588114581,328.7009083250881,333.93693291320267,2026-08-20T08:05:28.700908325+07:00,2026-08-20T08:05:31.318920619+07:00,2026-08-20T08:05:33.936932913+07:00
motorbike-2,70,1097215588:0:f,10046834524,10046834525,primary,forward,motorbike,"[[10.7804881, 106.6766554], [10.7804577, 106.6766664]]",10.7804729,106.6766609,0.5166044316323298,333.93693291320267,334.453537344835,2026-08-20T08:05:33.936932913+07:00,2026-08-20T08:05:34.195235129+07:00,2026-08-20T08:05:34.453537345+07:00
motorbike-2,71,1097215588:1:f,10046834525,10046834526,primary,forward,motorbike,"[[10.7804577, 106.6766664], [10.780323, 106.6769203]]",10.78039035,106.67679335,4.538910519965493,334.453537344835,338.9924478648005,2026-08-20T08:05:34.453537345+07:00,2026-08-20T08:05:36.722992605+07:00,2026-08-20T08:05:38.992447865+07:00
motorbike-2,72,1097215588:2:f,10046834526,10046834527,primary,forward,motorbike,"[[10.780323, 106.6769203], [10.78033, 106.6769507]]",10.7803265,106.67693550000001,0.49113755408011484,338.9924478648005,339.48358541888064,2026-08-20T08:05:38.992447865+07:00,2026-08-20T08:05:39.238016642+07:00,2026-08-20T08:05:39.483585419+07:00
motorbike-2,73,1097215589:1:r,10046834527,5778164496,primary,reverse,motorbike,"[[10.78033, 106.6769507], [10.7802644, 106.6770737]]",10.7802972,106.67701220000001,2.201477291474228,339.48358541888064,341.6850627103549,2026-08-20T08:05:39.483585419+07:00,2026-08-20T08:05:40.584324065+07:00,2026-08-20T08:05:41.685062710+07:00
motorbike-2,74,1097215589:0:r,5778164496,10046800715,primary,reverse,motorbike,"[[10.7802644, 106.6770737], [10.7802412, 106.6771159]]",10.7802528,106.67709479999999,0.760663223784838,341.6850627103549,342.4457259341397,2026-08-20T08:05:41.685062710+07:00,2026-08-20T08:05:42.065394322+07:00,2026-08-20T08:05:42.445725934+07:00
motorbike-2,75,225192895:0:f,10046800715,4877811748,primary,forward,motorbike,"[[10.7802412, 106.6771159], [10.7802125, 106.6771286]]",10.78022685,106.67712225,0.5010882417937077,342.4457259341397,342.9468141759334,2026-08-20T08:05:42.445725934+07:00,2026-08-20T08:05:42.696270055+07:00,2026-08-20T08:05:42.946814176+07:00
motorbike-2,76,225192895:1:f,4877811748,5778164526,primary,forward,motorbike,"[[10.7802125, 106.6771286], [10.7801234, 106.677319]]",10.78016795,106.67722380000001,3.317352505439519,342.9468141759334,346.26416668137296,2026-08-20T08:05:42.946814176+07:00,2026-08-20T08:05:44.605490429+07:00,2026-08-20T08:05:46.264166681+07:00
motorbike-2,77,225192895:2:f,5778164526,5059499528,primary,forward,motorbike,"[[10.7801234, 106.677319], [10.7800426, 106.6774743]]",10.780083000000001,106.67739664999999,2.7642540039816876,346.26416668137296,349.02842068535466,2026-08-20T08:05:46.264166681+07:00,2026-08-20T08:05:47.646293683+07:00,2026-08-20T08:05:49.028420685+07:00
motorbike-2,78,225192895:3:f,5059499528,411925476,primary,forward,motorbike,"[[10.7800426, 106.6774743], [10.7797249, 106.6780843]]",10.77988375,106.6777793,10.860120742829416,349.02842068535466,359.88854142818406,2026-08-20T08:05:49.028420685+07:00,2026-08-20T08:05:54.458481057+07:00,2026-08-20T08:05:59.888541428+07:00
motorbike-2,79,225192895:4:f,411925476,11811380955,primary,forward,motorbike,"[[10.7797249, 106.6780843], [10.7796842, 106.6781605]]",10.77970455,106.6781224,1.3643027566394288,359.88854142818406,361.25284418482346,2026-08-20T08:05:59.888541428+07:00,2026-08-20T08:06:00.570692807+07:00,2026-08-20T08:06:01.252844185+07:00
motorbike-2,80,225192895:5:f,11811380955,11846659094,primary,forward,motorbike,"[[10.7796842, 106.6781605], [10.7796323, 106.6782465]]",10.77965825,106.6782035,1.587612338053972,361.25284418482346,362.84045652287745,2026-08-20T08:06:01.252844185+07:00,2026-08-20T08:06:02.046650354+07:00,2026-08-20T08:06:02.840456523+07:00
motorbike-2,81,225192895:6:f,11846659094,13623759834,primary,forward,motorbike,"[[10.7796323, 106.6782465], [10.77953, 106.6784251]]",10.779581149999999,106.6783358,3.2519701562963097,362.84045652287745,366.09242667917374,2026-08-20T08:06:02.840456523+07:00,2026-08-20T08:06:04.466441601+07:00,2026-08-20T08:06:06.092426679+07:00
motorbike-2,82,1486139602:0:f,13623759834,13623759833,primary,forward,motorbike,"[[10.77953, 106.6784251], [10.7795134, 106.6784869]]",10.7795217,106.678456,1.0077702880873294,366.09242667917374,367.10019696726107,2026-08-20T08:06:06.092426679+07:00,2026-08-20T08:06:06.596311823+07:00,2026-08-20T08:06:07.100196967+07:00
motorbike-2,83,1486139601:0:r,13623759833,2690659614,primary,reverse,motorbike,"[[10.7795134, 106.6784869], [10.7794286, 106.678638]]",10.779471000000001,106.67856245,2.7372535764615678,367.10019696726107,369.83745054372264,2026-08-20T08:06:07.100196967+07:00,2026-08-20T08:06:08.468823755+07:00,2026-08-20T08:06:09.837450544+07:00
motorbike-2,84,32588532:12:r,2690659614,13475788553,primary,reverse,motorbike,"[[10.7794286, 106.678638], [10.7792732, 106.6789482]]",10.7793509,106.67879310000001,5.477150236762506,369.83745054372264,375.31460078048514,2026-08-20T08:06:09.837450544+07:00,2026-08-20T08:06:12.576025662+07:00,2026-08-20T08:06:15.314600780+07:00
motorbike-2,85,32588532:11:r,13475788553,2690659611,primary,reverse,motorbike,"[[10.7792732, 106.6789482], [10.7791963, 106.6790738]]",10.77923475,106.679011,2.3279385221688593,375.31460078048514,377.642539302654,2026-08-20T08:06:15.314600780+07:00,2026-08-20T08:06:16.478570042+07:00,2026-08-20T08:06:17.642539303+07:00
motorbike-2,86,32588532:10:r,2690659611,9448814093,primary,reverse,motorbike,"[[10.7791963, 106.6790738], [10.7790144, 106.6793882]]",10.77910535,106.679231,5.739335896191901,377.642539302654,383.3818751988459,2026-08-20T08:06:17.642539303+07:00,2026-08-20T08:06:20.512207251+07:00,2026-08-20T08:06:23.381875199+07:00
motorbike-2,87,32588532:9:r,9448814093,9448814094,primary,reverse,motorbike,"[[10.7790144, 106.6793882], [10.7789954, 106.6794252]]",10.7790049,106.6794067,0.6567137361645851,383.3818751988459,384.03858893501047,2026-08-20T08:06:23.381875199+07:00,2026-08-20T08:06:23.710232067+07:00,2026-08-20T08:06:24.038588935+07:00
motorbike-2,88,32588532:8:r,9448814094,2690659695,primary,reverse,motorbike,"[[10.7789954, 106.6794252], [10.7788862, 106.6796379]]",10.7789408,106.67953155000001,3.7750367476998847,384.03858893501047,387.8136256827103,2026-08-20T08:06:24.038588935+07:00,2026-08-20T08:06:25.926107309+07:00,2026-08-20T08:06:27.813625683+07:00
motorbike-2,89,32588532:7:r,2690659695,2690659691,primary,reverse,motorbike,"[[10.7788862, 106.6796379], [10.7787762, 106.6798422]]",10.778831199999999,106.67974004999999,3.664588498414887,387.8136256827103,391.4782141811252,2026-08-20T08:06:27.813625683+07:00,2026-08-20T08:06:29.645919932+07:00,2026-08-20T08:06:31.478214181+07:00
motorbike-2,90,32588532:6:r,2690659691,5778164489,primary,reverse,motorbike,"[[10.7787762, 106.6798422], [10.778629, 106.680115]]",10.778702599999999,106.6799786,4.8957435981788056,391.4782141811252,396.373957779304,2026-08-20T08:06:31.478214181+07:00,2026-08-20T08:06:33.926085980+07:00,2026-08-20T08:06:36.373957779+07:00
motorbike-2,91,32588532:5:r,5778164489,411921991,primary,reverse,motorbike,"[[10.778629, 106.680115], [10.7785269, 106.6803098]]",10.778577949999999,106.6802124,3.472973591974128,396.373957779304,399.8469313712782,2026-08-20T08:06:36.373957779+07:00,2026-08-20T08:06:38.110444575+07:00,2026-08-20T08:06:39.846931371+07:00
motorbike-2,92,32588532:4:r,411921991,6813499478,primary,reverse,motorbike,"[[10.7785269, 106.6803098], [10.7784067, 106.6805368]]",10.7784668,106.6804233,4.0563052185951705,399.8469313712782,403.90323658987336,2026-08-20T08:06:39.846931371+07:00,2026-08-20T08:06:41.875083981+07:00,2026-08-20T08:06:43.903236590+07:00
motorbike-2,93,32588532:3:r,6813499478,9774649665,primary,reverse,motorbike,"[[10.7784067, 106.6805368], [10.778293, 106.6807602]]",10.77834985,106.68064849999999,3.9576061375485585,403.90323658987336,407.8608427274219,2026-08-20T08:06:43.903236590+07:00,2026-08-20T08:06:45.882039659+07:00,2026-08-20T08:06:47.860842727+07:00
motorbike-2,94,32588532:2:r,9774649665,13913718109,primary,reverse,motorbike,"[[10.778293, 106.6807602], [10.7780859, 106.6811768]]",10.77818945,106.6809685,7.34423562342613,407.8608427274219,415.20507835084805,2026-08-20T08:06:47.860842727+07:00,2026-08-20T08:06:51.532960538+07:00,2026-08-20T08:06:55.205078351+07:00
motorbike-2,95,32588532:1:r,13913718109,13913718114,primary,reverse,motorbike,"[[10.7780859, 106.6811768], [10.7780591, 106.6812308]]",10.7780725,106.68120379999999,0.9516443535935579,415.20507835084805,416.1567227044416,2026-08-20T08:06:55.205078351+07:00,2026-08-20T08:06:55.680900528+07:00,2026-08-20T08:06:56.156722704+07:00
motorbike-2,96,32588532:0:r,13913718114,4646769645,primary,reverse,motorbike,"[[10.7780591, 106.6812308], [10.77795, 106.6814502]]",10.77800455,106.6813405,3.868032637363131,416.1567227044416,420.02475534180473,2026-08-20T08:06:56.156722704+07:00,2026-08-20T08:06:58.090739023+07:00,2026-08-20T08:07:00.024755342+07:00
motorbike-2,97,1265743179:0:f,4646769645,6789329104,primary,forward,motorbike,"[[10.77795, 106.6814502], [10.7779027, 106.6814279]]",10.777926350000001,106.68143905,0.8346570135598238,420.02475534180473,420.85941235536455,2026-08-20T08:07:00.024755342+07:00,2026-08-20T08:07:00.442083849+07:00,2026-08-20T08:07:00.859412355+07:00
motorbike-2,98,1265743179:1:f,6789329104,411919418,primary,forward,motorbike,"[[10.7779027, 106.6814279], [10.7778512, 106.6814148]]",10.77787695,106.68142135,0.8499779929181599,420.85941235536455,421.70939034828274,2026-08-20T08:07:00.859412355+07:00,2026-08-20T08:07:01.284401352+07:00,2026-08-20T08:07:01.709390348+07:00
motorbike-2,99,1174211369:0:f,411919418,701666211,primary,forward,motorbike,"[[10.7778512, 106.6814148], [10.7777681, 106.6814148]]",10.77780965,106.6814148,1.3306048081324344,421.70939034828274,423.03999515641516,2026-08-20T08:07:01.709390348+07:00,2026-08-20T08:07:02.374692752+07:00,2026-08-20T08:07:03.039995156+07:00
motorbike-2,100,1174211369:1:f,701666211,701666209,primary,forward,motorbike,"[[10.7777681, 106.6814148], [10.7776887, 106.6814396]]",10.7777284,106.6814272,1.3298611062110497,423.03999515641516,424.36985626262623,2026-08-20T08:07:03.039995156+07:00,2026-08-20T08:07:03.704925710+07:00,2026-08-20T08:07:04.369856263+07:00
motorbike-2,101,1174211369:2:f,701666209,411919383,primary,forward,motorbike,"[[10.7776887, 106.6814396], [10.77762, 106.681487]]",10.77765435,106.6814633,1.3288960009831357,424.36985626262623,425.6987522636094,2026-08-20T08:07:04.369856263+07:00,2026-08-20T08:07:05.034304263+07:00,2026-08-20T08:07:05.698752264+07:00
motorbike-2,102,1265471315:0:f,411919383,701666210,primary,forward,motorbike,"[[10.77762, 106.681487], [10.7775723, 106.6815455]]",10.77759615,106.68151625,1.195865382923049,425.6987522636094,426.8946176465324,2026-08-20T08:07:05.698752264+07:00,2026-08-20T08:07:06.296684955+07:00,2026-08-20T08:07:06.894617647+07:00
motorbike-2,103,1265471315:1:f,701666210,411919403,primary,forward,motorbike,"[[10.7775723, 106.6815455], [10.7775416, 106.6816148]]",10.77755695,106.68158015,1.195777160425992,426.8946176465324,428.09039480695844,2026-08-20T08:07:06.894617647+07:00,2026-08-20T08:07:07.492506227+07:00,2026-08-20T08:07:08.090394807+07:00
motorbike-2,104,1265471315:2:f,411919403,4646769638,primary,forward,motorbike,"[[10.7775416, 106.6816148], [10.7775299, 106.6816898]]",10.777535749999998,106.6816523,1.1945060470871889,428.09039480695844,429.28490085404565,2026-08-20T08:07:08.090394807+07:00,2026-08-20T08:07:08.687647831+07:00,2026-08-20T08:07:09.284900854+07:00
motorbike-2,105,1265471315:3:f,4646769638,5778245684,primary,forward,motorbike,"[[10.7775299, 106.6816898], [10.7775382, 106.6817654]]",10.77753405,106.6817276,1.1965648454588744,429.28490085404565,430.4814656995045,2026-08-20T08:07:09.284900854+07:00,2026-08-20T08:07:09.883183277+07:00,2026-08-20T08:07:10.481465700+07:00
motorbike-2,106,1265471315:4:f,5778245684,6793471365,primary,forward,motorbike,"[[10.7775382, 106.6817654], [10.7775553, 106.6818149]]",10.777546749999999,106.68179015000001,0.8253577846899858,430.4814656995045,431.30682348419447,2026-08-20T08:07:10.481465700+07:00,2026-08-20T08:07:10.894144592+07:00,2026-08-20T08:07:11.306823484+07:00
motorbike-2,107,1265471315:5:f,6793471365,4646769639,primary,forward,motorbike,"[[10.7775553, 106.6818149], [10.777581, 106.6818604]]",10.77756815,106.68183765,0.8255701430185027,431.30682348419447,432.132393627213,2026-08-20T08:07:11.306823484+07:00,2026-08-20T08:07:11.719608556+07:00,2026-08-20T08:07:12.132393627+07:00
motorbike-2,108,1265743178:0:f,4646769639,6793471367,primary,forward,motorbike,"[[10.777581, 106.6818604], [10.7776145, 106.6819003]]",10.77759775,106.68188035,0.8256078261615925,432.132393627213,432.9580014533746,2026-08-20T08:07:12.132393627+07:00,2026-08-20T08:07:12.545197540+07:00,2026-08-20T08:07:12.958001453+07:00
motorbike-2,109,1265743178:1:f,6793471367,411919210,primary,forward,motorbike,"[[10.7776145, 106.6819003], [10.7776602, 106.6819378]]",10.77763735,106.68191905,0.9398928539138994,432.9580014533746,433.8978943072885,2026-08-20T08:07:12.958001453+07:00,2026-08-20T08:07:13.427947880+07:00,2026-08-20T08:07:13.897894307+07:00
motorbike-2,110,723823268:3:r,411919210,4879876939,primary,reverse,motorbike,"[[10.7776602, 106.6819378], [10.7775987, 106.682044]]",10.77762945,106.6819909,1.939136585620488,433.8978943072885,435.83703089290896,2026-08-20T08:07:13.897894307+07:00,2026-08-20T08:07:14.867462600+07:00,2026-08-20T08:07:15.837030893+07:00
motorbike-2,111,723823268:2:r,4879876939,13913718111,primary,reverse,motorbike,"[[10.7775987, 106.682044], [10.77758, 106.6820786]]",10.77758935,106.6820613,0.6211758407745192,435.83703089290896,436.4582067336835,2026-08-20T08:07:15.837030893+07:00,2026-08-20T08:07:16.147618813+07:00,2026-08-20T08:07:16.458206734+07:00
motorbike-2,112,723823268:1:r,13913718111,6789328758,primary,reverse,motorbike,"[[10.77758, 106.6820786], [10.7772277, 106.6827295]]",10.777403849999999,106.68240405,11.689613381615095,436.4582067336835,448.1478201152986,2026-08-20T08:07:16.458206734+07:00,2026-08-20T08:07:22.303013424+07:00,2026-08-20T08:07:28.147820115+07:00
motorbike-2,113,723823268:0:r,6789328758,411926405,primary,reverse,motorbike,"[[10.7772277, 106.6827295], [10.7772057, 106.6827702]]",10.7772167,106.68274985,0.7307147344789957,448.1478201152986,448.8785348497776,2026-08-20T08:07:28.147820115+07:00,2026-08-20T08:07:28.513177483+07:00,2026-08-20T08:07:28.878534850+07:00
motorbike-2,114,1180975823:1:r,411926405,6793708683,primary,reverse,motorbike,"[[10.7772057, 106.6827702], [10.7771497, 106.6828722]]",10.7771777,106.6828212,1.8379915274394778,448.8785348497776,450.7165263772171,2026-08-20T08:07:28.878534850+07:00,2026-08-20T08:07:29.797530613+07:00,2026-08-20T08:07:30.716526377+07:00
motorbike-2,115,1180975823:0:r,6793708683,6794477957,primary,reverse,motorbike,"[[10.7771497, 106.6828722], [10.7769816, 106.6831854]]",10.77706565,106.6830288,5.613877404367747,450.7165263772171,456.3304037815849,2026-08-20T08:07:30.716526377+07:00,2026-08-20T08:07:33.523465079+07:00,2026-08-20T08:07:36.330403782+07:00
motorbike-2,116,724496035:0:f,6794477957,6794477956,primary,forward,motorbike,"[[10.7769816, 106.6831854], [10.776917, 106.6832352]]",10.776949299999998,106.6832103,1.297521772306145,456.3304037815849,457.62792555389103,2026-08-20T08:07:36.330403782+07:00,2026-08-20T08:07:36.979164668+07:00,2026-08-20T08:07:37.627925554+07:00
motorbike-2,117,724496035:1:f,6794477956,11953547343,primary,forward,motorbike,"[[10.776917, 106.6832352], [10.776769, 106.6835101]]",10.776843,106.68337265,4.9308883343466,457.62792555389103,462.55881388823764,2026-08-20T08:07:37.627925554+07:00,2026-08-20T08:07:40.093369721+07:00,2026-08-20T08:07:42.558813888+07:00
motorbike-2,118,724496035:2:f,11953547343,6793729485,primary,forward,motorbike,"[[10.776769, 106.6835101], [10.7767551, 106.683536]]",10.77676205,106.68352305,0.4642310275931574,462.55881388823764,463.0230449158308,2026-08-20T08:07:42.558813888+07:00,2026-08-20T08:07:42.790929402+07:00,2026-08-20T08:07:43.023044916+07:00
motorbike-2,119,724496035:3:f,6793729485,11953547345,primary,forward,motorbike,"[[10.7767551, 106.683536], [10.7766932, 106.6836573]]",10.77672415,106.68359665,2.1500891190646234,463.0230449158308,465.1731340348954,2026-08-20T08:07:43.023044916+07:00,2026-08-20T08:07:44.098089475+07:00,2026-08-20T08:07:45.173134035+07:00
motorbike-2,120,723823267:0:f,11953547345,11953547344,primary,forward,motorbike,"[[10.7766932, 106.6836573], [10.7767389, 106.6837066]]",10.776716050000001,106.68368195,1.0662182871687274,465.1731340348954,466.2393523220641,2026-08-20T08:07:45.173134035+07:00,2026-08-20T08:07:45.706243178+07:00,2026-08-20T08:07:46.239352322+07:00
motorbike-2,121,723823266:0:f,11953547344,411918640,primary,forward,motorbike,"[[10.7767389, 106.6837066], [10.7768944, 106.6838744]]",10.77681665,106.68379049999999,3.6285195520876887,466.2393523220641,469.86787187415183,2026-08-20T08:07:46.239352322+07:00,2026-08-20T08:07:48.053612098+07:00,2026-08-20T08:07:49.867871874+07:00
motorbike-2,122,408246393:0:f,411918640,411926054,primary,forward,motorbike,"[[10.7768944, 106.6838744], [10.7771974, 106.6841936]]",10.777045900000001,106.684034,6.981990994687159,469.86787187415183,476.849862868839,2026-08-20T08:07:49.867871874+07:00,2026-08-20T08:07:53.358867371+07:00,2026-08-20T08:07:56.849862869+07:00
motorbike-2,123,35112908:0:r,411926054,4035870191,residential,reverse,motorbike,"[[10.7771974, 106.6841936], [10.7763265, 106.6856829]]",10.776761950000001,106.68493825,27.262596047053886,476.849862868839,504.1124589158929,2026-08-20T08:07:56.849862869+07:00,2026-08-20T08:08:10.481160892+07:00,2026-08-20T08:08:24.112458916+07:00
motorbike-2,124,35113721:18:r,4035870191,3257259160,tertiary,reverse,motorbike,"[[10.7763265, 106.6856829], [10.7767966, 106.6861495]]",10.77656155,106.68591620000001,10.51322699839001,504.1124589158929,514.6256859142829,2026-08-20T08:08:24.112458916+07:00,2026-08-20T08:08:29.369072415+07:00,2026-08-20T08:08:34.625685914+07:00
motorbike-2,125,35113721:17:r,3257259160,411919270,tertiary,reverse,motorbike,"[[10.7767966, 106.6861495], [10.7773632, 106.6867116]]",10.7770799,106.68643055,12.668232817288866,514.6256859142829,527.2939187315718,2026-08-20T08:08:34.625685914+07:00,2026-08-20T08:08:40.959802323+07:00,2026-08-20T08:08:47.293918732+07:00
motorbike-2,126,35113721:16:r,411919270,14072280071,tertiary,reverse,motorbike,"[[10.7773632, 106.6867116], [10.7774578, 106.6868055]]",10.7774105,106.68675855000001,2.1156609211953934,527.2939187315718,529.4095796527672,2026-08-20T08:08:47.293918732+07:00,2026-08-20T08:08:48.351749192+07:00,2026-08-20T08:08:49.409579653+07:00
motorbike-2,127,35113721:15:r,14072280071,5778300422,tertiary,reverse,motorbike,"[[10.7774578, 106.6868055], [10.7778991, 106.6872434]]",10.77767845,106.68702445,9.867875024072822,529.4095796527672,539.2774546768401,2026-08-20T08:08:49.409579653+07:00,2026-08-20T08:08:54.343517165+07:00,2026-08-20T08:08:59.277454677+07:00
motorbike-2,128,327048054:15:f,5778300422,5778300433,tertiary,forward,motorbike,"[[10.7778991, 106.6872434], [10.777541, 106.6876317]]",10.77772005,106.68743755,8.377553549688649,539.2774546768401,547.6550082265287,2026-08-20T08:08:59.277454677+07:00,2026-08-20T08:09:03.466231452+07:00,2026-08-20T08:09:07.655008227+07:00
motorbike-2,129,327048054:16:f,5778300433,411926144,tertiary,forward,motorbike,"[[10.777541, 106.6876317], [10.7774802, 106.6876976]]",10.7775106,106.68766465,1.4220678452535473,547.6550082265287,549.0770760717822,2026-08-20T08:09:07.655008227+07:00,2026-08-20T08:09:08.366042149+07:00,2026-08-20T08:09:09.077076072+07:00
motorbike-2,130,327048054:17:f,411926144,411926143,tertiary,forward,motorbike,"[[10.7774802, 106.6876976], [10.7771139, 106.6880944]]",10.77729705,106.687896,8.564905326364073,549.0770760717822,557.6419813981463,2026-08-20T08:09:09.077076072+07:00,2026-08-20T08:09:13.359528735+07:00,2026-08-20T08:09:17.641981398+07:00
motorbike-3,1,242307850:0:f,2498079018,2498079021,service,forward,motorbike,"[[10.7802867, 106.6595074], [10.7813987, 106.6605783]]",10.780842700000001,106.66004285,24.510766370892025,0.0,24.510766370892025,2026-08-20T08:00:00+07:00,2026-08-20T08:00:12.255383185+07:00,2026-08-20T08:00:24.510766371+07:00
motorbike-3,2,242307850:1:f,2498079021,366433075,service,forward,motorbike,"[[10.7813987, 106.6605783], [10.7807714, 106.6607314]]",10.781085050000002,106.66065485,10.329037001902451,24.510766370892025,34.83980337279448,2026-08-20T08:00:24.510766371+07:00,2026-08-20T08:00:29.675284872+07:00,2026-08-20T08:00:34.839803373+07:00
motorbike-3,3,1277704606:0:r,366433075,1349033429,residential,reverse,motorbike,"[[10.7807714, 106.6607314], [10.7810596, 106.6614957]]",10.7809155,106.66111355000001,12.877292037855717,34.83980337279448,47.717095410650195,2026-08-20T08:00:34.839803373+07:00,2026-08-20T08:00:41.278449392+07:00,2026-08-20T08:00:47.717095411+07:00
motorbike-3,4,520723335:2:r,1349033429,4415686093,tertiary,reverse,motorbike,"[[10.7810596, 106.6614957], [10.7813997, 106.6623673]]",10.78122965,106.66193150000001,14.751753042592275,47.717095410650195,62.46884845324247,2026-08-20T08:00:47.717095411+07:00,2026-08-20T08:00:55.092971932+07:00,2026-08-20T08:01:02.468848453+07:00
motorbike-3,5,520723335:1:r,4415686093,4415547496,tertiary,reverse,motorbike,"[[10.7813997, 106.6623673], [10.7817477, 106.6632592]]",10.7815737,106.66281325,15.095189128374933,62.46884845324247,77.56403758161741,2026-08-20T08:01:02.468848453+07:00,2026-08-20T08:01:10.016443017+07:00,2026-08-20T08:01:17.564037582+07:00
motorbike-3,6,520723335:0:r,4415547496,366413355,tertiary,reverse,motorbike,"[[10.7817477, 106.6632592], [10.7822562, 106.6645756]]",10.782001950000002,106.6639174,22.24952552792061,77.56403758161741,99.81356310953802,2026-08-20T08:01:17.564037582+07:00,2026-08-20T08:01:28.688800346+07:00,2026-08-20T08:01:39.813563110+07:00
motorbike-3,7,32579174:7:f,366413355,366382549,residential,forward,motorbike,"[[10.7822562, 106.6645756], [10.7818835, 106.665204]]",10.78206985,106.6648898,11.54617415683,99.81356310953802,111.35973726636803,2026-08-20T08:01:39.813563110+07:00,2026-08-20T08:01:45.586650188+07:00,2026-08-20T08:01:51.359737266+07:00
motorbike-3,8,32579174:8:f,366382549,366457844,residential,forward,motorbike,"[[10.7818835, 106.665204], [10.7815821, 106.6657795]]",10.7817328,106.66549175,10.25839145338479,111.35973726636803,121.61812871975282,2026-08-20T08:01:51.359737266+07:00,2026-08-20T08:01:56.488932993+07:00,2026-08-20T08:02:01.618128720+07:00
motorbike-3,9,32579174:9:f,366457844,2930534054,residential,forward,motorbike,"[[10.7815821, 106.6657795], [10.7814678, 106.6659784]]",10.78152495,106.66587895,3.624584720921729,121.61812871975282,125.24271344067455,2026-08-20T08:02:01.618128720+07:00,2026-08-20T08:02:03.430421080+07:00,2026-08-20T08:02:05.242713441+07:00
motorbike-3,10,289494377:7:r,2930534054,5772254959,residential,reverse,motorbike,"[[10.7814678, 106.6659784], [10.7816144, 106.6661531]]",10.7815411,106.66606575,3.6140412492954717,125.24271344067455,128.85675468997002,2026-08-20T08:02:05.242713441+07:00,2026-08-20T08:02:07.049734065+07:00,2026-08-20T08:02:08.856754690+07:00
motorbike-3,11,289494377:6:r,5772254959,5772452208,residential,reverse,motorbike,"[[10.7816144, 106.6661531], [10.7816538, 106.6662]]",10.781634100000002,106.66617655,0.9706810904323508,128.85675468997002,129.82743578040237,2026-08-20T08:02:08.856754690+07:00,2026-08-20T08:02:09.342095235+07:00,2026-08-20T08:02:09.827435780+07:00
motorbike-3,12,289494377:5:r,5772452208,2930534057,residential,reverse,motorbike,"[[10.7816538, 106.6662], [10.7817639, 106.6663312]]",10.781708850000001,106.6662656,2.71418305186391,129.82743578040237,132.54161883226627,2026-08-20T08:02:09.827435780+07:00,2026-08-20T08:02:11.184527306+07:00,2026-08-20T08:02:12.541618832+07:00
motorbike-3,13,289494377:4:r,2930534057,13174777970,residential,reverse,motorbike,"[[10.7817639, 106.6663312], [10.7817693, 106.6663406]]",10.781766600000001,106.6663359,0.17128288444331768,132.54161883226627,132.71290171670958,2026-08-20T08:02:12.541618832+07:00,2026-08-20T08:02:12.627260274+07:00,2026-08-20T08:02:12.712901717+07:00
motorbike-3,14,289494377:3:r,13174777970,13174777972,residential,reverse,motorbike,"[[10.7817693, 106.6663406], [10.7817702, 106.6663515]]",10.78176975,106.66634605,0.1720553272408841,132.71290171670958,132.88495704395046,2026-08-20T08:02:12.712901717+07:00,2026-08-20T08:02:12.798929380+07:00,2026-08-20T08:02:12.884957044+07:00
motorbike-3,15,289494377:2:r,13174777972,13174777971,residential,reverse,motorbike,"[[10.7817702, 106.6663515], [10.7817664, 106.6663618]]",10.7817683,106.66635665000001,0.1730620536081506,132.88495704395046,133.05801909755863,2026-08-20T08:02:12.884957044+07:00,2026-08-20T08:02:12.971488071+07:00,2026-08-20T08:02:13.058019098+07:00
motorbike-3,16,289494377:1:r,13174777971,5772254960,residential,reverse,motorbike,"[[10.7817664, 106.6663618], [10.7817586, 106.6663696]]",10.7817625,106.6663657,0.17507516038425794,133.05801909755863,133.2330942579429,2026-08-20T08:02:13.058019098+07:00,2026-08-20T08:02:13.145556678+07:00,2026-08-20T08:02:13.233094258+07:00
motorbike-3,17,289494377:0:r,5772254960,2930534062,residential,reverse,motorbike,"[[10.7817586, 106.6663696], [10.7815428, 106.6665411]]",10.7816507,106.66645535,4.383707099311092,133.2330942579429,137.616801357254,2026-08-20T08:02:13.233094258+07:00,2026-08-20T08:02:15.424947808+07:00,2026-08-20T08:02:17.616801357+07:00
motorbike-3,18,694637565:0:f,2930534062,4120155315,residential,forward,motorbike,"[[10.7815428, 106.6665411], [10.781474, 106.6665947]]",10.7815084,106.6665679,1.387230021812698,137.616801357254,139.0040313790667,2026-08-20T08:02:17.616801357+07:00,2026-08-20T08:02:18.310416368+07:00,2026-08-20T08:02:19.004031379+07:00
motorbike-3,19,694637565:1:f,4120155315,14072416245,residential,forward,motorbike,"[[10.781474, 106.6665947], [10.7810802, 106.6669008]]",10.7812771,106.66674775,7.933616312064014,139.0040313790667,146.9376476911307,2026-08-20T08:02:19.004031379+07:00,2026-08-20T08:02:22.970839535+07:00,2026-08-20T08:02:26.937647691+07:00
motorbike-3,20,694637565:2:f,14072416245,4120155277,residential,forward,motorbike,"[[10.7810802, 106.6669008], [10.7806342, 106.667249]]",10.7808572,106.66707489999999,8.999836409727667,146.9376476911307,155.93748410085837,2026-08-20T08:02:26.937647691+07:00,2026-08-20T08:02:31.437565896+07:00,2026-08-20T08:02:35.937484101+07:00
motorbike-3,21,410150096:0:r,4120155277,4120155275,residential,reverse,motorbike,"[[10.7806342, 106.667249], [10.7810427, 106.667816]]",10.780838450000001,106.6675325,11.06008785866287,155.93748410085837,166.99757195952125,2026-08-20T08:02:35.937484101+07:00,2026-08-20T08:02:41.467528030+07:00,2026-08-20T08:02:46.997571960+07:00
motorbike-3,22,410150095:4:f,4120155275,4120155276,residential,forward,motorbike,"[[10.7810427, 106.667816], [10.7810966, 106.6678628]]",10.78106965,106.66783939999999,1.1343539079069482,166.99757195952125,168.1319258674282,2026-08-20T08:02:46.997571960+07:00,2026-08-20T08:02:47.564748913+07:00,2026-08-20T08:02:48.131925867+07:00
motorbike-3,23,410150095:5:f,4120155276,5074798790,residential,forward,motorbike,"[[10.7810966, 106.6678628], [10.7810635, 106.6679227]]",10.78108005,106.66789275,1.0810325541474493,168.1319258674282,169.21295842157565,2026-08-20T08:02:48.131925867+07:00,2026-08-20T08:02:48.672442145+07:00,2026-08-20T08:02:49.212958422+07:00
motorbike-3,24,410150095:6:f,5074798790,5074798789,residential,forward,motorbike,"[[10.7810635, 106.6679227], [10.780941, 106.668144]]",10.78100225,106.66803335,3.9955337663611283,169.21295842157565,173.20849218793677,2026-08-20T08:02:49.212958422+07:00,2026-08-20T08:02:51.210725305+07:00,2026-08-20T08:02:53.208492188+07:00
motorbike-3,25,410150095:7:f,5074798789,4120155272,residential,forward,motorbike,"[[10.780941, 106.668144], [10.7808012, 106.6683849]]",10.7808711,106.66826445000001,4.401034633005793,173.20849218793677,177.60952682094256,2026-08-20T08:02:53.208492188+07:00,2026-08-20T08:02:55.409009504+07:00,2026-08-20T08:02:57.609526821+07:00
motorbike-3,26,410150095:0:r,4120155272,4120155271,residential,reverse,motorbike,"[[10.7808012, 106.6683849], [10.7809462, 106.6685844]]",10.7808737,106.66848465000001,3.903558768155955,177.60952682094256,181.51308558909852,2026-08-20T08:02:57.609526821+07:00,2026-08-20T08:02:59.561306205+07:00,2026-08-20T08:03:01.513085589+07:00
motorbike-3,27,410149784:1:r,4120155271,4120151675,residential,reverse,motorbike,"[[10.7809462, 106.6685844], [10.7809123, 106.6686089]]",10.78092925,106.66859665,0.6656982828210405,181.51308558909852,182.17878387191956,2026-08-20T08:03:01.513085589+07:00,2026-08-20T08:03:01.845934731+07:00,2026-08-20T08:03:02.178783872+07:00
motorbike-3,28,410149784:0:r,4120151675,4120151674,residential,reverse,motorbike,"[[10.7809123, 106.6686089], [10.780507, 106.6689134]]",10.78070965,106.66876115,8.065776253544282,182.17878387191956,190.24456012546383,2026-08-20T08:03:02.178783872+07:00,2026-08-20T08:03:06.211671999+07:00,2026-08-20T08:03:10.244560125+07:00
motorbike-3,29,716044137:15:r,4120151674,366403850,secondary,reverse,motorbike,"[[10.780507, 106.6689134], [10.7805677, 106.6689967]]",10.78053735,106.66895505,1.6313964347934653,190.24456012546383,191.8759565602573,2026-08-20T08:03:10.244560125+07:00,2026-08-20T08:03:11.060258343+07:00,2026-08-20T08:03:11.875956560+07:00
motorbike-3,30,716044137:14:r,366403850,13441558876,secondary,reverse,motorbike,"[[10.7805677, 106.6689967], [10.7808711, 106.6694055]]",10.7807194,106.6692011,8.059060775365502,191.8759565602573,199.9350173356228,2026-08-20T08:03:11.875956560+07:00,2026-08-20T08:03:15.905486948+07:00,2026-08-20T08:03:19.935017336+07:00
motorbike-3,31,716044137:13:r,13441558876,366464770,secondary,reverse,motorbike,"[[10.7808711, 106.6694055], [10.7808899, 106.6694309]]",10.7808805,106.6694182,0.5002405186640708,199.9350173356228,200.43525785428687,2026-08-20T08:03:19.935017336+07:00,2026-08-20T08:03:20.185137595+07:00,2026-08-20T08:03:20.435257854+07:00
motorbike-3,32,716044137:12:r,366464770,13441558874,secondary,reverse,motorbike,"[[10.7808899, 106.6694309], [10.7809051, 106.6694517]]",10.7808975,106.66944129999999,0.40777182952508195,200.43525785428687,200.84302968381195,2026-08-20T08:03:20.435257854+07:00,2026-08-20T08:03:20.639143769+07:00,2026-08-20T08:03:20.843029684+07:00
motorbike-3,33,716044137:11:r,13441558874,366434727,secondary,reverse,motorbike,"[[10.7809051, 106.6694517], [10.7811107, 106.669732]]",10.781007899999999,106.66959184999999,5.502439776901824,200.84302968381195,206.3454694607138,2026-08-20T08:03:20.843029684+07:00,2026-08-20T08:03:23.594249572+07:00,2026-08-20T08:03:26.345469461+07:00
motorbike-3,34,716044137:10:r,366434727,3718387279,secondary,reverse,motorbike,"[[10.7811107, 106.669732], [10.7811663, 106.6698044]]",10.7811385,106.6697682,1.4455032417919214,206.3454694607138,207.7909727025057,2026-08-20T08:03:26.345469461+07:00,2026-08-20T08:03:27.068221082+07:00,2026-08-20T08:03:27.790972703+07:00
motorbike-3,35,716044137:9:r,3718387279,3718387319,secondary,reverse,motorbike,"[[10.7811663, 106.6698044], [10.7816116, 106.6703849]]",10.78138895,106.67009465000001,11.585062312152202,207.7909727025057,219.3760350146579,2026-08-20T08:03:27.790972703+07:00,2026-08-20T08:03:33.583503859+07:00,2026-08-20T08:03:39.376035015+07:00
motorbike-3,36,716044137:8:r,3718387319,5063701425,secondary,reverse,motorbike,"[[10.7816116, 106.6703849], [10.7818565, 106.6707042]]",10.78173405,106.67054455,6.371941858054412,219.3760350146579,225.74797687271231,2026-08-20T08:03:39.376035015+07:00,2026-08-20T08:03:42.562005944+07:00,2026-08-20T08:03:45.747976873+07:00
motorbike-3,37,716044137:7:r,5063701425,5063701430,secondary,reverse,motorbike,"[[10.7818565, 106.6707042], [10.7821688, 106.6711112]]",10.78201265,106.6709077,8.123405922146333,225.74797687271231,233.87138279485865,2026-08-20T08:03:45.747976873+07:00,2026-08-20T08:03:49.809679834+07:00,2026-08-20T08:03:53.871382795+07:00
motorbike-3,38,716044137:6:r,5063701430,3718387308,secondary,reverse,motorbike,"[[10.7821688, 106.6711112], [10.7822208, 106.671179]]",10.7821948,106.67114509999999,1.3529944801275182,233.87138279485865,235.22437727498615,2026-08-20T08:03:53.871382795+07:00,2026-08-20T08:03:54.547880035+07:00,2026-08-20T08:03:55.224377275+07:00
motorbike-3,39,716044137:5:r,3718387308,5063701421,secondary,reverse,motorbike,"[[10.7822208, 106.671179], [10.782292, 106.6712731]]",10.7822564,106.67122605,1.8682996487015824,235.22437727498615,237.09267692368775,2026-08-20T08:03:55.224377275+07:00,2026-08-20T08:03:56.158527099+07:00,2026-08-20T08:03:57.092676924+07:00
motorbike-3,40,716044137:4:r,5063701421,13540705422,secondary,reverse,motorbike,"[[10.782292, 106.6712731], [10.7823458, 106.6713442]]",10.7823189,106.67130864999999,1.4116751131676504,237.09267692368775,238.5043520368554,2026-08-20T08:03:57.092676924+07:00,2026-08-20T08:03:57.798514480+07:00,2026-08-20T08:03:58.504352037+07:00
motorbike-3,41,716044137:3:r,13540705422,13540705424,secondary,reverse,motorbike,"[[10.7823458, 106.6713442], [10.7824965, 106.6715399]]",10.782421150000001,106.67144205,3.9112979248091087,238.5043520368554,242.4156499616645,2026-08-20T08:03:58.504352037+07:00,2026-08-20T08:04:00.460000999+07:00,2026-08-20T08:04:02.415649962+07:00
motorbike-3,42,716044137:2:r,13540705424,5074798961,secondary,reverse,motorbike,"[[10.7824965, 106.6715399], [10.7825682, 106.6716378]]",10.78253235,106.67158885,1.9207736455658524,242.4156499616645,244.33642360723036,2026-08-20T08:04:02.415649962+07:00,2026-08-20T08:04:03.376036784+07:00,2026-08-20T08:04:04.336423607+07:00
motorbike-3,43,716044137:1:r,5074798961,5063701411,secondary,reverse,motorbike,"[[10.7825682, 106.6716378], [10.7825973, 106.6716762]]",10.78258275,106.671657,0.7628481208892232,244.33642360723036,245.0992717281196,2026-08-20T08:04:04.336423607+07:00,2026-08-20T08:04:04.717847668+07:00,2026-08-20T08:04:05.099271728+07:00
motorbike-3,44,716044137:0:r,5063701411,4875861250,secondary,reverse,motorbike,"[[10.7825973, 106.6716762], [10.7829178, 106.6720996]]",10.78275755,106.6718879,8.407693821464491,245.0992717281196,253.5069655495841,2026-08-20T08:04:05.099271728+07:00,2026-08-20T08:04:09.303118639+07:00,2026-08-20T08:04:13.506965550+07:00
motorbike-3,45,495852561:4:r,4875861250,11395678546,primary,reverse,motorbike,"[[10.7829178, 106.6720996], [10.7827408, 106.6724336]]",10.7828293,106.6722666,5.969319124879651,253.5069655495841,259.4762846744637,2026-08-20T08:04:13.506965550+07:00,2026-08-20T08:04:16.491625112+07:00,2026-08-20T08:04:19.476284674+07:00
motorbike-3,46,495852561:3:r,11395678546,5063701408,primary,reverse,motorbike,"[[10.7827408, 106.6724336], [10.7827246, 106.6724641]]",10.7827327,106.67244885,0.545382841929127,259.4762846744637,260.0216675163929,2026-08-20T08:04:19.476284674+07:00,2026-08-20T08:04:19.748976095+07:00,2026-08-20T08:04:20.021667516+07:00
motorbike-3,47,495852561:2:r,5063701408,411918284,primary,reverse,motorbike,"[[10.7827246, 106.6724641], [10.7825681, 106.6727592]]",10.78264635,106.67261165,5.274964532395763,260.0216675163929,265.29663204878864,2026-08-20T08:04:20.021667516+07:00,2026-08-20T08:04:22.659149783+07:00,2026-08-20T08:04:25.296632049+07:00
motorbike-3,48,495852561:1:r,411918284,5063701402,primary,reverse,motorbike,"[[10.7825681, 106.6727592], [10.782487, 106.6729096]]",10.782527550000001,106.6728344,2.698675165998481,265.29663204878864,267.99530721478715,2026-08-20T08:04:25.296632049+07:00,2026-08-20T08:04:26.645969632+07:00,2026-08-20T08:04:27.995307215+07:00
motorbike-3,49,495852561:0:r,5063701402,11771724356,primary,reverse,motorbike,"[[10.782487, 106.6729096], [10.7824523, 106.672974]]",10.78246965,106.67294179999999,1.1553471006015446,267.99530721478715,269.1506543153887,2026-08-20T08:04:27.995307215+07:00,2026-08-20T08:04:28.572980765+07:00,2026-08-20T08:04:29.150654315+07:00
motorbike-3,50,500897933:9:r,11771724356,366470932,primary,reverse,motorbike,"[[10.7824523, 106.672974], [10.7822806, 106.6732878]]",10.78236645,106.67313089999999,5.649909272257701,269.1506543153887,274.80056358764637,2026-08-20T08:04:29.150654315+07:00,2026-08-20T08:04:31.975608952+07:00,2026-08-20T08:04:34.800563588+07:00
motorbike-3,51,500897933:8:r,366470932,5063701380,primary,reverse,motorbike,"[[10.7822806, 106.6732878], [10.7821696, 106.6734948]]",10.7822251,106.67339129999999,3.7095004149339577,274.80056358764637,278.51006400258035,2026-08-20T08:04:34.800563588+07:00,2026-08-20T08:04:36.655313795+07:00,2026-08-20T08:04:38.510064003+07:00
motorbike-3,52,500897933:7:r,5063701380,411926299,primary,reverse,motorbike,"[[10.7821696, 106.6734948], [10.7819667, 106.6738904]]",10.78206815,106.67369260000001,7.019632615598423,278.51006400258035,285.5296966181788,2026-08-20T08:04:38.510064003+07:00,2026-08-20T08:04:42.019880310+07:00,2026-08-20T08:04:45.529696618+07:00
motorbike-3,53,500897933:6:r,411926299,366434259,primary,reverse,motorbike,"[[10.7819667, 106.6738904], [10.7817734, 106.6742377]]",10.78187005,106.67406405,6.278723397222568,285.5296966181788,291.80842001540134,2026-08-20T08:04:45.529696618+07:00,2026-08-20T08:04:48.669058317+07:00,2026-08-20T08:04:51.808420015+07:00
motorbike-3,54,500897933:5:r,366434259,9488493337,primary,reverse,motorbike,"[[10.7817734, 106.6742377], [10.7817019, 106.6743707]]",10.78173765,106.6743042,2.384792988939929,291.80842001540134,294.19321300434126,2026-08-20T08:04:51.808420015+07:00,2026-08-20T08:04:53.000816510+07:00,2026-08-20T08:04:54.193213004+07:00
motorbike-3,55,500897933:4:r,9488493337,5063701284,primary,reverse,motorbike,"[[10.7817019, 106.6743707], [10.7815756, 106.6746059]]",10.781638749999999,106.67448830000001,4.2162273180652985,294.19321300434126,298.40944032240657,2026-08-20T08:04:54.193213004+07:00,2026-08-20T08:04:56.301326663+07:00,2026-08-20T08:04:58.409440322+07:00
motorbike-3,56,500897933:3:r,5063701284,411918265,primary,reverse,motorbike,"[[10.7815756, 106.6746059], [10.7814583, 106.6748564]]",10.78151695,106.67473115,4.364982918940769,298.40944032240657,302.77442324134734,2026-08-20T08:04:58.409440322+07:00,2026-08-20T08:05:00.591931782+07:00,2026-08-20T08:05:02.774423241+07:00
motorbike-3,57,500897933:2:r,411918265,8366363067,primary,reverse,motorbike,"[[10.7814583, 106.6748564], [10.7812809, 106.6751601]]",10.781369600000001,106.67500824999999,5.557764326500566,302.77442324134734,308.3321875678479,2026-08-20T08:05:02.774423241+07:00,2026-08-20T08:05:05.553305405+07:00,2026-08-20T08:05:08.332187568+07:00
motorbike-3,58,500897933:1:r,8366363067,366368374,primary,reverse,motorbike,"[[10.7812809, 106.6751601], [10.7812241, 106.675257]]",10.7812525,106.67520855000001,1.7749094265530578,308.3321875678479,310.10709699440093,2026-08-20T08:05:08.332187568+07:00,2026-08-20T08:05:09.219642281+07:00,2026-08-20T08:05:10.107096994+07:00
motorbike-3,59,500897933:0:r,366368374,4918435013,primary,reverse,motorbike,"[[10.7812241, 106.675257], [10.7810495, 106.6755908]]",10.781136799999999,106.6754239,5.948418848566475,310.10709699440093,316.0555158429674,2026-08-20T08:05:10.107096994+07:00,2026-08-20T08:05:13.081306419+07:00,2026-08-20T08:05:16.055515843+07:00
motorbike-3,60,1255192198:0:r,4918435013,5778141550,primary,reverse,motorbike,"[[10.7810495, 106.6755908], [10.7809641, 106.6757488]]",10.7810068,106.6756698,2.8366121324912665,316.0555158429674,318.89212797545866,2026-08-20T08:05:16.055515843+07:00,2026-08-20T08:05:17.473821909+07:00,2026-08-20T08:05:18.892127975+07:00
motorbike-3,61,496279185:1:r,5778141550,5063700700,primary,reverse,motorbike,"[[10.7809641, 106.6757488], [10.7808806, 106.6759049]]",10.78092235,106.67582684999999,2.795789534794495,318.89212797545866,321.68791751025316,2026-08-20T08:05:18.892127975+07:00,2026-08-20T08:05:20.290022743+07:00,2026-08-20T08:05:21.687917510+07:00
motorbike-3,62,496279185:0:r,5063700700,4879876935,primary,reverse,motorbike,"[[10.7808806, 106.6759049], [10.7808527, 106.6759568]]",10.78086665,106.67593085,0.9306005925580235,321.68791751025316,322.6185181028112,2026-08-20T08:05:21.687917510+07:00,2026-08-20T08:05:22.153217807+07:00,2026-08-20T08:05:22.618518103+07:00
motorbike-3,63,1097215585:2:r,4879876935,411924698,primary,reverse,motorbike,"[[10.7808527, 106.6759568], [10.7807328, 106.6761789]]",10.78079275,106.67606785,3.9862871368942905,322.6185181028112,326.6048052397055,2026-08-20T08:05:22.618518103+07:00,2026-08-20T08:05:24.611661671+07:00,2026-08-20T08:05:26.604805240+07:00
motorbike-3,64,1097215585:1:r,411924698,5063700697,primary,reverse,motorbike,"[[10.7807328, 106.6761789], [10.780635, 106.676358]]",10.7806839,106.67626845,3.2231411361072557,326.6048052397055,329.82794637581276,2026-08-20T08:05:26.604805240+07:00,2026-08-20T08:05:28.216375808+07:00,2026-08-20T08:05:29.827946376+07:00
motorbike-3,65,1097215585:0:r,5063700697,10046834524,primary,reverse,motorbike,"[[10.780635, 106.676358], [10.7804881, 106.6766554]]",10.78056155,106.6765067,5.236024588114581,329.82794637581276,335.0639709639273,2026-08-20T08:05:29.827946376+07:00,2026-08-20T08:05:32.445958670+07:00,2026-08-20T08:05:35.063970964+07:00
motorbike-3,66,1097215588:0:f,10046834524,10046834525,primary,forward,motorbike,"[[10.7804881, 106.6766554], [10.7804577, 106.6766664]]",10.7804729,106.6766609,0.5166044316323298,335.0639709639273,335.58057539555966,2026-08-20T08:05:35.063970964+07:00,2026-08-20T08:05:35.322273180+07:00,2026-08-20T08:05:35.580575396+07:00
motorbike-3,67,1097215588:1:f,10046834525,10046834526,primary,forward,motorbike,"[[10.7804577, 106.6766664], [10.780323, 106.6769203]]",10.78039035,106.67679335,4.538910519965493,335.58057539555966,340.11948591552516,2026-08-20T08:05:35.580575396+07:00,2026-08-20T08:05:37.850030656+07:00,2026-08-20T08:05:40.119485916+07:00
motorbike-3,68,1097215588:2:f,10046834526,10046834527,primary,forward,motorbike,"[[10.780323, 106.6769203], [10.78033, 106.6769507]]",10.7803265,106.67693550000001,0.49113755408011484,340.11948591552516,340.6106234696053,2026-08-20T08:05:40.119485916+07:00,2026-08-20T08:05:40.365054693+07:00,2026-08-20T08:05:40.610623470+07:00
motorbike-3,69,1097215589:1:r,10046834527,5778164496,primary,reverse,motorbike,"[[10.78033, 106.6769507], [10.7802644, 106.6770737]]",10.7802972,106.67701220000001,2.201477291474228,340.6106234696053,342.81210076107953,2026-08-20T08:05:40.610623470+07:00,2026-08-20T08:05:41.711362115+07:00,2026-08-20T08:05:42.812100761+07:00
motorbike-3,70,1097215589:0:r,5778164496,10046800715,primary,reverse,motorbike,"[[10.7802644, 106.6770737], [10.7802412, 106.6771159]]",10.7802528,106.67709479999999,0.760663223784838,342.81210076107953,343.57276398486437,2026-08-20T08:05:42.812100761+07:00,2026-08-20T08:05:43.192432373+07:00,2026-08-20T08:05:43.572763985+07:00
motorbike-3,71,225192895:0:f,10046800715,4877811748,primary,forward,motorbike,"[[10.7802412, 106.6771159], [10.7802125, 106.6771286]]",10.78022685,106.67712225,0.5010882417937077,343.57276398486437,344.07385222665806,2026-08-20T08:05:43.572763985+07:00,2026-08-20T08:05:43.823308106+07:00,2026-08-20T08:05:44.073852227+07:00
motorbike-3,72,225192895:1:f,4877811748,5778164526,primary,forward,motorbike,"[[10.7802125, 106.6771286], [10.7801234, 106.677319]]",10.78016795,106.67722380000001,3.317352505439519,344.07385222665806,347.3912047320976,2026-08-20T08:05:44.073852227+07:00,2026-08-20T08:05:45.732528479+07:00,2026-08-20T08:05:47.391204732+07:00
motorbike-3,73,225192895:2:f,5778164526,5059499528,primary,forward,motorbike,"[[10.7801234, 106.677319], [10.7800426, 106.6774743]]",10.780083000000001,106.67739664999999,2.7642540039816876,347.3912047320976,350.1554587360793,2026-08-20T08:05:47.391204732+07:00,2026-08-20T08:05:48.773331734+07:00,2026-08-20T08:05:50.155458736+07:00
motorbike-3,74,225192895:3:f,5059499528,411925476,primary,forward,motorbike,"[[10.7800426, 106.6774743], [10.7797249, 106.6780843]]",10.77988375,106.6777793,10.860120742829416,350.1554587360793,361.0155794789087,2026-08-20T08:05:50.155458736+07:00,2026-08-20T08:05:55.585519107+07:00,2026-08-20T08:06:01.015579479+07:00
motorbike-3,75,225192895:4:f,411925476,11811380955,primary,forward,motorbike,"[[10.7797249, 106.6780843], [10.7796842, 106.6781605]]",10.77970455,106.6781224,1.3643027566394288,361.0155794789087,362.3798822355481,2026-08-20T08:06:01.015579479+07:00,2026-08-20T08:06:01.697730857+07:00,2026-08-20T08:06:02.379882236+07:00
motorbike-3,76,225192895:5:f,11811380955,11846659094,primary,forward,motorbike,"[[10.7796842, 106.6781605], [10.7796323, 106.6782465]]",10.77965825,106.6782035,1.587612338053972,362.3798822355481,363.9674945736021,2026-08-20T08:06:02.379882236+07:00,2026-08-20T08:06:03.173688405+07:00,2026-08-20T08:06:03.967494574+07:00
motorbike-3,77,225192895:6:f,11846659094,13623759834,primary,forward,motorbike,"[[10.7796323, 106.6782465], [10.77953, 106.6784251]]",10.779581149999999,106.6783358,3.2519701562963097,363.9674945736021,367.2194647298984,2026-08-20T08:06:03.967494574+07:00,2026-08-20T08:06:05.593479652+07:00,2026-08-20T08:06:07.219464730+07:00
motorbike-3,78,1486139602:0:f,13623759834,13623759833,primary,forward,motorbike,"[[10.77953, 106.6784251], [10.7795134, 106.6784869]]",10.7795217,106.678456,1.0077702880873294,367.2194647298984,368.2272350179857,2026-08-20T08:06:07.219464730+07:00,2026-08-20T08:06:07.723349874+07:00,2026-08-20T08:06:08.227235018+07:00
motorbike-3,79,1486139601:0:r,13623759833,2690659614,primary,reverse,motorbike,"[[10.7795134, 106.6784869], [10.7794286, 106.678638]]",10.779471000000001,106.67856245,2.7372535764615678,368.2272350179857,370.9644885944473,2026-08-20T08:06:08.227235018+07:00,2026-08-20T08:06:09.595861806+07:00,2026-08-20T08:06:10.964488594+07:00
motorbike-3,80,32588532:12:r,2690659614,13475788553,primary,reverse,motorbike,"[[10.7794286, 106.678638], [10.7792732, 106.6789482]]",10.7793509,106.67879310000001,5.477150236762506,370.9644885944473,376.4416388312098,2026-08-20T08:06:10.964488594+07:00,2026-08-20T08:06:13.703063713+07:00,2026-08-20T08:06:16.441638831+07:00
motorbike-3,81,32588532:11:r,13475788553,2690659611,primary,reverse,motorbike,"[[10.7792732, 106.6789482], [10.7791963, 106.6790738]]",10.77923475,106.679011,2.3279385221688593,376.4416388312098,378.7695773533786,2026-08-20T08:06:16.441638831+07:00,2026-08-20T08:06:17.605608092+07:00,2026-08-20T08:06:18.769577353+07:00
motorbike-3,82,32588532:10:r,2690659611,9448814093,primary,reverse,motorbike,"[[10.7791963, 106.6790738], [10.7790144, 106.6793882]]",10.77910535,106.679231,5.739335896191901,378.7695773533786,384.5089132495705,2026-08-20T08:06:18.769577353+07:00,2026-08-20T08:06:21.639245301+07:00,2026-08-20T08:06:24.508913250+07:00
motorbike-3,83,32588532:9:r,9448814093,9448814094,primary,reverse,motorbike,"[[10.7790144, 106.6793882], [10.7789954, 106.6794252]]",10.7790049,106.6794067,0.6567137361645851,384.5089132495705,385.1656269857351,2026-08-20T08:06:24.508913250+07:00,2026-08-20T08:06:24.837270118+07:00,2026-08-20T08:06:25.165626986+07:00
motorbike-3,84,32588532:8:r,9448814094,2690659695,primary,reverse,motorbike,"[[10.7789954, 106.6794252], [10.7788862, 106.6796379]]",10.7789408,106.67953155000001,3.7750367476998847,385.1656269857351,388.940663733435,2026-08-20T08:06:25.165626986+07:00,2026-08-20T08:06:27.053145360+07:00,2026-08-20T08:06:28.940663733+07:00
motorbike-3,85,32588532:7:r,2690659695,2690659691,primary,reverse,motorbike,"[[10.7788862, 106.6796379], [10.7787762, 106.6798422]]",10.778831199999999,106.67974004999999,3.664588498414887,388.940663733435,392.6052522318499,2026-08-20T08:06:28.940663733+07:00,2026-08-20T08:06:30.772957983+07:00,2026-08-20T08:06:32.605252232+07:00
motorbike-3,86,32588532:6:r,2690659691,5778164489,primary,reverse,motorbike,"[[10.7787762, 106.6798422], [10.778629, 106.680115]]",10.778702599999999,106.6799786,4.8957435981788056,392.6052522318499,397.50099583002867,2026-08-20T08:06:32.605252232+07:00,2026-08-20T08:06:35.053124031+07:00,2026-08-20T08:06:37.500995830+07:00
motorbike-3,87,32588532:5:r,5778164489,411921991,primary,reverse,motorbike,"[[10.778629, 106.680115], [10.7785269, 106.6803098]]",10.778577949999999,106.6802124,3.472973591974128,397.50099583002867,400.9739694220028,2026-08-20T08:06:37.500995830+07:00,2026-08-20T08:06:39.237482626+07:00,2026-08-20T08:06:40.973969422+07:00
motorbike-3,88,32588532:4:r,411921991,6813499478,primary,reverse,motorbike,"[[10.7785269, 106.6803098], [10.7784067, 106.6805368]]",10.7784668,106.6804233,4.0563052185951705,400.9739694220028,405.030274640598,2026-08-20T08:06:40.973969422+07:00,2026-08-20T08:06:43.002122031+07:00,2026-08-20T08:06:45.030274641+07:00
motorbike-3,89,32588532:3:r,6813499478,9774649665,primary,reverse,motorbike,"[[10.7784067, 106.6805368], [10.778293, 106.6807602]]",10.77834985,106.68064849999999,3.9576061375485585,405.030274640598,408.9878807781466,2026-08-20T08:06:45.030274641+07:00,2026-08-20T08:06:47.009077709+07:00,2026-08-20T08:06:48.987880778+07:00
motorbike-3,90,32588532:2:r,9774649665,13913718109,primary,reverse,motorbike,"[[10.778293, 106.6807602], [10.7780859, 106.6811768]]",10.77818945,106.6809685,7.34423562342613,408.9878807781466,416.3321164015727,2026-08-20T08:06:48.987880778+07:00,2026-08-20T08:06:52.659998590+07:00,2026-08-20T08:06:56.332116402+07:00
motorbike-3,91,32588532:1:r,13913718109,13913718114,primary,reverse,motorbike,"[[10.7780859, 106.6811768], [10.7780591, 106.6812308]]",10.7780725,106.68120379999999,0.9516443535935579,416.3321164015727,417.28376075516627,2026-08-20T08:06:56.332116402+07:00,2026-08-20T08:06:56.807938578+07:00,2026-08-20T08:06:57.283760755+07:00
motorbike-3,92,32588532:0:r,13913718114,4646769645,primary,reverse,motorbike,"[[10.7780591, 106.6812308], [10.77795, 106.6814502]]",10.77800455,106.6813405,3.868032637363131,417.28376075516627,421.1517933925294,2026-08-20T08:06:57.283760755+07:00,2026-08-20T08:06:59.217777074+07:00,2026-08-20T08:07:01.151793393+07:00
motorbike-3,93,1265743179:0:f,4646769645,6789329104,primary,forward,motorbike,"[[10.77795, 106.6814502], [10.7779027, 106.6814279]]",10.777926350000001,106.68143905,0.8346570135598238,421.1517933925294,421.9864504060892,2026-08-20T08:07:01.151793393+07:00,2026-08-20T08:07:01.569121899+07:00,2026-08-20T08:07:01.986450406+07:00
motorbike-3,94,1265743179:1:f,6789329104,411919418,primary,forward,motorbike,"[[10.7779027, 106.6814279], [10.7778512, 106.6814148]]",10.77787695,106.68142135,0.8499779929181599,421.9864504060892,422.8364283990074,2026-08-20T08:07:01.986450406+07:00,2026-08-20T08:07:02.411439403+07:00,2026-08-20T08:07:02.836428399+07:00
motorbike-3,95,1174211369:0:f,411919418,701666211,primary,forward,motorbike,"[[10.7778512, 106.6814148], [10.7777681, 106.6814148]]",10.77780965,106.6814148,1.3306048081324344,422.8364283990074,424.1670332071398,2026-08-20T08:07:02.836428399+07:00,2026-08-20T08:07:03.501730802+07:00,2026-08-20T08:07:04.167033207+07:00
motorbike-3,96,1174211369:1:f,701666211,701666209,primary,forward,motorbike,"[[10.7777681, 106.6814148], [10.7776887, 106.6814396]]",10.7777284,106.6814272,1.3298611062110497,424.1670332071398,425.4968943133509,2026-08-20T08:07:04.167033207+07:00,2026-08-20T08:07:04.831963760+07:00,2026-08-20T08:07:05.496894313+07:00
motorbike-3,97,1174211369:2:f,701666209,411919383,primary,forward,motorbike,"[[10.7776887, 106.6814396], [10.77762, 106.681487]]",10.77765435,106.6814633,1.3288960009831357,425.4968943133509,426.82579031433403,2026-08-20T08:07:05.496894313+07:00,2026-08-20T08:07:06.161342314+07:00,2026-08-20T08:07:06.825790314+07:00
motorbike-3,98,1265471315:0:f,411919383,701666210,primary,forward,motorbike,"[[10.77762, 106.681487], [10.7775723, 106.6815455]]",10.77759615,106.68151625,1.195865382923049,426.82579031433403,428.0216556972571,2026-08-20T08:07:06.825790314+07:00,2026-08-20T08:07:07.423723006+07:00,2026-08-20T08:07:08.021655697+07:00
motorbike-3,99,1265471315:1:f,701666210,411919403,primary,forward,motorbike,"[[10.7775723, 106.6815455], [10.7775416, 106.6816148]]",10.77755695,106.68158015,1.195777160425992,428.0216556972571,429.2174328576831,2026-08-20T08:07:08.021655697+07:00,2026-08-20T08:07:08.619544277+07:00,2026-08-20T08:07:09.217432858+07:00
motorbike-3,100,1265471315:2:f,411919403,4646769638,primary,forward,motorbike,"[[10.7775416, 106.6816148], [10.7775299, 106.6816898]]",10.777535749999998,106.6816523,1.1945060470871889,429.2174328576831,430.4119389047703,2026-08-20T08:07:09.217432858+07:00,2026-08-20T08:07:09.814685881+07:00,2026-08-20T08:07:10.411938905+07:00
motorbike-3,101,1265471315:3:f,4646769638,5778245684,primary,forward,motorbike,"[[10.7775299, 106.6816898], [10.7775382, 106.6817654]]",10.77753405,106.6817276,1.1965648454588744,430.4119389047703,431.60850375022915,2026-08-20T08:07:10.411938905+07:00,2026-08-20T08:07:11.010221327+07:00,2026-08-20T08:07:11.608503750+07:00
motorbike-3,102,1265471315:4:f,5778245684,6793471365,primary,forward,motorbike,"[[10.7775382, 106.6817654], [10.7775553, 106.6818149]]",10.777546749999999,106.68179015000001,0.8253577846899858,431.60850375022915,432.4338615349191,2026-08-20T08:07:11.608503750+07:00,2026-08-20T08:07:12.021182643+07:00,2026-08-20T08:07:12.433861535+07:00
motorbike-3,103,1265471315:5:f,6793471365,4646769639,primary,forward,motorbike,"[[10.7775553, 106.6818149], [10.777581, 106.6818604]]",10.77756815,106.68183765,0.8255701430185027,432.4338615349191,433.25943167793764,2026-08-20T08:07:12.433861535+07:00,2026-08-20T08:07:12.846646606+07:00,2026-08-20T08:07:13.259431678+07:00
motorbike-3,104,1265743178:0:f,4646769639,6793471367,primary,forward,motorbike,"[[10.777581, 106.6818604], [10.7776145, 106.6819003]]",10.77759775,106.68188035,0.8256078261615925,433.25943167793764,434.08503950409926,2026-08-20T08:07:13.259431678+07:00,2026-08-20T08:07:13.672235591+07:00,2026-08-20T08:07:14.085039504+07:00
motorbike-3,105,1265743178:1:f,6793471367,411919210,primary,forward,motorbike,"[[10.7776145, 106.6819003], [10.7776602, 106.6819378]]",10.77763735,106.68191905,0.9398928539138994,434.08503950409926,435.02493235801313,2026-08-20T08:07:14.085039504+07:00,2026-08-20T08:07:14.554985931+07:00,2026-08-20T08:07:15.024932358+07:00
motorbike-3,106,723823268:3:r,411919210,4879876939,primary,reverse,motorbike,"[[10.7776602, 106.6819378], [10.7775987, 106.682044]]",10.77762945,106.6819909,1.939136585620488,435.02493235801313,436.9640689436336,2026-08-20T08:07:15.024932358+07:00,2026-08-20T08:07:15.994500651+07:00,2026-08-20T08:07:16.964068944+07:00
motorbike-3,107,723823268:2:r,4879876939,13913718111,primary,reverse,motorbike,"[[10.7775987, 106.682044], [10.77758, 106.6820786]]",10.77758935,106.6820613,0.6211758407745192,436.9640689436336,437.58524478440813,2026-08-20T08:07:16.964068944+07:00,2026-08-20T08:07:17.274656864+07:00,2026-08-20T08:07:17.585244784+07:00
motorbike-3,108,723823268:1:r,13913718111,6789328758,primary,reverse,motorbike,"[[10.77758, 106.6820786], [10.7772277, 106.6827295]]",10.777403849999999,106.68240405,11.689613381615095,437.58524478440813,449.27485816602325,2026-08-20T08:07:17.585244784+07:00,2026-08-20T08:07:23.430051475+07:00,2026-08-20T08:07:29.274858166+07:00
motorbike-3,109,723823268:0:r,6789328758,411926405,primary,reverse,motorbike,"[[10.7772277, 106.6827295], [10.7772057, 106.6827702]]",10.7772167,106.68274985,0.7307147344789957,449.27485816602325,450.0055729005023,2026-08-20T08:07:29.274858166+07:00,2026-08-20T08:07:29.640215533+07:00,2026-08-20T08:07:30.005572901+07:00
motorbike-3,110,1180975823:1:r,411926405,6793708683,primary,reverse,motorbike,"[[10.7772057, 106.6827702], [10.7771497, 106.6828722]]",10.7771777,106.6828212,1.8379915274394778,450.0055729005023,451.84356442794177,2026-08-20T08:07:30.005572901+07:00,2026-08-20T08:07:30.924568664+07:00,2026-08-20T08:07:31.843564428+07:00
motorbike-3,111,1180975823:0:r,6793708683,6794477957,primary,reverse,motorbike,"[[10.7771497, 106.6828722], [10.7769816, 106.6831854]]",10.77706565,106.6830288,5.613877404367747,451.84356442794177,457.45744183230954,2026-08-20T08:07:31.843564428+07:00,2026-08-20T08:07:34.650503130+07:00,2026-08-20T08:07:37.457441832+07:00
motorbike-3,112,724496035:0:f,6794477957,6794477956,primary,forward,motorbike,"[[10.7769816, 106.6831854], [10.776917, 106.6832352]]",10.776949299999998,106.6832103,1.297521772306145,457.45744183230954,458.7549636046157,2026-08-20T08:07:37.457441832+07:00,2026-08-20T08:07:38.106202718+07:00,2026-08-20T08:07:38.754963605+07:00
motorbike-3,113,724496035:1:f,6794477956,11953547343,primary,forward,motorbike,"[[10.776917, 106.6832352], [10.776769, 106.6835101]]",10.776843,106.68337265,4.9308883343466,458.7549636046157,463.6858519389623,2026-08-20T08:07:38.754963605+07:00,2026-08-20T08:07:41.220407772+07:00,2026-08-20T08:07:43.685851939+07:00
motorbike-3,114,724496035:2:f,11953547343,6793729485,primary,forward,motorbike,"[[10.776769, 106.6835101], [10.7767551, 106.683536]]",10.77676205,106.68352305,0.4642310275931574,463.6858519389623,464.15008296655543,2026-08-20T08:07:43.685851939+07:00,2026-08-20T08:07:43.917967453+07:00,2026-08-20T08:07:44.150082967+07:00
motorbike-3,115,724496035:3:f,6793729485,11953547345,primary,forward,motorbike,"[[10.7767551, 106.683536], [10.7766932, 106.6836573]]",10.77672415,106.68359665,2.1500891190646234,464.15008296655543,466.30017208562003,2026-08-20T08:07:44.150082967+07:00,2026-08-20T08:07:45.225127526+07:00,2026-08-20T08:07:46.300172086+07:00
motorbike-3,116,230934665:0:f,11953547345,11953547351,primary,forward,motorbike,"[[10.7766932, 106.6836573], [10.7766301, 106.6837683]]",10.776661650000001,106.6837128,2.01725942427719,466.30017208562003,468.31743150989723,2026-08-20T08:07:46.300172086+07:00,2026-08-20T08:07:47.308801798+07:00,2026-08-20T08:07:48.317431510+07:00
motorbike-3,117,230934665:1:f,11953547351,411921432,primary,forward,motorbike,"[[10.7766301, 106.6837683], [10.7762114, 106.6845322]]",10.77642075,106.68415025,13.759707309120344,468.31743150989723,482.0771388190176,2026-08-20T08:07:48.317431510+07:00,2026-08-20T08:07:55.197285164+07:00,2026-08-20T08:08:02.077138819+07:00
motorbike-3,118,230934665:2:f,411921432,10721790774,primary,forward,motorbike,"[[10.7762114, 106.6845322], [10.7760619, 106.68483]]",10.77613665,106.6846811,5.260521440441843,482.0771388190176,487.3376602594594,2026-08-20T08:08:02.077138819+07:00,2026-08-20T08:08:04.707399539+07:00,2026-08-20T08:08:07.337660259+07:00
motorbike-3,119,230934665:3:f,10721790774,6786750512,primary,forward,motorbike,"[[10.7760619, 106.68483], [10.7758871, 106.6851564]]",10.7759745,106.68499320000001,5.847543231044468,487.3376602594594,493.1852034905039,2026-08-20T08:08:07.337660259+07:00,2026-08-20T08:08:10.261431874+07:00,2026-08-20T08:08:13.185203491+07:00
motorbike-3,120,230934665:4:f,6786750512,2393615144,primary,forward,motorbike,"[[10.7758871, 106.6851564], [10.7758553, 106.6852154]]",10.775871200000001,106.6851859,1.0585621519123405,493.1852034905039,494.24376564241624,2026-08-20T08:08:13.185203491+07:00,2026-08-20T08:08:13.714484566+07:00,2026-08-20T08:08:14.243765642+07:00
motorbike-3,121,35113721:20:r,2393615144,411926428,tertiary,reverse,motorbike,"[[10.7758553, 106.6852154], [10.7758973, 106.6852571]]",10.7758763,106.68523625,0.939420520864047,494.24376564241624,495.18318616328025,2026-08-20T08:08:14.243765642+07:00,2026-08-20T08:08:14.713475903+07:00,2026-08-20T08:08:15.183186163+07:00
motorbike-3,122,35113721:19:r,411926428,4035870191,tertiary,reverse,motorbike,"[[10.7758973, 106.6852571], [10.7763265, 106.6856829]]",10.7761119,106.68547000000001,9.596308675194344,495.18318616328025,504.7794948384746,2026-08-20T08:08:15.183186163+07:00,2026-08-20T08:08:19.981340501+07:00,2026-08-20T08:08:24.779494838+07:00
motorbike-3,123,35113721:18:r,4035870191,3257259160,tertiary,reverse,motorbike,"[[10.7763265, 106.6856829], [10.7767966, 106.6861495]]",10.77656155,106.68591620000001,10.51322699839001,504.7794948384746,515.2927218368646,2026-08-20T08:08:24.779494838+07:00,2026-08-20T08:08:30.036108338+07:00,2026-08-20T08:08:35.292721837+07:00
motorbike-3,124,35113721:17:r,3257259160,411919270,tertiary,reverse,motorbike,"[[10.7767966, 106.6861495], [10.7773632, 106.6867116]]",10.7770799,106.68643055,12.668232817288866,515.2927218368646,527.9609546541535,2026-08-20T08:08:35.292721837+07:00,2026-08-20T08:08:41.626838246+07:00,2026-08-20T08:08:47.960954654+07:00
motorbike-3,125,35113721:16:r,411919270,14072280071,tertiary,reverse,motorbike,"[[10.7773632, 106.6867116], [10.7774578, 106.6868055]]",10.7774105,106.68675855000001,2.1156609211953934,527.9609546541535,530.0766155753489,2026-08-20T08:08:47.960954654+07:00,2026-08-20T08:08:49.018785115+07:00,2026-08-20T08:08:50.076615575+07:00
motorbike-3,126,35113721:15:r,14072280071,5778300422,tertiary,reverse,motorbike,"[[10.7774578, 106.6868055], [10.7778991, 106.6872434]]",10.77767845,106.68702445,9.867875024072822,530.0766155753489,539.9444905994218,2026-08-20T08:08:50.076615575+07:00,2026-08-20T08:08:55.010553087+07:00,2026-08-20T08:08:59.944490599+07:00
motorbike-3,127,327048054:15:f,5778300422,5778300433,tertiary,forward,motorbike,"[[10.7778991, 106.6872434], [10.777541, 106.6876317]]",10.77772005,106.68743755,8.377553549688649,539.9444905994218,548.3220441491104,2026-08-20T08:08:59.944490599+07:00,2026-08-20T08:09:04.133267374+07:00,2026-08-20T08:09:08.322044149+07:00
motorbike-3,128,327048054:16:f,5778300433,411926144,tertiary,forward,motorbike,"[[10.777541, 106.6876317], [10.7774802, 106.6876976]]",10.7775106,106.68766465,1.4220678452535473,548.3220441491104,549.744111994364,2026-08-20T08:09:08.322044149+07:00,2026-08-20T08:09:09.033078072+07:00,2026-08-20T08:09:09.744111994+07:00
motorbike-3,129,327048054:17:f,411926144,411926143,tertiary,forward,motorbike,"[[10.7774802, 106.6876976], [10.7771139, 106.6880944]]",10.77729705,106.687896,8.564905326364073,549.744111994364,558.309017320728,2026-08-20T08:09:09.744111994+07:00,2026-08-20T08:09:14.026564658+07:00,2026-08-20T08:09:18.309017321+07:00
motorbike-4,1,242307850:0:f,2498079018,2498079021,service,forward,motorbike,"[[10.7802867, 106.6595074], [10.7813987, 106.6605783]]",10.780842700000001,106.66004285,24.510766370892025,0.0,24.510766370892025,2026-08-20T08:00:00+07:00,2026-08-20T08:00:12.255383185+07:00,2026-08-20T08:00:24.510766371+07:00
motorbike-4,2,242307850:1:f,2498079021,366433075,service,forward,motorbike,"[[10.7813987, 106.6605783], [10.7807714, 106.6607314]]",10.781085050000002,106.66065485,10.329037001902451,24.510766370892025,34.83980337279448,2026-08-20T08:00:24.510766371+07:00,2026-08-20T08:00:29.675284872+07:00,2026-08-20T08:00:34.839803373+07:00
motorbike-4,3,1277704606:0:r,366433075,1349033429,residential,reverse,motorbike,"[[10.7807714, 106.6607314], [10.7810596, 106.6614957]]",10.7809155,106.66111355000001,12.877292037855717,34.83980337279448,47.717095410650195,2026-08-20T08:00:34.839803373+07:00,2026-08-20T08:00:41.278449392+07:00,2026-08-20T08:00:47.717095411+07:00
motorbike-4,4,520723335:2:r,1349033429,4415686093,tertiary,reverse,motorbike,"[[10.7810596, 106.6614957], [10.7813997, 106.6623673]]",10.78122965,106.66193150000001,14.751753042592275,47.717095410650195,62.46884845324247,2026-08-20T08:00:47.717095411+07:00,2026-08-20T08:00:55.092971932+07:00,2026-08-20T08:01:02.468848453+07:00
motorbike-4,5,520723335:1:r,4415686093,4415547496,tertiary,reverse,motorbike,"[[10.7813997, 106.6623673], [10.7817477, 106.6632592]]",10.7815737,106.66281325,15.095189128374933,62.46884845324247,77.56403758161741,2026-08-20T08:01:02.468848453+07:00,2026-08-20T08:01:10.016443017+07:00,2026-08-20T08:01:17.564037582+07:00
motorbike-4,6,520723335:0:r,4415547496,366413355,tertiary,reverse,motorbike,"[[10.7817477, 106.6632592], [10.7822562, 106.6645756]]",10.782001950000002,106.6639174,22.24952552792061,77.56403758161741,99.81356310953802,2026-08-20T08:01:17.564037582+07:00,2026-08-20T08:01:28.688800346+07:00,2026-08-20T08:01:39.813563110+07:00
motorbike-4,7,32579174:7:f,366413355,366382549,residential,forward,motorbike,"[[10.7822562, 106.6645756], [10.7818835, 106.665204]]",10.78206985,106.6648898,11.54617415683,99.81356310953802,111.35973726636803,2026-08-20T08:01:39.813563110+07:00,2026-08-20T08:01:45.586650188+07:00,2026-08-20T08:01:51.359737266+07:00
motorbike-4,8,32579174:8:f,366382549,366457844,residential,forward,motorbike,"[[10.7818835, 106.665204], [10.7815821, 106.6657795]]",10.7817328,106.66549175,10.25839145338479,111.35973726636803,121.61812871975282,2026-08-20T08:01:51.359737266+07:00,2026-08-20T08:01:56.488932993+07:00,2026-08-20T08:02:01.618128720+07:00
motorbike-4,9,32579174:9:f,366457844,2930534054,residential,forward,motorbike,"[[10.7815821, 106.6657795], [10.7814678, 106.6659784]]",10.78152495,106.66587895,3.624584720921729,121.61812871975282,125.24271344067455,2026-08-20T08:02:01.618128720+07:00,2026-08-20T08:02:03.430421080+07:00,2026-08-20T08:02:05.242713441+07:00
motorbike-4,10,289494377:7:r,2930534054,5772254959,residential,reverse,motorbike,"[[10.7814678, 106.6659784], [10.7816144, 106.6661531]]",10.7815411,106.66606575,3.6140412492954717,125.24271344067455,128.85675468997002,2026-08-20T08:02:05.242713441+07:00,2026-08-20T08:02:07.049734065+07:00,2026-08-20T08:02:08.856754690+07:00
motorbike-4,11,289494377:6:r,5772254959,5772452208,residential,reverse,motorbike,"[[10.7816144, 106.6661531], [10.7816538, 106.6662]]",10.781634100000002,106.66617655,0.9706810904323508,128.85675468997002,129.82743578040237,2026-08-20T08:02:08.856754690+07:00,2026-08-20T08:02:09.342095235+07:00,2026-08-20T08:02:09.827435780+07:00
motorbike-4,12,289494377:5:r,5772452208,2930534057,residential,reverse,motorbike,"[[10.7816538, 106.6662], [10.7817639, 106.6663312]]",10.781708850000001,106.6662656,2.71418305186391,129.82743578040237,132.54161883226627,2026-08-20T08:02:09.827435780+07:00,2026-08-20T08:02:11.184527306+07:00,2026-08-20T08:02:12.541618832+07:00
motorbike-4,13,289494377:4:r,2930534057,13174777970,residential,reverse,motorbike,"[[10.7817639, 106.6663312], [10.7817693, 106.6663406]]",10.781766600000001,106.6663359,0.17128288444331768,132.54161883226627,132.71290171670958,2026-08-20T08:02:12.541618832+07:00,2026-08-20T08:02:12.627260274+07:00,2026-08-20T08:02:12.712901717+07:00
motorbike-4,14,289494377:3:r,13174777970,13174777972,residential,reverse,motorbike,"[[10.7817693, 106.6663406], [10.7817702, 106.6663515]]",10.78176975,106.66634605,0.1720553272408841,132.71290171670958,132.88495704395046,2026-08-20T08:02:12.712901717+07:00,2026-08-20T08:02:12.798929380+07:00,2026-08-20T08:02:12.884957044+07:00
motorbike-4,15,289494377:2:r,13174777972,13174777971,residential,reverse,motorbike,"[[10.7817702, 106.6663515], [10.7817664, 106.6663618]]",10.7817683,106.66635665000001,0.1730620536081506,132.88495704395046,133.05801909755863,2026-08-20T08:02:12.884957044+07:00,2026-08-20T08:02:12.971488071+07:00,2026-08-20T08:02:13.058019098+07:00
motorbike-4,16,289494377:1:r,13174777971,5772254960,residential,reverse,motorbike,"[[10.7817664, 106.6663618], [10.7817586, 106.6663696]]",10.7817625,106.6663657,0.17507516038425794,133.05801909755863,133.2330942579429,2026-08-20T08:02:13.058019098+07:00,2026-08-20T08:02:13.145556678+07:00,2026-08-20T08:02:13.233094258+07:00
motorbike-4,17,289494377:0:r,5772254960,2930534062,residential,reverse,motorbike,"[[10.7817586, 106.6663696], [10.7815428, 106.6665411]]",10.7816507,106.66645535,4.383707099311092,133.2330942579429,137.616801357254,2026-08-20T08:02:13.233094258+07:00,2026-08-20T08:02:15.424947808+07:00,2026-08-20T08:02:17.616801357+07:00
motorbike-4,18,694637565:0:f,2930534062,4120155315,residential,forward,motorbike,"[[10.7815428, 106.6665411], [10.781474, 106.6665947]]",10.7815084,106.6665679,1.387230021812698,137.616801357254,139.0040313790667,2026-08-20T08:02:17.616801357+07:00,2026-08-20T08:02:18.310416368+07:00,2026-08-20T08:02:19.004031379+07:00
motorbike-4,19,694637565:1:f,4120155315,14072416245,residential,forward,motorbike,"[[10.781474, 106.6665947], [10.7810802, 106.6669008]]",10.7812771,106.66674775,7.933616312064014,139.0040313790667,146.9376476911307,2026-08-20T08:02:19.004031379+07:00,2026-08-20T08:02:22.970839535+07:00,2026-08-20T08:02:26.937647691+07:00
motorbike-4,20,694637565:2:f,14072416245,4120155277,residential,forward,motorbike,"[[10.7810802, 106.6669008], [10.7806342, 106.667249]]",10.7808572,106.66707489999999,8.999836409727667,146.9376476911307,155.93748410085837,2026-08-20T08:02:26.937647691+07:00,2026-08-20T08:02:31.437565896+07:00,2026-08-20T08:02:35.937484101+07:00
motorbike-4,21,410150096:0:r,4120155277,4120155275,residential,reverse,motorbike,"[[10.7806342, 106.667249], [10.7810427, 106.667816]]",10.780838450000001,106.6675325,11.06008785866287,155.93748410085837,166.99757195952125,2026-08-20T08:02:35.937484101+07:00,2026-08-20T08:02:41.467528030+07:00,2026-08-20T08:02:46.997571960+07:00
motorbike-4,22,410150095:4:f,4120155275,4120155276,residential,forward,motorbike,"[[10.7810427, 106.667816], [10.7810966, 106.6678628]]",10.78106965,106.66783939999999,1.1343539079069482,166.99757195952125,168.1319258674282,2026-08-20T08:02:46.997571960+07:00,2026-08-20T08:02:47.564748913+07:00,2026-08-20T08:02:48.131925867+07:00
motorbike-4,23,410150095:5:f,4120155276,5074798790,residential,forward,motorbike,"[[10.7810966, 106.6678628], [10.7810635, 106.6679227]]",10.78108005,106.66789275,1.0810325541474493,168.1319258674282,169.21295842157565,2026-08-20T08:02:48.131925867+07:00,2026-08-20T08:02:48.672442145+07:00,2026-08-20T08:02:49.212958422+07:00
motorbike-4,24,410150095:6:f,5074798790,5074798789,residential,forward,motorbike,"[[10.7810635, 106.6679227], [10.780941, 106.668144]]",10.78100225,106.66803335,3.9955337663611283,169.21295842157565,173.20849218793677,2026-08-20T08:02:49.212958422+07:00,2026-08-20T08:02:51.210725305+07:00,2026-08-20T08:02:53.208492188+07:00
motorbike-4,25,410150095:7:f,5074798789,4120155272,residential,forward,motorbike,"[[10.780941, 106.668144], [10.7808012, 106.6683849]]",10.7808711,106.66826445000001,4.401034633005793,173.20849218793677,177.60952682094256,2026-08-20T08:02:53.208492188+07:00,2026-08-20T08:02:55.409009504+07:00,2026-08-20T08:02:57.609526821+07:00
motorbike-4,26,410150095:0:r,4120155272,4120155271,residential,reverse,motorbike,"[[10.7808012, 106.6683849], [10.7809462, 106.6685844]]",10.7808737,106.66848465000001,3.903558768155955,177.60952682094256,181.51308558909852,2026-08-20T08:02:57.609526821+07:00,2026-08-20T08:02:59.561306205+07:00,2026-08-20T08:03:01.513085589+07:00
motorbike-4,27,410149784:1:r,4120155271,4120151675,residential,reverse,motorbike,"[[10.7809462, 106.6685844], [10.7809123, 106.6686089]]",10.78092925,106.66859665,0.6656982828210405,181.51308558909852,182.17878387191956,2026-08-20T08:03:01.513085589+07:00,2026-08-20T08:03:01.845934731+07:00,2026-08-20T08:03:02.178783872+07:00
motorbike-4,28,410149784:0:r,4120151675,4120151674,residential,reverse,motorbike,"[[10.7809123, 106.6686089], [10.780507, 106.6689134]]",10.78070965,106.66876115,8.065776253544282,182.17878387191956,190.24456012546383,2026-08-20T08:03:02.178783872+07:00,2026-08-20T08:03:06.211671999+07:00,2026-08-20T08:03:10.244560125+07:00
motorbike-4,29,716044137:15:r,4120151674,366403850,secondary,reverse,motorbike,"[[10.780507, 106.6689134], [10.7805677, 106.6689967]]",10.78053735,106.66895505,1.6313964347934653,190.24456012546383,191.8759565602573,2026-08-20T08:03:10.244560125+07:00,2026-08-20T08:03:11.060258343+07:00,2026-08-20T08:03:11.875956560+07:00
motorbike-4,30,716044137:14:r,366403850,13441558876,secondary,reverse,motorbike,"[[10.7805677, 106.6689967], [10.7808711, 106.6694055]]",10.7807194,106.6692011,8.059060775365502,191.8759565602573,199.9350173356228,2026-08-20T08:03:11.875956560+07:00,2026-08-20T08:03:15.905486948+07:00,2026-08-20T08:03:19.935017336+07:00
motorbike-4,31,716044137:13:r,13441558876,366464770,secondary,reverse,motorbike,"[[10.7808711, 106.6694055], [10.7808899, 106.6694309]]",10.7808805,106.6694182,0.5002405186640708,199.9350173356228,200.43525785428687,2026-08-20T08:03:19.935017336+07:00,2026-08-20T08:03:20.185137595+07:00,2026-08-20T08:03:20.435257854+07:00
motorbike-4,32,716044137:12:r,366464770,13441558874,secondary,reverse,motorbike,"[[10.7808899, 106.6694309], [10.7809051, 106.6694517]]",10.7808975,106.66944129999999,0.40777182952508195,200.43525785428687,200.84302968381195,2026-08-20T08:03:20.435257854+07:00,2026-08-20T08:03:20.639143769+07:00,2026-08-20T08:03:20.843029684+07:00
motorbike-4,33,716044137:11:r,13441558874,366434727,secondary,reverse,motorbike,"[[10.7809051, 106.6694517], [10.7811107, 106.669732]]",10.781007899999999,106.66959184999999,5.502439776901824,200.84302968381195,206.3454694607138,2026-08-20T08:03:20.843029684+07:00,2026-08-20T08:03:23.594249572+07:00,2026-08-20T08:03:26.345469461+07:00
motorbike-4,34,716044137:10:r,366434727,3718387279,secondary,reverse,motorbike,"[[10.7811107, 106.669732], [10.7811663, 106.6698044]]",10.7811385,106.6697682,1.4455032417919214,206.3454694607138,207.7909727025057,2026-08-20T08:03:26.345469461+07:00,2026-08-20T08:03:27.068221082+07:00,2026-08-20T08:03:27.790972703+07:00
motorbike-4,35,716044137:9:r,3718387279,3718387319,secondary,reverse,motorbike,"[[10.7811663, 106.6698044], [10.7816116, 106.6703849]]",10.78138895,106.67009465000001,11.585062312152202,207.7909727025057,219.3760350146579,2026-08-20T08:03:27.790972703+07:00,2026-08-20T08:03:33.583503859+07:00,2026-08-20T08:03:39.376035015+07:00
motorbike-4,36,716044137:8:r,3718387319,5063701425,secondary,reverse,motorbike,"[[10.7816116, 106.6703849], [10.7818565, 106.6707042]]",10.78173405,106.67054455,6.371941858054412,219.3760350146579,225.74797687271231,2026-08-20T08:03:39.376035015+07:00,2026-08-20T08:03:42.562005944+07:00,2026-08-20T08:03:45.747976873+07:00
motorbike-4,37,716044137:7:r,5063701425,5063701430,secondary,reverse,motorbike,"[[10.7818565, 106.6707042], [10.7821688, 106.6711112]]",10.78201265,106.6709077,8.123405922146333,225.74797687271231,233.87138279485865,2026-08-20T08:03:45.747976873+07:00,2026-08-20T08:03:49.809679834+07:00,2026-08-20T08:03:53.871382795+07:00
motorbike-4,38,716044137:6:r,5063701430,3718387308,secondary,reverse,motorbike,"[[10.7821688, 106.6711112], [10.7822208, 106.671179]]",10.7821948,106.67114509999999,1.3529944801275182,233.87138279485865,235.22437727498615,2026-08-20T08:03:53.871382795+07:00,2026-08-20T08:03:54.547880035+07:00,2026-08-20T08:03:55.224377275+07:00
motorbike-4,39,716044137:5:r,3718387308,5063701421,secondary,reverse,motorbike,"[[10.7822208, 106.671179], [10.782292, 106.6712731]]",10.7822564,106.67122605,1.8682996487015824,235.22437727498615,237.09267692368775,2026-08-20T08:03:55.224377275+07:00,2026-08-20T08:03:56.158527099+07:00,2026-08-20T08:03:57.092676924+07:00
motorbike-4,40,716044137:4:r,5063701421,13540705422,secondary,reverse,motorbike,"[[10.782292, 106.6712731], [10.7823458, 106.6713442]]",10.7823189,106.67130864999999,1.4116751131676504,237.09267692368775,238.5043520368554,2026-08-20T08:03:57.092676924+07:00,2026-08-20T08:03:57.798514480+07:00,2026-08-20T08:03:58.504352037+07:00
motorbike-4,41,716044137:3:r,13540705422,13540705424,secondary,reverse,motorbike,"[[10.7823458, 106.6713442], [10.7824965, 106.6715399]]",10.782421150000001,106.67144205,3.9112979248091087,238.5043520368554,242.4156499616645,2026-08-20T08:03:58.504352037+07:00,2026-08-20T08:04:00.460000999+07:00,2026-08-20T08:04:02.415649962+07:00
motorbike-4,42,716044137:2:r,13540705424,5074798961,secondary,reverse,motorbike,"[[10.7824965, 106.6715399], [10.7825682, 106.6716378]]",10.78253235,106.67158885,1.9207736455658524,242.4156499616645,244.33642360723036,2026-08-20T08:04:02.415649962+07:00,2026-08-20T08:04:03.376036784+07:00,2026-08-20T08:04:04.336423607+07:00
motorbike-4,43,716044137:1:r,5074798961,5063701411,secondary,reverse,motorbike,"[[10.7825682, 106.6716378], [10.7825973, 106.6716762]]",10.78258275,106.671657,0.7628481208892232,244.33642360723036,245.0992717281196,2026-08-20T08:04:04.336423607+07:00,2026-08-20T08:04:04.717847668+07:00,2026-08-20T08:04:05.099271728+07:00
motorbike-4,44,716044137:0:r,5063701411,4875861250,secondary,reverse,motorbike,"[[10.7825973, 106.6716762], [10.7829178, 106.6720996]]",10.78275755,106.6718879,8.407693821464491,245.0992717281196,253.5069655495841,2026-08-20T08:04:05.099271728+07:00,2026-08-20T08:04:09.303118639+07:00,2026-08-20T08:04:13.506965550+07:00
motorbike-4,45,495852561:4:r,4875861250,11395678546,primary,reverse,motorbike,"[[10.7829178, 106.6720996], [10.7827408, 106.6724336]]",10.7828293,106.6722666,5.969319124879651,253.5069655495841,259.4762846744637,2026-08-20T08:04:13.506965550+07:00,2026-08-20T08:04:16.491625112+07:00,2026-08-20T08:04:19.476284674+07:00
motorbike-4,46,495852561:3:r,11395678546,5063701408,primary,reverse,motorbike,"[[10.7827408, 106.6724336], [10.7827246, 106.6724641]]",10.7827327,106.67244885,0.545382841929127,259.4762846744637,260.0216675163929,2026-08-20T08:04:19.476284674+07:00,2026-08-20T08:04:19.748976095+07:00,2026-08-20T08:04:20.021667516+07:00
motorbike-4,47,495852561:2:r,5063701408,411918284,primary,reverse,motorbike,"[[10.7827246, 106.6724641], [10.7825681, 106.6727592]]",10.78264635,106.67261165,5.274964532395763,260.0216675163929,265.29663204878864,2026-08-20T08:04:20.021667516+07:00,2026-08-20T08:04:22.659149783+07:00,2026-08-20T08:04:25.296632049+07:00
motorbike-4,48,495852561:1:r,411918284,5063701402,primary,reverse,motorbike,"[[10.7825681, 106.6727592], [10.782487, 106.6729096]]",10.782527550000001,106.6728344,2.698675165998481,265.29663204878864,267.99530721478715,2026-08-20T08:04:25.296632049+07:00,2026-08-20T08:04:26.645969632+07:00,2026-08-20T08:04:27.995307215+07:00
motorbike-4,49,495852561:0:r,5063701402,11771724356,primary,reverse,motorbike,"[[10.782487, 106.6729096], [10.7824523, 106.672974]]",10.78246965,106.67294179999999,1.1553471006015446,267.99530721478715,269.1506543153887,2026-08-20T08:04:27.995307215+07:00,2026-08-20T08:04:28.572980765+07:00,2026-08-20T08:04:29.150654315+07:00
motorbike-4,50,500897933:9:r,11771724356,366470932,primary,reverse,motorbike,"[[10.7824523, 106.672974], [10.7822806, 106.6732878]]",10.78236645,106.67313089999999,5.649909272257701,269.1506543153887,274.80056358764637,2026-08-20T08:04:29.150654315+07:00,2026-08-20T08:04:31.975608952+07:00,2026-08-20T08:04:34.800563588+07:00
motorbike-4,51,500897933:8:r,366470932,5063701380,primary,reverse,motorbike,"[[10.7822806, 106.6732878], [10.7821696, 106.6734948]]",10.7822251,106.67339129999999,3.7095004149339577,274.80056358764637,278.51006400258035,2026-08-20T08:04:34.800563588+07:00,2026-08-20T08:04:36.655313795+07:00,2026-08-20T08:04:38.510064003+07:00
motorbike-4,52,500897933:7:r,5063701380,411926299,primary,reverse,motorbike,"[[10.7821696, 106.6734948], [10.7819667, 106.6738904]]",10.78206815,106.67369260000001,7.019632615598423,278.51006400258035,285.5296966181788,2026-08-20T08:04:38.510064003+07:00,2026-08-20T08:04:42.019880310+07:00,2026-08-20T08:04:45.529696618+07:00
motorbike-4,53,500897933:6:r,411926299,366434259,primary,reverse,motorbike,"[[10.7819667, 106.6738904], [10.7817734, 106.6742377]]",10.78187005,106.67406405,6.278723397222568,285.5296966181788,291.80842001540134,2026-08-20T08:04:45.529696618+07:00,2026-08-20T08:04:48.669058317+07:00,2026-08-20T08:04:51.808420015+07:00
motorbike-4,54,500897933:5:r,366434259,9488493337,primary,reverse,motorbike,"[[10.7817734, 106.6742377], [10.7817019, 106.6743707]]",10.78173765,106.6743042,2.384792988939929,291.80842001540134,294.19321300434126,2026-08-20T08:04:51.808420015+07:00,2026-08-20T08:04:53.000816510+07:00,2026-08-20T08:04:54.193213004+07:00
motorbike-4,55,500897933:4:r,9488493337,5063701284,primary,reverse,motorbike,"[[10.7817019, 106.6743707], [10.7815756, 106.6746059]]",10.781638749999999,106.67448830000001,4.2162273180652985,294.19321300434126,298.40944032240657,2026-08-20T08:04:54.193213004+07:00,2026-08-20T08:04:56.301326663+07:00,2026-08-20T08:04:58.409440322+07:00
motorbike-4,56,500897933:3:r,5063701284,411918265,primary,reverse,motorbike,"[[10.7815756, 106.6746059], [10.7814583, 106.6748564]]",10.78151695,106.67473115,4.364982918940769,298.40944032240657,302.77442324134734,2026-08-20T08:04:58.409440322+07:00,2026-08-20T08:05:00.591931782+07:00,2026-08-20T08:05:02.774423241+07:00
motorbike-4,57,500897933:2:r,411918265,8366363067,primary,reverse,motorbike,"[[10.7814583, 106.6748564], [10.7812809, 106.6751601]]",10.781369600000001,106.67500824999999,5.557764326500566,302.77442324134734,308.3321875678479,2026-08-20T08:05:02.774423241+07:00,2026-08-20T08:05:05.553305405+07:00,2026-08-20T08:05:08.332187568+07:00
motorbike-4,58,500897933:1:r,8366363067,366368374,primary,reverse,motorbike,"[[10.7812809, 106.6751601], [10.7812241, 106.675257]]",10.7812525,106.67520855000001,1.7749094265530578,308.3321875678479,310.10709699440093,2026-08-20T08:05:08.332187568+07:00,2026-08-20T08:05:09.219642281+07:00,2026-08-20T08:05:10.107096994+07:00
motorbike-4,59,500897933:0:r,366368374,4918435013,primary,reverse,motorbike,"[[10.7812241, 106.675257], [10.7810495, 106.6755908]]",10.781136799999999,106.6754239,5.948418848566475,310.10709699440093,316.0555158429674,2026-08-20T08:05:10.107096994+07:00,2026-08-20T08:05:13.081306419+07:00,2026-08-20T08:05:16.055515843+07:00
motorbike-4,60,1255192198:0:r,4918435013,5778141550,primary,reverse,motorbike,"[[10.7810495, 106.6755908], [10.7809641, 106.6757488]]",10.7810068,106.6756698,2.8366121324912665,316.0555158429674,318.89212797545866,2026-08-20T08:05:16.055515843+07:00,2026-08-20T08:05:17.473821909+07:00,2026-08-20T08:05:18.892127975+07:00
motorbike-4,61,496279185:1:r,5778141550,5063700700,primary,reverse,motorbike,"[[10.7809641, 106.6757488], [10.7808806, 106.6759049]]",10.78092235,106.67582684999999,2.795789534794495,318.89212797545866,321.68791751025316,2026-08-20T08:05:18.892127975+07:00,2026-08-20T08:05:20.290022743+07:00,2026-08-20T08:05:21.687917510+07:00
motorbike-4,62,496279185:0:r,5063700700,4879876935,primary,reverse,motorbike,"[[10.7808806, 106.6759049], [10.7808527, 106.6759568]]",10.78086665,106.67593085,0.9306005925580235,321.68791751025316,322.6185181028112,2026-08-20T08:05:21.687917510+07:00,2026-08-20T08:05:22.153217807+07:00,2026-08-20T08:05:22.618518103+07:00
motorbike-4,63,1097215585:2:r,4879876935,411924698,primary,reverse,motorbike,"[[10.7808527, 106.6759568], [10.7807328, 106.6761789]]",10.78079275,106.67606785,3.9862871368942905,322.6185181028112,326.6048052397055,2026-08-20T08:05:22.618518103+07:00,2026-08-20T08:05:24.611661671+07:00,2026-08-20T08:05:26.604805240+07:00
motorbike-4,64,1097215585:1:r,411924698,5063700697,primary,reverse,motorbike,"[[10.7807328, 106.6761789], [10.780635, 106.676358]]",10.7806839,106.67626845,3.2231411361072557,326.6048052397055,329.82794637581276,2026-08-20T08:05:26.604805240+07:00,2026-08-20T08:05:28.216375808+07:00,2026-08-20T08:05:29.827946376+07:00
motorbike-4,65,1097215585:0:r,5063700697,10046834524,primary,reverse,motorbike,"[[10.780635, 106.676358], [10.7804881, 106.6766554]]",10.78056155,106.6765067,5.236024588114581,329.82794637581276,335.0639709639273,2026-08-20T08:05:29.827946376+07:00,2026-08-20T08:05:32.445958670+07:00,2026-08-20T08:05:35.063970964+07:00
motorbike-4,66,1097215588:0:f,10046834524,10046834525,primary,forward,motorbike,"[[10.7804881, 106.6766554], [10.7804577, 106.6766664]]",10.7804729,106.6766609,0.5166044316323298,335.0639709639273,335.58057539555966,2026-08-20T08:05:35.063970964+07:00,2026-08-20T08:05:35.322273180+07:00,2026-08-20T08:05:35.580575396+07:00
motorbike-4,67,1097215588:1:f,10046834525,10046834526,primary,forward,motorbike,"[[10.7804577, 106.6766664], [10.780323, 106.6769203]]",10.78039035,106.67679335,4.538910519965493,335.58057539555966,340.11948591552516,2026-08-20T08:05:35.580575396+07:00,2026-08-20T08:05:37.850030656+07:00,2026-08-20T08:05:40.119485916+07:00
motorbike-4,68,1097215588:2:f,10046834526,10046834527,primary,forward,motorbike,"[[10.780323, 106.6769203], [10.78033, 106.6769507]]",10.7803265,106.67693550000001,0.49113755408011484,340.11948591552516,340.6106234696053,2026-08-20T08:05:40.119485916+07:00,2026-08-20T08:05:40.365054693+07:00,2026-08-20T08:05:40.610623470+07:00
motorbike-4,69,1097215589:1:r,10046834527,5778164496,primary,reverse,motorbike,"[[10.78033, 106.6769507], [10.7802644, 106.6770737]]",10.7802972,106.67701220000001,2.201477291474228,340.6106234696053,342.81210076107953,2026-08-20T08:05:40.610623470+07:00,2026-08-20T08:05:41.711362115+07:00,2026-08-20T08:05:42.812100761+07:00
motorbike-4,70,1097215589:0:r,5778164496,10046800715,primary,reverse,motorbike,"[[10.7802644, 106.6770737], [10.7802412, 106.6771159]]",10.7802528,106.67709479999999,0.760663223784838,342.81210076107953,343.57276398486437,2026-08-20T08:05:42.812100761+07:00,2026-08-20T08:05:43.192432373+07:00,2026-08-20T08:05:43.572763985+07:00
motorbike-4,71,225192895:0:f,10046800715,4877811748,primary,forward,motorbike,"[[10.7802412, 106.6771159], [10.7802125, 106.6771286]]",10.78022685,106.67712225,0.5010882417937077,343.57276398486437,344.07385222665806,2026-08-20T08:05:43.572763985+07:00,2026-08-20T08:05:43.823308106+07:00,2026-08-20T08:05:44.073852227+07:00
motorbike-4,72,225192895:1:f,4877811748,5778164526,primary,forward,motorbike,"[[10.7802125, 106.6771286], [10.7801234, 106.677319]]",10.78016795,106.67722380000001,3.317352505439519,344.07385222665806,347.3912047320976,2026-08-20T08:05:44.073852227+07:00,2026-08-20T08:05:45.732528479+07:00,2026-08-20T08:05:47.391204732+07:00
motorbike-4,73,225192895:2:f,5778164526,5059499528,primary,forward,motorbike,"[[10.7801234, 106.677319], [10.7800426, 106.6774743]]",10.780083000000001,106.67739664999999,2.7642540039816876,347.3912047320976,350.1554587360793,2026-08-20T08:05:47.391204732+07:00,2026-08-20T08:05:48.773331734+07:00,2026-08-20T08:05:50.155458736+07:00
motorbike-4,74,225192895:3:f,5059499528,411925476,primary,forward,motorbike,"[[10.7800426, 106.6774743], [10.7797249, 106.6780843]]",10.77988375,106.6777793,10.860120742829416,350.1554587360793,361.0155794789087,2026-08-20T08:05:50.155458736+07:00,2026-08-20T08:05:55.585519107+07:00,2026-08-20T08:06:01.015579479+07:00
motorbike-4,75,225192895:4:f,411925476,11811380955,primary,forward,motorbike,"[[10.7797249, 106.6780843], [10.7796842, 106.6781605]]",10.77970455,106.6781224,1.3643027566394288,361.0155794789087,362.3798822355481,2026-08-20T08:06:01.015579479+07:00,2026-08-20T08:06:01.697730857+07:00,2026-08-20T08:06:02.379882236+07:00
motorbike-4,76,225192895:5:f,11811380955,11846659094,primary,forward,motorbike,"[[10.7796842, 106.6781605], [10.7796323, 106.6782465]]",10.77965825,106.6782035,1.587612338053972,362.3798822355481,363.9674945736021,2026-08-20T08:06:02.379882236+07:00,2026-08-20T08:06:03.173688405+07:00,2026-08-20T08:06:03.967494574+07:00
motorbike-4,77,225192895:6:f,11846659094,13623759834,primary,forward,motorbike,"[[10.7796323, 106.6782465], [10.77953, 106.6784251]]",10.779581149999999,106.6783358,3.2519701562963097,363.9674945736021,367.2194647298984,2026-08-20T08:06:03.967494574+07:00,2026-08-20T08:06:05.593479652+07:00,2026-08-20T08:06:07.219464730+07:00
motorbike-4,78,1486139602:0:f,13623759834,13623759833,primary,forward,motorbike,"[[10.77953, 106.6784251], [10.7795134, 106.6784869]]",10.7795217,106.678456,1.0077702880873294,367.2194647298984,368.2272350179857,2026-08-20T08:06:07.219464730+07:00,2026-08-20T08:06:07.723349874+07:00,2026-08-20T08:06:08.227235018+07:00
motorbike-4,79,1486139601:0:r,13623759833,2690659614,primary,reverse,motorbike,"[[10.7795134, 106.6784869], [10.7794286, 106.678638]]",10.779471000000001,106.67856245,2.7372535764615678,368.2272350179857,370.9644885944473,2026-08-20T08:06:08.227235018+07:00,2026-08-20T08:06:09.595861806+07:00,2026-08-20T08:06:10.964488594+07:00
motorbike-4,80,32588532:12:r,2690659614,13475788553,primary,reverse,motorbike,"[[10.7794286, 106.678638], [10.7792732, 106.6789482]]",10.7793509,106.67879310000001,5.477150236762506,370.9644885944473,376.4416388312098,2026-08-20T08:06:10.964488594+07:00,2026-08-20T08:06:13.703063713+07:00,2026-08-20T08:06:16.441638831+07:00
motorbike-4,81,32588532:11:r,13475788553,2690659611,primary,reverse,motorbike,"[[10.7792732, 106.6789482], [10.7791963, 106.6790738]]",10.77923475,106.679011,2.3279385221688593,376.4416388312098,378.7695773533786,2026-08-20T08:06:16.441638831+07:00,2026-08-20T08:06:17.605608092+07:00,2026-08-20T08:06:18.769577353+07:00
motorbike-4,82,32588532:10:r,2690659611,9448814093,primary,reverse,motorbike,"[[10.7791963, 106.6790738], [10.7790144, 106.6793882]]",10.77910535,106.679231,5.739335896191901,378.7695773533786,384.5089132495705,2026-08-20T08:06:18.769577353+07:00,2026-08-20T08:06:21.639245301+07:00,2026-08-20T08:06:24.508913250+07:00
motorbike-4,83,32588532:9:r,9448814093,9448814094,primary,reverse,motorbike,"[[10.7790144, 106.6793882], [10.7789954, 106.6794252]]",10.7790049,106.6794067,0.6567137361645851,384.5089132495705,385.1656269857351,2026-08-20T08:06:24.508913250+07:00,2026-08-20T08:06:24.837270118+07:00,2026-08-20T08:06:25.165626986+07:00
motorbike-4,84,32588532:8:r,9448814094,2690659695,primary,reverse,motorbike,"[[10.7789954, 106.6794252], [10.7788862, 106.6796379]]",10.7789408,106.67953155000001,3.7750367476998847,385.1656269857351,388.940663733435,2026-08-20T08:06:25.165626986+07:00,2026-08-20T08:06:27.053145360+07:00,2026-08-20T08:06:28.940663733+07:00
motorbike-4,85,32588532:7:r,2690659695,2690659691,primary,reverse,motorbike,"[[10.7788862, 106.6796379], [10.7787762, 106.6798422]]",10.778831199999999,106.67974004999999,3.664588498414887,388.940663733435,392.6052522318499,2026-08-20T08:06:28.940663733+07:00,2026-08-20T08:06:30.772957983+07:00,2026-08-20T08:06:32.605252232+07:00
motorbike-4,86,32588532:6:r,2690659691,5778164489,primary,reverse,motorbike,"[[10.7787762, 106.6798422], [10.778629, 106.680115]]",10.778702599999999,106.6799786,4.8957435981788056,392.6052522318499,397.50099583002867,2026-08-20T08:06:32.605252232+07:00,2026-08-20T08:06:35.053124031+07:00,2026-08-20T08:06:37.500995830+07:00
motorbike-4,87,32588532:5:r,5778164489,411921991,primary,reverse,motorbike,"[[10.778629, 106.680115], [10.7785269, 106.6803098]]",10.778577949999999,106.6802124,3.472973591974128,397.50099583002867,400.9739694220028,2026-08-20T08:06:37.500995830+07:00,2026-08-20T08:06:39.237482626+07:00,2026-08-20T08:06:40.973969422+07:00
motorbike-4,88,32588532:4:r,411921991,6813499478,primary,reverse,motorbike,"[[10.7785269, 106.6803098], [10.7784067, 106.6805368]]",10.7784668,106.6804233,4.0563052185951705,400.9739694220028,405.030274640598,2026-08-20T08:06:40.973969422+07:00,2026-08-20T08:06:43.002122031+07:00,2026-08-20T08:06:45.030274641+07:00
motorbike-4,89,32588532:3:r,6813499478,9774649665,primary,reverse,motorbike,"[[10.7784067, 106.6805368], [10.778293, 106.6807602]]",10.77834985,106.68064849999999,3.9576061375485585,405.030274640598,408.9878807781466,2026-08-20T08:06:45.030274641+07:00,2026-08-20T08:06:47.009077709+07:00,2026-08-20T08:06:48.987880778+07:00
motorbike-4,90,32588532:2:r,9774649665,13913718109,primary,reverse,motorbike,"[[10.778293, 106.6807602], [10.7780859, 106.6811768]]",10.77818945,106.6809685,7.34423562342613,408.9878807781466,416.3321164015727,2026-08-20T08:06:48.987880778+07:00,2026-08-20T08:06:52.659998590+07:00,2026-08-20T08:06:56.332116402+07:00
motorbike-4,91,32588532:1:r,13913718109,13913718114,primary,reverse,motorbike,"[[10.7780859, 106.6811768], [10.7780591, 106.6812308]]",10.7780725,106.68120379999999,0.9516443535935579,416.3321164015727,417.28376075516627,2026-08-20T08:06:56.332116402+07:00,2026-08-20T08:06:56.807938578+07:00,2026-08-20T08:06:57.283760755+07:00
motorbike-4,92,32588532:0:r,13913718114,4646769645,primary,reverse,motorbike,"[[10.7780591, 106.6812308], [10.77795, 106.6814502]]",10.77800455,106.6813405,3.868032637363131,417.28376075516627,421.1517933925294,2026-08-20T08:06:57.283760755+07:00,2026-08-20T08:06:59.217777074+07:00,2026-08-20T08:07:01.151793393+07:00
motorbike-4,93,1265743179:0:f,4646769645,6789329104,primary,forward,motorbike,"[[10.77795, 106.6814502], [10.7779027, 106.6814279]]",10.777926350000001,106.68143905,0.8346570135598238,421.1517933925294,421.9864504060892,2026-08-20T08:07:01.151793393+07:00,2026-08-20T08:07:01.569121899+07:00,2026-08-20T08:07:01.986450406+07:00
motorbike-4,94,1265743179:1:f,6789329104,411919418,primary,forward,motorbike,"[[10.7779027, 106.6814279], [10.7778512, 106.6814148]]",10.77787695,106.68142135,0.8499779929181599,421.9864504060892,422.8364283990074,2026-08-20T08:07:01.986450406+07:00,2026-08-20T08:07:02.411439403+07:00,2026-08-20T08:07:02.836428399+07:00
motorbike-4,95,1174211369:0:f,411919418,701666211,primary,forward,motorbike,"[[10.7778512, 106.6814148], [10.7777681, 106.6814148]]",10.77780965,106.6814148,1.3306048081324344,422.8364283990074,424.1670332071398,2026-08-20T08:07:02.836428399+07:00,2026-08-20T08:07:03.501730802+07:00,2026-08-20T08:07:04.167033207+07:00
motorbike-4,96,1174211369:1:f,701666211,701666209,primary,forward,motorbike,"[[10.7777681, 106.6814148], [10.7776887, 106.6814396]]",10.7777284,106.6814272,1.3298611062110497,424.1670332071398,425.4968943133509,2026-08-20T08:07:04.167033207+07:00,2026-08-20T08:07:04.831963760+07:00,2026-08-20T08:07:05.496894313+07:00
motorbike-4,97,1174211369:2:f,701666209,411919383,primary,forward,motorbike,"[[10.7776887, 106.6814396], [10.77762, 106.681487]]",10.77765435,106.6814633,1.3288960009831357,425.4968943133509,426.82579031433403,2026-08-20T08:07:05.496894313+07:00,2026-08-20T08:07:06.161342314+07:00,2026-08-20T08:07:06.825790314+07:00
motorbike-4,98,1265471315:0:f,411919383,701666210,primary,forward,motorbike,"[[10.77762, 106.681487], [10.7775723, 106.6815455]]",10.77759615,106.68151625,1.195865382923049,426.82579031433403,428.0216556972571,2026-08-20T08:07:06.825790314+07:00,2026-08-20T08:07:07.423723006+07:00,2026-08-20T08:07:08.021655697+07:00
motorbike-4,99,1265471315:1:f,701666210,411919403,primary,forward,motorbike,"[[10.7775723, 106.6815455], [10.7775416, 106.6816148]]",10.77755695,106.68158015,1.195777160425992,428.0216556972571,429.2174328576831,2026-08-20T08:07:08.021655697+07:00,2026-08-20T08:07:08.619544277+07:00,2026-08-20T08:07:09.217432858+07:00
motorbike-4,100,1265471315:2:f,411919403,4646769638,primary,forward,motorbike,"[[10.7775416, 106.6816148], [10.7775299, 106.6816898]]",10.777535749999998,106.6816523,1.1945060470871889,429.2174328576831,430.4119389047703,2026-08-20T08:07:09.217432858+07:00,2026-08-20T08:07:09.814685881+07:00,2026-08-20T08:07:10.411938905+07:00
motorbike-4,101,1265471315:3:f,4646769638,5778245684,primary,forward,motorbike,"[[10.7775299, 106.6816898], [10.7775382, 106.6817654]]",10.77753405,106.6817276,1.1965648454588744,430.4119389047703,431.60850375022915,2026-08-20T08:07:10.411938905+07:00,2026-08-20T08:07:11.010221327+07:00,2026-08-20T08:07:11.608503750+07:00
motorbike-4,102,1265471315:4:f,5778245684,6793471365,primary,forward,motorbike,"[[10.7775382, 106.6817654], [10.7775553, 106.6818149]]",10.777546749999999,106.68179015000001,0.8253577846899858,431.60850375022915,432.4338615349191,2026-08-20T08:07:11.608503750+07:00,2026-08-20T08:07:12.021182643+07:00,2026-08-20T08:07:12.433861535+07:00
motorbike-4,103,1265471315:5:f,6793471365,4646769639,primary,forward,motorbike,"[[10.7775553, 106.6818149], [10.777581, 106.6818604]]",10.77756815,106.68183765,0.8255701430185027,432.4338615349191,433.25943167793764,2026-08-20T08:07:12.433861535+07:00,2026-08-20T08:07:12.846646606+07:00,2026-08-20T08:07:13.259431678+07:00
motorbike-4,104,1265743178:0:f,4646769639,6793471367,primary,forward,motorbike,"[[10.777581, 106.6818604], [10.7776145, 106.6819003]]",10.77759775,106.68188035,0.8256078261615925,433.25943167793764,434.08503950409926,2026-08-20T08:07:13.259431678+07:00,2026-08-20T08:07:13.672235591+07:00,2026-08-20T08:07:14.085039504+07:00
motorbike-4,105,1265743178:1:f,6793471367,411919210,primary,forward,motorbike,"[[10.7776145, 106.6819003], [10.7776602, 106.6819378]]",10.77763735,106.68191905,0.9398928539138994,434.08503950409926,435.02493235801313,2026-08-20T08:07:14.085039504+07:00,2026-08-20T08:07:14.554985931+07:00,2026-08-20T08:07:15.024932358+07:00
motorbike-4,106,723823268:3:r,411919210,4879876939,primary,reverse,motorbike,"[[10.7776602, 106.6819378], [10.7775987, 106.682044]]",10.77762945,106.6819909,1.939136585620488,435.02493235801313,436.9640689436336,2026-08-20T08:07:15.024932358+07:00,2026-08-20T08:07:15.994500651+07:00,2026-08-20T08:07:16.964068944+07:00
motorbike-4,107,723823268:2:r,4879876939,13913718111,primary,reverse,motorbike,"[[10.7775987, 106.682044], [10.77758, 106.6820786]]",10.77758935,106.6820613,0.6211758407745192,436.9640689436336,437.58524478440813,2026-08-20T08:07:16.964068944+07:00,2026-08-20T08:07:17.274656864+07:00,2026-08-20T08:07:17.585244784+07:00
motorbike-4,108,723823268:1:r,13913718111,6789328758,primary,reverse,motorbike,"[[10.77758, 106.6820786], [10.7772277, 106.6827295]]",10.777403849999999,106.68240405,11.689613381615095,437.58524478440813,449.27485816602325,2026-08-20T08:07:17.585244784+07:00,2026-08-20T08:07:23.430051475+07:00,2026-08-20T08:07:29.274858166+07:00
motorbike-4,109,723823268:0:r,6789328758,411926405,primary,reverse,motorbike,"[[10.7772277, 106.6827295], [10.7772057, 106.6827702]]",10.7772167,106.68274985,0.7307147344789957,449.27485816602325,450.0055729005023,2026-08-20T08:07:29.274858166+07:00,2026-08-20T08:07:29.640215533+07:00,2026-08-20T08:07:30.005572901+07:00
motorbike-4,110,1180975823:1:r,411926405,6793708683,primary,reverse,motorbike,"[[10.7772057, 106.6827702], [10.7771497, 106.6828722]]",10.7771777,106.6828212,1.8379915274394778,450.0055729005023,451.84356442794177,2026-08-20T08:07:30.005572901+07:00,2026-08-20T08:07:30.924568664+07:00,2026-08-20T08:07:31.843564428+07:00
motorbike-4,111,1180975823:0:r,6793708683,6794477957,primary,reverse,motorbike,"[[10.7771497, 106.6828722], [10.7769816, 106.6831854]]",10.77706565,106.6830288,5.613877404367747,451.84356442794177,457.45744183230954,2026-08-20T08:07:31.843564428+07:00,2026-08-20T08:07:34.650503130+07:00,2026-08-20T08:07:37.457441832+07:00
motorbike-4,112,724496035:0:f,6794477957,6794477956,primary,forward,motorbike,"[[10.7769816, 106.6831854], [10.776917, 106.6832352]]",10.776949299999998,106.6832103,1.297521772306145,457.45744183230954,458.7549636046157,2026-08-20T08:07:37.457441832+07:00,2026-08-20T08:07:38.106202718+07:00,2026-08-20T08:07:38.754963605+07:00
motorbike-4,113,724496035:1:f,6794477956,11953547343,primary,forward,motorbike,"[[10.776917, 106.6832352], [10.776769, 106.6835101]]",10.776843,106.68337265,4.9308883343466,458.7549636046157,463.6858519389623,2026-08-20T08:07:38.754963605+07:00,2026-08-20T08:07:41.220407772+07:00,2026-08-20T08:07:43.685851939+07:00
motorbike-4,114,724496035:2:f,11953547343,6793729485,primary,forward,motorbike,"[[10.776769, 106.6835101], [10.7767551, 106.683536]]",10.77676205,106.68352305,0.4642310275931574,463.6858519389623,464.15008296655543,2026-08-20T08:07:43.685851939+07:00,2026-08-20T08:07:43.917967453+07:00,2026-08-20T08:07:44.150082967+07:00
motorbike-4,115,724496035:3:f,6793729485,11953547345,primary,forward,motorbike,"[[10.7767551, 106.683536], [10.7766932, 106.6836573]]",10.77672415,106.68359665,2.1500891190646234,464.15008296655543,466.30017208562003,2026-08-20T08:07:44.150082967+07:00,2026-08-20T08:07:45.225127526+07:00,2026-08-20T08:07:46.300172086+07:00
motorbike-4,116,723823267:0:f,11953547345,11953547344,primary,forward,motorbike,"[[10.7766932, 106.6836573], [10.7767389, 106.6837066]]",10.776716050000001,106.68368195,1.0662182871687274,466.30017208562003,467.36639037278877,2026-08-20T08:07:46.300172086+07:00,2026-08-20T08:07:46.833281229+07:00,2026-08-20T08:07:47.366390373+07:00
motorbike-4,117,723823266:0:f,11953547344,411918640,primary,forward,motorbike,"[[10.7767389, 106.6837066], [10.7768944, 106.6838744]]",10.77681665,106.68379049999999,3.6285195520876887,467.36639037278877,470.9949099248765,2026-08-20T08:07:47.366390373+07:00,2026-08-20T08:07:49.180650149+07:00,2026-08-20T08:07:50.994909925+07:00
motorbike-4,118,408246393:0:f,411918640,411926054,primary,forward,motorbike,"[[10.7768944, 106.6838744], [10.7771974, 106.6841936]]",10.777045900000001,106.684034,6.981990994687159,470.9949099248765,477.97690091956366,2026-08-20T08:07:50.994909925+07:00,2026-08-20T08:07:54.485905422+07:00,2026-08-20T08:07:57.976900920+07:00
motorbike-4,119,35112908:0:r,411926054,4035870191,residential,reverse,motorbike,"[[10.7771974, 106.6841936], [10.7763265, 106.6856829]]",10.776761950000001,106.68493825,27.262596047053886,477.97690091956366,505.23949696661754,2026-08-20T08:07:57.976900920+07:00,2026-08-20T08:08:11.608198943+07:00,2026-08-20T08:08:25.239496967+07:00
motorbike-4,120,35113721:18:r,4035870191,3257259160,tertiary,reverse,motorbike,"[[10.7763265, 106.6856829], [10.7767966, 106.6861495]]",10.77656155,106.68591620000001,10.51322699839001,505.23949696661754,515.7527239650076,2026-08-20T08:08:25.239496967+07:00,2026-08-20T08:08:30.496110466+07:00,2026-08-20T08:08:35.752723965+07:00
motorbike-4,121,35113721:17:r,3257259160,411919270,tertiary,reverse,motorbike,"[[10.7767966, 106.6861495], [10.7773632, 106.6867116]]",10.7770799,106.68643055,12.668232817288866,515.7527239650076,528.4209567822965,2026-08-20T08:08:35.752723965+07:00,2026-08-20T08:08:42.086840374+07:00,2026-08-20T08:08:48.420956782+07:00
motorbike-4,122,35113721:16:r,411919270,14072280071,tertiary,reverse,motorbike,"[[10.7773632, 106.6867116], [10.7774578, 106.6868055]]",10.7774105,106.68675855000001,2.1156609211953934,528.4209567822965,530.5366177034919,2026-08-20T08:08:48.420956782+07:00,2026-08-20T08:08:49.478787243+07:00,2026-08-20T08:08:50.536617703+07:00
motorbike-4,123,35113721:15:r,14072280071,5778300422,tertiary,reverse,motorbike,"[[10.7774578, 106.6868055], [10.7778991, 106.6872434]]",10.77767845,106.68702445,9.867875024072822,530.5366177034919,540.4044927275647,2026-08-20T08:08:50.536617703+07:00,2026-08-20T08:08:55.470555216+07:00,2026-08-20T08:09:00.404492728+07:00
motorbike-4,124,327048054:15:f,5778300422,5778300433,tertiary,forward,motorbike,"[[10.7778991, 106.6872434], [10.777541, 106.6876317]]",10.77772005,106.68743755,8.377553549688649,540.4044927275647,548.7820462772534,2026-08-20T08:09:00.404492728+07:00,2026-08-20T08:09:04.593269502+07:00,2026-08-20T08:09:08.782046277+07:00
motorbike-4,125,327048054:16:f,5778300433,411926144,tertiary,forward,motorbike,"[[10.777541, 106.6876317], [10.7774802, 106.6876976]]",10.7775106,106.68766465,1.4220678452535473,548.7820462772534,550.2041141225069,2026-08-20T08:09:08.782046277+07:00,2026-08-20T08:09:09.493080200+07:00,2026-08-20T08:09:10.204114123+07:00
motorbike-4,126,327048054:17:f,411926144,411926143,tertiary,forward,motorbike,"[[10.7774802, 106.6876976], [10.7771139, 106.6880944]]",10.77729705,106.687896,8.564905326364073,550.2041141225069,558.769019448871,2026-08-20T08:09:10.204114123+07:00,2026-08-20T08:09:14.486566786+07:00,2026-08-20T08:09:18.769019449+07:00
motorbike-5,1,242307850:0:f,2498079018,2498079021,service,forward,motorbike,"[[10.7802867, 106.6595074], [10.7813987, 106.6605783]]",10.780842700000001,106.66004285,24.510766370892025,0.0,24.510766370892025,2026-08-20T08:00:00+07:00,2026-08-20T08:00:12.255383185+07:00,2026-08-20T08:00:24.510766371+07:00
motorbike-5,2,242307850:1:f,2498079021,366433075,service,forward,motorbike,"[[10.7813987, 106.6605783], [10.7807714, 106.6607314]]",10.781085050000002,106.66065485,10.329037001902451,24.510766370892025,34.83980337279448,2026-08-20T08:00:24.510766371+07:00,2026-08-20T08:00:29.675284872+07:00,2026-08-20T08:00:34.839803373+07:00
motorbike-5,3,1277704606:0:r,366433075,1349033429,residential,reverse,motorbike,"[[10.7807714, 106.6607314], [10.7810596, 106.6614957]]",10.7809155,106.66111355000001,12.877292037855717,34.83980337279448,47.717095410650195,2026-08-20T08:00:34.839803373+07:00,2026-08-20T08:00:41.278449392+07:00,2026-08-20T08:00:47.717095411+07:00
motorbike-5,4,520723335:2:r,1349033429,4415686093,tertiary,reverse,motorbike,"[[10.7810596, 106.6614957], [10.7813997, 106.6623673]]",10.78122965,106.66193150000001,14.751753042592275,47.717095410650195,62.46884845324247,2026-08-20T08:00:47.717095411+07:00,2026-08-20T08:00:55.092971932+07:00,2026-08-20T08:01:02.468848453+07:00
motorbike-5,5,520723335:1:r,4415686093,4415547496,tertiary,reverse,motorbike,"[[10.7813997, 106.6623673], [10.7817477, 106.6632592]]",10.7815737,106.66281325,15.095189128374933,62.46884845324247,77.56403758161741,2026-08-20T08:01:02.468848453+07:00,2026-08-20T08:01:10.016443017+07:00,2026-08-20T08:01:17.564037582+07:00
motorbike-5,6,520723335:0:r,4415547496,366413355,tertiary,reverse,motorbike,"[[10.7817477, 106.6632592], [10.7822562, 106.6645756]]",10.782001950000002,106.6639174,22.24952552792061,77.56403758161741,99.81356310953802,2026-08-20T08:01:17.564037582+07:00,2026-08-20T08:01:28.688800346+07:00,2026-08-20T08:01:39.813563110+07:00
motorbike-5,7,32579174:7:f,366413355,366382549,residential,forward,motorbike,"[[10.7822562, 106.6645756], [10.7818835, 106.665204]]",10.78206985,106.6648898,11.54617415683,99.81356310953802,111.35973726636803,2026-08-20T08:01:39.813563110+07:00,2026-08-20T08:01:45.586650188+07:00,2026-08-20T08:01:51.359737266+07:00
motorbike-5,8,32579174:8:f,366382549,366457844,residential,forward,motorbike,"[[10.7818835, 106.665204], [10.7815821, 106.6657795]]",10.7817328,106.66549175,10.25839145338479,111.35973726636803,121.61812871975282,2026-08-20T08:01:51.359737266+07:00,2026-08-20T08:01:56.488932993+07:00,2026-08-20T08:02:01.618128720+07:00
motorbike-5,9,32579174:9:f,366457844,2930534054,residential,forward,motorbike,"[[10.7815821, 106.6657795], [10.7814678, 106.6659784]]",10.78152495,106.66587895,3.624584720921729,121.61812871975282,125.24271344067455,2026-08-20T08:02:01.618128720+07:00,2026-08-20T08:02:03.430421080+07:00,2026-08-20T08:02:05.242713441+07:00
motorbike-5,10,289494377:7:r,2930534054,5772254959,residential,reverse,motorbike,"[[10.7814678, 106.6659784], [10.7816144, 106.6661531]]",10.7815411,106.66606575,3.6140412492954717,125.24271344067455,128.85675468997002,2026-08-20T08:02:05.242713441+07:00,2026-08-20T08:02:07.049734065+07:00,2026-08-20T08:02:08.856754690+07:00
motorbike-5,11,289494377:6:r,5772254959,5772452208,residential,reverse,motorbike,"[[10.7816144, 106.6661531], [10.7816538, 106.6662]]",10.781634100000002,106.66617655,0.9706810904323508,128.85675468997002,129.82743578040237,2026-08-20T08:02:08.856754690+07:00,2026-08-20T08:02:09.342095235+07:00,2026-08-20T08:02:09.827435780+07:00
motorbike-5,12,289494377:5:r,5772452208,2930534057,residential,reverse,motorbike,"[[10.7816538, 106.6662], [10.7817639, 106.6663312]]",10.781708850000001,106.6662656,2.71418305186391,129.82743578040237,132.54161883226627,2026-08-20T08:02:09.827435780+07:00,2026-08-20T08:02:11.184527306+07:00,2026-08-20T08:02:12.541618832+07:00
motorbike-5,13,289494377:4:r,2930534057,13174777970,residential,reverse,motorbike,"[[10.7817639, 106.6663312], [10.7817693, 106.6663406]]",10.781766600000001,106.6663359,0.17128288444331768,132.54161883226627,132.71290171670958,2026-08-20T08:02:12.541618832+07:00,2026-08-20T08:02:12.627260274+07:00,2026-08-20T08:02:12.712901717+07:00
motorbike-5,14,289494377:3:r,13174777970,13174777972,residential,reverse,motorbike,"[[10.7817693, 106.6663406], [10.7817702, 106.6663515]]",10.78176975,106.66634605,0.1720553272408841,132.71290171670958,132.88495704395046,2026-08-20T08:02:12.712901717+07:00,2026-08-20T08:02:12.798929380+07:00,2026-08-20T08:02:12.884957044+07:00
motorbike-5,15,289494377:2:r,13174777972,13174777971,residential,reverse,motorbike,"[[10.7817702, 106.6663515], [10.7817664, 106.6663618]]",10.7817683,106.66635665000001,0.1730620536081506,132.88495704395046,133.05801909755863,2026-08-20T08:02:12.884957044+07:00,2026-08-20T08:02:12.971488071+07:00,2026-08-20T08:02:13.058019098+07:00
motorbike-5,16,289494377:1:r,13174777971,5772254960,residential,reverse,motorbike,"[[10.7817664, 106.6663618], [10.7817586, 106.6663696]]",10.7817625,106.6663657,0.17507516038425794,133.05801909755863,133.2330942579429,2026-08-20T08:02:13.058019098+07:00,2026-08-20T08:02:13.145556678+07:00,2026-08-20T08:02:13.233094258+07:00
motorbike-5,17,289494377:0:r,5772254960,2930534062,residential,reverse,motorbike,"[[10.7817586, 106.6663696], [10.7815428, 106.6665411]]",10.7816507,106.66645535,4.383707099311092,133.2330942579429,137.616801357254,2026-08-20T08:02:13.233094258+07:00,2026-08-20T08:02:15.424947808+07:00,2026-08-20T08:02:17.616801357+07:00
motorbike-5,18,694637565:0:f,2930534062,4120155315,residential,forward,motorbike,"[[10.7815428, 106.6665411], [10.781474, 106.6665947]]",10.7815084,106.6665679,1.387230021812698,137.616801357254,139.0040313790667,2026-08-20T08:02:17.616801357+07:00,2026-08-20T08:02:18.310416368+07:00,2026-08-20T08:02:19.004031379+07:00
motorbike-5,19,410150107:0:f,4120155315,5074798763,residential,forward,motorbike,"[[10.781474, 106.6665947], [10.781708, 106.6668532]]",10.781590999999999,106.66672395,5.529156304135128,139.0040313790667,144.53318768320185,2026-08-20T08:02:19.004031379+07:00,2026-08-20T08:02:21.768609531+07:00,2026-08-20T08:02:24.533187682+07:00
motorbike-5,20,520723263:0:f,5074798763,4120155316,residential,forward,motorbike,"[[10.781708, 106.6668532], [10.7817826, 106.6669348]]",10.7817453,106.66689400000001,1.7533574080218002,144.53318768320185,146.28654509122364,2026-08-20T08:02:24.533187682+07:00,2026-08-20T08:02:25.409866387+07:00,2026-08-20T08:02:26.286545091+07:00
motorbike-5,21,520723263:1:f,4120155316,4120155317,residential,forward,motorbike,"[[10.7817826, 106.6669348], [10.7818855, 106.6670827]]",10.78183405,106.66700875000001,2.850751430993586,146.28654509122364,149.13729652221724,2026-08-20T08:02:26.286545091+07:00,2026-08-20T08:02:27.711920807+07:00,2026-08-20T08:02:29.137296522+07:00
motorbike-5,22,520723263:2:f,4120155317,4120155318,residential,forward,motorbike,"[[10.7818855, 106.6670827], [10.7818644, 106.6671751]]",10.781874949999999,106.6671289,1.4921506261487727,149.13729652221724,150.629447148366,2026-08-20T08:02:29.137296522+07:00,2026-08-20T08:02:29.883371835+07:00,2026-08-20T08:02:30.629447148+07:00
motorbike-5,23,520723263:3:f,4120155318,5074798794,residential,forward,motorbike,"[[10.7818644, 106.6671751], [10.7817621, 106.6672668]]",10.781813249999999,106.66722095,2.182578526112776,150.629447148366,152.81202567447878,2026-08-20T08:02:30.629447148+07:00,2026-08-20T08:02:31.720736411+07:00,2026-08-20T08:02:32.812025674+07:00
motorbike-5,24,520723263:4:f,5074798794,4120155319,residential,forward,motorbike,"[[10.7817621, 106.6672668], [10.7814073, 106.6675849]]",10.7815847,106.66742585,7.57034582178801,152.81202567447878,160.38237149626679,2026-08-20T08:02:32.812025674+07:00,2026-08-20T08:02:36.597198585+07:00,2026-08-20T08:02:40.382371496+07:00
motorbike-5,25,520723263:5:f,4120155319,5074798792,residential,forward,motorbike,"[[10.7814073, 106.6675849], [10.7813718, 106.6676167]]",10.78138955,106.6676008,0.7571712286320714,160.38237149626679,161.13954272489886,2026-08-20T08:02:40.382371496+07:00,2026-08-20T08:02:40.760957111+07:00,2026-08-20T08:02:41.139542725+07:00
motorbike-5,26,520723263:6:f,5074798792,4120155276,residential,forward,motorbike,"[[10.7813718, 106.6676167], [10.7810966, 106.6678628]]",10.7812342,106.66773975,5.865345091804715,161.13954272489886,167.0048878167036,2026-08-20T08:02:41.139542725+07:00,2026-08-20T08:02:44.072215271+07:00,2026-08-20T08:02:47.004887817+07:00
motorbike-5,27,410150095:5:f,4120155276,5074798790,residential,forward,motorbike,"[[10.7810966, 106.6678628], [10.7810635, 106.6679227]]",10.78108005,106.66789275,1.0810325541474493,167.0048878167036,168.08592037085103,2026-08-20T08:02:47.004887817+07:00,2026-08-20T08:02:47.545404094+07:00,2026-08-20T08:02:48.085920371+07:00
motorbike-5,28,410150095:6:f,5074798790,5074798789,residential,forward,motorbike,"[[10.7810635, 106.6679227], [10.780941, 106.668144]]",10.78100225,106.66803335,3.9955337663611283,168.08592037085103,172.08145413721215,2026-08-20T08:02:48.085920371+07:00,2026-08-20T08:02:50.083687254+07:00,2026-08-20T08:02:52.081454137+07:00
motorbike-5,29,410150095:7:f,5074798789,4120155272,residential,forward,motorbike,"[[10.780941, 106.668144], [10.7808012, 106.6683849]]",10.7808711,106.66826445000001,4.401034633005793,172.08145413721215,176.48248877021794,2026-08-20T08:02:52.081454137+07:00,2026-08-20T08:02:54.281971454+07:00,2026-08-20T08:02:56.482488770+07:00
motorbike-5,30,410150095:0:r,4120155272,4120155271,residential,reverse,motorbike,"[[10.7808012, 106.6683849], [10.7809462, 106.6685844]]",10.7808737,106.66848465000001,3.903558768155955,176.48248877021794,180.3860475383739,2026-08-20T08:02:56.482488770+07:00,2026-08-20T08:02:58.434268154+07:00,2026-08-20T08:03:00.386047538+07:00
motorbike-5,31,410149784:1:r,4120155271,4120151675,residential,reverse,motorbike,"[[10.7809462, 106.6685844], [10.7809123, 106.6686089]]",10.78092925,106.66859665,0.6656982828210405,180.3860475383739,181.05174582119494,2026-08-20T08:03:00.386047538+07:00,2026-08-20T08:03:00.718896680+07:00,2026-08-20T08:03:01.051745821+07:00
motorbike-5,32,410149784:0:r,4120151675,4120151674,residential,reverse,motorbike,"[[10.7809123, 106.6686089], [10.780507, 106.6689134]]",10.78070965,106.66876115,8.065776253544282,181.05174582119494,189.1175220747392,2026-08-20T08:03:01.051745821+07:00,2026-08-20T08:03:05.084633948+07:00,2026-08-20T08:03:09.117522075+07:00
motorbike-5,33,716044137:15:r,4120151674,366403850,secondary,reverse,motorbike,"[[10.780507, 106.6689134], [10.7805677, 106.6689967]]",10.78053735,106.66895505,1.6313964347934653,189.1175220747392,190.74891850953267,2026-08-20T08:03:09.117522075+07:00,2026-08-20T08:03:09.933220292+07:00,2026-08-20T08:03:10.748918510+07:00
motorbike-5,34,716044137:14:r,366403850,13441558876,secondary,reverse,motorbike,"[[10.7805677, 106.6689967], [10.7808711, 106.6694055]]",10.7807194,106.6692011,8.059060775365502,190.74891850953267,198.80797928489818,2026-08-20T08:03:10.748918510+07:00,2026-08-20T08:03:14.778448897+07:00,2026-08-20T08:03:18.807979285+07:00
motorbike-5,35,716044137:13:r,13441558876,366464770,secondary,reverse,motorbike,"[[10.7808711, 106.6694055], [10.7808899, 106.6694309]]",10.7808805,106.6694182,0.5002405186640708,198.80797928489818,199.30821980356225,2026-08-20T08:03:18.807979285+07:00,2026-08-20T08:03:19.058099544+07:00,2026-08-20T08:03:19.308219804+07:00
motorbike-5,36,716044137:12:r,366464770,13441558874,secondary,reverse,motorbike,"[[10.7808899, 106.6694309], [10.7809051, 106.6694517]]",10.7808975,106.66944129999999,0.40777182952508195,199.30821980356225,199.71599163308733,2026-08-20T08:03:19.308219804+07:00,2026-08-20T08:03:19.512105718+07:00,2026-08-20T08:03:19.715991633+07:00
motorbike-5,37,716044137:11:r,13441558874,366434727,secondary,reverse,motorbike,"[[10.7809051, 106.6694517], [10.7811107, 106.669732]]",10.781007899999999,106.66959184999999,5.502439776901824,199.71599163308733,205.21843140998914,2026-08-20T08:03:19.715991633+07:00,2026-08-20T08:03:22.467211522+07:00,2026-08-20T08:03:25.218431410+07:00
motorbike-5,38,716044137:10:r,366434727,3718387279,secondary,reverse,motorbike,"[[10.7811107, 106.669732], [10.7811663, 106.6698044]]",10.7811385,106.6697682,1.4455032417919214,205.21843140998914,206.66393465178106,2026-08-20T08:03:25.218431410+07:00,2026-08-20T08:03:25.941183031+07:00,2026-08-20T08:03:26.663934652+07:00
motorbike-5,39,716044137:9:r,3718387279,3718387319,secondary,reverse,motorbike,"[[10.7811663, 106.6698044], [10.7816116, 106.6703849]]",10.78138895,106.67009465000001,11.585062312152202,206.66393465178106,218.24899696393325,2026-08-20T08:03:26.663934652+07:00,2026-08-20T08:03:32.456465808+07:00,2026-08-20T08:03:38.248996964+07:00
motorbike-5,40,716044137:8:r,3718387319,5063701425,secondary,reverse,motorbike,"[[10.7816116, 106.6703849], [10.7818565, 106.6707042]]",10.78173405,106.67054455,6.371941858054412,218.24899696393325,224.62093882198766,2026-08-20T08:03:38.248996964+07:00,2026-08-20T08:03:41.434967893+07:00,2026-08-20T08:03:44.620938822+07:00
motorbike-5,41,716044137:7:r,5063701425,5063701430,secondary,reverse,motorbike,"[[10.7818565, 106.6707042], [10.7821688, 106.6711112]]",10.78201265,106.6709077,8.123405922146333,224.62093882198766,232.744344744134,2026-08-20T08:03:44.620938822+07:00,2026-08-20T08:03:48.682641783+07:00,2026-08-20T08:03:52.744344744+07:00
motorbike-5,42,716044137:6:r,5063701430,3718387308,secondary,reverse,motorbike,"[[10.7821688, 106.6711112], [10.7822208, 106.671179]]",10.7821948,106.67114509999999,1.3529944801275182,232.744344744134,234.0973392242615,2026-08-20T08:03:52.744344744+07:00,2026-08-20T08:03:53.420841984+07:00,2026-08-20T08:03:54.097339224+07:00
motorbike-5,43,716044137:5:r,3718387308,5063701421,secondary,reverse,motorbike,"[[10.7822208, 106.671179], [10.782292, 106.6712731]]",10.7822564,106.67122605,1.8682996487015824,234.0973392242615,235.9656388729631,2026-08-20T08:03:54.097339224+07:00,2026-08-20T08:03:55.031489048+07:00,2026-08-20T08:03:55.965638873+07:00
motorbike-5,44,716044137:4:r,5063701421,13540705422,secondary,reverse,motorbike,"[[10.782292, 106.6712731], [10.7823458, 106.6713442]]",10.7823189,106.67130864999999,1.4116751131676504,235.9656388729631,237.37731398613076,2026-08-20T08:03:55.965638873+07:00,2026-08-20T08:03:56.671476430+07:00,2026-08-20T08:03:57.377313986+07:00
motorbike-5,45,716044137:3:r,13540705422,13540705424,secondary,reverse,motorbike,"[[10.7823458, 106.6713442], [10.7824965, 106.6715399]]",10.782421150000001,106.67144205,3.9112979248091087,237.37731398613076,241.28861191093986,2026-08-20T08:03:57.377313986+07:00,2026-08-20T08:03:59.332962949+07:00,2026-08-20T08:04:01.288611911+07:00
motorbike-5,46,716044137:2:r,13540705424,5074798961,secondary,reverse,motorbike,"[[10.7824965, 106.6715399], [10.7825682, 106.6716378]]",10.78253235,106.67158885,1.9207736455658524,241.28861191093986,243.2093855565057,2026-08-20T08:04:01.288611911+07:00,2026-08-20T08:04:02.248998734+07:00,2026-08-20T08:04:03.209385557+07:00
motorbike-5,47,716044137:1:r,5074798961,5063701411,secondary,reverse,motorbike,"[[10.7825682, 106.6716378], [10.7825973, 106.6716762]]",10.78258275,106.671657,0.7628481208892232,243.2093855565057,243.97223367739494,2026-08-20T08:04:03.209385557+07:00,2026-08-20T08:04:03.590809617+07:00,2026-08-20T08:04:03.972233677+07:00
motorbike-5,48,716044137:0:r,5063701411,4875861250,secondary,reverse,motorbike,"[[10.7825973, 106.6716762], [10.7829178, 106.6720996]]",10.78275755,106.6718879,8.407693821464491,243.97223367739494,252.37992749885944,2026-08-20T08:04:03.972233677+07:00,2026-08-20T08:04:08.176080588+07:00,2026-08-20T08:04:12.379927499+07:00
motorbike-5,49,495852561:4:r,4875861250,11395678546,primary,reverse,motorbike,"[[10.7829178, 106.6720996], [10.7827408, 106.6724336]]",10.7828293,106.6722666,5.969319124879651,252.37992749885944,258.3492466237391,2026-08-20T08:04:12.379927499+07:00,2026-08-20T08:04:15.364587061+07:00,2026-08-20T08:04:18.349246624+07:00
motorbike-5,50,495852561:3:r,11395678546,5063701408,primary,reverse,motorbike,"[[10.7827408, 106.6724336], [10.7827246, 106.6724641]]",10.7827327,106.67244885,0.545382841929127,258.3492466237391,258.89462946566823,2026-08-20T08:04:18.349246624+07:00,2026-08-20T08:04:18.621938045+07:00,2026-08-20T08:04:18.894629466+07:00
motorbike-5,51,495852561:2:r,5063701408,411918284,primary,reverse,motorbike,"[[10.7827246, 106.6724641], [10.7825681, 106.6727592]]",10.78264635,106.67261165,5.274964532395763,258.89462946566823,264.169593998064,2026-08-20T08:04:18.894629466+07:00,2026-08-20T08:04:21.532111731+07:00,2026-08-20T08:04:24.169593998+07:00
motorbike-5,52,495852561:1:r,411918284,5063701402,primary,reverse,motorbike,"[[10.7825681, 106.6727592], [10.782487, 106.6729096]]",10.782527550000001,106.6728344,2.698675165998481,264.169593998064,266.8682691640625,2026-08-20T08:04:24.169593998+07:00,2026-08-20T08:04:25.518931581+07:00,2026-08-20T08:04:26.868269164+07:00
motorbike-5,53,495852561:0:r,5063701402,11771724356,primary,reverse,motorbike,"[[10.782487, 106.6729096], [10.7824523, 106.672974]]",10.78246965,106.67294179999999,1.1553471006015446,266.8682691640625,268.02361626466404,2026-08-20T08:04:26.868269164+07:00,2026-08-20T08:04:27.445942714+07:00,2026-08-20T08:04:28.023616265+07:00
motorbike-5,54,500897933:9:r,11771724356,366470932,primary,reverse,motorbike,"[[10.7824523, 106.672974], [10.7822806, 106.6732878]]",10.78236645,106.67313089999999,5.649909272257701,268.02361626466404,273.6735255369217,2026-08-20T08:04:28.023616265+07:00,2026-08-20T08:04:30.848570901+07:00,2026-08-20T08:04:33.673525537+07:00
motorbike-5,55,500897933:8:r,366470932,5063701380,primary,reverse,motorbike,"[[10.7822806, 106.6732878], [10.7821696, 106.6734948]]",10.7822251,106.67339129999999,3.7095004149339577,273.6735255369217,277.3830259518557,2026-08-20T08:04:33.673525537+07:00,2026-08-20T08:04:35.528275744+07:00,2026-08-20T08:04:37.383025952+07:00
motorbike-5,56,500897933:7:r,5063701380,411926299,primary,reverse,motorbike,"[[10.7821696, 106.6734948], [10.7819667, 106.6738904]]",10.78206815,106.67369260000001,7.019632615598423,277.3830259518557,284.4026585674541,2026-08-20T08:04:37.383025952+07:00,2026-08-20T08:04:40.892842260+07:00,2026-08-20T08:04:44.402658567+07:00
motorbike-5,57,500897933:6:r,411926299,366434259,primary,reverse,motorbike,"[[10.7819667, 106.6738904], [10.7817734, 106.6742377]]",10.78187005,106.67406405,6.278723397222568,284.4026585674541,290.6813819646767,2026-08-20T08:04:44.402658567+07:00,2026-08-20T08:04:47.542020266+07:00,2026-08-20T08:04:50.681381965+07:00
motorbike-5,58,500897933:5:r,366434259,9488493337,primary,reverse,motorbike,"[[10.7817734, 106.6742377], [10.7817019, 106.6743707]]",10.78173765,106.6743042,2.384792988939929,290.6813819646767,293.0661749536166,2026-08-20T08:04:50.681381965+07:00,2026-08-20T08:04:51.873778459+07:00,2026-08-20T08:04:53.066174953+07:00
motorbike-5,59,500897933:4:r,9488493337,5063701284,primary,reverse,motorbike,"[[10.7817019, 106.6743707], [10.7815756, 106.6746059]]",10.781638749999999,106.67448830000001,4.2162273180652985,293.0661749536166,297.2824022716819,2026-08-20T08:04:53.066174953+07:00,2026-08-20T08:04:55.174288613+07:00,2026-08-20T08:04:57.282402272+07:00
motorbike-5,60,500897933:3:r,5063701284,411918265,primary,reverse,motorbike,"[[10.7815756, 106.6746059], [10.7814583, 106.6748564]]",10.78151695,106.67473115,4.364982918940769,297.2824022716819,301.6473851906227,2026-08-20T08:04:57.282402272+07:00,2026-08-20T08:04:59.464893731+07:00,2026-08-20T08:05:01.647385191+07:00
motorbike-5,61,500897933:2:r,411918265,8366363067,primary,reverse,motorbike,"[[10.7814583, 106.6748564], [10.7812809, 106.6751601]]",10.781369600000001,106.67500824999999,5.557764326500566,301.6473851906227,307.20514951712323,2026-08-20T08:05:01.647385191+07:00,2026-08-20T08:05:04.426267354+07:00,2026-08-20T08:05:07.205149517+07:00
motorbike-5,62,500897933:1:r,8366363067,366368374,primary,reverse,motorbike,"[[10.7812809, 106.6751601], [10.7812241, 106.675257]]",10.7812525,106.67520855000001,1.7749094265530578,307.20514951712323,308.9800589436763,2026-08-20T08:05:07.205149517+07:00,2026-08-20T08:05:08.092604230+07:00,2026-08-20T08:05:08.980058944+07:00
motorbike-5,63,500897933:0:r,366368374,4918435013,primary,reverse,motorbike,"[[10.7812241, 106.675257], [10.7810495, 106.6755908]]",10.781136799999999,106.6754239,5.948418848566475,308.9800589436763,314.92847779224275,2026-08-20T08:05:08.980058944+07:00,2026-08-20T08:05:11.954268368+07:00,2026-08-20T08:05:14.928477792+07:00
motorbike-5,64,1255192198:0:r,4918435013,5778141550,primary,reverse,motorbike,"[[10.7810495, 106.6755908], [10.7809641, 106.6757488]]",10.7810068,106.6756698,2.8366121324912665,314.92847779224275,317.765089924734,2026-08-20T08:05:14.928477792+07:00,2026-08-20T08:05:16.346783858+07:00,2026-08-20T08:05:17.765089925+07:00
motorbike-5,65,496279185:1:r,5778141550,5063700700,primary,reverse,motorbike,"[[10.7809641, 106.6757488], [10.7808806, 106.6759049]]",10.78092235,106.67582684999999,2.795789534794495,317.765089924734,320.5608794595285,2026-08-20T08:05:17.765089925+07:00,2026-08-20T08:05:19.162984692+07:00,2026-08-20T08:05:20.560879460+07:00
motorbike-5,66,496279185:0:r,5063700700,4879876935,primary,reverse,motorbike,"[[10.7808806, 106.6759049], [10.7808527, 106.6759568]]",10.78086665,106.67593085,0.9306005925580235,320.5608794595285,321.49148005208656,2026-08-20T08:05:20.560879460+07:00,2026-08-20T08:05:21.026179756+07:00,2026-08-20T08:05:21.491480052+07:00
motorbike-5,67,1097215585:2:r,4879876935,411924698,primary,reverse,motorbike,"[[10.7808527, 106.6759568], [10.7807328, 106.6761789]]",10.78079275,106.67606785,3.9862871368942905,321.49148005208656,325.47776718898086,2026-08-20T08:05:21.491480052+07:00,2026-08-20T08:05:23.484623621+07:00,2026-08-20T08:05:25.477767189+07:00
motorbike-5,68,1097215585:1:r,411924698,5063700697,primary,reverse,motorbike,"[[10.7807328, 106.6761789], [10.780635, 106.676358]]",10.7806839,106.67626845,3.2231411361072557,325.47776718898086,328.7009083250881,2026-08-20T08:05:25.477767189+07:00,2026-08-20T08:05:27.089337757+07:00,2026-08-20T08:05:28.700908325+07:00
motorbike-5,69,1097215585:0:r,5063700697,10046834524,primary,reverse,motorbike,"[[10.780635, 106.676358], [10.7804881, 106.6766554]]",10.78056155,106.6765067,5.236024588114581,328.7009083250881,333.93693291320267,2026-08-20T08:05:28.700908325+07:00,2026-08-20T08:05:31.318920619+07:00,2026-08-20T08:05:33.936932913+07:00
motorbike-5,70,1097215588:0:f,10046834524,10046834525,primary,forward,motorbike,"[[10.7804881, 106.6766554], [10.7804577, 106.6766664]]",10.7804729,106.6766609,0.5166044316323298,333.93693291320267,334.453537344835,2026-08-20T08:05:33.936932913+07:00,2026-08-20T08:05:34.195235129+07:00,2026-08-20T08:05:34.453537345+07:00
motorbike-5,71,1097215588:1:f,10046834525,10046834526,primary,forward,motorbike,"[[10.7804577, 106.6766664], [10.780323, 106.6769203]]",10.78039035,106.67679335,4.538910519965493,334.453537344835,338.9924478648005,2026-08-20T08:05:34.453537345+07:00,2026-08-20T08:05:36.722992605+07:00,2026-08-20T08:05:38.992447865+07:00
motorbike-5,72,1097215588:2:f,10046834526,10046834527,primary,forward,motorbike,"[[10.780323, 106.6769203], [10.78033, 106.6769507]]",10.7803265,106.67693550000001,0.49113755408011484,338.9924478648005,339.48358541888064,2026-08-20T08:05:38.992447865+07:00,2026-08-20T08:05:39.238016642+07:00,2026-08-20T08:05:39.483585419+07:00
motorbike-5,73,1097215589:1:r,10046834527,5778164496,primary,reverse,motorbike,"[[10.78033, 106.6769507], [10.7802644, 106.6770737]]",10.7802972,106.67701220000001,2.201477291474228,339.48358541888064,341.6850627103549,2026-08-20T08:05:39.483585419+07:00,2026-08-20T08:05:40.584324065+07:00,2026-08-20T08:05:41.685062710+07:00
motorbike-5,74,1097215589:0:r,5778164496,10046800715,primary,reverse,motorbike,"[[10.7802644, 106.6770737], [10.7802412, 106.6771159]]",10.7802528,106.67709479999999,0.760663223784838,341.6850627103549,342.4457259341397,2026-08-20T08:05:41.685062710+07:00,2026-08-20T08:05:42.065394322+07:00,2026-08-20T08:05:42.445725934+07:00
motorbike-5,75,225192895:0:f,10046800715,4877811748,primary,forward,motorbike,"[[10.7802412, 106.6771159], [10.7802125, 106.6771286]]",10.78022685,106.67712225,0.5010882417937077,342.4457259341397,342.9468141759334,2026-08-20T08:05:42.445725934+07:00,2026-08-20T08:05:42.696270055+07:00,2026-08-20T08:05:42.946814176+07:00
motorbike-5,76,225192895:1:f,4877811748,5778164526,primary,forward,motorbike,"[[10.7802125, 106.6771286], [10.7801234, 106.677319]]",10.78016795,106.67722380000001,3.317352505439519,342.9468141759334,346.26416668137296,2026-08-20T08:05:42.946814176+07:00,2026-08-20T08:05:44.605490429+07:00,2026-08-20T08:05:46.264166681+07:00
motorbike-5,77,225192895:2:f,5778164526,5059499528,primary,forward,motorbike,"[[10.7801234, 106.677319], [10.7800426, 106.6774743]]",10.780083000000001,106.67739664999999,2.7642540039816876,346.26416668137296,349.02842068535466,2026-08-20T08:05:46.264166681+07:00,2026-08-20T08:05:47.646293683+07:00,2026-08-20T08:05:49.028420685+07:00
motorbike-5,78,225192895:3:f,5059499528,411925476,primary,forward,motorbike,"[[10.7800426, 106.6774743], [10.7797249, 106.6780843]]",10.77988375,106.6777793,10.860120742829416,349.02842068535466,359.88854142818406,2026-08-20T08:05:49.028420685+07:00,2026-08-20T08:05:54.458481057+07:00,2026-08-20T08:05:59.888541428+07:00
motorbike-5,79,225192895:4:f,411925476,11811380955,primary,forward,motorbike,"[[10.7797249, 106.6780843], [10.7796842, 106.6781605]]",10.77970455,106.6781224,1.3643027566394288,359.88854142818406,361.25284418482346,2026-08-20T08:05:59.888541428+07:00,2026-08-20T08:06:00.570692807+07:00,2026-08-20T08:06:01.252844185+07:00
motorbike-5,80,225192895:5:f,11811380955,11846659094,primary,forward,motorbike,"[[10.7796842, 106.6781605], [10.7796323, 106.6782465]]",10.77965825,106.6782035,1.587612338053972,361.25284418482346,362.84045652287745,2026-08-20T08:06:01.252844185+07:00,2026-08-20T08:06:02.046650354+07:00,2026-08-20T08:06:02.840456523+07:00
motorbike-5,81,225192895:6:f,11846659094,13623759834,primary,forward,motorbike,"[[10.7796323, 106.6782465], [10.77953, 106.6784251]]",10.779581149999999,106.6783358,3.2519701562963097,362.84045652287745,366.09242667917374,2026-08-20T08:06:02.840456523+07:00,2026-08-20T08:06:04.466441601+07:00,2026-08-20T08:06:06.092426679+07:00
motorbike-5,82,1486139602:0:f,13623759834,13623759833,primary,forward,motorbike,"[[10.77953, 106.6784251], [10.7795134, 106.6784869]]",10.7795217,106.678456,1.0077702880873294,366.09242667917374,367.10019696726107,2026-08-20T08:06:06.092426679+07:00,2026-08-20T08:06:06.596311823+07:00,2026-08-20T08:06:07.100196967+07:00
motorbike-5,83,1486139601:0:r,13623759833,2690659614,primary,reverse,motorbike,"[[10.7795134, 106.6784869], [10.7794286, 106.678638]]",10.779471000000001,106.67856245,2.7372535764615678,367.10019696726107,369.83745054372264,2026-08-20T08:06:07.100196967+07:00,2026-08-20T08:06:08.468823755+07:00,2026-08-20T08:06:09.837450544+07:00
motorbike-5,84,1158093921:0:f,2690659614,13475788560,tertiary,forward,motorbike,"[[10.7794286, 106.678638], [10.7800321, 106.6791969]]",10.77973035,106.67891745,13.063887341146977,369.83745054372264,382.90133788486963,2026-08-20T08:06:09.837450544+07:00,2026-08-20T08:06:16.369394214+07:00,2026-08-20T08:06:22.901337885+07:00
motorbike-5,85,1158093921:1:f,13475788560,13202259511,tertiary,forward,motorbike,"[[10.7800321, 106.6791969], [10.7800789, 106.6792402]]",10.7800555,106.67921855,1.0126352758076254,382.90133788486963,383.91397316067724,2026-08-20T08:06:22.901337885+07:00,2026-08-20T08:06:23.407655523+07:00,2026-08-20T08:06:23.913973161+07:00
motorbike-5,86,1158093921:2:f,13202259511,13441558879,tertiary,forward,motorbike,"[[10.7800789, 106.6792402], [10.7803411, 106.679483]]",10.78021,106.6793616,5.675564093597429,383.91397316067724,389.58953725427466,2026-08-20T08:06:23.913973161+07:00,2026-08-20T08:06:26.751755207+07:00,2026-08-20T08:06:29.589537254+07:00
motorbike-5,87,1158093921:3:f,13441558879,5778872974,tertiary,forward,motorbike,"[[10.7803411, 106.679483], [10.7803745, 106.6795139]]",10.7803578,106.67949845000001,0.7226697630574335,389.58953725427466,390.31220701733207,2026-08-20T08:06:29.589537254+07:00,2026-08-20T08:06:29.950872136+07:00,2026-08-20T08:06:30.312207017+07:00
motorbike-5,88,1176186457:0:f,5778872974,13441558878,tertiary,forward,motorbike,"[[10.7803745, 106.6795139], [10.780407, 106.6795459]]",10.78039075,106.6795299,0.7239917193098985,390.31220701733207,391.03619873664195,2026-08-20T08:06:30.312207017+07:00,2026-08-20T08:06:30.674202877+07:00,2026-08-20T08:06:31.036198737+07:00
motorbike-5,89,1176186457:1:f,13441558878,12067818219,tertiary,forward,motorbike,"[[10.780407, 106.6795459], [10.7804234, 106.6795621]]",10.7804152,106.679554,0.36590984420025097,391.03619873664195,391.4021085808422,2026-08-20T08:06:31.036198737+07:00,2026-08-20T08:06:31.219153659+07:00,2026-08-20T08:06:31.402108581+07:00
motorbike-5,90,1176186457:2:f,12067818219,5778164492,tertiary,forward,motorbike,"[[10.7804234, 106.6795621], [10.7805301, 106.6796675]]",10.78047675,106.6796148,2.3806582668051437,391.4021085808422,393.78276684764734,2026-08-20T08:06:31.402108581+07:00,2026-08-20T08:06:32.592437714+07:00,2026-08-20T08:06:33.782766848+07:00
motorbike-5,91,1176186457:3:f,5778164492,411917856,tertiary,forward,motorbike,"[[10.7805301, 106.6796675], [10.7807539, 106.6798779]]",10.780642,106.6797727,4.877929843201508,393.78276684764734,398.66069669084885,2026-08-20T08:06:33.782766848+07:00,2026-08-20T08:06:36.221731769+07:00,2026-08-20T08:06:38.660696691+07:00
motorbike-5,92,1177449718:0:f,411917856,11050300613,tertiary,forward,motorbike,"[[10.7807539, 106.6798779], [10.7805838, 106.6801291]]",10.780668850000001,106.6800035,4.7990265430752395,398.66069669084885,403.4597232339241,2026-08-20T08:06:38.660696691+07:00,2026-08-20T08:06:41.060209962+07:00,2026-08-20T08:06:43.459723234+07:00
motorbike-5,93,1177449718:1:f,11050300613,9218211174,tertiary,forward,motorbike,"[[10.7805838, 106.6801291], [10.7804449, 106.6803593]]",10.78051435,106.6802442,4.249430361481496,403.4597232339241,407.70915359540555,2026-08-20T08:06:43.459723234+07:00,2026-08-20T08:06:45.584438415+07:00,2026-08-20T08:06:47.709153595+07:00
motorbike-5,94,1177449718:2:f,9218211174,10028966994,tertiary,forward,motorbike,"[[10.7804449, 106.6803593], [10.7802469, 106.6806875]]",10.7803459,106.6805234,6.058217929534851,407.70915359540555,413.7673715249404,2026-08-20T08:06:47.709153595+07:00,2026-08-20T08:06:50.738262560+07:00,2026-08-20T08:06:53.767371525+07:00
motorbike-5,95,1177449718:3:f,10028966994,6702164762,tertiary,forward,motorbike,"[[10.7802469, 106.6806875], [10.7801795, 106.6807992]]",10.780213199999999,106.68074335,2.0619663311602725,413.7673715249404,415.82933785610066,2026-08-20T08:06:53.767371525+07:00,2026-08-20T08:06:54.798354691+07:00,2026-08-20T08:06:55.829337856+07:00
motorbike-5,96,1177449718:4:f,6702164762,411926137,tertiary,forward,motorbike,"[[10.7801795, 106.6807992], [10.7801372, 106.6808694]]",10.78015835,106.6808343,1.2953896413765587,415.82933785610066,417.12472749747724,2026-08-20T08:06:55.829337856+07:00,2026-08-20T08:06:56.477032677+07:00,2026-08-20T08:06:57.124727497+07:00
motorbike-5,97,319309752:0:f,411926137,6702164758,tertiary,forward,motorbike,"[[10.7801372, 106.6808694], [10.780105, 106.6809283]]",10.7801211,106.68089885,1.0602716456038879,417.12472749747724,418.18499914308114,2026-08-20T08:06:57.124727497+07:00,2026-08-20T08:06:57.654863320+07:00,2026-08-20T08:06:58.184999143+07:00
motorbike-5,98,319309752:1:f,6702164758,9333624312,tertiary,forward,motorbike,"[[10.780105, 106.6809283], [10.7800801, 106.6809739]]",10.780092549999999,106.6809511,0.8206295716878693,418.18499914308114,419.005628714769,2026-08-20T08:06:58.184999143+07:00,2026-08-20T08:06:58.595313929+07:00,2026-08-20T08:06:59.005628715+07:00
motorbike-5,99,319309752:2:f,9333624312,411918501,tertiary,forward,motorbike,"[[10.7800801, 106.6809739], [10.7798105, 106.6814676]]",10.7799453,106.68122075,8.884865618067092,419.005628714769,427.89049433283606,2026-08-20T08:06:59.005628715+07:00,2026-08-20T08:07:03.448061524+07:00,2026-08-20T08:07:07.890494333+07:00
motorbike-5,100,319309752:3:f,411918501,6573748228,tertiary,forward,motorbike,"[[10.7798105, 106.6814676], [10.7794251, 106.6821552]]",10.7796178,106.6818114,12.452303714066934,427.89049433283606,440.342798046903,2026-08-20T08:07:07.890494333+07:00,2026-08-20T08:07:14.116646190+07:00,2026-08-20T08:07:20.342798047+07:00
motorbike-5,101,1177449289:0:f,6573748228,8841272238,tertiary,forward,motorbike,"[[10.7794251, 106.6821552], [10.7793768, 106.6822392]]",10.77940095,106.68219719999999,1.530983257599344,440.342798046903,441.87378130450236,2026-08-20T08:07:20.342798047+07:00,2026-08-20T08:07:21.108289676+07:00,2026-08-20T08:07:21.873781305+07:00
motorbike-5,102,1177449289:1:f,8841272238,13943884058,tertiary,forward,motorbike,"[[10.7793768, 106.6822392], [10.7789872, 106.6829163]]",10.779181999999999,106.68257775000001,12.342989553185689,441.87378130450236,454.21677085768806,2026-08-20T08:07:21.873781305+07:00,2026-08-20T08:07:28.045276081+07:00,2026-08-20T08:07:34.216770858+07:00
motorbike-5,103,1177449289:2:f,13943884058,12923547872,tertiary,forward,motorbike,"[[10.7789872, 106.6829163], [10.7789461, 106.6829877]]",10.778966650000001,106.682952,1.3017013023260122,454.21677085768806,455.5184721600141,2026-08-20T08:07:34.216770858+07:00,2026-08-20T08:07:34.867621509+07:00,2026-08-20T08:07:35.518472159+07:00
motorbike-5,104,1177449289:3:f,12923547872,6702164754,tertiary,forward,motorbike,"[[10.7789461, 106.6829877], [10.7789334, 106.6830098]]",10.77893975,106.68299875,0.40273421335773285,455.5184721600141,455.92120637337183,2026-08-20T08:07:35.518472159+07:00,2026-08-20T08:07:35.719839267+07:00,2026-08-20T08:07:35.921206373+07:00
motorbike-5,105,1177449289:4:f,6702164754,411926052,tertiary,forward,motorbike,"[[10.7789334, 106.6830098], [10.7789053, 106.6830576]]",10.778919349999999,106.6830337,0.8762191087514966,455.92120637337183,456.79742548212334,2026-08-20T08:07:35.921206373+07:00,2026-08-20T08:07:36.359315928+07:00,2026-08-20T08:07:36.797425482+07:00
motorbike-5,106,1180975825:0:f,411926052,6702164760,tertiary,forward,motorbike,"[[10.7789053, 106.6830576], [10.7788503, 106.6831545]]",10.7788778,106.68310604999999,1.7603251980747605,456.79742548212334,458.5577506801981,2026-08-20T08:07:36.797425482+07:00,2026-08-20T08:07:37.677588081+07:00,2026-08-20T08:07:38.557750680+07:00
motorbike-5,107,1180975825:1:f,6702164760,12923547869,tertiary,forward,motorbike,"[[10.7788503, 106.6831545], [10.7788436, 106.6831662]]",10.77884695,106.68316035000001,0.21302229203518702,458.5577506801981,458.7707729722333,2026-08-20T08:07:38.557750680+07:00,2026-08-20T08:07:38.664261826+07:00,2026-08-20T08:07:38.770772972+07:00
motorbike-5,108,1180975825:2:f,12923547869,12923547871,tertiary,forward,motorbike,"[[10.7788436, 106.6831662], [10.7788378, 106.6831764]]",10.7788407,106.6831713,0.18538178599238242,458.7707729722333,458.9561547582257,2026-08-20T08:07:38.770772972+07:00,2026-08-20T08:07:38.863463865+07:00,2026-08-20T08:07:38.956154758+07:00
motorbike-5,109,1180975825:3:f,12923547871,411926172,tertiary,forward,motorbike,"[[10.7788378, 106.6831764], [10.7783866, 106.6839633]]",10.7786122,106.68356985,14.33181887708108,458.9561547582257,473.2879736353068,2026-08-20T08:07:38.956154758+07:00,2026-08-20T08:07:46.122064197+07:00,2026-08-20T08:07:53.287973635+07:00
motorbike-5,110,700026885:0:f,411926172,4932267125,tertiary,forward,motorbike,"[[10.7783866, 106.6839633], [10.7782467, 106.6842069]]",10.77831665,106.6840851,4.438488926309321,473.2879736353068,477.72646256161613,2026-08-20T08:07:53.287973635+07:00,2026-08-20T08:07:55.507218097+07:00,2026-08-20T08:07:57.726462562+07:00
motorbike-5,111,700026885:1:f,4932267125,3081520486,tertiary,forward,motorbike,"[[10.7782467, 106.6842069], [10.7781194, 106.6844284]]",10.778183049999999,106.68431765,4.036563767329594,477.72646256161613,481.7630263289457,2026-08-20T08:07:57.726462562+07:00,2026-08-20T08:07:59.744744445+07:00,2026-08-20T08:08:01.763026329+07:00
motorbike-5,112,700026885:2:f,3081520486,3257247348,tertiary,forward,motorbike,"[[10.7781194, 106.6844284], [10.7778559, 106.6848872]]",10.77798765,106.6846578,8.359607636031184,481.7630263289457,490.1226339649769,2026-08-20T08:08:01.763026329+07:00,2026-08-20T08:08:05.942830147+07:00,2026-08-20T08:08:10.122633965+07:00
motorbike-5,113,700026885:3:f,3257247348,411926049,tertiary,forward,motorbike,"[[10.7778559, 106.6848872], [10.7774209, 106.6853982]]",10.7776384,106.6851427,10.635875120414703,490.1226339649769,500.7585090853916,2026-08-20T08:08:10.122633965+07:00,2026-08-20T08:08:15.440571525+07:00,2026-08-20T08:08:20.758509085+07:00
motorbike-5,114,700026885:4:f,411926049,3257259160,tertiary,forward,motorbike,"[[10.7774209, 106.6853982], [10.7767966, 106.6861495]]",10.77710875,106.68577385,15.478535538956233,500.7585090853916,516.2370446243478,2026-08-20T08:08:20.758509085+07:00,2026-08-20T08:08:28.497776855+07:00,2026-08-20T08:08:36.237044624+07:00
motorbike-5,115,35113721:17:r,3257259160,411919270,tertiary,reverse,motorbike,"[[10.7767966, 106.6861495], [10.7773632, 106.6867116]]",10.7770799,106.68643055,12.668232817288866,516.2370446243478,528.9052774416367,2026-08-20T08:08:36.237044624+07:00,2026-08-20T08:08:42.571161033+07:00,2026-08-20T08:08:48.905277442+07:00
motorbike-5,116,35113721:16:r,411919270,14072280071,tertiary,reverse,motorbike,"[[10.7773632, 106.6867116], [10.7774578, 106.6868055]]",10.7774105,106.68675855000001,2.1156609211953934,528.9052774416367,531.0209383628321,2026-08-20T08:08:48.905277442+07:00,2026-08-20T08:08:49.963107902+07:00,2026-08-20T08:08:51.020938363+07:00
motorbike-5,117,35113721:15:r,14072280071,5778300422,tertiary,reverse,motorbike,"[[10.7774578, 106.6868055], [10.7778991, 106.6872434]]",10.77767845,106.68702445,9.867875024072822,531.0209383628321,540.888813386905,2026-08-20T08:08:51.020938363+07:00,2026-08-20T08:08:55.954875875+07:00,2026-08-20T08:09:00.888813387+07:00
motorbike-5,118,327048054:15:f,5778300422,5778300433,tertiary,forward,motorbike,"[[10.7778991, 106.6872434], [10.777541, 106.6876317]]",10.77772005,106.68743755,8.377553549688649,540.888813386905,549.2663669365936,2026-08-20T08:09:00.888813387+07:00,2026-08-20T08:09:05.077590162+07:00,2026-08-20T08:09:09.266366937+07:00
motorbike-5,119,327048054:16:f,5778300433,411926144,tertiary,forward,motorbike,"[[10.777541, 106.6876317], [10.7774802, 106.6876976]]",10.7775106,106.68766465,1.4220678452535473,549.2663669365936,550.6884347818471,2026-08-20T08:09:09.266366937+07:00,2026-08-20T08:09:09.977400859+07:00,2026-08-20T08:09:10.688434782+07:00
motorbike-5,120,327048054:17:f,411926144,411926143,tertiary,forward,motorbike,"[[10.7774802, 106.6876976], [10.7771139, 106.6880944]]",10.77729705,106.687896,8.564905326364073,550.6884347818471,559.2533401082112,2026-08-20T08:09:10.688434782+07:00,2026-08-20T08:09:14.970887445+07:00,2026-08-20T08:09:19.253340108+07:00
